2026-09-05 13:50:38,423 [INFO] Association des cours : 37481 lignes au total -- 36853 au cours quotidien (03b), 11 en repli sur la clôture annuelle antérieure (03), 617 sans cours.
2026-09-05 13:50:38,537 [WARNING] Variation de BFR indisponible pour A (un seul exercice dans l'historique) : traitée comme 0 dans le calcul du FCF.
2026-09-05 13:50:38,547 [WARNING] Variation de BFR indisponible pour ABBV (un seul exercice dans l'historique) : traitée comme 0 dans le calcul du FCF.
2026-09-05 13:50:38,548 [WARNING] Variation de BFR indisponible pour ABBV (un seul exercice dans l'historique) : traitée comme 0 dans le calcul du FCF.
2026-09-05 13:50:38,548 [WARNING] Variation de BFR indisponible pour ABBV (un seul exercice dans l'historique) : traitée comme 0 dans le calcul du FCF.
2026-09-05 13:50:38,554 [WARNING] Variation de BFR indisponible pour ABNB (un seul exercice dans l'historique) : traitée comme 0 dans le calcul du FCF.
2026-09-05 13:50:38,555 [WARNING] Variation de BFR indisponible pour ABT (un seul exercice dans l'historique) : traitée comme 0 dans le calcul du FCF.
2026-09-05 13:50:38,562 [WARNING] Variation de BFR indisponible pour ACN (un seul exercice dans l'historique) : traitée comme 0 dans le calcul du FCF.
2026-09-05 13:50:38,563 [WARNING] Variation de BFR indisponible pour ACN (un seul exercice dans l'historique) : traitée comme 0 dans le calcul du FCF.
2026-09-05 13:50:38,563 [WARNING] Variation de BFR indisponible pour ACN (un seul exercice dans l'historique) : traitée comme 0 dans le calcul du FCF.
2026-09-05 13:50:38,566 [WARNING] Variation de BFR indisponible pour ADBE (un seul exercice dans l'historique) : traitée comme 0 dans le calcul du FCF.
2026-09-05 13:50:38,566 [WARNING] Variation de BFR indisponible pour ADBE (un seul exercice dans l'historique) : traitée comme 0 dans le calcul du FCF.
2026-09-05 13:50:38,577 [WARNING] Variation de BFR indisponible pour ADM (un seul exercice dans l'historique) : traitée comme 0 dans le calcul du FCF.
2026-09-05 13:50:38,581 [WARNING] Variation de BFR indisponible pour ADP (un seul exercice dans l'historique) : traitée comme 0 dans le calcul du FCF.
2026-09-05 13:50:38,582 [WARNING] Variation de BFR indisponible pour ADP (un seul exercice dans l'historique) : traitée comme 0 dans le calcul du FCF.
2026-09-05 13:50:38,582 [WARNING] Variation de BFR indisponible pour ADP (un seul exercice dans l'historique) : traitée comme 0 dans le calcul du FCF.
2026-09-05 13:50:38,588 [WARNING] Variation de BFR indisponible pour ADSK (un seul exercice dans l'historique) : traitée comme 0 dans le calcul du FCF.
2026-09-05 13:50:38,588 [WARNING] Variation de BFR indisponible pour ADSK (un seul exercice dans l'historique) : traitée comme 0 dans le calcul du FCF.
2026-09-05 13:50:38,593 [WARNING] Variation de BFR indisponible pour AEE (un seul exercice dans l'historique) : traitée comme 0 dans le calcul du FCF.
2026-09-05 13:50:38,593 [WARNING] Variation de BFR indisponible pour AEE (un seul exercice dans l'historique) : traitée comme 0 dans le calcul du FCF.
2026-09-05 13:50:38,600 [WARNING] Variation de BFR indisponible pour AES (un seul exercice dans l'historique) : traitée comme 0 dans le calcul du FCF.
2026-09-05 13:50:38,610 [WARNING] Variation de BFR indisponible pour AJG (un seul exercice dans l'historique) : traitée comme 0 dans le calcul du FCF.
2026-09-05 13:50:38,615 [WARNING] Variation de BFR indisponible pour AKAM (un seul exercice dans l'historique) : traitée comme 0 dans le calcul du FCF.
2026-09-05 13:50:38,615 [WARNING] Variation de BFR indisponible pour AKAM (un seul exercice dans l'historique) : traitée comme 0 dans le calcul du FCF.
2026-09-05 13:50:38,620 [WARNING] Variation de BFR indisponible pour ALB (un seul exercice dans l'historique) : traitée comme 0 dans le calcul du FCF.
2026-09-05 13:50:38,624 [WARNING] Variation de BFR indisponible pour ALGN (un seul exercice dans l'historique) : traitée comme 0 dans le calcul du FCF.
2026-09-05 13:50:38,624 [WARNING] Variation de BFR indisponible pour ALGN (un seul exercice dans l'historique) : traitée comme 0 dans le calcul du FCF.
2026-09-05 13:50:38,630 [WARNING] Variation de BFR indisponible pour ALLE (un seul exercice dans l'historique) : traitée comme 0 dans le calcul du FCF.
2026-09-05 13:50:38,630 [WARNING] Variation de BFR indisponible pour ALLE (un seul exercice dans l'historique) : traitée comme 0 dans le calcul du FCF.
2026-09-05 13:50:38,630 [WARNING] Variation de BFR indisponible pour ALLE (un seul exercice dans l'historique) : traitée comme 0 dans le calcul du FCF.
2026-09-05 13:50:38,640 [WARNING] Variation de BFR indisponible pour AMCR (un seul exercice dans l'historique) : traitée comme 0 dans le calcul du FCF.
2026-09-05 13:50:38,640 [WARNING] Variation de BFR indisponible pour AMCR (un seul exercice dans l'historique) : traitée comme 0 dans le calcul du FCF.
2026-09-05 13:50:38,645 [WARNING] Variation de BFR indisponible pour AME (un seul exercice dans l'historique) : traitée comme 0 dans le calcul du FCF.
2026-09-05 13:50:38,645 [WARNING] Variation de BFR indisponible pour AME (un seul exercice dans l'historique) : traitée comme 0 dans le calcul du FCF.
2026-09-05 13:50:38,650 [WARNING] Variation de BFR indisponible pour AMGN (un seul exercice dans l'historique) : traitée comme 0 dans le calcul du FCF.
2026-09-05 13:50:38,650 [WARNING] Variation de BFR indisponible pour AMGN (un seul exercice dans l'historique) : traitée comme 0 dans le calcul du FCF.
2026-09-05 13:50:38,657 [WARNING] Variation de BFR indisponible pour AMT (un seul exercice dans l'historique) : traitée comme 0 dans le calcul du FCF.
2026-09-05 13:50:38,657 [WARNING] Variation de BFR indisponible pour AMT (un seul exercice dans l'historique) : traitée comme 0 dans le calcul du FCF.
2026-09-05 13:50:38,660 [WARNING] Variation de BFR indisponible pour AMZN (un seul exercice dans l'historique) : traitée comme 0 dans le calcul du FCF.
2026-09-05 13:50:38,664 [WARNING] Variation de BFR indisponible pour ANET (un seul exercice dans l'historique) : traitée comme 0 dans le calcul du FCF.
2026-09-05 13:50:38,664 [WARNING] Variation de BFR indisponible pour ANET (un seul exercice dans l'historique) : traitée comme 0 dans le calcul du FCF.
2026-09-05 13:50:38,665 [WARNING] Variation de BFR indisponible pour ANET (un seul exercice dans l'historique) : traitée comme 0 dans le calcul du FCF.
2026-09-05 13:50:38,669 [WARNING] Variation de BFR indisponible pour AON (un seul exercice dans l'historique) : traitée comme 0 dans le calcul du FCF.
2026-09-05 13:50:38,675 [WARNING] Variation de BFR indisponible pour AOS (un seul exercice dans l'historique) : traitée comme 0 dans le calcul du FCF.
2026-09-05 13:50:38,683 [WARNING] Variation de BFR indisponible pour APH (un seul exercice dans l'historique) : traitée comme 0 dans le calcul du FCF.
2026-09-05 13:50:38,683 [WARNING] Variation de BFR indisponible pour APH (un seul exercice dans l'historique) : traitée comme 0 dans le calcul du FCF.
2026-09-05 13:50:38,689 [WARNING] Variation de BFR indisponible pour APP (un seul exercice dans l'historique) : traitée comme 0 dans le calcul du FCF.
2026-09-05 13:50:38,689 [WARNING] Variation de BFR indisponible pour APP (un seul exercice dans l'historique) : traitée comme 0 dans le calcul du FCF.
2026-09-05 13:50:38,689 [WARNING] Variation de BFR indisponible pour APP (un seul exercice dans l'historique) : traitée comme 0 dans le calcul du FCF.
2026-09-05 13:50:38,691 [WARNING] Variation de BFR indisponible pour APTV (un seul exercice dans l'historique) : traitée comme 0 dans le calcul du FCF.
2026-09-05 13:50:38,691 [WARNING] Variation de BFR indisponible pour APTV (un seul exercice dans l'historique) : traitée comme 0 dans le calcul du FCF.
2026-09-05 13:50:38,691 [WARNING] Variation de BFR indisponible pour APTV (un seul exercice dans l'historique) : traitée comme 0 dans le calcul du FCF.
2026-09-05 13:50:38,696 [WARNING] Variation de BFR indisponible pour ATO (un seul exercice dans l'historique) : traitée comme 0 dans le calcul du FCF.
2026-09-05 13:50:38,696 [WARNING] Variation de BFR indisponible pour ATO (un seul exercice dans l'historique) : traitée comme 0 dans le calcul du FCF.
2026-09-05 13:50:38,699 [WARNING] Variation de BFR indisponible pour AVB (un seul exercice dans l'historique) : traitée comme 0 dans le calcul du FCF.
2026-09-05 13:50:38,699 [WARNING] Variation de BFR indisponible pour AVB (un seul exercice dans l'historique) : traitée comme 0 dans le calcul du FCF.
2026-09-05 13:50:38,699 [WARNING] Variation de BFR indisponible pour AVB (un seul exercice dans l'historique) : traitée comme 0 dans le calcul du FCF.
2026-09-05 13:50:38,700 [WARNING] Variation de BFR indisponible pour AVB (un seul exercice dans l'historique) : traitée comme 0 dans le calcul du FCF.
2026-09-05 13:50:38,700 [WARNING] Variation de BFR indisponible pour AVB (un seul exercice dans l'historique) : traitée comme 0 dans le calcul du FCF.
2026-09-05 13:50:38,700 [WARNING] Variation de BFR indisponible pour AVB (un seul exercice dans l'historique) : traitée comme 0 dans le calcul du FCF.
2026-09-05 13:50:38,700 [WARNING] Variation de BFR indisponible pour AVB (un seul exercice dans l'historique) : traitée comme 0 dans le calcul du FCF.
2026-09-05 13:50:38,701 [WARNING] Variation de BFR indisponible pour AVB (un seul exercice dans l'historique) : traitée comme 0 dans le calcul du FCF.
2026-09-05 13:50:38,701 [WARNING] Variation de BFR indisponible pour AVB (un seul exercice dans l'historique) : traitée comme 0 dans le calcul du FCF.
2026-09-05 13:50:38,701 [WARNING] Variation de BFR indisponible pour AVB (un seul exercice dans l'historique) : traitée comme 0 dans le calcul du FCF.
2026-09-05 13:50:38,702 [WARNING] Variation de BFR indisponible pour AVB (un seul exercice dans l'historique) : traitée comme 0 dans le calcul du FCF.
2026-09-05 13:50:38,702 [WARNING] Variation de BFR indisponible pour AVB (un seul exercice dans l'historique) : traitée comme 0 dans le calcul du FCF.
2026-09-05 13:50:38,702 [WARNING] Variation de BFR indisponible pour AVB (un seul exercice dans l'historique) : traitée comme 0 dans le calcul du FCF.
2026-09-05 13:50:38,702 [WARNING] Variation de BFR indisponible pour AVB (un seul exercice dans l'historique) : traitée comme 0 dans le calcul du FCF.
2026-09-05 13:50:38,703 [WARNING] Variation de BFR indisponible pour AVB (un seul exercice dans l'historique) : traitée comme 0 dans le calcul du FCF.
2026-09-05 13:50:38,703 [WARNING] Variation de BFR indisponible pour AVB (un seul exercice dans l'historique) : traitée comme 0 dans le calcul du FCF.
2026-09-05 13:50:38,703 [WARNING] Variation de BFR indisponible pour AVB (un seul exercice dans l'historique) : traitée comme 0 dans le calcul du FCF.
2026-09-05 13:50:38,703 [WARNING] Variation de BFR indisponible pour AVB (un seul exercice dans l'historique) : traitée comme 0 dans le calcul du FCF.
2026-09-05 13:50:38,703 [WARNING] Variation de BFR indisponible pour AVB (un seul exercice dans l'historique) : traitée comme 0 dans le calcul du FCF.
2026-09-05 13:50:38,703 [WARNING] Variation de BFR indisponible pour AVB (un seul exercice dans l'historique) : traitée comme 0 dans le calcul du FCF.
2026-09-05 13:50:38,703 [WARNING] Variation de BFR indisponible pour AVB (un seul exercice dans l'historique) : traitée comme 0 dans le calcul du FCF.
2026-09-05 13:50:38,704 [WARNING] Variation de BFR indisponible pour AVB (un seul exercice dans l'historique) : traitée comme 0 dans le calcul du FCF.
2026-09-05 13:50:38,704 [WARNING] Variation de BFR indisponible pour AVB (un seul exercice dans l'historique) : traitée comme 0 dans le calcul du FCF.
2026-09-05 13:50:38,704 [WARNING] Variation de BFR indisponible pour AVB (un seul exercice dans l'historique) : traitée comme 0 dans le calcul du FCF.
2026-09-05 13:50:38,704 [WARNING] Variation de BFR indisponible pour AVB (un seul exercice dans l'historique) : traitée comme 0 dans le calcul du FCF.
2026-09-05 13:50:38,704 [WARNING] Variation de BFR indisponible pour AVB (un seul exercice dans l'historique) : traitée comme 0 dans le calcul du FCF.
2026-09-05 13:50:38,704 [WARNING] Variation de BFR indisponible pour AVB (un seul exercice dans l'historique) : traitée comme 0 dans le calcul du FCF.
2026-09-05 13:50:38,704 [WARNING] Variation de BFR indisponible pour AVB (un seul exercice dans l'historique) : traitée comme 0 dans le calcul du FCF.
2026-09-05 13:50:38,704 [WARNING] Variation de BFR indisponible pour AVB (un seul exercice dans l'historique) : traitée comme 0 dans le calcul du FCF.
2026-09-05 13:50:38,705 [WARNING] Variation de BFR indisponible pour AVB (un seul exercice dans l'historique) : traitée comme 0 dans le calcul du FCF.
2026-09-05 13:50:38,705 [WARNING] Variation de BFR indisponible pour AVB (un seul exercice dans l'historique) : traitée comme 0 dans le calcul du FCF.
2026-09-05 13:50:38,705 [WARNING] Variation de BFR indisponible pour AVB (un seul exercice dans l'historique) : traitée comme 0 dans le calcul du FCF.
2026-09-05 13:50:38,705 [WARNING] Variation de BFR indisponible pour AVB (un seul exercice dans l'historique) : traitée comme 0 dans le calcul du FCF.
2026-09-05 13:50:38,705 [WARNING] Variation de BFR indisponible pour AVB (un seul exercice dans l'historique) : traitée comme 0 dans le calcul du FCF.
2026-09-05 13:50:38,705 [WARNING] Variation de BFR indisponible pour AVB (un seul exercice dans l'historique) : traitée comme 0 dans le calcul du FCF.
2026-09-05 13:50:38,705 [WARNING] Variation de BFR indisponible pour AVB (un seul exercice dans l'historique) : traitée comme 0 dans le calcul du FCF.
2026-09-05 13:50:38,705 [WARNING] Variation de BFR indisponible pour AVB (un seul exercice dans l'historique) : traitée comme 0 dans le calcul du FCF.
2026-09-05 13:50:38,705 [WARNING] Variation de BFR indisponible pour AVB (un seul exercice dans l'historique) : traitée comme 0 dans le calcul du FCF.
2026-09-05 13:50:38,705 [WARNING] Variation de BFR indisponible pour AVB (un seul exercice dans l'historique) : traitée comme 0 dans le calcul du FCF.
2026-09-05 13:50:38,706 [WARNING] Variation de BFR indisponible pour AVB (un seul exercice dans l'historique) : traitée comme 0 dans le calcul du FCF.
2026-09-05 13:50:38,706 [WARNING] Variation de BFR indisponible pour AVB (un seul exercice dans l'historique) : traitée comme 0 dans le calcul du FCF.
2026-09-05 13:50:38,706 [WARNING] Variation de BFR indisponible pour AVB (un seul exercice dans l'historique) : traitée comme 0 dans le calcul du FCF.
2026-09-05 13:50:38,706 [WARNING] Variation de BFR indisponible pour AVB (un seul exercice dans l'historique) : traitée comme 0 dans le calcul du FCF.
2026-09-05 13:50:38,706 [WARNING] Variation de BFR indisponible pour AVB (un seul exercice dans l'historique) : traitée comme 0 dans le calcul du FCF.
2026-09-05 13:50:38,706 [WARNING] Variation de BFR indisponible pour AVB (un seul exercice dans l'historique) : traitée comme 0 dans le calcul du FCF.
2026-09-05 13:50:38,706 [WARNING] Variation de BFR indisponible pour AVB (un seul exercice dans l'historique) : traitée comme 0 dans le calcul du FCF.
2026-09-05 13:50:38,706 [WARNING] Variation de BFR indisponible pour AVB (un seul exercice dans l'historique) : traitée comme 0 dans le calcul du FCF.
2026-09-05 13:50:38,706 [WARNING] Variation de BFR indisponible pour AVB (un seul exercice dans l'historique) : traitée comme 0 dans le calcul du FCF.
2026-09-05 13:50:38,706 [WARNING] Variation de BFR indisponible pour AVB (un seul exercice dans l'historique) : traitée comme 0 dans le calcul du FCF.
2026-09-05 13:50:38,706 [WARNING] Variation de BFR indisponible pour AVB (un seul exercice dans l'historique) : traitée comme 0 dans le calcul du FCF.
2026-09-05 13:50:38,707 [WARNING] Variation de BFR indisponible pour AVB (un seul exercice dans l'historique) : traitée comme 0 dans le calcul du FCF.
2026-09-05 13:50:38,707 [WARNING] Variation de BFR indisponible pour AVB (un seul exercice dans l'historique) : traitée comme 0 dans le calcul du FCF.
2026-09-05 13:50:38,707 [WARNING] Variation de BFR indisponible pour AVB (un seul exercice dans l'historique) : traitée comme 0 dans le calcul du FCF.
2026-09-05 13:50:38,707 [WARNING] Variation de BFR indisponible pour AVB (un seul exercice dans l'historique) : traitée comme 0 dans le calcul du FCF.
2026-09-05 13:50:38,707 [WARNING] Variation de BFR indisponible pour AVB (un seul exercice dans l'historique) : traitée comme 0 dans le calcul du FCF.
2026-09-05 13:50:38,707 [WARNING] Variation de BFR indisponible pour AVB (un seul exercice dans l'historique) : traitée comme 0 dans le calcul du FCF.
2026-09-05 13:50:38,707 [WARNING] Variation de BFR indisponible pour AVB (un seul exercice dans l'historique) : traitée comme 0 dans le calcul du FCF.
2026-09-05 13:50:38,707 [WARNING] Variation de BFR indisponible pour AVB (un seul exercice dans l'historique) : traitée comme 0 dans le calcul du FCF.
2026-09-05 13:50:38,707 [WARNING] Variation de BFR indisponible pour AVB (un seul exercice dans l'historique) : traitée comme 0 dans le calcul du FCF.
2026-09-05 13:50:38,707 [WARNING] Variation de BFR indisponible pour AVB (un seul exercice dans l'historique) : traitée comme 0 dans le calcul du FCF.
2026-09-05 13:50:38,707 [WARNING] Variation de BFR indisponible pour AVB (un seul exercice dans l'historique) : traitée comme 0 dans le calcul du FCF.
2026-09-05 13:50:38,708 [WARNING] Variation de BFR indisponible pour AVB (un seul exercice dans l'historique) : traitée comme 0 dans le calcul du FCF.
2026-09-05 13:50:38,708 [WARNING] Variation de BFR indisponible pour AVB (un seul exercice dans l'historique) : traitée comme 0 dans le calcul du FCF.
2026-09-05 13:50:38,708 [WARNING] Variation de BFR indisponible pour AVB (un seul exercice dans l'historique) : traitée comme 0 dans le calcul du FCF.
2026-09-05 13:50:38,708 [WARNING] Variation de BFR indisponible pour AVB (un seul exercice dans l'historique) : traitée comme 0 dans le calcul du FCF.
2026-09-05 13:50:38,708 [WARNING] Variation de BFR indisponible pour AVB (un seul exercice dans l'historique) : traitée comme 0 dans le calcul du FCF.
2026-09-05 13:50:38,708 [WARNING] Variation de BFR indisponible pour AVB (un seul exercice dans l'historique) : traitée comme 0 dans le calcul du FCF.
2026-09-05 13:50:38,708 [WARNING] Variation de BFR indisponible pour AVGO (un seul exercice dans l'historique) : traitée comme 0 dans le calcul du FCF.
2026-09-05 13:50:38,710 [WARNING] Variation de BFR indisponible pour AVY (un seul exercice dans l'historique) : traitée comme 0 dans le calcul du FCF.
2026-09-05 13:50:38,715 [WARNING] Variation de BFR indisponible pour AWK (un seul exercice dans l'historique) : traitée comme 0 dans le calcul du FCF.
2026-09-05 13:50:38,723 [WARNING] Variation de BFR indisponible pour AZO (un seul exercice dans l'historique) : traitée comme 0 dans le calcul du FCF.
2026-09-05 13:50:38,724 [WARNING] Variation de BFR indisponible pour AZO (un seul exercice dans l'historique) : traitée comme 0 dans le calcul du FCF.
2026-09-05 13:50:38,724 [WARNING] Variation de BFR indisponible pour AZO (un seul exercice dans l'historique) : traitée comme 0 dans le calcul du FCF.
2026-09-05 13:50:38,727 [WARNING] Variation de BFR indisponible pour BA (un seul exercice dans l'historique) : traitée comme 0 dans le calcul du FCF.
2026-09-05 13:50:38,728 [WARNING] Variation de BFR indisponible pour BA (un seul exercice dans l'historique) : traitée comme 0 dans le calcul du FCF.
2026-09-05 13:50:38,733 [WARNING] Variation de BFR indisponible pour BALL (un seul exercice dans l'historique) : traitée comme 0 dans le calcul du FCF.
2026-09-05 13:50:38,733 [WARNING] Variation de BFR indisponible pour BALL (un seul exercice dans l'historique) : traitée comme 0 dans le calcul du FCF.
2026-09-05 13:50:38,742 [WARNING] Variation de BFR indisponible pour BBY (un seul exercice dans l'historique) : traitée comme 0 dans le calcul du FCF.
2026-09-05 13:50:38,742 [WARNING] Variation de BFR indisponible pour BBY (un seul exercice dans l'historique) : traitée comme 0 dans le calcul du FCF.
2026-09-05 13:50:38,752 [WARNING] Variation de BFR indisponible pour BG (un seul exercice dans l'historique) : traitée comme 0 dans le calcul du FCF.
2026-09-05 13:50:38,752 [WARNING] Variation de BFR indisponible pour BG (un seul exercice dans l'historique) : traitée comme 0 dans le calcul du FCF.
2026-09-05 13:50:38,753 [WARNING] Variation de BFR indisponible pour BIIB (un seul exercice dans l'historique) : traitée comme 0 dans le calcul du FCF.
2026-09-05 13:50:38,757 [WARNING] Variation de BFR indisponible pour BKNG (un seul exercice dans l'historique) : traitée comme 0 dans le calcul du FCF.
2026-09-05 13:50:38,758 [WARNING] Variation de BFR indisponible pour BKNG (un seul exercice dans l'historique) : traitée comme 0 dans le calcul du FCF.
2026-09-05 13:50:38,766 [WARNING] Variation de BFR indisponible pour BMY (un seul exercice dans l'historique) : traitée comme 0 dans le calcul du FCF.
2026-09-05 13:50:38,774 [WARNING] Variation de BFR indisponible pour BR (un seul exercice dans l'historique) : traitée comme 0 dans le calcul du FCF.
2026-09-05 13:50:38,774 [WARNING] Variation de BFR indisponible pour BR (un seul exercice dans l'historique) : traitée comme 0 dans le calcul du FCF.
2026-09-05 13:50:38,775 [WARNING] Variation de BFR indisponible pour BR (un seul exercice dans l'historique) : traitée comme 0 dans le calcul du FCF.
2026-09-05 13:50:38,775 [WARNING] Variation de BFR indisponible pour BR (un seul exercice dans l'historique) : traitée comme 0 dans le calcul du FCF.
2026-09-05 13:50:38,778 [WARNING] Variation de BFR indisponible pour BRO (un seul exercice dans l'historique) : traitée comme 0 dans le calcul du FCF.
2026-09-05 13:50:38,789 [WARNING] Variation de BFR indisponible pour BXP (un seul exercice dans l'historique) : traitée comme 0 dans le calcul du FCF.
2026-09-05 13:50:38,789 [WARNING] Variation de BFR indisponible pour BXP (un seul exercice dans l'historique) : traitée comme 0 dans le calcul du FCF.
2026-09-05 13:50:38,789 [WARNING] Variation de BFR indisponible pour BXP (un seul exercice dans l'historique) : traitée comme 0 dans le calcul du FCF.
2026-09-05 13:50:38,789 [WARNING] Variation de BFR indisponible pour BXP (un seul exercice dans l'historique) : traitée comme 0 dans le calcul du FCF.
2026-09-05 13:50:38,789 [WARNING] Variation de BFR indisponible pour BXP (un seul exercice dans l'historique) : traitée comme 0 dans le calcul du FCF.
2026-09-05 13:50:38,789 [WARNING] Variation de BFR indisponible pour BXP (un seul exercice dans l'historique) : traitée comme 0 dans le calcul du FCF.
2026-09-05 13:50:38,790 [WARNING] Variation de BFR indisponible pour BXP (un seul exercice dans l'historique) : traitée comme 0 dans le calcul du FCF.
2026-09-05 13:50:38,790 [WARNING] Variation de BFR indisponible pour BXP (un seul exercice dans l'historique) : traitée comme 0 dans le calcul du FCF.
2026-09-05 13:50:38,790 [WARNING] Variation de BFR indisponible pour BXP (un seul exercice dans l'historique) : traitée comme 0 dans le calcul du FCF.
2026-09-05 13:50:38,790 [WARNING] Variation de BFR indisponible pour BXP (un seul exercice dans l'historique) : traitée comme 0 dans le calcul du FCF.
2026-09-05 13:50:38,790 [WARNING] Variation de BFR indisponible pour BXP (un seul exercice dans l'historique) : traitée comme 0 dans le calcul du FCF.
2026-09-05 13:50:38,790 [WARNING] Variation de BFR indisponible pour BXP (un seul exercice dans l'historique) : traitée comme 0 dans le calcul du FCF.
2026-09-05 13:50:38,790 [WARNING] Variation de BFR indisponible pour BXP (un seul exercice dans l'historique) : traitée comme 0 dans le calcul du FCF.
2026-09-05 13:50:38,790 [WARNING] Variation de BFR indisponible pour BXP (un seul exercice dans l'historique) : traitée comme 0 dans le calcul du FCF.
2026-09-05 13:50:38,790 [WARNING] Variation de BFR indisponible pour BXP (un seul exercice dans l'historique) : traitée comme 0 dans le calcul du FCF.
2026-09-05 13:50:38,790 [WARNING] Variation de BFR indisponible pour BXP (un seul exercice dans l'historique) : traitée comme 0 dans le calcul du FCF.
2026-09-05 13:50:38,790 [WARNING] Variation de BFR indisponible pour BXP (un seul exercice dans l'historique) : traitée comme 0 dans le calcul du FCF.
2026-09-05 13:50:38,790 [WARNING] Variation de BFR indisponible pour BXP (un seul exercice dans l'historique) : traitée comme 0 dans le calcul du FCF.
2026-09-05 13:50:38,790 [WARNING] Variation de BFR indisponible pour BXP (un seul exercice dans l'historique) : traitée comme 0 dans le calcul du FCF.
2026-09-05 13:50:38,791 [WARNING] Variation de BFR indisponible pour BXP (un seul exercice dans l'historique) : traitée comme 0 dans le calcul du FCF.
2026-09-05 13:50:38,791 [WARNING] Variation de BFR indisponible pour BXP (un seul exercice dans l'historique) : traitée comme 0 dans le calcul du FCF.
2026-09-05 13:50:38,791 [WARNING] Variation de BFR indisponible pour BXP (un seul exercice dans l'historique) : traitée comme 0 dans le calcul du FCF.
2026-09-05 13:50:38,791 [WARNING] Variation de BFR indisponible pour BXP (un seul exercice dans l'historique) : traitée comme 0 dans le calcul du FCF.
2026-09-05 13:50:38,791 [WARNING] Variation de BFR indisponible pour BXP (un seul exercice dans l'historique) : traitée comme 0 dans le calcul du FCF.
2026-09-05 13:50:38,791 [WARNING] Variation de BFR indisponible pour BXP (un seul exercice dans l'historique) : traitée comme 0 dans le calcul du FCF.
2026-09-05 13:50:38,791 [WARNING] Variation de BFR indisponible pour BXP (un seul exercice dans l'historique) : traitée comme 0 dans le calcul du FCF.
2026-09-05 13:50:38,791 [WARNING] Variation de BFR indisponible pour BXP (un seul exercice dans l'historique) : traitée comme 0 dans le calcul du FCF.
2026-09-05 13:50:38,794 [WARNING] Variation de BFR indisponible pour CAH (un seul exercice dans l'historique) : traitée comme 0 dans le calcul du FCF.
2026-09-05 13:50:38,794 [WARNING] Variation de BFR indisponible pour CAH (un seul exercice dans l'historique) : traitée comme 0 dans le calcul du FCF.
2026-09-05 13:50:38,794 [WARNING] Variation de BFR indisponible pour CAH (un seul exercice dans l'historique) : traitée comme 0 dans le calcul du FCF.
2026-09-05 13:50:38,797 [WARNING] Variation de BFR indisponible pour CARR (un seul exercice dans l'historique) : traitée comme 0 dans le calcul du FCF.
2026-09-05 13:50:38,798 [WARNING] Variation de BFR indisponible pour CARR (un seul exercice dans l'historique) : traitée comme 0 dans le calcul du FCF.
2026-09-05 13:50:38,798 [WARNING] Variation de BFR indisponible pour CARR (un seul exercice dans l'historique) : traitée comme 0 dans le calcul du FCF.
2026-09-05 13:50:38,799 [WARNING] Variation de BFR indisponible pour CASY (un seul exercice dans l'historique) : traitée comme 0 dans le calcul du FCF.
2026-09-05 13:50:38,799 [WARNING] Variation de BFR indisponible pour CASY (un seul exercice dans l'historique) : traitée comme 0 dans le calcul du FCF.
2026-09-05 13:50:38,799 [WARNING] Variation de BFR indisponible pour CASY (un seul exercice dans l'historique) : traitée comme 0 dans le calcul du FCF.
2026-09-05 13:50:38,803 [WARNING] Variation de BFR indisponible pour CAT (un seul exercice dans l'historique) : traitée comme 0 dans le calcul du FCF.
2026-09-05 13:50:38,809 [WARNING] Variation de BFR indisponible pour CBOE (un seul exercice dans l'historique) : traitée comme 0 dans le calcul du FCF.
2026-09-05 13:50:38,810 [WARNING] Variation de BFR indisponible pour CBOE (un seul exercice dans l'historique) : traitée comme 0 dans le calcul du FCF.
2026-09-05 13:50:38,816 [WARNING] Variation de BFR indisponible pour CCI (un seul exercice dans l'historique) : traitée comme 0 dans le calcul du FCF.
2026-09-05 13:50:38,816 [WARNING] Variation de BFR indisponible pour CCI (un seul exercice dans l'historique) : traitée comme 0 dans le calcul du FCF.
2026-09-05 13:50:38,820 [WARNING] Variation de BFR indisponible pour CCL (un seul exercice dans l'historique) : traitée comme 0 dans le calcul du FCF.
2026-09-05 13:50:38,820 [WARNING] Variation de BFR indisponible pour CCL (un seul exercice dans l'historique) : traitée comme 0 dans le calcul du FCF.
2026-09-05 13:50:38,831 [WARNING] Variation de BFR indisponible pour CEG (un seul exercice dans l'historique) : traitée comme 0 dans le calcul du FCF.
2026-09-05 13:50:38,831 [WARNING] Variation de BFR indisponible pour CEG (un seul exercice dans l'historique) : traitée comme 0 dans le calcul du FCF.
2026-09-05 13:50:38,832 [WARNING] Variation de BFR indisponible pour CF (un seul exercice dans l'historique) : traitée comme 0 dans le calcul du FCF.
2026-09-05 13:50:38,832 [WARNING] Variation de BFR indisponible pour CF (un seul exercice dans l'historique) : traitée comme 0 dans le calcul du FCF.
2026-09-05 13:50:38,839 [WARNING] Variation de BFR indisponible pour CHD (un seul exercice dans l'historique) : traitée comme 0 dans le calcul du FCF.
2026-09-05 13:50:38,843 [WARNING] Variation de BFR indisponible pour CHRW (un seul exercice dans l'historique) : traitée comme 0 dans le calcul du FCF.
2026-09-05 13:50:38,843 [WARNING] Variation de BFR indisponible pour CHRW (un seul exercice dans l'historique) : traitée comme 0 dans le calcul du FCF.
2026-09-05 13:50:38,847 [WARNING] Variation de BFR indisponible pour CHTR (un seul exercice dans l'historique) : traitée comme 0 dans le calcul du FCF.
2026-09-05 13:50:38,847 [WARNING] Variation de BFR indisponible pour CHTR (un seul exercice dans l'historique) : traitée comme 0 dans le calcul du FCF.
2026-09-05 13:50:38,850 [WARNING] Variation de BFR indisponible pour CI (un seul exercice dans l'historique) : traitée comme 0 dans le calcul du FCF.
2026-09-05 13:50:38,850 [WARNING] Variation de BFR indisponible pour CI (un seul exercice dans l'historique) : traitée comme 0 dans le calcul du FCF.
2026-09-05 13:50:38,850 [WARNING] Variation de BFR indisponible pour CI (un seul exercice dans l'historique) : traitée comme 0 dans le calcul du FCF.
2026-09-05 13:50:38,854 [WARNING] Variation de BFR indisponible pour CIEN (un seul exercice dans l'historique) : traitée comme 0 dans le calcul du FCF.
2026-09-05 13:50:38,858 [WARNING] Variation de BFR indisponible pour CL (un seul exercice dans l'historique) : traitée comme 0 dans le calcul du FCF.
2026-09-05 13:50:38,858 [WARNING] Variation de BFR indisponible pour CL (un seul exercice dans l'historique) : traitée comme 0 dans le calcul du FCF.
2026-09-05 13:50:38,862 [WARNING] Variation de BFR indisponible pour CLX (un seul exercice dans l'historique) : traitée comme 0 dans le calcul du FCF.
2026-09-05 13:50:38,866 [WARNING] Variation de BFR indisponible pour CMCSA (un seul exercice dans l'historique) : traitée comme 0 dans le calcul du FCF.
2026-09-05 13:50:38,869 [WARNING] Variation de BFR indisponible pour CME (un seul exercice dans l'historique) : traitée comme 0 dans le calcul du FCF.
2026-09-05 13:50:38,870 [WARNING] Variation de BFR indisponible pour CME (un seul exercice dans l'historique) : traitée comme 0 dans le calcul du FCF.
2026-09-05 13:50:38,872 [WARNING] Variation de BFR indisponible pour CMG (un seul exercice dans l'historique) : traitée comme 0 dans le calcul du FCF.
2026-09-05 13:50:38,875 [WARNING] Variation de BFR indisponible pour CMI (un seul exercice dans l'historique) : traitée comme 0 dans le calcul du FCF.
2026-09-05 13:50:38,880 [WARNING] Variation de BFR indisponible pour CMS (un seul exercice dans l'historique) : traitée comme 0 dans le calcul du FCF.
2026-09-05 13:50:38,883 [WARNING] Variation de BFR indisponible pour CNC (un seul exercice dans l'historique) : traitée comme 0 dans le calcul du FCF.
2026-09-05 13:50:38,883 [WARNING] Variation de BFR indisponible pour CNC (un seul exercice dans l'historique) : traitée comme 0 dans le calcul du FCF.
2026-09-05 13:50:38,883 [WARNING] Variation de BFR indisponible pour CNC (un seul exercice dans l'historique) : traitée comme 0 dans le calcul du FCF.
2026-09-05 13:50:38,888 [WARNING] Variation de BFR indisponible pour CNP (un seul exercice dans l'historique) : traitée comme 0 dans le calcul du FCF.
2026-09-05 13:50:38,888 [WARNING] Variation de BFR indisponible pour CNP (un seul exercice dans l'historique) : traitée comme 0 dans le calcul du FCF.
2026-09-05 13:50:38,893 [WARNING] Variation de BFR indisponible pour COHR (un seul exercice dans l'historique) : traitée comme 0 dans le calcul du FCF.
2026-09-05 13:50:38,893 [WARNING] Variation de BFR indisponible pour COHR (un seul exercice dans l'historique) : traitée comme 0 dans le calcul du FCF.
2026-09-05 13:50:38,896 [WARNING] Variation de BFR indisponible pour COIN (un seul exercice dans l'historique) : traitée comme 0 dans le calcul du FCF.
2026-09-05 13:50:38,905 [WARNING] Variation de BFR indisponible pour COST (un seul exercice dans l'historique) : traitée comme 0 dans le calcul du FCF.
2026-09-05 13:50:38,905 [WARNING] Variation de BFR indisponible pour COST (un seul exercice dans l'historique) : traitée comme 0 dans le calcul du FCF.
2026-09-05 13:50:38,905 [WARNING] Variation de BFR indisponible pour COST (un seul exercice dans l'historique) : traitée comme 0 dans le calcul du FCF.
2026-09-05 13:50:38,909 [WARNING] Variation de BFR indisponible pour CPAY (un seul exercice dans l'historique) : traitée comme 0 dans le calcul du FCF.
2026-09-05 13:50:38,909 [WARNING] Variation de BFR indisponible pour CPAY (un seul exercice dans l'historique) : traitée comme 0 dans le calcul du FCF.
2026-09-05 13:50:38,912 [WARNING] Variation de BFR indisponible pour CPRT (un seul exercice dans l'historique) : traitée comme 0 dans le calcul du FCF.
2026-09-05 13:50:38,913 [WARNING] Variation de BFR indisponible pour CPRT (un seul exercice dans l'historique) : traitée comme 0 dans le calcul du FCF.
2026-09-05 13:50:38,913 [WARNING] Variation de BFR indisponible pour CPRT (un seul exercice dans l'historique) : traitée comme 0 dans le calcul du FCF.
2026-09-05 13:50:38,913 [WARNING] Variation de BFR indisponible pour CPRT (un seul exercice dans l'historique) : traitée comme 0 dans le calcul du FCF.
2026-09-05 13:50:38,916 [WARNING] Variation de BFR indisponible pour CPT (un seul exercice dans l'historique) : traitée comme 0 dans le calcul du FCF.
2026-09-05 13:50:38,916 [WARNING] Variation de BFR indisponible pour CPT (un seul exercice dans l'historique) : traitée comme 0 dans le calcul du FCF.
2026-09-05 13:50:38,916 [WARNING] Variation de BFR indisponible pour CPT (un seul exercice dans l'historique) : traitée comme 0 dans le calcul du FCF.
2026-09-05 13:50:38,916 [WARNING] Variation de BFR indisponible pour CPT (un seul exercice dans l'historique) : traitée comme 0 dans le calcul du FCF.
2026-09-05 13:50:38,916 [WARNING] Variation de BFR indisponible pour CPT (un seul exercice dans l'historique) : traitée comme 0 dans le calcul du FCF.
2026-09-05 13:50:38,916 [WARNING] Variation de BFR indisponible pour CPT (un seul exercice dans l'historique) : traitée comme 0 dans le calcul du FCF.
2026-09-05 13:50:38,917 [WARNING] Variation de BFR indisponible pour CPT (un seul exercice dans l'historique) : traitée comme 0 dans le calcul du FCF.
2026-09-05 13:50:38,917 [WARNING] Variation de BFR indisponible pour CPT (un seul exercice dans l'historique) : traitée comme 0 dans le calcul du FCF.
2026-09-05 13:50:38,917 [WARNING] Variation de BFR indisponible pour CPT (un seul exercice dans l'historique) : traitée comme 0 dans le calcul du FCF.
2026-09-05 13:50:38,917 [WARNING] Variation de BFR indisponible pour CPT (un seul exercice dans l'historique) : traitée comme 0 dans le calcul du FCF.
2026-09-05 13:50:38,917 [WARNING] Variation de BFR indisponible pour CPT (un seul exercice dans l'historique) : traitée comme 0 dans le calcul du FCF.
2026-09-05 13:50:38,917 [WARNING] Variation de BFR indisponible pour CPT (un seul exercice dans l'historique) : traitée comme 0 dans le calcul du FCF.
2026-09-05 13:50:38,917 [WARNING] Variation de BFR indisponible pour CPT (un seul exercice dans l'historique) : traitée comme 0 dans le calcul du FCF.
2026-09-05 13:50:38,917 [WARNING] Variation de BFR indisponible pour CPT (un seul exercice dans l'historique) : traitée comme 0 dans le calcul du FCF.
2026-09-05 13:50:38,918 [WARNING] Variation de BFR indisponible pour CPT (un seul exercice dans l'historique) : traitée comme 0 dans le calcul du FCF.
2026-09-05 13:50:38,918 [WARNING] Variation de BFR indisponible pour CPT (un seul exercice dans l'historique) : traitée comme 0 dans le calcul du FCF.
2026-09-05 13:50:38,918 [WARNING] Variation de BFR indisponible pour CPT (un seul exercice dans l'historique) : traitée comme 0 dans le calcul du FCF.
2026-09-05 13:50:38,918 [WARNING] Variation de BFR indisponible pour CPT (un seul exercice dans l'historique) : traitée comme 0 dans le calcul du FCF.
2026-09-05 13:50:38,918 [WARNING] Variation de BFR indisponible pour CPT (un seul exercice dans l'historique) : traitée comme 0 dans le calcul du FCF.
2026-09-05 13:50:38,918 [WARNING] Variation de BFR indisponible pour CPT (un seul exercice dans l'historique) : traitée comme 0 dans le calcul du FCF.
2026-09-05 13:50:38,918 [WARNING] Variation de BFR indisponible pour CPT (un seul exercice dans l'historique) : traitée comme 0 dans le calcul du FCF.
2026-09-05 13:50:38,919 [WARNING] Variation de BFR indisponible pour CPT (un seul exercice dans l'historique) : traitée comme 0 dans le calcul du FCF.
2026-09-05 13:50:38,920 [WARNING] Variation de BFR indisponible pour CRH (un seul exercice dans l'historique) : traitée comme 0 dans le calcul du FCF.
2026-09-05 13:50:38,920 [WARNING] Variation de BFR indisponible pour CRH (un seul exercice dans l'historique) : traitée comme 0 dans le calcul du FCF.
2026-09-05 13:50:38,921 [WARNING] Variation de BFR indisponible pour CRL (un seul exercice dans l'historique) : traitée comme 0 dans le calcul du FCF.
2026-09-05 13:50:38,925 [WARNING] Variation de BFR indisponible pour CRM (un seul exercice dans l'historique) : traitée comme 0 dans le calcul du FCF.
2026-09-05 13:50:38,925 [WARNING] Variation de BFR indisponible pour CRM (un seul exercice dans l'historique) : traitée comme 0 dans le calcul du FCF.
2026-09-05 13:50:38,925 [WARNING] Variation de BFR indisponible pour CRM (un seul exercice dans l'historique) : traitée comme 0 dans le calcul du FCF.
2026-09-05 13:50:38,929 [WARNING] Variation de BFR indisponible pour CSCO (un seul exercice dans l'historique) : traitée comme 0 dans le calcul du FCF.
2026-09-05 13:50:38,929 [WARNING] Variation de BFR indisponible pour CSCO (un seul exercice dans l'historique) : traitée comme 0 dans le calcul du FCF.
2026-09-05 13:50:38,933 [WARNING] Variation de BFR indisponible pour CSGP (un seul exercice dans l'historique) : traitée comme 0 dans le calcul du FCF.
2026-09-05 13:50:38,933 [WARNING] Variation de BFR indisponible pour CSGP (un seul exercice dans l'historique) : traitée comme 0 dans le calcul du FCF.
2026-09-05 13:50:38,938 [WARNING] Variation de BFR indisponible pour CTAS (un seul exercice dans l'historique) : traitée comme 0 dans le calcul du FCF.
2026-09-05 13:50:38,938 [WARNING] Variation de BFR indisponible pour CTAS (un seul exercice dans l'historique) : traitée comme 0 dans le calcul du FCF.
2026-09-05 13:50:38,942 [WARNING] Variation de BFR indisponible pour CTSH (un seul exercice dans l'historique) : traitée comme 0 dans le calcul du FCF.
2026-09-05 13:50:38,948 [WARNING] Variation de BFR indisponible pour CVS (un seul exercice dans l'historique) : traitée comme 0 dans le calcul du FCF.
2026-09-05 13:50:38,955 [WARNING] Variation de BFR indisponible pour CVX (un seul exercice dans l'historique) : traitée comme 0 dans le calcul du FCF.
2026-09-05 13:50:38,955 [WARNING] Variation de BFR indisponible pour CVX (un seul exercice dans l'historique) : traitée comme 0 dans le calcul du FCF.
2026-09-05 13:50:38,955 [WARNING] Variation de BFR indisponible pour CVX (un seul exercice dans l'historique) : traitée comme 0 dans le calcul du FCF.
2026-09-05 13:50:38,959 [WARNING] Variation de BFR indisponible pour D (un seul exercice dans l'historique) : traitée comme 0 dans le calcul du FCF.
2026-09-05 13:50:38,959 [WARNING] Variation de BFR indisponible pour D (un seul exercice dans l'historique) : traitée comme 0 dans le calcul du FCF.
2026-09-05 13:50:38,960 [WARNING] Variation de BFR indisponible pour D (un seul exercice dans l'historique) : traitée comme 0 dans le calcul du FCF.
2026-09-05 13:50:38,963 [WARNING] Variation de BFR indisponible pour DAL (un seul exercice dans l'historique) : traitée comme 0 dans le calcul du FCF.
2026-09-05 13:50:38,963 [WARNING] Variation de BFR indisponible pour DAL (un seul exercice dans l'historique) : traitée comme 0 dans le calcul du FCF.
2026-09-05 13:50:38,968 [WARNING] Variation de BFR indisponible pour DD (un seul exercice dans l'historique) : traitée comme 0 dans le calcul du FCF.
2026-09-05 13:50:38,971 [WARNING] Variation de BFR indisponible pour DE (un seul exercice dans l'historique) : traitée comme 0 dans le calcul du FCF.
2026-09-05 13:50:38,971 [WARNING] Variation de BFR indisponible pour DE (un seul exercice dans l'historique) : traitée comme 0 dans le calcul du FCF.
2026-09-05 13:50:38,971 [WARNING] Variation de BFR indisponible pour DE (un seul exercice dans l'historique) : traitée comme 0 dans le calcul du FCF.
2026-09-05 13:50:38,972 [WARNING] Variation de BFR indisponible pour DE (un seul exercice dans l'historique) : traitée comme 0 dans le calcul du FCF.
2026-09-05 13:50:38,972 [WARNING] Variation de BFR indisponible pour DE (un seul exercice dans l'historique) : traitée comme 0 dans le calcul du FCF.
2026-09-05 13:50:38,972 [WARNING] Variation de BFR indisponible pour DE (un seul exercice dans l'historique) : traitée comme 0 dans le calcul du FCF.
2026-09-05 13:50:38,972 [WARNING] Variation de BFR indisponible pour DE (un seul exercice dans l'historique) : traitée comme 0 dans le calcul du FCF.
2026-09-05 13:50:38,972 [WARNING] Variation de BFR indisponible pour DE (un seul exercice dans l'historique) : traitée comme 0 dans le calcul du FCF.
2026-09-05 13:50:38,972 [WARNING] Variation de BFR indisponible pour DE (un seul exercice dans l'historique) : traitée comme 0 dans le calcul du FCF.
2026-09-05 13:50:38,972 [WARNING] Variation de BFR indisponible pour DE (un seul exercice dans l'historique) : traitée comme 0 dans le calcul du FCF.
2026-09-05 13:50:38,972 [WARNING] Variation de BFR indisponible pour DE (un seul exercice dans l'historique) : traitée comme 0 dans le calcul du FCF.
2026-09-05 13:50:38,972 [WARNING] Variation de BFR indisponible pour DE (un seul exercice dans l'historique) : traitée comme 0 dans le calcul du FCF.
2026-09-05 13:50:38,972 [WARNING] Variation de BFR indisponible pour DE (un seul exercice dans l'historique) : traitée comme 0 dans le calcul du FCF.
2026-09-05 13:50:38,972 [WARNING] Variation de BFR indisponible pour DE (un seul exercice dans l'historique) : traitée comme 0 dans le calcul du FCF.
2026-09-05 13:50:38,973 [WARNING] Variation de BFR indisponible pour DE (un seul exercice dans l'historique) : traitée comme 0 dans le calcul du FCF.
2026-09-05 13:50:38,973 [WARNING] Variation de BFR indisponible pour DE (un seul exercice dans l'historique) : traitée comme 0 dans le calcul du FCF.
2026-09-05 13:50:38,973 [WARNING] Variation de BFR indisponible pour DE (un seul exercice dans l'historique) : traitée comme 0 dans le calcul du FCF.
2026-09-05 13:50:38,973 [WARNING] Variation de BFR indisponible pour DE (un seul exercice dans l'historique) : traitée comme 0 dans le calcul du FCF.
2026-09-05 13:50:38,973 [WARNING] Variation de BFR indisponible pour DE (un seul exercice dans l'historique) : traitée comme 0 dans le calcul du FCF.
2026-09-05 13:50:38,973 [WARNING] Variation de BFR indisponible pour DE (un seul exercice dans l'historique) : traitée comme 0 dans le calcul du FCF.
2026-09-05 13:50:38,973 [WARNING] Variation de BFR indisponible pour DE (un seul exercice dans l'historique) : traitée comme 0 dans le calcul du FCF.
2026-09-05 13:50:38,973 [WARNING] Variation de BFR indisponible pour DE (un seul exercice dans l'historique) : traitée comme 0 dans le calcul du FCF.
2026-09-05 13:50:38,973 [WARNING] Variation de BFR indisponible pour DE (un seul exercice dans l'historique) : traitée comme 0 dans le calcul du FCF.
2026-09-05 13:50:38,973 [WARNING] Variation de BFR indisponible pour DE (un seul exercice dans l'historique) : traitée comme 0 dans le calcul du FCF.
2026-09-05 13:50:38,973 [WARNING] Variation de BFR indisponible pour DE (un seul exercice dans l'historique) : traitée comme 0 dans le calcul du FCF.
2026-09-05 13:50:38,974 [WARNING] Variation de BFR indisponible pour DE (un seul exercice dans l'historique) : traitée comme 0 dans le calcul du FCF.
2026-09-05 13:50:38,974 [WARNING] Variation de BFR indisponible pour DE (un seul exercice dans l'historique) : traitée comme 0 dans le calcul du FCF.
2026-09-05 13:50:38,974 [WARNING] Variation de BFR indisponible pour DE (un seul exercice dans l'historique) : traitée comme 0 dans le calcul du FCF.
2026-09-05 13:50:38,974 [WARNING] Variation de BFR indisponible pour DE (un seul exercice dans l'historique) : traitée comme 0 dans le calcul du FCF.
2026-09-05 13:50:38,974 [WARNING] Variation de BFR indisponible pour DE (un seul exercice dans l'historique) : traitée comme 0 dans le calcul du FCF.
2026-09-05 13:50:38,974 [WARNING] Variation de BFR indisponible pour DE (un seul exercice dans l'historique) : traitée comme 0 dans le calcul du FCF.
2026-09-05 13:50:38,974 [WARNING] Variation de BFR indisponible pour DE (un seul exercice dans l'historique) : traitée comme 0 dans le calcul du FCF.
2026-09-05 13:50:38,974 [WARNING] Variation de BFR indisponible pour DE (un seul exercice dans l'historique) : traitée comme 0 dans le calcul du FCF.
2026-09-05 13:50:38,974 [WARNING] Variation de BFR indisponible pour DE (un seul exercice dans l'historique) : traitée comme 0 dans le calcul du FCF.
2026-09-05 13:50:38,974 [WARNING] Variation de BFR indisponible pour DE (un seul exercice dans l'historique) : traitée comme 0 dans le calcul du FCF.
2026-09-05 13:50:38,974 [WARNING] Variation de BFR indisponible pour DE (un seul exercice dans l'historique) : traitée comme 0 dans le calcul du FCF.
2026-09-05 13:50:38,975 [WARNING] Variation de BFR indisponible pour DE (un seul exercice dans l'historique) : traitée comme 0 dans le calcul du FCF.
2026-09-05 13:50:38,975 [WARNING] Variation de BFR indisponible pour DE (un seul exercice dans l'historique) : traitée comme 0 dans le calcul du FCF.
2026-09-05 13:50:38,975 [WARNING] Variation de BFR indisponible pour DE (un seul exercice dans l'historique) : traitée comme 0 dans le calcul du FCF.
2026-09-05 13:50:38,975 [WARNING] Variation de BFR indisponible pour DE (un seul exercice dans l'historique) : traitée comme 0 dans le calcul du FCF.
2026-09-05 13:50:38,975 [WARNING] Variation de BFR indisponible pour DE (un seul exercice dans l'historique) : traitée comme 0 dans le calcul du FCF.
2026-09-05 13:50:38,975 [WARNING] Variation de BFR indisponible pour DE (un seul exercice dans l'historique) : traitée comme 0 dans le calcul du FCF.
2026-09-05 13:50:38,975 [WARNING] Variation de BFR indisponible pour DE (un seul exercice dans l'historique) : traitée comme 0 dans le calcul du FCF.
2026-09-05 13:50:38,975 [WARNING] Variation de BFR indisponible pour DE (un seul exercice dans l'historique) : traitée comme 0 dans le calcul du FCF.
2026-09-05 13:50:38,975 [WARNING] Variation de BFR indisponible pour DE (un seul exercice dans l'historique) : traitée comme 0 dans le calcul du FCF.
2026-09-05 13:50:38,975 [WARNING] Variation de BFR indisponible pour DE (un seul exercice dans l'historique) : traitée comme 0 dans le calcul du FCF.
2026-09-05 13:50:38,975 [WARNING] Variation de BFR indisponible pour DE (un seul exercice dans l'historique) : traitée comme 0 dans le calcul du FCF.
2026-09-05 13:50:38,975 [WARNING] Variation de BFR indisponible pour DE (un seul exercice dans l'historique) : traitée comme 0 dans le calcul du FCF.
2026-09-05 13:50:38,975 [WARNING] Variation de BFR indisponible pour DE (un seul exercice dans l'historique) : traitée comme 0 dans le calcul du FCF.
2026-09-05 13:50:38,976 [WARNING] Variation de BFR indisponible pour DE (un seul exercice dans l'historique) : traitée comme 0 dans le calcul du FCF.
2026-09-05 13:50:38,976 [WARNING] Variation de BFR indisponible pour DE (un seul exercice dans l'historique) : traitée comme 0 dans le calcul du FCF.
2026-09-05 13:50:38,976 [WARNING] Variation de BFR indisponible pour DE (un seul exercice dans l'historique) : traitée comme 0 dans le calcul du FCF.
2026-09-05 13:50:38,976 [WARNING] Variation de BFR indisponible pour DE (un seul exercice dans l'historique) : traitée comme 0 dans le calcul du FCF.
2026-09-05 13:50:38,976 [WARNING] Variation de BFR indisponible pour DE (un seul exercice dans l'historique) : traitée comme 0 dans le calcul du FCF.
2026-09-05 13:50:38,976 [WARNING] Variation de BFR indisponible pour DE (un seul exercice dans l'historique) : traitée comme 0 dans le calcul du FCF.
2026-09-05 13:50:38,976 [WARNING] Variation de BFR indisponible pour DE (un seul exercice dans l'historique) : traitée comme 0 dans le calcul du FCF.
2026-09-05 13:50:38,976 [WARNING] Variation de BFR indisponible pour DE (un seul exercice dans l'historique) : traitée comme 0 dans le calcul du FCF.
2026-09-05 13:50:38,976 [WARNING] Variation de BFR indisponible pour DE (un seul exercice dans l'historique) : traitée comme 0 dans le calcul du FCF.
2026-09-05 13:50:38,976 [WARNING] Variation de BFR indisponible pour DE (un seul exercice dans l'historique) : traitée comme 0 dans le calcul du FCF.
2026-09-05 13:50:38,976 [WARNING] Variation de BFR indisponible pour DE (un seul exercice dans l'historique) : traitée comme 0 dans le calcul du FCF.
2026-09-05 13:50:38,976 [WARNING] Variation de BFR indisponible pour DE (un seul exercice dans l'historique) : traitée comme 0 dans le calcul du FCF.
2026-09-05 13:50:38,976 [WARNING] Variation de BFR indisponible pour DE (un seul exercice dans l'historique) : traitée comme 0 dans le calcul du FCF.
2026-09-05 13:50:38,977 [WARNING] Variation de BFR indisponible pour DE (un seul exercice dans l'historique) : traitée comme 0 dans le calcul du FCF.
2026-09-05 13:50:38,977 [WARNING] Variation de BFR indisponible pour DE (un seul exercice dans l'historique) : traitée comme 0 dans le calcul du FCF.
2026-09-05 13:50:38,977 [WARNING] Variation de BFR indisponible pour DE (un seul exercice dans l'historique) : traitée comme 0 dans le calcul du FCF.
2026-09-05 13:50:38,977 [WARNING] Variation de BFR indisponible pour DE (un seul exercice dans l'historique) : traitée comme 0 dans le calcul du FCF.
2026-09-05 13:50:38,977 [WARNING] Variation de BFR indisponible pour DE (un seul exercice dans l'historique) : traitée comme 0 dans le calcul du FCF.
2026-09-05 13:50:38,977 [WARNING] Variation de BFR indisponible pour DE (un seul exercice dans l'historique) : traitée comme 0 dans le calcul du FCF.
2026-09-05 13:50:38,977 [WARNING] Variation de BFR indisponible pour DE (un seul exercice dans l'historique) : traitée comme 0 dans le calcul du FCF.
2026-09-05 13:50:38,977 [WARNING] Variation de BFR indisponible pour DE (un seul exercice dans l'historique) : traitée comme 0 dans le calcul du FCF.
2026-09-05 13:50:38,977 [WARNING] Variation de BFR indisponible pour DE (un seul exercice dans l'historique) : traitée comme 0 dans le calcul du FCF.
2026-09-05 13:50:38,977 [WARNING] Variation de BFR indisponible pour DE (un seul exercice dans l'historique) : traitée comme 0 dans le calcul du FCF.
2026-09-05 13:50:38,977 [WARNING] Variation de BFR indisponible pour DE (un seul exercice dans l'historique) : traitée comme 0 dans le calcul du FCF.
2026-09-05 13:50:38,977 [WARNING] Variation de BFR indisponible pour DE (un seul exercice dans l'historique) : traitée comme 0 dans le calcul du FCF.
2026-09-05 13:50:38,977 [WARNING] Variation de BFR indisponible pour DE (un seul exercice dans l'historique) : traitée comme 0 dans le calcul du FCF.
2026-09-05 13:50:38,978 [WARNING] Variation de BFR indisponible pour DE (un seul exercice dans l'historique) : traitée comme 0 dans le calcul du FCF.
2026-09-05 13:50:38,978 [WARNING] Variation de BFR indisponible pour DE (un seul exercice dans l'historique) : traitée comme 0 dans le calcul du FCF.
2026-09-05 13:50:38,978 [WARNING] Variation de BFR indisponible pour DE (un seul exercice dans l'historique) : traitée comme 0 dans le calcul du FCF.
2026-09-05 13:50:38,978 [WARNING] Variation de BFR indisponible pour DE (un seul exercice dans l'historique) : traitée comme 0 dans le calcul du FCF.
2026-09-05 13:50:38,978 [WARNING] Variation de BFR indisponible pour DE (un seul exercice dans l'historique) : traitée comme 0 dans le calcul du FCF.
2026-09-05 13:50:38,978 [WARNING] Variation de BFR indisponible pour DE (un seul exercice dans l'historique) : traitée comme 0 dans le calcul du FCF.
2026-09-05 13:50:38,978 [WARNING] Variation de BFR indisponible pour DE (un seul exercice dans l'historique) : traitée comme 0 dans le calcul du FCF.
2026-09-05 13:50:38,978 [WARNING] Variation de BFR indisponible pour DECK (un seul exercice dans l'historique) : traitée comme 0 dans le calcul du FCF.
2026-09-05 13:50:38,978 [WARNING] Variation de BFR indisponible pour DECK (un seul exercice dans l'historique) : traitée comme 0 dans le calcul du FCF.
2026-09-05 13:50:38,978 [WARNING] Variation de BFR indisponible pour DECK (un seul exercice dans l'historique) : traitée comme 0 dans le calcul du FCF.
2026-09-05 13:50:38,983 [WARNING] Variation de BFR indisponible pour DG (un seul exercice dans l'historique) : traitée comme 0 dans le calcul du FCF.
2026-09-05 13:50:38,983 [WARNING] Variation de BFR indisponible pour DG (un seul exercice dans l'historique) : traitée comme 0 dans le calcul du FCF.
2026-09-05 13:50:38,984 [WARNING] Variation de BFR indisponible pour DG (un seul exercice dans l'historique) : traitée comme 0 dans le calcul du FCF.
2026-09-05 13:50:38,989 [WARNING] Variation de BFR indisponible pour DGX (un seul exercice dans l'historique) : traitée comme 0 dans le calcul du FCF.
2026-09-05 13:50:38,994 [WARNING] Variation de BFR indisponible pour DHI (un seul exercice dans l'historique) : traitée comme 0 dans le calcul du FCF.
2026-09-05 13:50:38,995 [WARNING] Variation de BFR indisponible pour DHI (un seul exercice dans l'historique) : traitée comme 0 dans le calcul du FCF.
2026-09-05 13:50:38,995 [WARNING] Variation de BFR indisponible pour DHI (un seul exercice dans l'historique) : traitée comme 0 dans le calcul du FCF.
2026-09-05 13:50:38,995 [WARNING] Variation de BFR indisponible pour DHI (un seul exercice dans l'historique) : traitée comme 0 dans le calcul du FCF.
2026-09-05 13:50:38,995 [WARNING] Variation de BFR indisponible pour DHI (un seul exercice dans l'historique) : traitée comme 0 dans le calcul du FCF.
2026-09-05 13:50:38,995 [WARNING] Variation de BFR indisponible pour DHI (un seul exercice dans l'historique) : traitée comme 0 dans le calcul du FCF.
2026-09-05 13:50:38,995 [WARNING] Variation de BFR indisponible pour DHI (un seul exercice dans l'historique) : traitée comme 0 dans le calcul du FCF.
2026-09-05 13:50:38,995 [WARNING] Variation de BFR indisponible pour DHI (un seul exercice dans l'historique) : traitée comme 0 dans le calcul du FCF.
2026-09-05 13:50:38,996 [WARNING] Variation de BFR indisponible pour DHI (un seul exercice dans l'historique) : traitée comme 0 dans le calcul du FCF.
2026-09-05 13:50:38,996 [WARNING] Variation de BFR indisponible pour DHI (un seul exercice dans l'historique) : traitée comme 0 dans le calcul du FCF.
2026-09-05 13:50:38,996 [WARNING] Variation de BFR indisponible pour DHI (un seul exercice dans l'historique) : traitée comme 0 dans le calcul du FCF.
2026-09-05 13:50:38,996 [WARNING] Variation de BFR indisponible pour DHI (un seul exercice dans l'historique) : traitée comme 0 dans le calcul du FCF.
2026-09-05 13:50:38,996 [WARNING] Variation de BFR indisponible pour DHI (un seul exercice dans l'historique) : traitée comme 0 dans le calcul du FCF.
2026-09-05 13:50:38,996 [WARNING] Variation de BFR indisponible pour DHI (un seul exercice dans l'historique) : traitée comme 0 dans le calcul du FCF.
2026-09-05 13:50:38,997 [WARNING] Variation de BFR indisponible pour DHR (un seul exercice dans l'historique) : traitée comme 0 dans le calcul du FCF.
2026-09-05 13:50:38,997 [WARNING] Variation de BFR indisponible pour DHR (un seul exercice dans l'historique) : traitée comme 0 dans le calcul du FCF.
2026-09-05 13:50:39,003 [WARNING] Variation de BFR indisponible pour DIS (un seul exercice dans l'historique) : traitée comme 0 dans le calcul du FCF.
2026-09-05 13:50:39,004 [WARNING] Variation de BFR indisponible pour DIS (un seul exercice dans l'historique) : traitée comme 0 dans le calcul du FCF.
2026-09-05 13:50:39,005 [WARNING] Variation de BFR indisponible pour DLR (un seul exercice dans l'historique) : traitée comme 0 dans le calcul du FCF.
2026-09-05 13:50:39,005 [WARNING] Variation de BFR indisponible pour DLR (un seul exercice dans l'historique) : traitée comme 0 dans le calcul du FCF.
2026-09-05 13:50:39,006 [WARNING] Variation de BFR indisponible pour DLR (un seul exercice dans l'historique) : traitée comme 0 dans le calcul du FCF.
2026-09-05 13:50:39,006 [WARNING] Variation de BFR indisponible pour DLR (un seul exercice dans l'historique) : traitée comme 0 dans le calcul du FCF.
2026-09-05 13:50:39,006 [WARNING] Variation de BFR indisponible pour DLR (un seul exercice dans l'historique) : traitée comme 0 dans le calcul du FCF.
2026-09-05 13:50:39,006 [WARNING] Variation de BFR indisponible pour DLR (un seul exercice dans l'historique) : traitée comme 0 dans le calcul du FCF.
2026-09-05 13:50:39,006 [WARNING] Variation de BFR indisponible pour DLR (un seul exercice dans l'historique) : traitée comme 0 dans le calcul du FCF.
2026-09-05 13:50:39,006 [WARNING] Variation de BFR indisponible pour DLR (un seul exercice dans l'historique) : traitée comme 0 dans le calcul du FCF.
2026-09-05 13:50:39,006 [WARNING] Variation de BFR indisponible pour DLR (un seul exercice dans l'historique) : traitée comme 0 dans le calcul du FCF.
2026-09-05 13:50:39,006 [WARNING] Variation de BFR indisponible pour DLR (un seul exercice dans l'historique) : traitée comme 0 dans le calcul du FCF.
2026-09-05 13:50:39,006 [WARNING] Variation de BFR indisponible pour DLR (un seul exercice dans l'historique) : traitée comme 0 dans le calcul du FCF.
2026-09-05 13:50:39,007 [WARNING] Variation de BFR indisponible pour DLR (un seul exercice dans l'historique) : traitée comme 0 dans le calcul du FCF.
2026-09-05 13:50:39,007 [WARNING] Variation de BFR indisponible pour DLR (un seul exercice dans l'historique) : traitée comme 0 dans le calcul du FCF.
2026-09-05 13:50:39,007 [WARNING] Variation de BFR indisponible pour DLR (un seul exercice dans l'historique) : traitée comme 0 dans le calcul du FCF.
2026-09-05 13:50:39,007 [WARNING] Variation de BFR indisponible pour DLR (un seul exercice dans l'historique) : traitée comme 0 dans le calcul du FCF.
2026-09-05 13:50:39,007 [WARNING] Variation de BFR indisponible pour DLR (un seul exercice dans l'historique) : traitée comme 0 dans le calcul du FCF.
2026-09-05 13:50:39,007 [WARNING] Variation de BFR indisponible pour DLR (un seul exercice dans l'historique) : traitée comme 0 dans le calcul du FCF.
2026-09-05 13:50:39,007 [WARNING] Variation de BFR indisponible pour DLR (un seul exercice dans l'historique) : traitée comme 0 dans le calcul du FCF.
2026-09-05 13:50:39,007 [WARNING] Variation de BFR indisponible pour DLR (un seul exercice dans l'historique) : traitée comme 0 dans le calcul du FCF.
2026-09-05 13:50:39,008 [WARNING] Variation de BFR indisponible pour DLTR (un seul exercice dans l'historique) : traitée comme 0 dans le calcul du FCF.
2026-09-05 13:50:39,009 [WARNING] Variation de BFR indisponible pour DLTR (un seul exercice dans l'historique) : traitée comme 0 dans le calcul du FCF.
2026-09-05 13:50:39,009 [WARNING] Variation de BFR indisponible pour DLTR (un seul exercice dans l'historique) : traitée comme 0 dans le calcul du FCF.
2026-09-05 13:50:39,012 [WARNING] Variation de BFR indisponible pour DOC (un seul exercice dans l'historique) : traitée comme 0 dans le calcul du FCF.
2026-09-05 13:50:39,012 [WARNING] Variation de BFR indisponible pour DOC (un seul exercice dans l'historique) : traitée comme 0 dans le calcul du FCF.
2026-09-05 13:50:39,013 [WARNING] Variation de BFR indisponible pour DOC (un seul exercice dans l'historique) : traitée comme 0 dans le calcul du FCF.
2026-09-05 13:50:39,013 [WARNING] Variation de BFR indisponible pour DOC (un seul exercice dans l'historique) : traitée comme 0 dans le calcul du FCF.
2026-09-05 13:50:39,013 [WARNING] Variation de BFR indisponible pour DOC (un seul exercice dans l'historique) : traitée comme 0 dans le calcul du FCF.
2026-09-05 13:50:39,013 [WARNING] Variation de BFR indisponible pour DOC (un seul exercice dans l'historique) : traitée comme 0 dans le calcul du FCF.
2026-09-05 13:50:39,013 [WARNING] Variation de BFR indisponible pour DOC (un seul exercice dans l'historique) : traitée comme 0 dans le calcul du FCF.
2026-09-05 13:50:39,013 [WARNING] Variation de BFR indisponible pour DOC (un seul exercice dans l'historique) : traitée comme 0 dans le calcul du FCF.
2026-09-05 13:50:39,013 [WARNING] Variation de BFR indisponible pour DOC (un seul exercice dans l'historique) : traitée comme 0 dans le calcul du FCF.
2026-09-05 13:50:39,013 [WARNING] Variation de BFR indisponible pour DOC (un seul exercice dans l'historique) : traitée comme 0 dans le calcul du FCF.
2026-09-05 13:50:39,013 [WARNING] Variation de BFR indisponible pour DOC (un seul exercice dans l'historique) : traitée comme 0 dans le calcul du FCF.
2026-09-05 13:50:39,013 [WARNING] Variation de BFR indisponible pour DOC (un seul exercice dans l'historique) : traitée comme 0 dans le calcul du FCF.
2026-09-05 13:50:39,013 [WARNING] Variation de BFR indisponible pour DOC (un seul exercice dans l'historique) : traitée comme 0 dans le calcul du FCF.
2026-09-05 13:50:39,014 [WARNING] Variation de BFR indisponible pour DOC (un seul exercice dans l'historique) : traitée comme 0 dans le calcul du FCF.
2026-09-05 13:50:39,014 [WARNING] Variation de BFR indisponible pour DOC (un seul exercice dans l'historique) : traitée comme 0 dans le calcul du FCF.
2026-09-05 13:50:39,014 [WARNING] Variation de BFR indisponible pour DOC (un seul exercice dans l'historique) : traitée comme 0 dans le calcul du FCF.
2026-09-05 13:50:39,014 [WARNING] Variation de BFR indisponible pour DOC (un seul exercice dans l'historique) : traitée comme 0 dans le calcul du FCF.
2026-09-05 13:50:39,014 [WARNING] Variation de BFR indisponible pour DOC (un seul exercice dans l'historique) : traitée comme 0 dans le calcul du FCF.
2026-09-05 13:50:39,014 [WARNING] Variation de BFR indisponible pour DOC (un seul exercice dans l'historique) : traitée comme 0 dans le calcul du FCF.
2026-09-05 13:50:39,014 [WARNING] Variation de BFR indisponible pour DOC (un seul exercice dans l'historique) : traitée comme 0 dans le calcul du FCF.
2026-09-05 13:50:39,014 [WARNING] Variation de BFR indisponible pour DOC (un seul exercice dans l'historique) : traitée comme 0 dans le calcul du FCF.
2026-09-05 13:50:39,014 [WARNING] Variation de BFR indisponible pour DOC (un seul exercice dans l'historique) : traitée comme 0 dans le calcul du FCF.
2026-09-05 13:50:39,014 [WARNING] Variation de BFR indisponible pour DOC (un seul exercice dans l'historique) : traitée comme 0 dans le calcul du FCF.
2026-09-05 13:50:39,014 [WARNING] Variation de BFR indisponible pour DOC (un seul exercice dans l'historique) : traitée comme 0 dans le calcul du FCF.
2026-09-05 13:50:39,015 [WARNING] Variation de BFR indisponible pour DOC (un seul exercice dans l'historique) : traitée comme 0 dans le calcul du FCF.
2026-09-05 13:50:39,015 [WARNING] Variation de BFR indisponible pour DOC (un seul exercice dans l'historique) : traitée comme 0 dans le calcul du FCF.
2026-09-05 13:50:39,015 [WARNING] Variation de BFR indisponible pour DOC (un seul exercice dans l'historique) : traitée comme 0 dans le calcul du FCF.
2026-09-05 13:50:39,015 [WARNING] Variation de BFR indisponible pour DOC (un seul exercice dans l'historique) : traitée comme 0 dans le calcul du FCF.
2026-09-05 13:50:39,015 [WARNING] Variation de BFR indisponible pour DOC (un seul exercice dans l'historique) : traitée comme 0 dans le calcul du FCF.
2026-09-05 13:50:39,015 [WARNING] Variation de BFR indisponible pour DOC (un seul exercice dans l'historique) : traitée comme 0 dans le calcul du FCF.
2026-09-05 13:50:39,016 [WARNING] Variation de BFR indisponible pour DOV (un seul exercice dans l'historique) : traitée comme 0 dans le calcul du FCF.
2026-09-05 13:50:39,021 [WARNING] Variation de BFR indisponible pour DOW (un seul exercice dans l'historique) : traitée comme 0 dans le calcul du FCF.
2026-09-05 13:50:39,023 [WARNING] Variation de BFR indisponible pour DPZ (un seul exercice dans l'historique) : traitée comme 0 dans le calcul du FCF.
2026-09-05 13:50:39,023 [WARNING] Variation de BFR indisponible pour DPZ (un seul exercice dans l'historique) : traitée comme 0 dans le calcul du FCF.
2026-09-05 13:50:39,024 [WARNING] Variation de BFR indisponible pour DPZ (un seul exercice dans l'historique) : traitée comme 0 dans le calcul du FCF.
2026-09-05 13:50:39,028 [WARNING] Variation de BFR indisponible pour DRI (un seul exercice dans l'historique) : traitée comme 0 dans le calcul du FCF.
2026-09-05 13:50:39,032 [WARNING] Variation de BFR indisponible pour DTE (un seul exercice dans l'historique) : traitée comme 0 dans le calcul du FCF.
2026-09-05 13:50:39,038 [WARNING] Variation de BFR indisponible pour DUK (un seul exercice dans l'historique) : traitée comme 0 dans le calcul du FCF.
2026-09-05 13:50:39,041 [WARNING] Variation de BFR indisponible pour DVA (un seul exercice dans l'historique) : traitée comme 0 dans le calcul du FCF.
2026-09-05 13:50:39,045 [WARNING] Variation de BFR indisponible pour DVN (un seul exercice dans l'historique) : traitée comme 0 dans le calcul du FCF.
2026-09-05 13:50:39,054 [WARNING] Variation de BFR indisponible pour EBAY (un seul exercice dans l'historique) : traitée comme 0 dans le calcul du FCF.
2026-09-05 13:50:39,055 [WARNING] Variation de BFR indisponible pour EBAY (un seul exercice dans l'historique) : traitée comme 0 dans le calcul du FCF.
2026-09-05 13:50:39,060 [WARNING] Variation de BFR indisponible pour ECL (un seul exercice dans l'historique) : traitée comme 0 dans le calcul du FCF.
2026-09-05 13:50:39,070 [WARNING] Variation de BFR indisponible pour ED (un seul exercice dans l'historique) : traitée comme 0 dans le calcul du FCF.
2026-09-05 13:50:39,070 [WARNING] Variation de BFR indisponible pour ED (un seul exercice dans l'historique) : traitée comme 0 dans le calcul du FCF.
2026-09-05 13:50:39,074 [WARNING] Variation de BFR indisponible pour EFX (un seul exercice dans l'historique) : traitée comme 0 dans le calcul du FCF.
2026-09-05 13:50:39,074 [WARNING] Variation de BFR indisponible pour EFX (un seul exercice dans l'historique) : traitée comme 0 dans le calcul du FCF.
2026-09-05 13:50:39,074 [WARNING] Variation de BFR indisponible pour EFX (un seul exercice dans l'historique) : traitée comme 0 dans le calcul du FCF.
2026-09-05 13:50:39,079 [WARNING] Variation de BFR indisponible pour EIX (un seul exercice dans l'historique) : traitée comme 0 dans le calcul du FCF.
2026-09-05 13:50:39,079 [WARNING] Variation de BFR indisponible pour EIX (un seul exercice dans l'historique) : traitée comme 0 dans le calcul du FCF.
2026-09-05 13:50:39,082 [WARNING] Variation de BFR indisponible pour EL (un seul exercice dans l'historique) : traitée comme 0 dans le calcul du FCF.
2026-09-05 13:50:39,082 [WARNING] Variation de BFR indisponible pour EL (un seul exercice dans l'historique) : traitée comme 0 dans le calcul du FCF.
2026-09-05 13:50:39,082 [WARNING] Variation de BFR indisponible pour EL (un seul exercice dans l'historique) : traitée comme 0 dans le calcul du FCF.
2026-09-05 13:50:39,085 [WARNING] Variation de BFR indisponible pour ELV (un seul exercice dans l'historique) : traitée comme 0 dans le calcul du FCF.
2026-09-05 13:50:39,090 [WARNING] Variation de BFR indisponible pour EME (un seul exercice dans l'historique) : traitée comme 0 dans le calcul du FCF.
2026-09-05 13:50:39,090 [WARNING] Variation de BFR indisponible pour EME (un seul exercice dans l'historique) : traitée comme 0 dans le calcul du FCF.
2026-09-05 13:50:39,099 [WARNING] Variation de BFR indisponible pour EOG (un seul exercice dans l'historique) : traitée comme 0 dans le calcul du FCF.
2026-09-05 13:50:39,099 [WARNING] Variation de BFR indisponible pour EOG (un seul exercice dans l'historique) : traitée comme 0 dans le calcul du FCF.
2026-09-05 13:50:39,105 [WARNING] Variation de BFR indisponible pour EQIX (un seul exercice dans l'historique) : traitée comme 0 dans le calcul du FCF.
2026-09-05 13:50:39,108 [WARNING] Variation de BFR indisponible pour EQR (un seul exercice dans l'historique) : traitée comme 0 dans le calcul du FCF.
2026-09-05 13:50:39,108 [WARNING] Variation de BFR indisponible pour EQR (un seul exercice dans l'historique) : traitée comme 0 dans le calcul du FCF.
2026-09-05 13:50:39,108 [WARNING] Variation de BFR indisponible pour EQR (un seul exercice dans l'historique) : traitée comme 0 dans le calcul du FCF.
2026-09-05 13:50:39,109 [WARNING] Variation de BFR indisponible pour EQR (un seul exercice dans l'historique) : traitée comme 0 dans le calcul du FCF.
2026-09-05 13:50:39,109 [WARNING] Variation de BFR indisponible pour EQR (un seul exercice dans l'historique) : traitée comme 0 dans le calcul du FCF.
2026-09-05 13:50:39,109 [WARNING] Variation de BFR indisponible pour EQR (un seul exercice dans l'historique) : traitée comme 0 dans le calcul du FCF.
2026-09-05 13:50:39,109 [WARNING] Variation de BFR indisponible pour EQR (un seul exercice dans l'historique) : traitée comme 0 dans le calcul du FCF.
2026-09-05 13:50:39,109 [WARNING] Variation de BFR indisponible pour EQR (un seul exercice dans l'historique) : traitée comme 0 dans le calcul du FCF.
2026-09-05 13:50:39,109 [WARNING] Variation de BFR indisponible pour EQR (un seul exercice dans l'historique) : traitée comme 0 dans le calcul du FCF.
2026-09-05 13:50:39,109 [WARNING] Variation de BFR indisponible pour EQR (un seul exercice dans l'historique) : traitée comme 0 dans le calcul du FCF.
2026-09-05 13:50:39,109 [WARNING] Variation de BFR indisponible pour EQR (un seul exercice dans l'historique) : traitée comme 0 dans le calcul du FCF.
2026-09-05 13:50:39,109 [WARNING] Variation de BFR indisponible pour EQR (un seul exercice dans l'historique) : traitée comme 0 dans le calcul du FCF.
2026-09-05 13:50:39,109 [WARNING] Variation de BFR indisponible pour EQR (un seul exercice dans l'historique) : traitée comme 0 dans le calcul du FCF.
2026-09-05 13:50:39,110 [WARNING] Variation de BFR indisponible pour EQR (un seul exercice dans l'historique) : traitée comme 0 dans le calcul du FCF.
2026-09-05 13:50:39,110 [WARNING] Variation de BFR indisponible pour EQR (un seul exercice dans l'historique) : traitée comme 0 dans le calcul du FCF.
2026-09-05 13:50:39,110 [WARNING] Variation de BFR indisponible pour EQR (un seul exercice dans l'historique) : traitée comme 0 dans le calcul du FCF.
2026-09-05 13:50:39,110 [WARNING] Variation de BFR indisponible pour EQR (un seul exercice dans l'historique) : traitée comme 0 dans le calcul du FCF.
2026-09-05 13:50:39,110 [WARNING] Variation de BFR indisponible pour EQR (un seul exercice dans l'historique) : traitée comme 0 dans le calcul du FCF.
2026-09-05 13:50:39,110 [WARNING] Variation de BFR indisponible pour EQR (un seul exercice dans l'historique) : traitée comme 0 dans le calcul du FCF.
2026-09-05 13:50:39,110 [WARNING] Variation de BFR indisponible pour EQR (un seul exercice dans l'historique) : traitée comme 0 dans le calcul du FCF.
2026-09-05 13:50:39,110 [WARNING] Variation de BFR indisponible pour EQR (un seul exercice dans l'historique) : traitée comme 0 dans le calcul du FCF.
2026-09-05 13:50:39,110 [WARNING] Variation de BFR indisponible pour EQR (un seul exercice dans l'historique) : traitée comme 0 dans le calcul du FCF.
2026-09-05 13:50:39,110 [WARNING] Variation de BFR indisponible pour EQR (un seul exercice dans l'historique) : traitée comme 0 dans le calcul du FCF.
2026-09-05 13:50:39,111 [WARNING] Variation de BFR indisponible pour EQR (un seul exercice dans l'historique) : traitée comme 0 dans le calcul du FCF.
2026-09-05 13:50:39,111 [WARNING] Variation de BFR indisponible pour EQR (un seul exercice dans l'historique) : traitée comme 0 dans le calcul du FCF.
2026-09-05 13:50:39,111 [WARNING] Variation de BFR indisponible pour EQR (un seul exercice dans l'historique) : traitée comme 0 dans le calcul du FCF.
2026-09-05 13:50:39,111 [WARNING] Variation de BFR indisponible pour EQR (un seul exercice dans l'historique) : traitée comme 0 dans le calcul du FCF.
2026-09-05 13:50:39,111 [WARNING] Variation de BFR indisponible pour EQR (un seul exercice dans l'historique) : traitée comme 0 dans le calcul du FCF.
2026-09-05 13:50:39,111 [WARNING] Variation de BFR indisponible pour EQR (un seul exercice dans l'historique) : traitée comme 0 dans le calcul du FCF.
2026-09-05 13:50:39,111 [WARNING] Variation de BFR indisponible pour EQR (un seul exercice dans l'historique) : traitée comme 0 dans le calcul du FCF.
2026-09-05 13:50:39,111 [WARNING] Variation de BFR indisponible pour EQR (un seul exercice dans l'historique) : traitée comme 0 dans le calcul du FCF.
2026-09-05 13:50:39,111 [WARNING] Variation de BFR indisponible pour EQR (un seul exercice dans l'historique) : traitée comme 0 dans le calcul du FCF.
2026-09-05 13:50:39,111 [WARNING] Variation de BFR indisponible pour EQR (un seul exercice dans l'historique) : traitée comme 0 dans le calcul du FCF.
2026-09-05 13:50:39,112 [WARNING] Variation de BFR indisponible pour EQR (un seul exercice dans l'historique) : traitée comme 0 dans le calcul du FCF.
2026-09-05 13:50:39,112 [WARNING] Variation de BFR indisponible pour EQR (un seul exercice dans l'historique) : traitée comme 0 dans le calcul du FCF.
2026-09-05 13:50:39,112 [WARNING] Variation de BFR indisponible pour EQR (un seul exercice dans l'historique) : traitée comme 0 dans le calcul du FCF.
2026-09-05 13:50:39,112 [WARNING] Variation de BFR indisponible pour EQR (un seul exercice dans l'historique) : traitée comme 0 dans le calcul du FCF.
2026-09-05 13:50:39,112 [WARNING] Variation de BFR indisponible pour EQR (un seul exercice dans l'historique) : traitée comme 0 dans le calcul du FCF.
2026-09-05 13:50:39,112 [WARNING] Variation de BFR indisponible pour EQR (un seul exercice dans l'historique) : traitée comme 0 dans le calcul du FCF.
2026-09-05 13:50:39,112 [WARNING] Variation de BFR indisponible pour EQR (un seul exercice dans l'historique) : traitée comme 0 dans le calcul du FCF.
2026-09-05 13:50:39,112 [WARNING] Variation de BFR indisponible pour EQR (un seul exercice dans l'historique) : traitée comme 0 dans le calcul du FCF.
2026-09-05 13:50:39,112 [WARNING] Variation de BFR indisponible pour EQR (un seul exercice dans l'historique) : traitée comme 0 dans le calcul du FCF.
2026-09-05 13:50:39,113 [WARNING] Variation de BFR indisponible pour EQR (un seul exercice dans l'historique) : traitée comme 0 dans le calcul du FCF.
2026-09-05 13:50:39,113 [WARNING] Variation de BFR indisponible pour EQR (un seul exercice dans l'historique) : traitée comme 0 dans le calcul du FCF.
2026-09-05 13:50:39,113 [WARNING] Variation de BFR indisponible pour EQR (un seul exercice dans l'historique) : traitée comme 0 dans le calcul du FCF.
2026-09-05 13:50:39,113 [WARNING] Variation de BFR indisponible pour EQR (un seul exercice dans l'historique) : traitée comme 0 dans le calcul du FCF.
2026-09-05 13:50:39,113 [WARNING] Variation de BFR indisponible pour EQR (un seul exercice dans l'historique) : traitée comme 0 dans le calcul du FCF.
2026-09-05 13:50:39,113 [WARNING] Variation de BFR indisponible pour EQR (un seul exercice dans l'historique) : traitée comme 0 dans le calcul du FCF.
2026-09-05 13:50:39,113 [WARNING] Variation de BFR indisponible pour EQR (un seul exercice dans l'historique) : traitée comme 0 dans le calcul du FCF.
2026-09-05 13:50:39,113 [WARNING] Variation de BFR indisponible pour EQR (un seul exercice dans l'historique) : traitée comme 0 dans le calcul du FCF.
2026-09-05 13:50:39,113 [WARNING] Variation de BFR indisponible pour EQR (un seul exercice dans l'historique) : traitée comme 0 dans le calcul du FCF.
2026-09-05 13:50:39,114 [WARNING] Variation de BFR indisponible pour EQR (un seul exercice dans l'historique) : traitée comme 0 dans le calcul du FCF.
2026-09-05 13:50:39,114 [WARNING] Variation de BFR indisponible pour EQR (un seul exercice dans l'historique) : traitée comme 0 dans le calcul du FCF.
2026-09-05 13:50:39,114 [WARNING] Variation de BFR indisponible pour EQR (un seul exercice dans l'historique) : traitée comme 0 dans le calcul du FCF.
2026-09-05 13:50:39,114 [WARNING] Variation de BFR indisponible pour EQR (un seul exercice dans l'historique) : traitée comme 0 dans le calcul du FCF.
2026-09-05 13:50:39,114 [WARNING] Variation de BFR indisponible pour EQR (un seul exercice dans l'historique) : traitée comme 0 dans le calcul du FCF.
2026-09-05 13:50:39,114 [WARNING] Variation de BFR indisponible pour EQR (un seul exercice dans l'historique) : traitée comme 0 dans le calcul du FCF.
2026-09-05 13:50:39,114 [WARNING] Variation de BFR indisponible pour EQR (un seul exercice dans l'historique) : traitée comme 0 dans le calcul du FCF.
2026-09-05 13:50:39,114 [WARNING] Variation de BFR indisponible pour EQR (un seul exercice dans l'historique) : traitée comme 0 dans le calcul du FCF.
2026-09-05 13:50:39,114 [WARNING] Variation de BFR indisponible pour EQR (un seul exercice dans l'historique) : traitée comme 0 dans le calcul du FCF.
2026-09-05 13:50:39,115 [WARNING] Variation de BFR indisponible pour EQR (un seul exercice dans l'historique) : traitée comme 0 dans le calcul du FCF.
2026-09-05 13:50:39,115 [WARNING] Variation de BFR indisponible pour EQR (un seul exercice dans l'historique) : traitée comme 0 dans le calcul du FCF.
2026-09-05 13:50:39,115 [WARNING] Variation de BFR indisponible pour EQR (un seul exercice dans l'historique) : traitée comme 0 dans le calcul du FCF.
2026-09-05 13:50:39,115 [WARNING] Variation de BFR indisponible pour EQR (un seul exercice dans l'historique) : traitée comme 0 dans le calcul du FCF.
2026-09-05 13:50:39,115 [WARNING] Variation de BFR indisponible pour EQR (un seul exercice dans l'historique) : traitée comme 0 dans le calcul du FCF.
2026-09-05 13:50:39,115 [WARNING] Variation de BFR indisponible pour EQR (un seul exercice dans l'historique) : traitée comme 0 dans le calcul du FCF.
2026-09-05 13:50:39,115 [WARNING] Variation de BFR indisponible pour EQR (un seul exercice dans l'historique) : traitée comme 0 dans le calcul du FCF.
2026-09-05 13:50:39,115 [WARNING] Variation de BFR indisponible pour EQR (un seul exercice dans l'historique) : traitée comme 0 dans le calcul du FCF.
2026-09-05 13:50:39,115 [WARNING] Variation de BFR indisponible pour EQR (un seul exercice dans l'historique) : traitée comme 0 dans le calcul du FCF.
2026-09-05 13:50:39,115 [WARNING] Variation de BFR indisponible pour EQR (un seul exercice dans l'historique) : traitée comme 0 dans le calcul du FCF.
2026-09-05 13:50:39,115 [WARNING] Variation de BFR indisponible pour EQR (un seul exercice dans l'historique) : traitée comme 0 dans le calcul du FCF.
2026-09-05 13:50:39,116 [WARNING] Variation de BFR indisponible pour EQR (un seul exercice dans l'historique) : traitée comme 0 dans le calcul du FCF.
2026-09-05 13:50:39,116 [WARNING] Variation de BFR indisponible pour EQR (un seul exercice dans l'historique) : traitée comme 0 dans le calcul du FCF.
2026-09-05 13:50:39,116 [WARNING] Variation de BFR indisponible pour EQR (un seul exercice dans l'historique) : traitée comme 0 dans le calcul du FCF.
2026-09-05 13:50:39,116 [WARNING] Variation de BFR indisponible pour EQR (un seul exercice dans l'historique) : traitée comme 0 dans le calcul du FCF.
2026-09-05 13:50:39,116 [WARNING] Variation de BFR indisponible pour EQR (un seul exercice dans l'historique) : traitée comme 0 dans le calcul du FCF.
2026-09-05 13:50:39,116 [WARNING] Variation de BFR indisponible pour EQR (un seul exercice dans l'historique) : traitée comme 0 dans le calcul du FCF.
2026-09-05 13:50:39,116 [WARNING] Variation de BFR indisponible pour EQR (un seul exercice dans l'historique) : traitée comme 0 dans le calcul du FCF.
2026-09-05 13:50:39,116 [WARNING] Variation de BFR indisponible pour EQR (un seul exercice dans l'historique) : traitée comme 0 dans le calcul du FCF.
2026-09-05 13:50:39,117 [WARNING] Variation de BFR indisponible pour EQR (un seul exercice dans l'historique) : traitée comme 0 dans le calcul du FCF.
2026-09-05 13:50:39,117 [WARNING] Variation de BFR indisponible pour EQR (un seul exercice dans l'historique) : traitée comme 0 dans le calcul du FCF.
2026-09-05 13:50:39,117 [WARNING] Variation de BFR indisponible pour EQR (un seul exercice dans l'historique) : traitée comme 0 dans le calcul du FCF.
2026-09-05 13:50:39,117 [WARNING] Variation de BFR indisponible pour EQT (un seul exercice dans l'historique) : traitée comme 0 dans le calcul du FCF.
2026-09-05 13:50:39,118 [WARNING] Variation de BFR indisponible pour EQT (un seul exercice dans l'historique) : traitée comme 0 dans le calcul du FCF.
2026-09-05 13:50:39,123 [WARNING] Variation de BFR indisponible pour ERIE (un seul exercice dans l'historique) : traitée comme 0 dans le calcul du FCF.
2026-09-05 13:50:39,123 [WARNING] Variation de BFR indisponible pour ERIE (un seul exercice dans l'historique) : traitée comme 0 dans le calcul du FCF.
2026-09-05 13:50:39,123 [WARNING] Variation de BFR indisponible pour ERIE (un seul exercice dans l'historique) : traitée comme 0 dans le calcul du FCF.
2026-09-05 13:50:39,124 [WARNING] Variation de BFR indisponible pour ERIE (un seul exercice dans l'historique) : traitée comme 0 dans le calcul du FCF.
2026-09-05 13:50:39,124 [WARNING] Variation de BFR indisponible pour ERIE (un seul exercice dans l'historique) : traitée comme 0 dans le calcul du FCF.
2026-09-05 13:50:39,124 [WARNING] Variation de BFR indisponible pour ERIE (un seul exercice dans l'historique) : traitée comme 0 dans le calcul du FCF.
2026-09-05 13:50:39,124 [WARNING] Variation de BFR indisponible pour ERIE (un seul exercice dans l'historique) : traitée comme 0 dans le calcul du FCF.
2026-09-05 13:50:39,124 [WARNING] Variation de BFR indisponible pour ERIE (un seul exercice dans l'historique) : traitée comme 0 dans le calcul du FCF.
2026-09-05 13:50:39,124 [WARNING] Variation de BFR indisponible pour ERIE (un seul exercice dans l'historique) : traitée comme 0 dans le calcul du FCF.
2026-09-05 13:50:39,124 [WARNING] Variation de BFR indisponible pour ERIE (un seul exercice dans l'historique) : traitée comme 0 dans le calcul du FCF.
2026-09-05 13:50:39,124 [WARNING] Variation de BFR indisponible pour ERIE (un seul exercice dans l'historique) : traitée comme 0 dans le calcul du FCF.
2026-09-05 13:50:39,124 [WARNING] Variation de BFR indisponible pour ERIE (un seul exercice dans l'historique) : traitée comme 0 dans le calcul du FCF.
2026-09-05 13:50:39,124 [WARNING] Variation de BFR indisponible pour ERIE (un seul exercice dans l'historique) : traitée comme 0 dans le calcul du FCF.
2026-09-05 13:50:39,124 [WARNING] Variation de BFR indisponible pour ERIE (un seul exercice dans l'historique) : traitée comme 0 dans le calcul du FCF.
2026-09-05 13:50:39,124 [WARNING] Variation de BFR indisponible pour ERIE (un seul exercice dans l'historique) : traitée comme 0 dans le calcul du FCF.
2026-09-05 13:50:39,125 [WARNING] Variation de BFR indisponible pour ERIE (un seul exercice dans l'historique) : traitée comme 0 dans le calcul du FCF.
2026-09-05 13:50:39,125 [WARNING] Variation de BFR indisponible pour ERIE (un seul exercice dans l'historique) : traitée comme 0 dans le calcul du FCF.
2026-09-05 13:50:39,127 [WARNING] Variation de BFR indisponible pour ES (un seul exercice dans l'historique) : traitée comme 0 dans le calcul du FCF.
2026-09-05 13:50:39,127 [WARNING] Variation de BFR indisponible pour ES (un seul exercice dans l'historique) : traitée comme 0 dans le calcul du FCF.
2026-09-05 13:50:39,136 [WARNING] Variation de BFR indisponible pour ESS (un seul exercice dans l'historique) : traitée comme 0 dans le calcul du FCF.
2026-09-05 13:50:39,136 [WARNING] Variation de BFR indisponible pour ESS (un seul exercice dans l'historique) : traitée comme 0 dans le calcul du FCF.
2026-09-05 13:50:39,137 [WARNING] Variation de BFR indisponible pour ESS (un seul exercice dans l'historique) : traitée comme 0 dans le calcul du FCF.
2026-09-05 13:50:39,137 [WARNING] Variation de BFR indisponible pour ESS (un seul exercice dans l'historique) : traitée comme 0 dans le calcul du FCF.
2026-09-05 13:50:39,137 [WARNING] Variation de BFR indisponible pour ESS (un seul exercice dans l'historique) : traitée comme 0 dans le calcul du FCF.
2026-09-05 13:50:39,138 [WARNING] Variation de BFR indisponible pour ESS (un seul exercice dans l'historique) : traitée comme 0 dans le calcul du FCF.
2026-09-05 13:50:39,138 [WARNING] Variation de BFR indisponible pour ESS (un seul exercice dans l'historique) : traitée comme 0 dans le calcul du FCF.
2026-09-05 13:50:39,139 [WARNING] Variation de BFR indisponible pour ESS (un seul exercice dans l'historique) : traitée comme 0 dans le calcul du FCF.
2026-09-05 13:50:39,139 [WARNING] Variation de BFR indisponible pour ESS (un seul exercice dans l'historique) : traitée comme 0 dans le calcul du FCF.
2026-09-05 13:50:39,139 [WARNING] Variation de BFR indisponible pour ESS (un seul exercice dans l'historique) : traitée comme 0 dans le calcul du FCF.
2026-09-05 13:50:39,139 [WARNING] Variation de BFR indisponible pour ESS (un seul exercice dans l'historique) : traitée comme 0 dans le calcul du FCF.
2026-09-05 13:50:39,139 [WARNING] Variation de BFR indisponible pour ESS (un seul exercice dans l'historique) : traitée comme 0 dans le calcul du FCF.
2026-09-05 13:50:39,140 [WARNING] Variation de BFR indisponible pour ESS (un seul exercice dans l'historique) : traitée comme 0 dans le calcul du FCF.
2026-09-05 13:50:39,140 [WARNING] Variation de BFR indisponible pour ESS (un seul exercice dans l'historique) : traitée comme 0 dans le calcul du FCF.
2026-09-05 13:50:39,140 [WARNING] Variation de BFR indisponible pour ESS (un seul exercice dans l'historique) : traitée comme 0 dans le calcul du FCF.
2026-09-05 13:50:39,140 [WARNING] Variation de BFR indisponible pour ESS (un seul exercice dans l'historique) : traitée comme 0 dans le calcul du FCF.
2026-09-05 13:50:39,141 [WARNING] Variation de BFR indisponible pour ESS (un seul exercice dans l'historique) : traitée comme 0 dans le calcul du FCF.
2026-09-05 13:50:39,141 [WARNING] Variation de BFR indisponible pour ESS (un seul exercice dans l'historique) : traitée comme 0 dans le calcul du FCF.
2026-09-05 13:50:39,141 [WARNING] Variation de BFR indisponible pour ESS (un seul exercice dans l'historique) : traitée comme 0 dans le calcul du FCF.
2026-09-05 13:50:39,141 [WARNING] Variation de BFR indisponible pour ESS (un seul exercice dans l'historique) : traitée comme 0 dans le calcul du FCF.
2026-09-05 13:50:39,141 [WARNING] Variation de BFR indisponible pour ESS (un seul exercice dans l'historique) : traitée comme 0 dans le calcul du FCF.
2026-09-05 13:50:39,142 [WARNING] Variation de BFR indisponible pour ESS (un seul exercice dans l'historique) : traitée comme 0 dans le calcul du FCF.
2026-09-05 13:50:39,142 [WARNING] Variation de BFR indisponible pour ESS (un seul exercice dans l'historique) : traitée comme 0 dans le calcul du FCF.
2026-09-05 13:50:39,142 [WARNING] Variation de BFR indisponible pour ESS (un seul exercice dans l'historique) : traitée comme 0 dans le calcul du FCF.
2026-09-05 13:50:39,142 [WARNING] Variation de BFR indisponible pour ESS (un seul exercice dans l'historique) : traitée comme 0 dans le calcul du FCF.
2026-09-05 13:50:39,147 [WARNING] Variation de BFR indisponible pour ETN (un seul exercice dans l'historique) : traitée comme 0 dans le calcul du FCF.
2026-09-05 13:50:39,152 [WARNING] Variation de BFR indisponible pour ETR (un seul exercice dans l'historique) : traitée comme 0 dans le calcul du FCF.
2026-09-05 13:50:39,157 [WARNING] Variation de BFR indisponible pour EVRG (un seul exercice dans l'historique) : traitée comme 0 dans le calcul du FCF.
2026-09-05 13:50:39,158 [WARNING] Variation de BFR indisponible pour EVRG (un seul exercice dans l'historique) : traitée comme 0 dans le calcul du FCF.
2026-09-05 13:50:39,160 [WARNING] Variation de BFR indisponible pour EW (un seul exercice dans l'historique) : traitée comme 0 dans le calcul du FCF.
2026-09-05 13:50:39,160 [WARNING] Variation de BFR indisponible pour EW (un seul exercice dans l'historique) : traitée comme 0 dans le calcul du FCF.
2026-09-05 13:50:39,160 [WARNING] Variation de BFR indisponible pour EW (un seul exercice dans l'historique) : traitée comme 0 dans le calcul du FCF.
2026-09-05 13:50:39,161 [WARNING] Variation de BFR indisponible pour EW (un seul exercice dans l'historique) : traitée comme 0 dans le calcul du FCF.
2026-09-05 13:50:39,164 [WARNING] Variation de BFR indisponible pour EXC (un seul exercice dans l'historique) : traitée comme 0 dans le calcul du FCF.
2026-09-05 13:50:39,164 [WARNING] Variation de BFR indisponible pour EXC (un seul exercice dans l'historique) : traitée comme 0 dans le calcul du FCF.
2026-09-05 13:50:39,169 [WARNING] Variation de BFR indisponible pour EXPD (un seul exercice dans l'historique) : traitée comme 0 dans le calcul du FCF.
2026-09-05 13:50:39,174 [WARNING] Variation de BFR indisponible pour EXPE (un seul exercice dans l'historique) : traitée comme 0 dans le calcul du FCF.
2026-09-05 13:50:39,175 [WARNING] Variation de BFR indisponible pour EXPE (un seul exercice dans l'historique) : traitée comme 0 dans le calcul du FCF.
2026-09-05 13:50:39,177 [WARNING] Variation de BFR indisponible pour EXR (un seul exercice dans l'historique) : traitée comme 0 dans le calcul du FCF.
2026-09-05 13:50:39,177 [WARNING] Variation de BFR indisponible pour EXR (un seul exercice dans l'historique) : traitée comme 0 dans le calcul du FCF.
2026-09-05 13:50:39,177 [WARNING] Variation de BFR indisponible pour EXR (un seul exercice dans l'historique) : traitée comme 0 dans le calcul du FCF.
2026-09-05 13:50:39,178 [WARNING] Variation de BFR indisponible pour EXR (un seul exercice dans l'historique) : traitée comme 0 dans le calcul du FCF.
2026-09-05 13:50:39,178 [WARNING] Variation de BFR indisponible pour EXR (un seul exercice dans l'historique) : traitée comme 0 dans le calcul du FCF.
2026-09-05 13:50:39,178 [WARNING] Variation de BFR indisponible pour EXR (un seul exercice dans l'historique) : traitée comme 0 dans le calcul du FCF.
2026-09-05 13:50:39,178 [WARNING] Variation de BFR indisponible pour EXR (un seul exercice dans l'historique) : traitée comme 0 dans le calcul du FCF.
2026-09-05 13:50:39,178 [WARNING] Variation de BFR indisponible pour EXR (un seul exercice dans l'historique) : traitée comme 0 dans le calcul du FCF.
2026-09-05 13:50:39,178 [WARNING] Variation de BFR indisponible pour EXR (un seul exercice dans l'historique) : traitée comme 0 dans le calcul du FCF.
2026-09-05 13:50:39,178 [WARNING] Variation de BFR indisponible pour EXR (un seul exercice dans l'historique) : traitée comme 0 dans le calcul du FCF.
2026-09-05 13:50:39,178 [WARNING] Variation de BFR indisponible pour EXR (un seul exercice dans l'historique) : traitée comme 0 dans le calcul du FCF.
2026-09-05 13:50:39,178 [WARNING] Variation de BFR indisponible pour EXR (un seul exercice dans l'historique) : traitée comme 0 dans le calcul du FCF.
2026-09-05 13:50:39,178 [WARNING] Variation de BFR indisponible pour EXR (un seul exercice dans l'historique) : traitée comme 0 dans le calcul du FCF.
2026-09-05 13:50:39,178 [WARNING] Variation de BFR indisponible pour EXR (un seul exercice dans l'historique) : traitée comme 0 dans le calcul du FCF.
2026-09-05 13:50:39,178 [WARNING] Variation de BFR indisponible pour EXR (un seul exercice dans l'historique) : traitée comme 0 dans le calcul du FCF.
2026-09-05 13:50:39,178 [WARNING] Variation de BFR indisponible pour EXR (un seul exercice dans l'historique) : traitée comme 0 dans le calcul du FCF.
2026-09-05 13:50:39,179 [WARNING] Variation de BFR indisponible pour EXR (un seul exercice dans l'historique) : traitée comme 0 dans le calcul du FCF.
2026-09-05 13:50:39,179 [WARNING] Variation de BFR indisponible pour EXR (un seul exercice dans l'historique) : traitée comme 0 dans le calcul du FCF.
2026-09-05 13:50:39,179 [WARNING] Variation de BFR indisponible pour EXR (un seul exercice dans l'historique) : traitée comme 0 dans le calcul du FCF.
2026-09-05 13:50:39,179 [WARNING] Variation de BFR indisponible pour EXR (un seul exercice dans l'historique) : traitée comme 0 dans le calcul du FCF.
2026-09-05 13:50:39,179 [WARNING] Variation de BFR indisponible pour EXR (un seul exercice dans l'historique) : traitée comme 0 dans le calcul du FCF.
2026-09-05 13:50:39,179 [WARNING] Variation de BFR indisponible pour EXR (un seul exercice dans l'historique) : traitée comme 0 dans le calcul du FCF.
2026-09-05 13:50:39,179 [WARNING] Variation de BFR indisponible pour EXR (un seul exercice dans l'historique) : traitée comme 0 dans le calcul du FCF.
2026-09-05 13:50:39,179 [WARNING] Variation de BFR indisponible pour EXR (un seul exercice dans l'historique) : traitée comme 0 dans le calcul du FCF.
2026-09-05 13:50:39,179 [WARNING] Variation de BFR indisponible pour EXR (un seul exercice dans l'historique) : traitée comme 0 dans le calcul du FCF.
2026-09-05 13:50:39,179 [WARNING] Variation de BFR indisponible pour EXR (un seul exercice dans l'historique) : traitée comme 0 dans le calcul du FCF.
2026-09-05 13:50:39,179 [WARNING] Variation de BFR indisponible pour EXR (un seul exercice dans l'historique) : traitée comme 0 dans le calcul du FCF.
2026-09-05 13:50:39,180 [WARNING] Variation de BFR indisponible pour F (un seul exercice dans l'historique) : traitée comme 0 dans le calcul du FCF.
2026-09-05 13:50:39,181 [WARNING] Variation de BFR indisponible pour F (un seul exercice dans l'historique) : traitée comme 0 dans le calcul du FCF.
2026-09-05 13:50:39,181 [WARNING] Variation de BFR indisponible pour F (un seul exercice dans l'historique) : traitée comme 0 dans le calcul du FCF.
2026-09-05 13:50:39,181 [WARNING] Variation de BFR indisponible pour F (un seul exercice dans l'historique) : traitée comme 0 dans le calcul du FCF.
2026-09-05 13:50:39,181 [WARNING] Variation de BFR indisponible pour F (un seul exercice dans l'historique) : traitée comme 0 dans le calcul du FCF.
2026-09-05 13:50:39,181 [WARNING] Variation de BFR indisponible pour F (un seul exercice dans l'historique) : traitée comme 0 dans le calcul du FCF.
2026-09-05 13:50:39,181 [WARNING] Variation de BFR indisponible pour F (un seul exercice dans l'historique) : traitée comme 0 dans le calcul du FCF.
2026-09-05 13:50:39,181 [WARNING] Variation de BFR indisponible pour F (un seul exercice dans l'historique) : traitée comme 0 dans le calcul du FCF.
2026-09-05 13:50:39,181 [WARNING] Variation de BFR indisponible pour F (un seul exercice dans l'historique) : traitée comme 0 dans le calcul du FCF.
2026-09-05 13:50:39,181 [WARNING] Variation de BFR indisponible pour F (un seul exercice dans l'historique) : traitée comme 0 dans le calcul du FCF.
2026-09-05 13:50:39,181 [WARNING] Variation de BFR indisponible pour F (un seul exercice dans l'historique) : traitée comme 0 dans le calcul du FCF.
2026-09-05 13:50:39,181 [WARNING] Variation de BFR indisponible pour F (un seul exercice dans l'historique) : traitée comme 0 dans le calcul du FCF.
2026-09-05 13:50:39,181 [WARNING] Variation de BFR indisponible pour F (un seul exercice dans l'historique) : traitée comme 0 dans le calcul du FCF.
2026-09-05 13:50:39,181 [WARNING] Variation de BFR indisponible pour F (un seul exercice dans l'historique) : traitée comme 0 dans le calcul du FCF.
2026-09-05 13:50:39,181 [WARNING] Variation de BFR indisponible pour F (un seul exercice dans l'historique) : traitée comme 0 dans le calcul du FCF.
2026-09-05 13:50:39,181 [WARNING] Variation de BFR indisponible pour F (un seul exercice dans l'historique) : traitée comme 0 dans le calcul du FCF.
2026-09-05 13:50:39,181 [WARNING] Variation de BFR indisponible pour F (un seul exercice dans l'historique) : traitée comme 0 dans le calcul du FCF.
2026-09-05 13:50:39,182 [WARNING] Variation de BFR indisponible pour F (un seul exercice dans l'historique) : traitée comme 0 dans le calcul du FCF.
2026-09-05 13:50:39,182 [WARNING] Variation de BFR indisponible pour F (un seul exercice dans l'historique) : traitée comme 0 dans le calcul du FCF.
2026-09-05 13:50:39,182 [WARNING] Variation de BFR indisponible pour F (un seul exercice dans l'historique) : traitée comme 0 dans le calcul du FCF.
2026-09-05 13:50:39,182 [WARNING] Variation de BFR indisponible pour F (un seul exercice dans l'historique) : traitée comme 0 dans le calcul du FCF.
2026-09-05 13:50:39,182 [WARNING] Variation de BFR indisponible pour F (un seul exercice dans l'historique) : traitée comme 0 dans le calcul du FCF.
2026-09-05 13:50:39,182 [WARNING] Variation de BFR indisponible pour F (un seul exercice dans l'historique) : traitée comme 0 dans le calcul du FCF.
2026-09-05 13:50:39,182 [WARNING] Variation de BFR indisponible pour F (un seul exercice dans l'historique) : traitée comme 0 dans le calcul du FCF.
2026-09-05 13:50:39,182 [WARNING] Variation de BFR indisponible pour F (un seul exercice dans l'historique) : traitée comme 0 dans le calcul du FCF.
2026-09-05 13:50:39,185 [WARNING] Variation de BFR indisponible pour FANG (un seul exercice dans l'historique) : traitée comme 0 dans le calcul du FCF.
2026-09-05 13:50:39,186 [WARNING] Variation de BFR indisponible pour FANG (un seul exercice dans l'historique) : traitée comme 0 dans le calcul du FCF.
2026-09-05 13:50:39,189 [WARNING] Variation de BFR indisponible pour FAST (un seul exercice dans l'historique) : traitée comme 0 dans le calcul du FCF.
2026-09-05 13:50:39,189 [WARNING] Variation de BFR indisponible pour FAST (un seul exercice dans l'historique) : traitée comme 0 dans le calcul du FCF.
2026-09-05 13:50:39,194 [WARNING] Variation de BFR indisponible pour FCX (un seul exercice dans l'historique) : traitée comme 0 dans le calcul du FCF.
2026-09-05 13:50:39,194 [WARNING] Variation de BFR indisponible pour FCX (un seul exercice dans l'historique) : traitée comme 0 dans le calcul du FCF.
2026-09-05 13:50:39,198 [WARNING] Variation de BFR indisponible pour FDS (un seul exercice dans l'historique) : traitée comme 0 dans le calcul du FCF.
2026-09-05 13:50:39,198 [WARNING] Variation de BFR indisponible pour FDS (un seul exercice dans l'historique) : traitée comme 0 dans le calcul du FCF.
2026-09-05 13:50:39,199 [WARNING] Variation de BFR indisponible pour FDS (un seul exercice dans l'historique) : traitée comme 0 dans le calcul du FCF.
2026-09-05 13:50:39,205 [WARNING] Variation de BFR indisponible pour FDX (un seul exercice dans l'historique) : traitée comme 0 dans le calcul du FCF.
2026-09-05 13:50:39,205 [WARNING] Variation de BFR indisponible pour FDX (un seul exercice dans l'historique) : traitée comme 0 dans le calcul du FCF.
2026-09-05 13:50:39,205 [WARNING] Variation de BFR indisponible pour FDX (un seul exercice dans l'historique) : traitée comme 0 dans le calcul du FCF.
2026-09-05 13:50:39,209 [WARNING] Variation de BFR indisponible pour FDXF (un seul exercice dans l'historique) : traitée comme 0 dans le calcul du FCF.
2026-09-05 13:50:39,209 [WARNING] Variation de BFR indisponible pour FDXF (un seul exercice dans l'historique) : traitée comme 0 dans le calcul du FCF.
2026-09-05 13:50:39,209 [WARNING] Variation de BFR indisponible pour FE (un seul exercice dans l'historique) : traitée comme 0 dans le calcul du FCF.
2026-09-05 13:50:39,209 [WARNING] Variation de BFR indisponible pour FE (un seul exercice dans l'historique) : traitée comme 0 dans le calcul du FCF.
2026-09-05 13:50:39,209 [WARNING] Variation de BFR indisponible pour FE (un seul exercice dans l'historique) : traitée comme 0 dans le calcul du FCF.
2026-09-05 13:50:39,213 [WARNING] Variation de BFR indisponible pour FERG (un seul exercice dans l'historique) : traitée comme 0 dans le calcul du FCF.
2026-09-05 13:50:39,213 [WARNING] Variation de BFR indisponible pour FERG (un seul exercice dans l'historique) : traitée comme 0 dans le calcul du FCF.
2026-09-05 13:50:39,213 [WARNING] Variation de BFR indisponible pour FERG (un seul exercice dans l'historique) : traitée comme 0 dans le calcul du FCF.
2026-09-05 13:50:39,213 [WARNING] Variation de BFR indisponible pour FFIV (un seul exercice dans l'historique) : traitée comme 0 dans le calcul du FCF.
2026-09-05 13:50:39,214 [WARNING] Variation de BFR indisponible pour FFIV (un seul exercice dans l'historique) : traitée comme 0 dans le calcul du FCF.
2026-09-05 13:50:39,220 [WARNING] Variation de BFR indisponible pour FICO (un seul exercice dans l'historique) : traitée comme 0 dans le calcul du FCF.
2026-09-05 13:50:39,224 [WARNING] Variation de BFR indisponible pour FIS (un seul exercice dans l'historique) : traitée comme 0 dans le calcul du FCF.
2026-09-05 13:50:39,229 [WARNING] Variation de BFR indisponible pour FISV (un seul exercice dans l'historique) : traitée comme 0 dans le calcul du FCF.
2026-09-05 13:50:39,237 [WARNING] Variation de BFR indisponible pour FIX (un seul exercice dans l'historique) : traitée comme 0 dans le calcul du FCF.
2026-09-05 13:50:39,237 [WARNING] Variation de BFR indisponible pour FIX (un seul exercice dans l'historique) : traitée comme 0 dans le calcul du FCF.
2026-09-05 13:50:39,244 [WARNING] Variation de BFR indisponible pour FOX (un seul exercice dans l'historique) : traitée comme 0 dans le calcul du FCF.
2026-09-05 13:50:39,245 [WARNING] Variation de BFR indisponible pour FOX (un seul exercice dans l'historique) : traitée comme 0 dans le calcul du FCF.
2026-09-05 13:50:39,246 [WARNING] Variation de BFR indisponible pour FOXA (un seul exercice dans l'historique) : traitée comme 0 dans le calcul du FCF.
2026-09-05 13:50:39,246 [WARNING] Variation de BFR indisponible pour FOXA (un seul exercice dans l'historique) : traitée comme 0 dans le calcul du FCF.
2026-09-05 13:50:39,247 [WARNING] Variation de BFR indisponible pour FRT (un seul exercice dans l'historique) : traitée comme 0 dans le calcul du FCF.
2026-09-05 13:50:39,247 [WARNING] Variation de BFR indisponible pour FRT (un seul exercice dans l'historique) : traitée comme 0 dans le calcul du FCF.
2026-09-05 13:50:39,247 [WARNING] Variation de BFR indisponible pour FRT (un seul exercice dans l'historique) : traitée comme 0 dans le calcul du FCF.
2026-09-05 13:50:39,247 [WARNING] Variation de BFR indisponible pour FRT (un seul exercice dans l'historique) : traitée comme 0 dans le calcul du FCF.
2026-09-05 13:50:39,247 [WARNING] Variation de BFR indisponible pour FRT (un seul exercice dans l'historique) : traitée comme 0 dans le calcul du FCF.
2026-09-05 13:50:39,247 [WARNING] Variation de BFR indisponible pour FRT (un seul exercice dans l'historique) : traitée comme 0 dans le calcul du FCF.
2026-09-05 13:50:39,247 [WARNING] Variation de BFR indisponible pour FRT (un seul exercice dans l'historique) : traitée comme 0 dans le calcul du FCF.
2026-09-05 13:50:39,247 [WARNING] Variation de BFR indisponible pour FRT (un seul exercice dans l'historique) : traitée comme 0 dans le calcul du FCF.
2026-09-05 13:50:39,248 [WARNING] Variation de BFR indisponible pour FRT (un seul exercice dans l'historique) : traitée comme 0 dans le calcul du FCF.
2026-09-05 13:50:39,248 [WARNING] Variation de BFR indisponible pour FRT (un seul exercice dans l'historique) : traitée comme 0 dans le calcul du FCF.
2026-09-05 13:50:39,248 [WARNING] Variation de BFR indisponible pour FRT (un seul exercice dans l'historique) : traitée comme 0 dans le calcul du FCF.
2026-09-05 13:50:39,248 [WARNING] Variation de BFR indisponible pour FRT (un seul exercice dans l'historique) : traitée comme 0 dans le calcul du FCF.
2026-09-05 13:50:39,248 [WARNING] Variation de BFR indisponible pour FRT (un seul exercice dans l'historique) : traitée comme 0 dans le calcul du FCF.
2026-09-05 13:50:39,248 [WARNING] Variation de BFR indisponible pour FRT (un seul exercice dans l'historique) : traitée comme 0 dans le calcul du FCF.
2026-09-05 13:50:39,248 [WARNING] Variation de BFR indisponible pour FRT (un seul exercice dans l'historique) : traitée comme 0 dans le calcul du FCF.
2026-09-05 13:50:39,248 [WARNING] Variation de BFR indisponible pour FRT (un seul exercice dans l'historique) : traitée comme 0 dans le calcul du FCF.
2026-09-05 13:50:39,248 [WARNING] Variation de BFR indisponible pour FRT (un seul exercice dans l'historique) : traitée comme 0 dans le calcul du FCF.
2026-09-05 13:50:39,248 [WARNING] Variation de BFR indisponible pour FRT (un seul exercice dans l'historique) : traitée comme 0 dans le calcul du FCF.
2026-09-05 13:50:39,248 [WARNING] Variation de BFR indisponible pour FRT (un seul exercice dans l'historique) : traitée comme 0 dans le calcul du FCF.
2026-09-05 13:50:39,248 [WARNING] Variation de BFR indisponible pour FRT (un seul exercice dans l'historique) : traitée comme 0 dans le calcul du FCF.
2026-09-05 13:50:39,248 [WARNING] Variation de BFR indisponible pour FRT (un seul exercice dans l'historique) : traitée comme 0 dans le calcul du FCF.
2026-09-05 13:50:39,249 [WARNING] Variation de BFR indisponible pour FRT (un seul exercice dans l'historique) : traitée comme 0 dans le calcul du FCF.
2026-09-05 13:50:39,249 [WARNING] Variation de BFR indisponible pour FRT (un seul exercice dans l'historique) : traitée comme 0 dans le calcul du FCF.
2026-09-05 13:50:39,249 [WARNING] Variation de BFR indisponible pour FRT (un seul exercice dans l'historique) : traitée comme 0 dans le calcul du FCF.
2026-09-05 13:50:39,249 [WARNING] Variation de BFR indisponible pour FRT (un seul exercice dans l'historique) : traitée comme 0 dans le calcul du FCF.
2026-09-05 13:50:39,249 [WARNING] Variation de BFR indisponible pour FRT (un seul exercice dans l'historique) : traitée comme 0 dans le calcul du FCF.
2026-09-05 13:50:39,249 [WARNING] Variation de BFR indisponible pour FRT (un seul exercice dans l'historique) : traitée comme 0 dans le calcul du FCF.
2026-09-05 13:50:39,250 [WARNING] Variation de BFR indisponible pour FSLR (un seul exercice dans l'historique) : traitée comme 0 dans le calcul du FCF.
2026-09-05 13:50:39,255 [WARNING] Variation de BFR indisponible pour FTNT (un seul exercice dans l'historique) : traitée comme 0 dans le calcul du FCF.
2026-09-05 13:50:39,256 [WARNING] Variation de BFR indisponible pour FTNT (un seul exercice dans l'historique) : traitée comme 0 dans le calcul du FCF.
2026-09-05 13:50:39,256 [WARNING] Variation de BFR indisponible pour FTNT (un seul exercice dans l'historique) : traitée comme 0 dans le calcul du FCF.
2026-09-05 13:50:39,259 [WARNING] Variation de BFR indisponible pour FTV (un seul exercice dans l'historique) : traitée comme 0 dans le calcul du FCF.
2026-09-05 13:50:39,259 [WARNING] Variation de BFR indisponible pour FTV (un seul exercice dans l'historique) : traitée comme 0 dans le calcul du FCF.
2026-09-05 13:50:39,262 [WARNING] Variation de BFR indisponible pour GD (un seul exercice dans l'historique) : traitée comme 0 dans le calcul du FCF.
2026-09-05 13:50:39,269 [WARNING] Variation de BFR indisponible pour GE (un seul exercice dans l'historique) : traitée comme 0 dans le calcul du FCF.
2026-09-05 13:50:39,270 [WARNING] Variation de BFR indisponible pour GE (un seul exercice dans l'historique) : traitée comme 0 dans le calcul du FCF.
2026-09-05 13:50:39,270 [WARNING] Variation de BFR indisponible pour GE (un seul exercice dans l'historique) : traitée comme 0 dans le calcul du FCF.
2026-09-05 13:50:39,270 [WARNING] Variation de BFR indisponible pour GE (un seul exercice dans l'historique) : traitée comme 0 dans le calcul du FCF.
2026-09-05 13:50:39,270 [WARNING] Variation de BFR indisponible pour GE (un seul exercice dans l'historique) : traitée comme 0 dans le calcul du FCF.
2026-09-05 13:50:39,270 [WARNING] Variation de BFR indisponible pour GE (un seul exercice dans l'historique) : traitée comme 0 dans le calcul du FCF.
2026-09-05 13:50:39,270 [WARNING] Variation de BFR indisponible pour GE (un seul exercice dans l'historique) : traitée comme 0 dans le calcul du FCF.
2026-09-05 13:50:39,270 [WARNING] Variation de BFR indisponible pour GE (un seul exercice dans l'historique) : traitée comme 0 dans le calcul du FCF.
2026-09-05 13:50:39,270 [WARNING] Variation de BFR indisponible pour GE (un seul exercice dans l'historique) : traitée comme 0 dans le calcul du FCF.
2026-09-05 13:50:39,270 [WARNING] Variation de BFR indisponible pour GE (un seul exercice dans l'historique) : traitée comme 0 dans le calcul du FCF.
2026-09-05 13:50:39,270 [WARNING] Variation de BFR indisponible pour GE (un seul exercice dans l'historique) : traitée comme 0 dans le calcul du FCF.
2026-09-05 13:50:39,270 [WARNING] Variation de BFR indisponible pour GE (un seul exercice dans l'historique) : traitée comme 0 dans le calcul du FCF.
2026-09-05 13:50:39,271 [WARNING] Variation de BFR indisponible pour GE (un seul exercice dans l'historique) : traitée comme 0 dans le calcul du FCF.
2026-09-05 13:50:39,271 [WARNING] Variation de BFR indisponible pour GE (un seul exercice dans l'historique) : traitée comme 0 dans le calcul du FCF.
2026-09-05 13:50:39,271 [WARNING] Variation de BFR indisponible pour GE (un seul exercice dans l'historique) : traitée comme 0 dans le calcul du FCF.
2026-09-05 13:50:39,271 [WARNING] Variation de BFR indisponible pour GE (un seul exercice dans l'historique) : traitée comme 0 dans le calcul du FCF.
2026-09-05 13:50:39,271 [WARNING] Variation de BFR indisponible pour GE (un seul exercice dans l'historique) : traitée comme 0 dans le calcul du FCF.
2026-09-05 13:50:39,271 [WARNING] Variation de BFR indisponible pour GE (un seul exercice dans l'historique) : traitée comme 0 dans le calcul du FCF.
2026-09-05 13:50:39,271 [WARNING] Variation de BFR indisponible pour GE (un seul exercice dans l'historique) : traitée comme 0 dans le calcul du FCF.
2026-09-05 13:50:39,271 [WARNING] Variation de BFR indisponible pour GE (un seul exercice dans l'historique) : traitée comme 0 dans le calcul du FCF.
2026-09-05 13:50:39,271 [WARNING] Variation de BFR indisponible pour GE (un seul exercice dans l'historique) : traitée comme 0 dans le calcul du FCF.
2026-09-05 13:50:39,271 [WARNING] Variation de BFR indisponible pour GE (un seul exercice dans l'historique) : traitée comme 0 dans le calcul du FCF.
2026-09-05 13:50:39,272 [WARNING] Variation de BFR indisponible pour GE (un seul exercice dans l'historique) : traitée comme 0 dans le calcul du FCF.
2026-09-05 13:50:39,272 [WARNING] Variation de BFR indisponible pour GE (un seul exercice dans l'historique) : traitée comme 0 dans le calcul du FCF.
2026-09-05 13:50:39,272 [WARNING] Variation de BFR indisponible pour GE (un seul exercice dans l'historique) : traitée comme 0 dans le calcul du FCF.
2026-09-05 13:50:39,272 [WARNING] Variation de BFR indisponible pour GE (un seul exercice dans l'historique) : traitée comme 0 dans le calcul du FCF.
2026-09-05 13:50:39,272 [WARNING] Variation de BFR indisponible pour GE (un seul exercice dans l'historique) : traitée comme 0 dans le calcul du FCF.
2026-09-05 13:50:39,272 [WARNING] Variation de BFR indisponible pour GE (un seul exercice dans l'historique) : traitée comme 0 dans le calcul du FCF.
2026-09-05 13:50:39,272 [WARNING] Variation de BFR indisponible pour GE (un seul exercice dans l'historique) : traitée comme 0 dans le calcul du FCF.
2026-09-05 13:50:39,272 [WARNING] Variation de BFR indisponible pour GE (un seul exercice dans l'historique) : traitée comme 0 dans le calcul du FCF.
2026-09-05 13:50:39,272 [WARNING] Variation de BFR indisponible pour GE (un seul exercice dans l'historique) : traitée comme 0 dans le calcul du FCF.
2026-09-05 13:50:39,272 [WARNING] Variation de BFR indisponible pour GE (un seul exercice dans l'historique) : traitée comme 0 dans le calcul du FCF.
2026-09-05 13:50:39,272 [WARNING] Variation de BFR indisponible pour GE (un seul exercice dans l'historique) : traitée comme 0 dans le calcul du FCF.
2026-09-05 13:50:39,273 [WARNING] Variation de BFR indisponible pour GE (un seul exercice dans l'historique) : traitée comme 0 dans le calcul du FCF.
2026-09-05 13:50:39,273 [WARNING] Variation de BFR indisponible pour GE (un seul exercice dans l'historique) : traitée comme 0 dans le calcul du FCF.
2026-09-05 13:50:39,273 [WARNING] Variation de BFR indisponible pour GE (un seul exercice dans l'historique) : traitée comme 0 dans le calcul du FCF.
2026-09-05 13:50:39,273 [WARNING] Variation de BFR indisponible pour GE (un seul exercice dans l'historique) : traitée comme 0 dans le calcul du FCF.
2026-09-05 13:50:39,273 [WARNING] Variation de BFR indisponible pour GE (un seul exercice dans l'historique) : traitée comme 0 dans le calcul du FCF.
2026-09-05 13:50:39,273 [WARNING] Variation de BFR indisponible pour GE (un seul exercice dans l'historique) : traitée comme 0 dans le calcul du FCF.
2026-09-05 13:50:39,273 [WARNING] Variation de BFR indisponible pour GE (un seul exercice dans l'historique) : traitée comme 0 dans le calcul du FCF.
2026-09-05 13:50:39,273 [WARNING] Variation de BFR indisponible pour GE (un seul exercice dans l'historique) : traitée comme 0 dans le calcul du FCF.
2026-09-05 13:50:39,273 [WARNING] Variation de BFR indisponible pour GE (un seul exercice dans l'historique) : traitée comme 0 dans le calcul du FCF.
2026-09-05 13:50:39,273 [WARNING] Variation de BFR indisponible pour GE (un seul exercice dans l'historique) : traitée comme 0 dans le calcul du FCF.
2026-09-05 13:50:39,274 [WARNING] Variation de BFR indisponible pour GE (un seul exercice dans l'historique) : traitée comme 0 dans le calcul du FCF.
2026-09-05 13:50:39,275 [WARNING] Variation de BFR indisponible pour GEHC (un seul exercice dans l'historique) : traitée comme 0 dans le calcul du FCF.
2026-09-05 13:50:39,275 [WARNING] Variation de BFR indisponible pour GEHC (un seul exercice dans l'historique) : traitée comme 0 dans le calcul du FCF.
2026-09-05 13:50:39,275 [WARNING] Variation de BFR indisponible pour GEHC (un seul exercice dans l'historique) : traitée comme 0 dans le calcul du FCF.
2026-09-05 13:50:39,276 [WARNING] Variation de BFR indisponible pour GEN (un seul exercice dans l'historique) : traitée comme 0 dans le calcul du FCF.
2026-09-05 13:50:39,276 [WARNING] Variation de BFR indisponible pour GEN (un seul exercice dans l'historique) : traitée comme 0 dans le calcul du FCF.
2026-09-05 13:50:39,281 [WARNING] Variation de BFR indisponible pour GEV (un seul exercice dans l'historique) : traitée comme 0 dans le calcul du FCF.
2026-09-05 13:50:39,281 [WARNING] Variation de BFR indisponible pour GILD (un seul exercice dans l'historique) : traitée comme 0 dans le calcul du FCF.
2026-09-05 13:50:39,281 [WARNING] Variation de BFR indisponible pour GILD (un seul exercice dans l'historique) : traitée comme 0 dans le calcul du FCF.
2026-09-05 13:50:39,281 [WARNING] Variation de BFR indisponible pour GILD (un seul exercice dans l'historique) : traitée comme 0 dans le calcul du FCF.
2026-09-05 13:50:39,287 [WARNING] Variation de BFR indisponible pour GIS (un seul exercice dans l'historique) : traitée comme 0 dans le calcul du FCF.
2026-09-05 13:50:39,287 [WARNING] Variation de BFR indisponible pour GIS (un seul exercice dans l'historique) : traitée comme 0 dans le calcul du FCF.
2026-09-05 13:50:39,294 [WARNING] Variation de BFR indisponible pour GLW (un seul exercice dans l'historique) : traitée comme 0 dans le calcul du FCF.
2026-09-05 13:50:39,298 [WARNING] Variation de BFR indisponible pour GM (un seul exercice dans l'historique) : traitée comme 0 dans le calcul du FCF.
2026-09-05 13:50:39,299 [WARNING] Variation de BFR indisponible pour GM (un seul exercice dans l'historique) : traitée comme 0 dans le calcul du FCF.
2026-09-05 13:50:39,299 [WARNING] Variation de BFR indisponible pour GM (un seul exercice dans l'historique) : traitée comme 0 dans le calcul du FCF.
2026-09-05 13:50:39,306 [WARNING] Variation de BFR indisponible pour GNRC (un seul exercice dans l'historique) : traitée comme 0 dans le calcul du FCF.
2026-09-05 13:50:39,307 [WARNING] Variation de BFR indisponible pour GNRC (un seul exercice dans l'historique) : traitée comme 0 dans le calcul du FCF.
2026-09-05 13:50:39,311 [WARNING] Variation de BFR indisponible pour GOOG (un seul exercice dans l'historique) : traitée comme 0 dans le calcul du FCF.
2026-09-05 13:50:39,311 [WARNING] Variation de BFR indisponible pour GOOG (un seul exercice dans l'historique) : traitée comme 0 dans le calcul du FCF.
2026-09-05 13:50:39,314 [WARNING] Variation de BFR indisponible pour GOOGL (un seul exercice dans l'historique) : traitée comme 0 dans le calcul du FCF.
2026-09-05 13:50:39,314 [WARNING] Variation de BFR indisponible pour GOOGL (un seul exercice dans l'historique) : traitée comme 0 dans le calcul du FCF.
2026-09-05 13:50:39,318 [WARNING] Variation de BFR indisponible pour GPC (un seul exercice dans l'historique) : traitée comme 0 dans le calcul du FCF.
2026-09-05 13:50:39,318 [WARNING] Variation de BFR indisponible pour GPC (un seul exercice dans l'historique) : traitée comme 0 dans le calcul du FCF.
2026-09-05 13:50:39,319 [WARNING] Variation de BFR indisponible pour GPC (un seul exercice dans l'historique) : traitée comme 0 dans le calcul du FCF.
2026-09-05 13:50:39,324 [WARNING] Variation de BFR indisponible pour GPN (un seul exercice dans l'historique) : traitée comme 0 dans le calcul du FCF.
2026-09-05 13:50:39,324 [WARNING] Variation de BFR indisponible pour GPN (un seul exercice dans l'historique) : traitée comme 0 dans le calcul du FCF.
2026-09-05 13:50:39,324 [WARNING] Variation de BFR indisponible pour GPN (un seul exercice dans l'historique) : traitée comme 0 dans le calcul du FCF.
2026-09-05 13:50:39,328 [WARNING] Variation de BFR indisponible pour GRMN (un seul exercice dans l'historique) : traitée comme 0 dans le calcul du FCF.
2026-09-05 13:50:39,328 [WARNING] Variation de BFR indisponible pour GRMN (un seul exercice dans l'historique) : traitée comme 0 dans le calcul du FCF.
2026-09-05 13:50:39,335 [WARNING] Variation de BFR indisponible pour GWW (un seul exercice dans l'historique) : traitée comme 0 dans le calcul du FCF.
2026-09-05 13:50:39,340 [WARNING] Variation de BFR indisponible pour HAL (un seul exercice dans l'historique) : traitée comme 0 dans le calcul du FCF.
2026-09-05 13:50:39,345 [WARNING] Variation de BFR indisponible pour HAS (un seul exercice dans l'historique) : traitée comme 0 dans le calcul du FCF.
2026-09-05 13:50:39,356 [WARNING] Variation de BFR indisponible pour HD (un seul exercice dans l'historique) : traitée comme 0 dans le calcul du FCF.
2026-09-05 13:50:39,356 [WARNING] Variation de BFR indisponible pour HD (un seul exercice dans l'historique) : traitée comme 0 dans le calcul du FCF.
2026-09-05 13:50:39,362 [WARNING] Variation de BFR indisponible pour HII (un seul exercice dans l'historique) : traitée comme 0 dans le calcul du FCF.
2026-09-05 13:50:39,366 [WARNING] Variation de BFR indisponible pour HLT (un seul exercice dans l'historique) : traitée comme 0 dans le calcul du FCF.
2026-09-05 13:50:39,367 [WARNING] Variation de BFR indisponible pour HLT (un seul exercice dans l'historique) : traitée comme 0 dans le calcul du FCF.
2026-09-05 13:50:39,368 [WARNING] Variation de BFR indisponible pour HLT (un seul exercice dans l'historique) : traitée comme 0 dans le calcul du FCF.
2026-09-05 13:50:39,368 [WARNING] Variation de BFR indisponible pour HLT (un seul exercice dans l'historique) : traitée comme 0 dans le calcul du FCF.
2026-09-05 13:50:39,375 [WARNING] Variation de BFR indisponible pour HPE (un seul exercice dans l'historique) : traitée comme 0 dans le calcul du FCF.
2026-09-05 13:50:39,376 [WARNING] Variation de BFR indisponible pour HPE (un seul exercice dans l'historique) : traitée comme 0 dans le calcul du FCF.
2026-09-05 13:50:39,387 [WARNING] Variation de BFR indisponible pour HSIC (un seul exercice dans l'historique) : traitée comme 0 dans le calcul du FCF.
2026-09-05 13:50:39,387 [WARNING] Variation de BFR indisponible pour HSIC (un seul exercice dans l'historique) : traitée comme 0 dans le calcul du FCF.
2026-09-05 13:50:39,391 [WARNING] Variation de BFR indisponible pour HST (un seul exercice dans l'historique) : traitée comme 0 dans le calcul du FCF.
2026-09-05 13:50:39,391 [WARNING] Variation de BFR indisponible pour HST (un seul exercice dans l'historique) : traitée comme 0 dans le calcul du FCF.
2026-09-05 13:50:39,392 [WARNING] Variation de BFR indisponible pour HST (un seul exercice dans l'historique) : traitée comme 0 dans le calcul du FCF.
2026-09-05 13:50:39,392 [WARNING] Variation de BFR indisponible pour HST (un seul exercice dans l'historique) : traitée comme 0 dans le calcul du FCF.
2026-09-05 13:50:39,392 [WARNING] Variation de BFR indisponible pour HST (un seul exercice dans l'historique) : traitée comme 0 dans le calcul du FCF.
2026-09-05 13:50:39,392 [WARNING] Variation de BFR indisponible pour HST (un seul exercice dans l'historique) : traitée comme 0 dans le calcul du FCF.
2026-09-05 13:50:39,392 [WARNING] Variation de BFR indisponible pour HST (un seul exercice dans l'historique) : traitée comme 0 dans le calcul du FCF.
2026-09-05 13:50:39,392 [WARNING] Variation de BFR indisponible pour HST (un seul exercice dans l'historique) : traitée comme 0 dans le calcul du FCF.
2026-09-05 13:50:39,393 [WARNING] Variation de BFR indisponible pour HST (un seul exercice dans l'historique) : traitée comme 0 dans le calcul du FCF.
2026-09-05 13:50:39,393 [WARNING] Variation de BFR indisponible pour HST (un seul exercice dans l'historique) : traitée comme 0 dans le calcul du FCF.
2026-09-05 13:50:39,393 [WARNING] Variation de BFR indisponible pour HST (un seul exercice dans l'historique) : traitée comme 0 dans le calcul du FCF.
2026-09-05 13:50:39,393 [WARNING] Variation de BFR indisponible pour HST (un seul exercice dans l'historique) : traitée comme 0 dans le calcul du FCF.
2026-09-05 13:50:39,393 [WARNING] Variation de BFR indisponible pour HST (un seul exercice dans l'historique) : traitée comme 0 dans le calcul du FCF.
2026-09-05 13:50:39,393 [WARNING] Variation de BFR indisponible pour HST (un seul exercice dans l'historique) : traitée comme 0 dans le calcul du FCF.
2026-09-05 13:50:39,393 [WARNING] Variation de BFR indisponible pour HST (un seul exercice dans l'historique) : traitée comme 0 dans le calcul du FCF.
2026-09-05 13:50:39,394 [WARNING] Variation de BFR indisponible pour HST (un seul exercice dans l'historique) : traitée comme 0 dans le calcul du FCF.
2026-09-05 13:50:39,394 [WARNING] Variation de BFR indisponible pour HST (un seul exercice dans l'historique) : traitée comme 0 dans le calcul du FCF.
2026-09-05 13:50:39,395 [WARNING] Variation de BFR indisponible pour HSY (un seul exercice dans l'historique) : traitée comme 0 dans le calcul du FCF.
2026-09-05 13:50:39,399 [WARNING] Variation de BFR indisponible pour HUBB (un seul exercice dans l'historique) : traitée comme 0 dans le calcul du FCF.
2026-09-05 13:50:39,399 [WARNING] Variation de BFR indisponible pour HUBB (un seul exercice dans l'historique) : traitée comme 0 dans le calcul du FCF.
2026-09-05 13:50:39,405 [WARNING] Variation de BFR indisponible pour HUM (un seul exercice dans l'historique) : traitée comme 0 dans le calcul du FCF.
2026-09-05 13:50:39,405 [WARNING] Variation de BFR indisponible pour HUM (un seul exercice dans l'historique) : traitée comme 0 dans le calcul du FCF.
2026-09-05 13:50:39,405 [WARNING] Variation de BFR indisponible pour HUM (un seul exercice dans l'historique) : traitée comme 0 dans le calcul du FCF.
2026-09-05 13:50:39,415 [WARNING] Variation de BFR indisponible pour IBM (un seul exercice dans l'historique) : traitée comme 0 dans le calcul du FCF.
2026-09-05 13:50:39,415 [WARNING] Variation de BFR indisponible pour IBM (un seul exercice dans l'historique) : traitée comme 0 dans le calcul du FCF.
2026-09-05 13:50:39,420 [WARNING] Variation de BFR indisponible pour ICE (un seul exercice dans l'historique) : traitée comme 0 dans le calcul du FCF.
2026-09-05 13:50:39,424 [WARNING] Variation de BFR indisponible pour IDXX (un seul exercice dans l'historique) : traitée comme 0 dans le calcul du FCF.
2026-09-05 13:50:39,424 [WARNING] Variation de BFR indisponible pour IDXX (un seul exercice dans l'historique) : traitée comme 0 dans le calcul du FCF.
2026-09-05 13:50:39,428 [WARNING] Variation de BFR indisponible pour IEX (un seul exercice dans l'historique) : traitée comme 0 dans le calcul du FCF.
2026-09-05 13:50:39,433 [WARNING] Variation de BFR indisponible pour IFF (un seul exercice dans l'historique) : traitée comme 0 dans le calcul du FCF.
2026-09-05 13:50:39,440 [WARNING] Variation de BFR indisponible pour INTC (un seul exercice dans l'historique) : traitée comme 0 dans le calcul du FCF.
2026-09-05 13:50:39,444 [WARNING] Variation de BFR indisponible pour INTU (un seul exercice dans l'historique) : traitée comme 0 dans le calcul du FCF.
2026-09-05 13:50:39,445 [WARNING] Variation de BFR indisponible pour INTU (un seul exercice dans l'historique) : traitée comme 0 dans le calcul du FCF.
2026-09-05 13:50:39,449 [WARNING] Variation de BFR indisponible pour IP (un seul exercice dans l'historique) : traitée comme 0 dans le calcul du FCF.
2026-09-05 13:50:39,457 [WARNING] Variation de BFR indisponible pour IQV (un seul exercice dans l'historique) : traitée comme 0 dans le calcul du FCF.
2026-09-05 13:50:39,457 [WARNING] Variation de BFR indisponible pour IQV (un seul exercice dans l'historique) : traitée comme 0 dans le calcul du FCF.
2026-09-05 13:50:39,457 [WARNING] Variation de BFR indisponible pour IQV (un seul exercice dans l'historique) : traitée comme 0 dans le calcul du FCF.
2026-09-05 13:50:39,460 [WARNING] Variation de BFR indisponible pour IR (un seul exercice dans l'historique) : traitée comme 0 dans le calcul du FCF.
2026-09-05 13:50:39,461 [WARNING] Variation de BFR indisponible pour IR (un seul exercice dans l'historique) : traitée comme 0 dans le calcul du FCF.
2026-09-05 13:50:39,463 [WARNING] Variation de BFR indisponible pour IRM (un seul exercice dans l'historique) : traitée comme 0 dans le calcul du FCF.
2026-09-05 13:50:39,463 [WARNING] Variation de BFR indisponible pour IRM (un seul exercice dans l'historique) : traitée comme 0 dans le calcul du FCF.
2026-09-05 13:50:39,463 [WARNING] Variation de BFR indisponible pour IRM (un seul exercice dans l'historique) : traitée comme 0 dans le calcul du FCF.
2026-09-05 13:50:39,467 [WARNING] Variation de BFR indisponible pour ISRG (un seul exercice dans l'historique) : traitée comme 0 dans le calcul du FCF.
2026-09-05 13:50:39,467 [WARNING] Variation de BFR indisponible pour ISRG (un seul exercice dans l'historique) : traitée comme 0 dans le calcul du FCF.
2026-09-05 13:50:39,472 [WARNING] Variation de BFR indisponible pour IT (un seul exercice dans l'historique) : traitée comme 0 dans le calcul du FCF.
2026-09-05 13:50:39,476 [WARNING] Variation de BFR indisponible pour ITW (un seul exercice dans l'historique) : traitée comme 0 dans le calcul du FCF.
2026-09-05 13:50:39,476 [WARNING] Variation de BFR indisponible pour ITW (un seul exercice dans l'historique) : traitée comme 0 dans le calcul du FCF.
2026-09-05 13:50:39,476 [WARNING] Variation de BFR indisponible pour ITW (un seul exercice dans l'historique) : traitée comme 0 dans le calcul du FCF.
2026-09-05 13:50:39,487 [WARNING] Variation de BFR indisponible pour JBHT (un seul exercice dans l'historique) : traitée comme 0 dans le calcul du FCF.
2026-09-05 13:50:39,487 [WARNING] Variation de BFR indisponible pour JBHT (un seul exercice dans l'historique) : traitée comme 0 dans le calcul du FCF.
2026-09-05 13:50:39,490 [WARNING] Variation de BFR indisponible pour JBL (un seul exercice dans l'historique) : traitée comme 0 dans le calcul du FCF.
2026-09-05 13:50:39,496 [WARNING] Variation de BFR indisponible pour JKHY (un seul exercice dans l'historique) : traitée comme 0 dans le calcul du FCF.
2026-09-05 13:50:39,497 [WARNING] Variation de BFR indisponible pour JKHY (un seul exercice dans l'historique) : traitée comme 0 dans le calcul du FCF.
2026-09-05 13:50:39,497 [WARNING] Variation de BFR indisponible pour JKHY (un seul exercice dans l'historique) : traitée comme 0 dans le calcul du FCF.
2026-09-05 13:50:39,497 [WARNING] Variation de BFR indisponible pour JKHY (un seul exercice dans l'historique) : traitée comme 0 dans le calcul du FCF.
2026-09-05 13:50:39,500 [WARNING] Variation de BFR indisponible pour JNJ (un seul exercice dans l'historique) : traitée comme 0 dans le calcul du FCF.
2026-09-05 13:50:39,501 [WARNING] Variation de BFR indisponible pour JNJ (un seul exercice dans l'historique) : traitée comme 0 dans le calcul du FCF.
2026-09-05 13:50:39,507 [WARNING] Variation de BFR indisponible pour KDP (un seul exercice dans l'historique) : traitée comme 0 dans le calcul du FCF.
2026-09-05 13:50:39,507 [WARNING] Variation de BFR indisponible pour KDP (un seul exercice dans l'historique) : traitée comme 0 dans le calcul du FCF.
2026-09-05 13:50:39,512 [WARNING] Variation de BFR indisponible pour KEYS (un seul exercice dans l'historique) : traitée comme 0 dans le calcul du FCF.
2026-09-05 13:50:39,512 [WARNING] Variation de BFR indisponible pour KEYS (un seul exercice dans l'historique) : traitée comme 0 dans le calcul du FCF.
2026-09-05 13:50:39,512 [WARNING] Variation de BFR indisponible pour KEYS (un seul exercice dans l'historique) : traitée comme 0 dans le calcul du FCF.
2026-09-05 13:50:39,515 [WARNING] Variation de BFR indisponible pour KHC (un seul exercice dans l'historique) : traitée comme 0 dans le calcul du FCF.
2026-09-05 13:50:39,518 [WARNING] Variation de BFR indisponible pour KIM (un seul exercice dans l'historique) : traitée comme 0 dans le calcul du FCF.
2026-09-05 13:50:39,518 [WARNING] Variation de BFR indisponible pour KIM (un seul exercice dans l'historique) : traitée comme 0 dans le calcul du FCF.
2026-09-05 13:50:39,519 [WARNING] Variation de BFR indisponible pour KIM (un seul exercice dans l'historique) : traitée comme 0 dans le calcul du FCF.
2026-09-05 13:50:39,519 [WARNING] Variation de BFR indisponible pour KIM (un seul exercice dans l'historique) : traitée comme 0 dans le calcul du FCF.
2026-09-05 13:50:39,519 [WARNING] Variation de BFR indisponible pour KIM (un seul exercice dans l'historique) : traitée comme 0 dans le calcul du FCF.
2026-09-05 13:50:39,519 [WARNING] Variation de BFR indisponible pour KIM (un seul exercice dans l'historique) : traitée comme 0 dans le calcul du FCF.
2026-09-05 13:50:39,520 [WARNING] Variation de BFR indisponible pour KIM (un seul exercice dans l'historique) : traitée comme 0 dans le calcul du FCF.
2026-09-05 13:50:39,520 [WARNING] Variation de BFR indisponible pour KIM (un seul exercice dans l'historique) : traitée comme 0 dans le calcul du FCF.
2026-09-05 13:50:39,520 [WARNING] Variation de BFR indisponible pour KIM (un seul exercice dans l'historique) : traitée comme 0 dans le calcul du FCF.
2026-09-05 13:50:39,520 [WARNING] Variation de BFR indisponible pour KIM (un seul exercice dans l'historique) : traitée comme 0 dans le calcul du FCF.
2026-09-05 13:50:39,520 [WARNING] Variation de BFR indisponible pour KIM (un seul exercice dans l'historique) : traitée comme 0 dans le calcul du FCF.
2026-09-05 13:50:39,520 [WARNING] Variation de BFR indisponible pour KIM (un seul exercice dans l'historique) : traitée comme 0 dans le calcul du FCF.
2026-09-05 13:50:39,521 [WARNING] Variation de BFR indisponible pour KIM (un seul exercice dans l'historique) : traitée comme 0 dans le calcul du FCF.
2026-09-05 13:50:39,521 [WARNING] Variation de BFR indisponible pour KIM (un seul exercice dans l'historique) : traitée comme 0 dans le calcul du FCF.
2026-09-05 13:50:39,521 [WARNING] Variation de BFR indisponible pour KIM (un seul exercice dans l'historique) : traitée comme 0 dans le calcul du FCF.
2026-09-05 13:50:39,521 [WARNING] Variation de BFR indisponible pour KIM (un seul exercice dans l'historique) : traitée comme 0 dans le calcul du FCF.
2026-09-05 13:50:39,521 [WARNING] Variation de BFR indisponible pour KIM (un seul exercice dans l'historique) : traitée comme 0 dans le calcul du FCF.
2026-09-05 13:50:39,521 [WARNING] Variation de BFR indisponible pour KIM (un seul exercice dans l'historique) : traitée comme 0 dans le calcul du FCF.
2026-09-05 13:50:39,521 [WARNING] Variation de BFR indisponible pour KIM (un seul exercice dans l'historique) : traitée comme 0 dans le calcul du FCF.
2026-09-05 13:50:39,521 [WARNING] Variation de BFR indisponible pour KIM (un seul exercice dans l'historique) : traitée comme 0 dans le calcul du FCF.
2026-09-05 13:50:39,521 [WARNING] Variation de BFR indisponible pour KIM (un seul exercice dans l'historique) : traitée comme 0 dans le calcul du FCF.
2026-09-05 13:50:39,522 [WARNING] Variation de BFR indisponible pour KIM (un seul exercice dans l'historique) : traitée comme 0 dans le calcul du FCF.
2026-09-05 13:50:39,522 [WARNING] Variation de BFR indisponible pour KIM (un seul exercice dans l'historique) : traitée comme 0 dans le calcul du FCF.
2026-09-05 13:50:39,522 [WARNING] Variation de BFR indisponible pour KIM (un seul exercice dans l'historique) : traitée comme 0 dans le calcul du FCF.
2026-09-05 13:50:39,522 [WARNING] Variation de BFR indisponible pour KIM (un seul exercice dans l'historique) : traitée comme 0 dans le calcul du FCF.
2026-09-05 13:50:39,522 [WARNING] Variation de BFR indisponible pour KIM (un seul exercice dans l'historique) : traitée comme 0 dans le calcul du FCF.
2026-09-05 13:50:39,522 [WARNING] Variation de BFR indisponible pour KIM (un seul exercice dans l'historique) : traitée comme 0 dans le calcul du FCF.
2026-09-05 13:50:39,522 [WARNING] Variation de BFR indisponible pour KIM (un seul exercice dans l'historique) : traitée comme 0 dans le calcul du FCF.
2026-09-05 13:50:39,522 [WARNING] Variation de BFR indisponible pour KIM (un seul exercice dans l'historique) : traitée comme 0 dans le calcul du FCF.
2026-09-05 13:50:39,522 [WARNING] Variation de BFR indisponible pour KIM (un seul exercice dans l'historique) : traitée comme 0 dans le calcul du FCF.
2026-09-05 13:50:39,523 [WARNING] Variation de BFR indisponible pour KIM (un seul exercice dans l'historique) : traitée comme 0 dans le calcul du FCF.
2026-09-05 13:50:39,525 [WARNING] Variation de BFR indisponible pour KLAC (un seul exercice dans l'historique) : traitée comme 0 dans le calcul du FCF.
2026-09-05 13:50:39,525 [WARNING] Variation de BFR indisponible pour KLAC (un seul exercice dans l'historique) : traitée comme 0 dans le calcul du FCF.
2026-09-05 13:50:39,529 [WARNING] Variation de BFR indisponible pour KMB (un seul exercice dans l'historique) : traitée comme 0 dans le calcul du FCF.
2026-09-05 13:50:39,529 [WARNING] Variation de BFR indisponible pour KMB (un seul exercice dans l'historique) : traitée comme 0 dans le calcul du FCF.
2026-09-05 13:50:39,534 [WARNING] Variation de BFR indisponible pour KMI (un seul exercice dans l'historique) : traitée comme 0 dans le calcul du FCF.
2026-09-05 13:50:39,536 [WARNING] Variation de BFR indisponible pour KMI (un seul exercice dans l'historique) : traitée comme 0 dans le calcul du FCF.
2026-09-05 13:50:39,536 [WARNING] Variation de BFR indisponible pour KMI (un seul exercice dans l'historique) : traitée comme 0 dans le calcul du FCF.
2026-09-05 13:50:39,538 [WARNING] Variation de BFR indisponible pour KO (un seul exercice dans l'historique) : traitée comme 0 dans le calcul du FCF.
2026-09-05 13:50:39,542 [WARNING] Variation de BFR indisponible pour KR (un seul exercice dans l'historique) : traitée comme 0 dans le calcul du FCF.
2026-09-05 13:50:39,542 [WARNING] Variation de BFR indisponible pour KR (un seul exercice dans l'historique) : traitée comme 0 dans le calcul du FCF.
2026-09-05 13:50:39,545 [WARNING] Variation de BFR indisponible pour KVUE (un seul exercice dans l'historique) : traitée comme 0 dans le calcul du FCF.
2026-09-05 13:50:39,545 [WARNING] Variation de BFR indisponible pour KVUE (un seul exercice dans l'historique) : traitée comme 0 dans le calcul du FCF.
2026-09-05 13:50:39,551 [WARNING] Variation de BFR indisponible pour LEN (un seul exercice dans l'historique) : traitée comme 0 dans le calcul du FCF.
2026-09-05 13:50:39,551 [WARNING] Variation de BFR indisponible pour LEN (un seul exercice dans l'historique) : traitée comme 0 dans le calcul du FCF.
2026-09-05 13:50:39,551 [WARNING] Variation de BFR indisponible pour LEN (un seul exercice dans l'historique) : traitée comme 0 dans le calcul du FCF.
2026-09-05 13:50:39,551 [WARNING] Variation de BFR indisponible pour LEN (un seul exercice dans l'historique) : traitée comme 0 dans le calcul du FCF.
2026-09-05 13:50:39,551 [WARNING] Variation de BFR indisponible pour LEN (un seul exercice dans l'historique) : traitée comme 0 dans le calcul du FCF.
2026-09-05 13:50:39,552 [WARNING] Variation de BFR indisponible pour LEN (un seul exercice dans l'historique) : traitée comme 0 dans le calcul du FCF.
2026-09-05 13:50:39,552 [WARNING] Variation de BFR indisponible pour LEN (un seul exercice dans l'historique) : traitée comme 0 dans le calcul du FCF.
2026-09-05 13:50:39,552 [WARNING] Variation de BFR indisponible pour LEN (un seul exercice dans l'historique) : traitée comme 0 dans le calcul du FCF.
2026-09-05 13:50:39,552 [WARNING] Variation de BFR indisponible pour LEN (un seul exercice dans l'historique) : traitée comme 0 dans le calcul du FCF.
2026-09-05 13:50:39,552 [WARNING] Variation de BFR indisponible pour LEN (un seul exercice dans l'historique) : traitée comme 0 dans le calcul du FCF.
2026-09-05 13:50:39,552 [WARNING] Variation de BFR indisponible pour LEN (un seul exercice dans l'historique) : traitée comme 0 dans le calcul du FCF.
2026-09-05 13:50:39,552 [WARNING] Variation de BFR indisponible pour LEN (un seul exercice dans l'historique) : traitée comme 0 dans le calcul du FCF.
2026-09-05 13:50:39,552 [WARNING] Variation de BFR indisponible pour LEN (un seul exercice dans l'historique) : traitée comme 0 dans le calcul du FCF.
2026-09-05 13:50:39,552 [WARNING] Variation de BFR indisponible pour LEN (un seul exercice dans l'historique) : traitée comme 0 dans le calcul du FCF.
2026-09-05 13:50:39,552 [WARNING] Variation de BFR indisponible pour LEN (un seul exercice dans l'historique) : traitée comme 0 dans le calcul du FCF.
2026-09-05 13:50:39,553 [WARNING] Variation de BFR indisponible pour LEN (un seul exercice dans l'historique) : traitée comme 0 dans le calcul du FCF.
2026-09-05 13:50:39,553 [WARNING] Variation de BFR indisponible pour LEN (un seul exercice dans l'historique) : traitée comme 0 dans le calcul du FCF.
2026-09-05 13:50:39,553 [WARNING] Variation de BFR indisponible pour LEN (un seul exercice dans l'historique) : traitée comme 0 dans le calcul du FCF.
2026-09-05 13:50:39,553 [WARNING] Variation de BFR indisponible pour LEN (un seul exercice dans l'historique) : traitée comme 0 dans le calcul du FCF.
2026-09-05 13:50:39,553 [WARNING] Variation de BFR indisponible pour LEN (un seul exercice dans l'historique) : traitée comme 0 dans le calcul du FCF.
2026-09-05 13:50:39,553 [WARNING] Variation de BFR indisponible pour LEN (un seul exercice dans l'historique) : traitée comme 0 dans le calcul du FCF.
2026-09-05 13:50:39,553 [WARNING] Variation de BFR indisponible pour LEN (un seul exercice dans l'historique) : traitée comme 0 dans le calcul du FCF.
2026-09-05 13:50:39,553 [WARNING] Variation de BFR indisponible pour LEN (un seul exercice dans l'historique) : traitée comme 0 dans le calcul du FCF.
2026-09-05 13:50:39,553 [WARNING] Variation de BFR indisponible pour LEN (un seul exercice dans l'historique) : traitée comme 0 dans le calcul du FCF.
2026-09-05 13:50:39,553 [WARNING] Variation de BFR indisponible pour LEN (un seul exercice dans l'historique) : traitée comme 0 dans le calcul du FCF.
2026-09-05 13:50:39,553 [WARNING] Variation de BFR indisponible pour LEN (un seul exercice dans l'historique) : traitée comme 0 dans le calcul du FCF.
2026-09-05 13:50:39,553 [WARNING] Variation de BFR indisponible pour LEN (un seul exercice dans l'historique) : traitée comme 0 dans le calcul du FCF.
2026-09-05 13:50:39,553 [WARNING] Variation de BFR indisponible pour LEN (un seul exercice dans l'historique) : traitée comme 0 dans le calcul du FCF.
2026-09-05 13:50:39,554 [WARNING] Variation de BFR indisponible pour LEN (un seul exercice dans l'historique) : traitée comme 0 dans le calcul du FCF.
2026-09-05 13:50:39,554 [WARNING] Variation de BFR indisponible pour LEN (un seul exercice dans l'historique) : traitée comme 0 dans le calcul du FCF.
2026-09-05 13:50:39,554 [WARNING] Variation de BFR indisponible pour LEN (un seul exercice dans l'historique) : traitée comme 0 dans le calcul du FCF.
2026-09-05 13:50:39,554 [WARNING] Variation de BFR indisponible pour LEN (un seul exercice dans l'historique) : traitée comme 0 dans le calcul du FCF.
2026-09-05 13:50:39,554 [WARNING] Variation de BFR indisponible pour LEN (un seul exercice dans l'historique) : traitée comme 0 dans le calcul du FCF.
2026-09-05 13:50:39,554 [WARNING] Variation de BFR indisponible pour LEN (un seul exercice dans l'historique) : traitée comme 0 dans le calcul du FCF.
2026-09-05 13:50:39,554 [WARNING] Variation de BFR indisponible pour LEN (un seul exercice dans l'historique) : traitée comme 0 dans le calcul du FCF.
2026-09-05 13:50:39,554 [WARNING] Variation de BFR indisponible pour LEN (un seul exercice dans l'historique) : traitée comme 0 dans le calcul du FCF.
2026-09-05 13:50:39,554 [WARNING] Variation de BFR indisponible pour LEN (un seul exercice dans l'historique) : traitée comme 0 dans le calcul du FCF.
2026-09-05 13:50:39,554 [WARNING] Variation de BFR indisponible pour LEN (un seul exercice dans l'historique) : traitée comme 0 dans le calcul du FCF.
2026-09-05 13:50:39,554 [WARNING] Variation de BFR indisponible pour LEN (un seul exercice dans l'historique) : traitée comme 0 dans le calcul du FCF.
2026-09-05 13:50:39,554 [WARNING] Variation de BFR indisponible pour LEN (un seul exercice dans l'historique) : traitée comme 0 dans le calcul du FCF.
2026-09-05 13:50:39,554 [WARNING] Variation de BFR indisponible pour LEN (un seul exercice dans l'historique) : traitée comme 0 dans le calcul du FCF.
2026-09-05 13:50:39,554 [WARNING] Variation de BFR indisponible pour LEN (un seul exercice dans l'historique) : traitée comme 0 dans le calcul du FCF.
2026-09-05 13:50:39,555 [WARNING] Variation de BFR indisponible pour LEN (un seul exercice dans l'historique) : traitée comme 0 dans le calcul du FCF.
2026-09-05 13:50:39,555 [WARNING] Variation de BFR indisponible pour LEN (un seul exercice dans l'historique) : traitée comme 0 dans le calcul du FCF.
2026-09-05 13:50:39,555 [WARNING] Variation de BFR indisponible pour LEN (un seul exercice dans l'historique) : traitée comme 0 dans le calcul du FCF.
2026-09-05 13:50:39,555 [WARNING] Variation de BFR indisponible pour LEN (un seul exercice dans l'historique) : traitée comme 0 dans le calcul du FCF.
2026-09-05 13:50:39,555 [WARNING] Variation de BFR indisponible pour LEN (un seul exercice dans l'historique) : traitée comme 0 dans le calcul du FCF.
2026-09-05 13:50:39,555 [WARNING] Variation de BFR indisponible pour LEN (un seul exercice dans l'historique) : traitée comme 0 dans le calcul du FCF.
2026-09-05 13:50:39,555 [WARNING] Variation de BFR indisponible pour LEN (un seul exercice dans l'historique) : traitée comme 0 dans le calcul du FCF.
2026-09-05 13:50:39,555 [WARNING] Variation de BFR indisponible pour LEN (un seul exercice dans l'historique) : traitée comme 0 dans le calcul du FCF.
2026-09-05 13:50:39,555 [WARNING] Variation de BFR indisponible pour LEN (un seul exercice dans l'historique) : traitée comme 0 dans le calcul du FCF.
2026-09-05 13:50:39,555 [WARNING] Variation de BFR indisponible pour LEN (un seul exercice dans l'historique) : traitée comme 0 dans le calcul du FCF.
2026-09-05 13:50:39,555 [WARNING] Variation de BFR indisponible pour LEN (un seul exercice dans l'historique) : traitée comme 0 dans le calcul du FCF.
2026-09-05 13:50:39,555 [WARNING] Variation de BFR indisponible pour LEN (un seul exercice dans l'historique) : traitée comme 0 dans le calcul du FCF.
2026-09-05 13:50:39,556 [WARNING] Variation de BFR indisponible pour LEN (un seul exercice dans l'historique) : traitée comme 0 dans le calcul du FCF.
2026-09-05 13:50:39,556 [WARNING] Variation de BFR indisponible pour LEN (un seul exercice dans l'historique) : traitée comme 0 dans le calcul du FCF.
2026-09-05 13:50:39,556 [WARNING] Variation de BFR indisponible pour LH (un seul exercice dans l'historique) : traitée comme 0 dans le calcul du FCF.
2026-09-05 13:50:39,556 [WARNING] Variation de BFR indisponible pour LH (un seul exercice dans l'historique) : traitée comme 0 dans le calcul du FCF.
2026-09-05 13:50:39,559 [WARNING] Variation de BFR indisponible pour LHX (un seul exercice dans l'historique) : traitée comme 0 dans le calcul du FCF.
2026-09-05 13:50:39,560 [WARNING] Variation de BFR indisponible pour LHX (un seul exercice dans l'historique) : traitée comme 0 dans le calcul du FCF.
2026-09-05 13:50:39,560 [WARNING] Variation de BFR indisponible pour LHX (un seul exercice dans l'historique) : traitée comme 0 dans le calcul du FCF.
2026-09-05 13:50:39,563 [WARNING] Variation de BFR indisponible pour LII (un seul exercice dans l'historique) : traitée comme 0 dans le calcul du FCF.
2026-09-05 13:50:39,567 [WARNING] Variation de BFR indisponible pour LIN (un seul exercice dans l'historique) : traitée comme 0 dans le calcul du FCF.
2026-09-05 13:50:39,567 [WARNING] Variation de BFR indisponible pour LIN (un seul exercice dans l'historique) : traitée comme 0 dans le calcul du FCF.
2026-09-05 13:50:39,570 [WARNING] Variation de BFR indisponible pour LITE (un seul exercice dans l'historique) : traitée comme 0 dans le calcul du FCF.
2026-09-05 13:50:39,571 [WARNING] Variation de BFR indisponible pour LITE (un seul exercice dans l'historique) : traitée comme 0 dans le calcul du FCF.
2026-09-05 13:50:39,576 [WARNING] Variation de BFR indisponible pour LMT (un seul exercice dans l'historique) : traitée comme 0 dans le calcul du FCF.
2026-09-05 13:50:39,577 [WARNING] Variation de BFR indisponible pour LMT (un seul exercice dans l'historique) : traitée comme 0 dans le calcul du FCF.
2026-09-05 13:50:39,580 [WARNING] Variation de BFR indisponible pour LNT (un seul exercice dans l'historique) : traitée comme 0 dans le calcul du FCF.
2026-09-05 13:50:39,580 [WARNING] Variation de BFR indisponible pour LNT (un seul exercice dans l'historique) : traitée comme 0 dans le calcul du FCF.
2026-09-05 13:50:39,584 [WARNING] Variation de BFR indisponible pour LOW (un seul exercice dans l'historique) : traitée comme 0 dans le calcul du FCF.
2026-09-05 13:50:39,585 [WARNING] Variation de BFR indisponible pour LOW (un seul exercice dans l'historique) : traitée comme 0 dans le calcul du FCF.
2026-09-05 13:50:39,585 [WARNING] Variation de BFR indisponible pour LOW (un seul exercice dans l'historique) : traitée comme 0 dans le calcul du FCF.
2026-09-05 13:50:39,585 [WARNING] Variation de BFR indisponible pour LOW (un seul exercice dans l'historique) : traitée comme 0 dans le calcul du FCF.
2026-09-05 13:50:39,593 [WARNING] Variation de BFR indisponible pour LULU (un seul exercice dans l'historique) : traitée comme 0 dans le calcul du FCF.
2026-09-05 13:50:39,593 [WARNING] Variation de BFR indisponible pour LULU (un seul exercice dans l'historique) : traitée comme 0 dans le calcul du FCF.
2026-09-05 13:50:39,593 [WARNING] Variation de BFR indisponible pour LULU (un seul exercice dans l'historique) : traitée comme 0 dans le calcul du FCF.
2026-09-05 13:50:39,597 [WARNING] Variation de BFR indisponible pour LUV (un seul exercice dans l'historique) : traitée comme 0 dans le calcul du FCF.
2026-09-05 13:50:39,597 [WARNING] Variation de BFR indisponible pour LUV (un seul exercice dans l'historique) : traitée comme 0 dans le calcul du FCF.
2026-09-05 13:50:39,600 [WARNING] Variation de BFR indisponible pour LVS (un seul exercice dans l'historique) : traitée comme 0 dans le calcul du FCF.
2026-09-05 13:50:39,600 [WARNING] Variation de BFR indisponible pour LVS (un seul exercice dans l'historique) : traitée comme 0 dans le calcul du FCF.
2026-09-05 13:50:39,605 [WARNING] Variation de BFR indisponible pour LYB (un seul exercice dans l'historique) : traitée comme 0 dans le calcul du FCF.
2026-09-05 13:50:39,610 [WARNING] Variation de BFR indisponible pour MA (un seul exercice dans l'historique) : traitée comme 0 dans le calcul du FCF.
2026-09-05 13:50:39,612 [WARNING] Variation de BFR indisponible pour MAA (un seul exercice dans l'historique) : traitée comme 0 dans le calcul du FCF.
2026-09-05 13:50:39,612 [WARNING] Variation de BFR indisponible pour MAA (un seul exercice dans l'historique) : traitée comme 0 dans le calcul du FCF.
2026-09-05 13:50:39,613 [WARNING] Variation de BFR indisponible pour MAA (un seul exercice dans l'historique) : traitée comme 0 dans le calcul du FCF.
2026-09-05 13:50:39,613 [WARNING] Variation de BFR indisponible pour MAA (un seul exercice dans l'historique) : traitée comme 0 dans le calcul du FCF.
2026-09-05 13:50:39,613 [WARNING] Variation de BFR indisponible pour MAA (un seul exercice dans l'historique) : traitée comme 0 dans le calcul du FCF.
2026-09-05 13:50:39,613 [WARNING] Variation de BFR indisponible pour MAA (un seul exercice dans l'historique) : traitée comme 0 dans le calcul du FCF.
2026-09-05 13:50:39,613 [WARNING] Variation de BFR indisponible pour MAA (un seul exercice dans l'historique) : traitée comme 0 dans le calcul du FCF.
2026-09-05 13:50:39,613 [WARNING] Variation de BFR indisponible pour MAA (un seul exercice dans l'historique) : traitée comme 0 dans le calcul du FCF.
2026-09-05 13:50:39,613 [WARNING] Variation de BFR indisponible pour MAA (un seul exercice dans l'historique) : traitée comme 0 dans le calcul du FCF.
2026-09-05 13:50:39,613 [WARNING] Variation de BFR indisponible pour MAA (un seul exercice dans l'historique) : traitée comme 0 dans le calcul du FCF.
2026-09-05 13:50:39,613 [WARNING] Variation de BFR indisponible pour MAA (un seul exercice dans l'historique) : traitée comme 0 dans le calcul du FCF.
2026-09-05 13:50:39,613 [WARNING] Variation de BFR indisponible pour MAA (un seul exercice dans l'historique) : traitée comme 0 dans le calcul du FCF.
2026-09-05 13:50:39,613 [WARNING] Variation de BFR indisponible pour MAA (un seul exercice dans l'historique) : traitée comme 0 dans le calcul du FCF.
2026-09-05 13:50:39,619 [WARNING] Variation de BFR indisponible pour MAS (un seul exercice dans l'historique) : traitée comme 0 dans le calcul du FCF.
2026-09-05 13:50:39,625 [WARNING] Variation de BFR indisponible pour MCD (un seul exercice dans l'historique) : traitée comme 0 dans le calcul du FCF.
2026-09-05 13:50:39,629 [WARNING] Variation de BFR indisponible pour MCHP (un seul exercice dans l'historique) : traitée comme 0 dans le calcul du FCF.
2026-09-05 13:50:39,629 [WARNING] Variation de BFR indisponible pour MCHP (un seul exercice dans l'historique) : traitée comme 0 dans le calcul du FCF.
2026-09-05 13:50:39,629 [WARNING] Variation de BFR indisponible pour MCHP (un seul exercice dans l'historique) : traitée comme 0 dans le calcul du FCF.
2026-09-05 13:50:39,633 [WARNING] Variation de BFR indisponible pour MCK (un seul exercice dans l'historique) : traitée comme 0 dans le calcul du FCF.
2026-09-05 13:50:39,633 [WARNING] Variation de BFR indisponible pour MCK (un seul exercice dans l'historique) : traitée comme 0 dans le calcul du FCF.
2026-09-05 13:50:39,638 [WARNING] Variation de BFR indisponible pour MCO (un seul exercice dans l'historique) : traitée comme 0 dans le calcul du FCF.
2026-09-05 13:50:39,642 [WARNING] Variation de BFR indisponible pour MDLZ (un seul exercice dans l'historique) : traitée comme 0 dans le calcul du FCF.
2026-09-05 13:50:39,646 [WARNING] Variation de BFR indisponible pour MDT (un seul exercice dans l'historique) : traitée comme 0 dans le calcul du FCF.
2026-09-05 13:50:39,646 [WARNING] Variation de BFR indisponible pour MDT (un seul exercice dans l'historique) : traitée comme 0 dans le calcul du FCF.
2026-09-05 13:50:39,646 [WARNING] Variation de BFR indisponible pour MDT (un seul exercice dans l'historique) : traitée comme 0 dans le calcul du FCF.
2026-09-05 13:50:39,652 [WARNING] Variation de BFR indisponible pour META (un seul exercice dans l'historique) : traitée comme 0 dans le calcul du FCF.
2026-09-05 13:50:39,652 [WARNING] Variation de BFR indisponible pour META (un seul exercice dans l'historique) : traitée comme 0 dans le calcul du FCF.
2026-09-05 13:50:39,652 [WARNING] Variation de BFR indisponible pour META (un seul exercice dans l'historique) : traitée comme 0 dans le calcul du FCF.
2026-09-05 13:50:39,658 [WARNING] Variation de BFR indisponible pour MKC (un seul exercice dans l'historique) : traitée comme 0 dans le calcul du FCF.
2026-09-05 13:50:39,658 [WARNING] Variation de BFR indisponible pour MKC (un seul exercice dans l'historique) : traitée comme 0 dans le calcul du FCF.
2026-09-05 13:50:39,660 [WARNING] Variation de BFR indisponible pour MLM (un seul exercice dans l'historique) : traitée comme 0 dans le calcul du FCF.
2026-09-05 13:50:39,661 [WARNING] Variation de BFR indisponible pour MLM (un seul exercice dans l'historique) : traitée comme 0 dans le calcul du FCF.
2026-09-05 13:50:39,664 [WARNING] Variation de BFR indisponible pour MMM (un seul exercice dans l'historique) : traitée comme 0 dans le calcul du FCF.
2026-09-05 13:50:39,665 [WARNING] Variation de BFR indisponible pour MMM (un seul exercice dans l'historique) : traitée comme 0 dans le calcul du FCF.
2026-09-05 13:50:39,673 [WARNING] Variation de BFR indisponible pour MO (un seul exercice dans l'historique) : traitée comme 0 dans le calcul du FCF.
2026-09-05 13:50:39,674 [WARNING] Variation de BFR indisponible pour MO (un seul exercice dans l'historique) : traitée comme 0 dans le calcul du FCF.
2026-09-05 13:50:39,677 [WARNING] Variation de BFR indisponible pour MOS (un seul exercice dans l'historique) : traitée comme 0 dans le calcul du FCF.
2026-09-05 13:50:39,678 [WARNING] Variation de BFR indisponible pour MOS (un seul exercice dans l'historique) : traitée comme 0 dans le calcul du FCF.
2026-09-05 13:50:39,681 [WARNING] Variation de BFR indisponible pour MPC (un seul exercice dans l'historique) : traitée comme 0 dans le calcul du FCF.
2026-09-05 13:50:39,681 [WARNING] Variation de BFR indisponible pour MPC (un seul exercice dans l'historique) : traitée comme 0 dans le calcul du FCF.
2026-09-05 13:50:39,685 [WARNING] Variation de BFR indisponible pour MPWR (un seul exercice dans l'historique) : traitée comme 0 dans le calcul du FCF.
2026-09-05 13:50:39,694 [WARNING] Variation de BFR indisponible pour MRSH (un seul exercice dans l'historique) : traitée comme 0 dans le calcul du FCF.
2026-09-05 13:50:39,700 [WARNING] Variation de BFR indisponible pour MSCI (un seul exercice dans l'historique) : traitée comme 0 dans le calcul du FCF.
2026-09-05 13:50:39,700 [WARNING] Variation de BFR indisponible pour MSCI (un seul exercice dans l'historique) : traitée comme 0 dans le calcul du FCF.
2026-09-05 13:50:39,705 [WARNING] Variation de BFR indisponible pour MSFT (un seul exercice dans l'historique) : traitée comme 0 dans le calcul du FCF.
2026-09-05 13:50:39,705 [WARNING] Variation de BFR indisponible pour MSFT (un seul exercice dans l'historique) : traitée comme 0 dans le calcul du FCF.
2026-09-05 13:50:39,705 [WARNING] Variation de BFR indisponible pour MSFT (un seul exercice dans l'historique) : traitée comme 0 dans le calcul du FCF.
2026-09-05 13:50:39,714 [WARNING] Variation de BFR indisponible pour MTD (un seul exercice dans l'historique) : traitée comme 0 dans le calcul du FCF.
2026-09-05 13:50:39,714 [WARNING] Variation de BFR indisponible pour MTD (un seul exercice dans l'historique) : traitée comme 0 dans le calcul du FCF.
2026-09-05 13:50:39,714 [WARNING] Variation de BFR indisponible pour MTD (un seul exercice dans l'historique) : traitée comme 0 dans le calcul du FCF.
2026-09-05 13:50:39,718 [WARNING] Variation de BFR indisponible pour MU (un seul exercice dans l'historique) : traitée comme 0 dans le calcul du FCF.
2026-09-05 13:50:39,718 [WARNING] Variation de BFR indisponible pour MU (un seul exercice dans l'historique) : traitée comme 0 dans le calcul du FCF.
2026-09-05 13:50:39,718 [WARNING] Variation de BFR indisponible pour MU (un seul exercice dans l'historique) : traitée comme 0 dans le calcul du FCF.
2026-09-05 13:50:39,722 [WARNING] Variation de BFR indisponible pour NCLH (un seul exercice dans l'historique) : traitée comme 0 dans le calcul du FCF.
2026-09-05 13:50:39,722 [WARNING] Variation de BFR indisponible pour NCLH (un seul exercice dans l'historique) : traitée comme 0 dans le calcul du FCF.
2026-09-05 13:50:39,724 [WARNING] Variation de BFR indisponible pour NDAQ (un seul exercice dans l'historique) : traitée comme 0 dans le calcul du FCF.
2026-09-05 13:50:39,728 [WARNING] Variation de BFR indisponible pour NDSN (un seul exercice dans l'historique) : traitée comme 0 dans le calcul du FCF.
2026-09-05 13:50:39,737 [WARNING] Variation de BFR indisponible pour NEM (un seul exercice dans l'historique) : traitée comme 0 dans le calcul du FCF.
2026-09-05 13:50:39,740 [WARNING] Variation de BFR indisponible pour NFLX (un seul exercice dans l'historique) : traitée comme 0 dans le calcul du FCF.
2026-09-05 13:50:39,741 [WARNING] Variation de BFR indisponible pour NFLX (un seul exercice dans l'historique) : traitée comme 0 dans le calcul du FCF.
2026-09-05 13:50:39,744 [WARNING] Variation de BFR indisponible pour NI (un seul exercice dans l'historique) : traitée comme 0 dans le calcul du FCF.
2026-09-05 13:50:39,745 [WARNING] Variation de BFR indisponible pour NI (un seul exercice dans l'historique) : traitée comme 0 dans le calcul du FCF.
2026-09-05 13:50:39,747 [WARNING] Variation de BFR indisponible pour NKE (un seul exercice dans l'historique) : traitée comme 0 dans le calcul du FCF.
2026-09-05 13:50:39,747 [WARNING] Variation de BFR indisponible pour NKE (un seul exercice dans l'historique) : traitée comme 0 dans le calcul du FCF.
2026-09-05 13:50:39,747 [WARNING] Variation de BFR indisponible pour NKE (un seul exercice dans l'historique) : traitée comme 0 dans le calcul du FCF.
2026-09-05 13:50:39,747 [WARNING] Variation de BFR indisponible pour NKE (un seul exercice dans l'historique) : traitée comme 0 dans le calcul du FCF.
2026-09-05 13:50:39,750 [WARNING] Variation de BFR indisponible pour NOC (un seul exercice dans l'historique) : traitée comme 0 dans le calcul du FCF.
2026-09-05 13:50:39,758 [WARNING] Variation de BFR indisponible pour NRG (un seul exercice dans l'historique) : traitée comme 0 dans le calcul du FCF.
2026-09-05 13:50:39,758 [WARNING] Variation de BFR indisponible pour NRG (un seul exercice dans l'historique) : traitée comme 0 dans le calcul du FCF.
2026-09-05 13:50:39,761 [WARNING] Variation de BFR indisponible pour NSC (un seul exercice dans l'historique) : traitée comme 0 dans le calcul du FCF.
2026-09-05 13:50:39,762 [WARNING] Variation de BFR indisponible pour NSC (un seul exercice dans l'historique) : traitée comme 0 dans le calcul du FCF.
2026-09-05 13:50:39,765 [WARNING] Variation de BFR indisponible pour NTAP (un seul exercice dans l'historique) : traitée comme 0 dans le calcul du FCF.
2026-09-05 13:50:39,765 [WARNING] Variation de BFR indisponible pour NTAP (un seul exercice dans l'historique) : traitée comme 0 dans le calcul du FCF.
2026-09-05 13:50:39,775 [WARNING] Variation de BFR indisponible pour NVDA (un seul exercice dans l'historique) : traitée comme 0 dans le calcul du FCF.
2026-09-05 13:50:39,779 [WARNING] Variation de BFR indisponible pour NVR (un seul exercice dans l'historique) : traitée comme 0 dans le calcul du FCF.
2026-09-05 13:50:39,779 [WARNING] Variation de BFR indisponible pour NVR (un seul exercice dans l'historique) : traitée comme 0 dans le calcul du FCF.
2026-09-05 13:50:39,779 [WARNING] Variation de BFR indisponible pour NVR (un seul exercice dans l'historique) : traitée comme 0 dans le calcul du FCF.
2026-09-05 13:50:39,779 [WARNING] Variation de BFR indisponible pour NVR (un seul exercice dans l'historique) : traitée comme 0 dans le calcul du FCF.
2026-09-05 13:50:39,779 [WARNING] Variation de BFR indisponible pour NVR (un seul exercice dans l'historique) : traitée comme 0 dans le calcul du FCF.
2026-09-05 13:50:39,780 [WARNING] Variation de BFR indisponible pour NVR (un seul exercice dans l'historique) : traitée comme 0 dans le calcul du FCF.
2026-09-05 13:50:39,780 [WARNING] Variation de BFR indisponible pour NVR (un seul exercice dans l'historique) : traitée comme 0 dans le calcul du FCF.
2026-09-05 13:50:39,780 [WARNING] Variation de BFR indisponible pour NVR (un seul exercice dans l'historique) : traitée comme 0 dans le calcul du FCF.
2026-09-05 13:50:39,780 [WARNING] Variation de BFR indisponible pour NVR (un seul exercice dans l'historique) : traitée comme 0 dans le calcul du FCF.
2026-09-05 13:50:39,780 [WARNING] Variation de BFR indisponible pour NVR (un seul exercice dans l'historique) : traitée comme 0 dans le calcul du FCF.
2026-09-05 13:50:39,780 [WARNING] Variation de BFR indisponible pour NVR (un seul exercice dans l'historique) : traitée comme 0 dans le calcul du FCF.
2026-09-05 13:50:39,780 [WARNING] Variation de BFR indisponible pour NVR (un seul exercice dans l'historique) : traitée comme 0 dans le calcul du FCF.
2026-09-05 13:50:39,780 [WARNING] Variation de BFR indisponible pour NVR (un seul exercice dans l'historique) : traitée comme 0 dans le calcul du FCF.
2026-09-05 13:50:39,780 [WARNING] Variation de BFR indisponible pour NVR (un seul exercice dans l'historique) : traitée comme 0 dans le calcul du FCF.
2026-09-05 13:50:39,780 [WARNING] Variation de BFR indisponible pour NVR (un seul exercice dans l'historique) : traitée comme 0 dans le calcul du FCF.
2026-09-05 13:50:39,780 [WARNING] Variation de BFR indisponible pour NVR (un seul exercice dans l'historique) : traitée comme 0 dans le calcul du FCF.
2026-09-05 13:50:39,780 [WARNING] Variation de BFR indisponible pour NVR (un seul exercice dans l'historique) : traitée comme 0 dans le calcul du FCF.
2026-09-05 13:50:39,780 [WARNING] Variation de BFR indisponible pour NVR (un seul exercice dans l'historique) : traitée comme 0 dans le calcul du FCF.
2026-09-05 13:50:39,781 [WARNING] Variation de BFR indisponible pour NVR (un seul exercice dans l'historique) : traitée comme 0 dans le calcul du FCF.
2026-09-05 13:50:39,781 [WARNING] Variation de BFR indisponible pour NVR (un seul exercice dans l'historique) : traitée comme 0 dans le calcul du FCF.
2026-09-05 13:50:39,781 [WARNING] Variation de BFR indisponible pour NVR (un seul exercice dans l'historique) : traitée comme 0 dans le calcul du FCF.
2026-09-05 13:50:39,781 [WARNING] Variation de BFR indisponible pour NVR (un seul exercice dans l'historique) : traitée comme 0 dans le calcul du FCF.
2026-09-05 13:50:39,781 [WARNING] Variation de BFR indisponible pour NVR (un seul exercice dans l'historique) : traitée comme 0 dans le calcul du FCF.
2026-09-05 13:50:39,781 [WARNING] Variation de BFR indisponible pour NVR (un seul exercice dans l'historique) : traitée comme 0 dans le calcul du FCF.
2026-09-05 13:50:39,781 [WARNING] Variation de BFR indisponible pour NVR (un seul exercice dans l'historique) : traitée comme 0 dans le calcul du FCF.
2026-09-05 13:50:39,781 [WARNING] Variation de BFR indisponible pour NVR (un seul exercice dans l'historique) : traitée comme 0 dans le calcul du FCF.
2026-09-05 13:50:39,781 [WARNING] Variation de BFR indisponible pour NVR (un seul exercice dans l'historique) : traitée comme 0 dans le calcul du FCF.
2026-09-05 13:50:39,781 [WARNING] Variation de BFR indisponible pour NVR (un seul exercice dans l'historique) : traitée comme 0 dans le calcul du FCF.
2026-09-05 13:50:39,781 [WARNING] Variation de BFR indisponible pour NVR (un seul exercice dans l'historique) : traitée comme 0 dans le calcul du FCF.
2026-09-05 13:50:39,781 [WARNING] Variation de BFR indisponible pour NVR (un seul exercice dans l'historique) : traitée comme 0 dans le calcul du FCF.
2026-09-05 13:50:39,781 [WARNING] Variation de BFR indisponible pour NVR (un seul exercice dans l'historique) : traitée comme 0 dans le calcul du FCF.
2026-09-05 13:50:39,782 [WARNING] Variation de BFR indisponible pour NVR (un seul exercice dans l'historique) : traitée comme 0 dans le calcul du FCF.
2026-09-05 13:50:39,782 [WARNING] Variation de BFR indisponible pour NVR (un seul exercice dans l'historique) : traitée comme 0 dans le calcul du FCF.
2026-09-05 13:50:39,782 [WARNING] Variation de BFR indisponible pour NVR (un seul exercice dans l'historique) : traitée comme 0 dans le calcul du FCF.
2026-09-05 13:50:39,782 [WARNING] Variation de BFR indisponible pour NVR (un seul exercice dans l'historique) : traitée comme 0 dans le calcul du FCF.
2026-09-05 13:50:39,782 [WARNING] Variation de BFR indisponible pour NVR (un seul exercice dans l'historique) : traitée comme 0 dans le calcul du FCF.
2026-09-05 13:50:39,782 [WARNING] Variation de BFR indisponible pour NVR (un seul exercice dans l'historique) : traitée comme 0 dans le calcul du FCF.
2026-09-05 13:50:39,782 [WARNING] Variation de BFR indisponible pour NVR (un seul exercice dans l'historique) : traitée comme 0 dans le calcul du FCF.
2026-09-05 13:50:39,782 [WARNING] Variation de BFR indisponible pour NVR (un seul exercice dans l'historique) : traitée comme 0 dans le calcul du FCF.
2026-09-05 13:50:39,782 [WARNING] Variation de BFR indisponible pour NVR (un seul exercice dans l'historique) : traitée comme 0 dans le calcul du FCF.
2026-09-05 13:50:39,782 [WARNING] Variation de BFR indisponible pour NVR (un seul exercice dans l'historique) : traitée comme 0 dans le calcul du FCF.
2026-09-05 13:50:39,782 [WARNING] Variation de BFR indisponible pour NVR (un seul exercice dans l'historique) : traitée comme 0 dans le calcul du FCF.
2026-09-05 13:50:39,782 [WARNING] Variation de BFR indisponible pour NVR (un seul exercice dans l'historique) : traitée comme 0 dans le calcul du FCF.
2026-09-05 13:50:39,782 [WARNING] Variation de BFR indisponible pour NVR (un seul exercice dans l'historique) : traitée comme 0 dans le calcul du FCF.
2026-09-05 13:50:39,783 [WARNING] Variation de BFR indisponible pour NVR (un seul exercice dans l'historique) : traitée comme 0 dans le calcul du FCF.
2026-09-05 13:50:39,783 [WARNING] Variation de BFR indisponible pour NVR (un seul exercice dans l'historique) : traitée comme 0 dans le calcul du FCF.
2026-09-05 13:50:39,783 [WARNING] Variation de BFR indisponible pour NVR (un seul exercice dans l'historique) : traitée comme 0 dans le calcul du FCF.
2026-09-05 13:50:39,785 [WARNING] Variation de BFR indisponible pour NVR (un seul exercice dans l'historique) : traitée comme 0 dans le calcul du FCF.
2026-09-05 13:50:39,786 [WARNING] Variation de BFR indisponible pour NWS (un seul exercice dans l'historique) : traitée comme 0 dans le calcul du FCF.
2026-09-05 13:50:39,788 [WARNING] Variation de BFR indisponible pour NWSA (un seul exercice dans l'historique) : traitée comme 0 dans le calcul du FCF.
2026-09-05 13:50:39,790 [WARNING] Variation de BFR indisponible pour NXPI (un seul exercice dans l'historique) : traitée comme 0 dans le calcul du FCF.
2026-09-05 13:50:39,790 [WARNING] Variation de BFR indisponible pour NXPI (un seul exercice dans l'historique) : traitée comme 0 dans le calcul du FCF.
2026-09-05 13:50:39,794 [WARNING] Variation de BFR indisponible pour OKE (un seul exercice dans l'historique) : traitée comme 0 dans le calcul du FCF.
2026-09-05 13:50:39,794 [WARNING] Variation de BFR indisponible pour OKE (un seul exercice dans l'historique) : traitée comme 0 dans le calcul du FCF.
2026-09-05 13:50:39,797 [WARNING] Variation de BFR indisponible pour OMC (un seul exercice dans l'historique) : traitée comme 0 dans le calcul du FCF.
2026-09-05 13:50:39,797 [WARNING] Variation de BFR indisponible pour OMC (un seul exercice dans l'historique) : traitée comme 0 dans le calcul du FCF.
2026-09-05 13:50:39,807 [WARNING] Variation de BFR indisponible pour ORCL (un seul exercice dans l'historique) : traitée comme 0 dans le calcul du FCF.
2026-09-05 13:50:39,807 [WARNING] Variation de BFR indisponible pour ORCL (un seul exercice dans l'historique) : traitée comme 0 dans le calcul du FCF.
2026-09-05 13:50:39,811 [WARNING] Variation de BFR indisponible pour ORLY (un seul exercice dans l'historique) : traitée comme 0 dans le calcul du FCF.
2026-09-05 13:50:39,811 [WARNING] Variation de BFR indisponible pour ORLY (un seul exercice dans l'historique) : traitée comme 0 dans le calcul du FCF.
2026-09-05 13:50:39,811 [WARNING] Variation de BFR indisponible pour ORLY (un seul exercice dans l'historique) : traitée comme 0 dans le calcul du FCF.
2026-09-05 13:50:39,814 [WARNING] Variation de BFR indisponible pour OTIS (un seul exercice dans l'historique) : traitée comme 0 dans le calcul du FCF.
2026-09-05 13:50:39,814 [WARNING] Variation de BFR indisponible pour OTIS (un seul exercice dans l'historique) : traitée comme 0 dans le calcul du FCF.
2026-09-05 13:50:39,814 [WARNING] Variation de BFR indisponible pour OTIS (un seul exercice dans l'historique) : traitée comme 0 dans le calcul du FCF.
2026-09-05 13:50:39,816 [WARNING] Variation de BFR indisponible pour OXY (un seul exercice dans l'historique) : traitée comme 0 dans le calcul du FCF.
2026-09-05 13:50:39,816 [WARNING] Variation de BFR indisponible pour OXY (un seul exercice dans l'historique) : traitée comme 0 dans le calcul du FCF.
2026-09-05 13:50:39,816 [WARNING] Variation de BFR indisponible pour OXY (un seul exercice dans l'historique) : traitée comme 0 dans le calcul du FCF.
2026-09-05 13:50:39,816 [WARNING] Variation de BFR indisponible pour OXY (un seul exercice dans l'historique) : traitée comme 0 dans le calcul du FCF.
2026-09-05 13:50:39,821 [WARNING] Variation de BFR indisponible pour PANW (un seul exercice dans l'historique) : traitée comme 0 dans le calcul du FCF.
2026-09-05 13:50:39,824 [WARNING] Variation de BFR indisponible pour PAYX (un seul exercice dans l'historique) : traitée comme 0 dans le calcul du FCF.
2026-09-05 13:50:39,824 [WARNING] Variation de BFR indisponible pour PAYX (un seul exercice dans l'historique) : traitée comme 0 dans le calcul du FCF.
2026-09-05 13:50:39,828 [WARNING] Variation de BFR indisponible pour PCAR (un seul exercice dans l'historique) : traitée comme 0 dans le calcul du FCF.
2026-09-05 13:50:39,829 [WARNING] Variation de BFR indisponible pour PCAR (un seul exercice dans l'historique) : traitée comme 0 dans le calcul du FCF.
2026-09-05 13:50:39,829 [WARNING] Variation de BFR indisponible pour PCAR (un seul exercice dans l'historique) : traitée comme 0 dans le calcul du FCF.
2026-09-05 13:50:39,829 [WARNING] Variation de BFR indisponible pour PCAR (un seul exercice dans l'historique) : traitée comme 0 dans le calcul du FCF.
2026-09-05 13:50:39,829 [WARNING] Variation de BFR indisponible pour PCAR (un seul exercice dans l'historique) : traitée comme 0 dans le calcul du FCF.
2026-09-05 13:50:39,829 [WARNING] Variation de BFR indisponible pour PCAR (un seul exercice dans l'historique) : traitée comme 0 dans le calcul du FCF.
2026-09-05 13:50:39,829 [WARNING] Variation de BFR indisponible pour PCAR (un seul exercice dans l'historique) : traitée comme 0 dans le calcul du FCF.
2026-09-05 13:50:39,829 [WARNING] Variation de BFR indisponible pour PCAR (un seul exercice dans l'historique) : traitée comme 0 dans le calcul du FCF.
2026-09-05 13:50:39,829 [WARNING] Variation de BFR indisponible pour PCAR (un seul exercice dans l'historique) : traitée comme 0 dans le calcul du FCF.
2026-09-05 13:50:39,829 [WARNING] Variation de BFR indisponible pour PCAR (un seul exercice dans l'historique) : traitée comme 0 dans le calcul du FCF.
2026-09-05 13:50:39,829 [WARNING] Variation de BFR indisponible pour PCAR (un seul exercice dans l'historique) : traitée comme 0 dans le calcul du FCF.
2026-09-05 13:50:39,829 [WARNING] Variation de BFR indisponible pour PCAR (un seul exercice dans l'historique) : traitée comme 0 dans le calcul du FCF.
2026-09-05 13:50:39,830 [WARNING] Variation de BFR indisponible pour PCAR (un seul exercice dans l'historique) : traitée comme 0 dans le calcul du FCF.
2026-09-05 13:50:39,830 [WARNING] Variation de BFR indisponible pour PCAR (un seul exercice dans l'historique) : traitée comme 0 dans le calcul du FCF.
2026-09-05 13:50:39,830 [WARNING] Variation de BFR indisponible pour PCAR (un seul exercice dans l'historique) : traitée comme 0 dans le calcul du FCF.
2026-09-05 13:50:39,830 [WARNING] Variation de BFR indisponible pour PCAR (un seul exercice dans l'historique) : traitée comme 0 dans le calcul du FCF.
2026-09-05 13:50:39,830 [WARNING] Variation de BFR indisponible pour PCAR (un seul exercice dans l'historique) : traitée comme 0 dans le calcul du FCF.
2026-09-05 13:50:39,830 [WARNING] Variation de BFR indisponible pour PCAR (un seul exercice dans l'historique) : traitée comme 0 dans le calcul du FCF.
2026-09-05 13:50:39,830 [WARNING] Variation de BFR indisponible pour PCAR (un seul exercice dans l'historique) : traitée comme 0 dans le calcul du FCF.
2026-09-05 13:50:39,830 [WARNING] Variation de BFR indisponible pour PCAR (un seul exercice dans l'historique) : traitée comme 0 dans le calcul du FCF.
2026-09-05 13:50:39,830 [WARNING] Variation de BFR indisponible pour PCAR (un seul exercice dans l'historique) : traitée comme 0 dans le calcul du FCF.
2026-09-05 13:50:39,830 [WARNING] Variation de BFR indisponible pour PCAR (un seul exercice dans l'historique) : traitée comme 0 dans le calcul du FCF.
2026-09-05 13:50:39,830 [WARNING] Variation de BFR indisponible pour PCAR (un seul exercice dans l'historique) : traitée comme 0 dans le calcul du FCF.
2026-09-05 13:50:39,831 [WARNING] Variation de BFR indisponible pour PCAR (un seul exercice dans l'historique) : traitée comme 0 dans le calcul du FCF.
2026-09-05 13:50:39,831 [WARNING] Variation de BFR indisponible pour PCAR (un seul exercice dans l'historique) : traitée comme 0 dans le calcul du FCF.
2026-09-05 13:50:39,831 [WARNING] Variation de BFR indisponible pour PCAR (un seul exercice dans l'historique) : traitée comme 0 dans le calcul du FCF.
2026-09-05 13:50:39,831 [WARNING] Variation de BFR indisponible pour PCAR (un seul exercice dans l'historique) : traitée comme 0 dans le calcul du FCF.
2026-09-05 13:50:39,831 [WARNING] Variation de BFR indisponible pour PCAR (un seul exercice dans l'historique) : traitée comme 0 dans le calcul du FCF.
2026-09-05 13:50:39,831 [WARNING] Variation de BFR indisponible pour PCAR (un seul exercice dans l'historique) : traitée comme 0 dans le calcul du FCF.
2026-09-05 13:50:39,831 [WARNING] Variation de BFR indisponible pour PCAR (un seul exercice dans l'historique) : traitée comme 0 dans le calcul du FCF.
2026-09-05 13:50:39,831 [WARNING] Variation de BFR indisponible pour PCAR (un seul exercice dans l'historique) : traitée comme 0 dans le calcul du FCF.
2026-09-05 13:50:39,831 [WARNING] Variation de BFR indisponible pour PCAR (un seul exercice dans l'historique) : traitée comme 0 dans le calcul du FCF.
2026-09-05 13:50:39,832 [WARNING] Variation de BFR indisponible pour PCAR (un seul exercice dans l'historique) : traitée comme 0 dans le calcul du FCF.
2026-09-05 13:50:39,832 [WARNING] Variation de BFR indisponible pour PCAR (un seul exercice dans l'historique) : traitée comme 0 dans le calcul du FCF.
2026-09-05 13:50:39,832 [WARNING] Variation de BFR indisponible pour PCAR (un seul exercice dans l'historique) : traitée comme 0 dans le calcul du FCF.
2026-09-05 13:50:39,832 [WARNING] Variation de BFR indisponible pour PCAR (un seul exercice dans l'historique) : traitée comme 0 dans le calcul du FCF.
2026-09-05 13:50:39,832 [WARNING] Variation de BFR indisponible pour PCAR (un seul exercice dans l'historique) : traitée comme 0 dans le calcul du FCF.
2026-09-05 13:50:39,832 [WARNING] Variation de BFR indisponible pour PCAR (un seul exercice dans l'historique) : traitée comme 0 dans le calcul du FCF.
2026-09-05 13:50:39,832 [WARNING] Variation de BFR indisponible pour PCAR (un seul exercice dans l'historique) : traitée comme 0 dans le calcul du FCF.
2026-09-05 13:50:39,832 [WARNING] Variation de BFR indisponible pour PCAR (un seul exercice dans l'historique) : traitée comme 0 dans le calcul du FCF.
2026-09-05 13:50:39,832 [WARNING] Variation de BFR indisponible pour PCAR (un seul exercice dans l'historique) : traitée comme 0 dans le calcul du FCF.
2026-09-05 13:50:39,832 [WARNING] Variation de BFR indisponible pour PCAR (un seul exercice dans l'historique) : traitée comme 0 dans le calcul du FCF.
2026-09-05 13:50:39,833 [WARNING] Variation de BFR indisponible pour PCAR (un seul exercice dans l'historique) : traitée comme 0 dans le calcul du FCF.
2026-09-05 13:50:39,833 [WARNING] Variation de BFR indisponible pour PCAR (un seul exercice dans l'historique) : traitée comme 0 dans le calcul du FCF.
2026-09-05 13:50:39,833 [WARNING] Variation de BFR indisponible pour PCAR (un seul exercice dans l'historique) : traitée comme 0 dans le calcul du FCF.
2026-09-05 13:50:39,833 [WARNING] Variation de BFR indisponible pour PCAR (un seul exercice dans l'historique) : traitée comme 0 dans le calcul du FCF.
2026-09-05 13:50:39,833 [WARNING] Variation de BFR indisponible pour PCAR (un seul exercice dans l'historique) : traitée comme 0 dans le calcul du FCF.
2026-09-05 13:50:39,833 [WARNING] Variation de BFR indisponible pour PCAR (un seul exercice dans l'historique) : traitée comme 0 dans le calcul du FCF.
2026-09-05 13:50:39,833 [WARNING] Variation de BFR indisponible pour PCAR (un seul exercice dans l'historique) : traitée comme 0 dans le calcul du FCF.
2026-09-05 13:50:39,833 [WARNING] Variation de BFR indisponible pour PCAR (un seul exercice dans l'historique) : traitée comme 0 dans le calcul du FCF.
2026-09-05 13:50:39,834 [WARNING] Variation de BFR indisponible pour PCAR (un seul exercice dans l'historique) : traitée comme 0 dans le calcul du FCF.
2026-09-05 13:50:39,834 [WARNING] Variation de BFR indisponible pour PCAR (un seul exercice dans l'historique) : traitée comme 0 dans le calcul du FCF.
2026-09-05 13:50:39,834 [WARNING] Variation de BFR indisponible pour PCAR (un seul exercice dans l'historique) : traitée comme 0 dans le calcul du FCF.
2026-09-05 13:50:39,835 [WARNING] Variation de BFR indisponible pour PCAR (un seul exercice dans l'historique) : traitée comme 0 dans le calcul du FCF.
2026-09-05 13:50:39,835 [WARNING] Variation de BFR indisponible pour PCAR (un seul exercice dans l'historique) : traitée comme 0 dans le calcul du FCF.
2026-09-05 13:50:39,836 [WARNING] Variation de BFR indisponible pour PCAR (un seul exercice dans l'historique) : traitée comme 0 dans le calcul du FCF.
2026-09-05 13:50:39,836 [WARNING] Variation de BFR indisponible pour PCAR (un seul exercice dans l'historique) : traitée comme 0 dans le calcul du FCF.
2026-09-05 13:50:39,836 [WARNING] Variation de BFR indisponible pour PCAR (un seul exercice dans l'historique) : traitée comme 0 dans le calcul du FCF.
2026-09-05 13:50:39,836 [WARNING] Variation de BFR indisponible pour PCAR (un seul exercice dans l'historique) : traitée comme 0 dans le calcul du FCF.
2026-09-05 13:50:39,836 [WARNING] Variation de BFR indisponible pour PCAR (un seul exercice dans l'historique) : traitée comme 0 dans le calcul du FCF.
2026-09-05 13:50:39,836 [WARNING] Variation de BFR indisponible pour PCAR (un seul exercice dans l'historique) : traitée comme 0 dans le calcul du FCF.
2026-09-05 13:50:39,836 [WARNING] Variation de BFR indisponible pour PCAR (un seul exercice dans l'historique) : traitée comme 0 dans le calcul du FCF.
2026-09-05 13:50:39,837 [WARNING] Variation de BFR indisponible pour PCAR (un seul exercice dans l'historique) : traitée comme 0 dans le calcul du FCF.
2026-09-05 13:50:39,837 [WARNING] Variation de BFR indisponible pour PCAR (un seul exercice dans l'historique) : traitée comme 0 dans le calcul du FCF.
2026-09-05 13:50:39,837 [WARNING] Variation de BFR indisponible pour PCAR (un seul exercice dans l'historique) : traitée comme 0 dans le calcul du FCF.
2026-09-05 13:50:39,837 [WARNING] Variation de BFR indisponible pour PCAR (un seul exercice dans l'historique) : traitée comme 0 dans le calcul du FCF.
2026-09-05 13:50:39,837 [WARNING] Variation de BFR indisponible pour PCAR (un seul exercice dans l'historique) : traitée comme 0 dans le calcul du FCF.
2026-09-05 13:50:39,837 [WARNING] Variation de BFR indisponible pour PCG (un seul exercice dans l'historique) : traitée comme 0 dans le calcul du FCF.
2026-09-05 13:50:39,838 [WARNING] Variation de BFR indisponible pour PCG (un seul exercice dans l'historique) : traitée comme 0 dans le calcul du FCF.
2026-09-05 13:50:39,838 [WARNING] Variation de BFR indisponible pour PCG (un seul exercice dans l'historique) : traitée comme 0 dans le calcul du FCF.
2026-09-05 13:50:39,840 [WARNING] Variation de BFR indisponible pour PEG (un seul exercice dans l'historique) : traitée comme 0 dans le calcul du FCF.
2026-09-05 13:50:39,840 [WARNING] Variation de BFR indisponible pour PEG (un seul exercice dans l'historique) : traitée comme 0 dans le calcul du FCF.
2026-09-05 13:50:39,853 [WARNING] Variation de BFR indisponible pour PG (un seul exercice dans l'historique) : traitée comme 0 dans le calcul du FCF.
2026-09-05 13:50:39,853 [WARNING] Variation de BFR indisponible pour PG (un seul exercice dans l'historique) : traitée comme 0 dans le calcul du FCF.
2026-09-05 13:50:39,854 [WARNING] Variation de BFR indisponible pour PG (un seul exercice dans l'historique) : traitée comme 0 dans le calcul du FCF.
2026-09-05 13:50:39,860 [WARNING] Variation de BFR indisponible pour PH (un seul exercice dans l'historique) : traitée comme 0 dans le calcul du FCF.
2026-09-05 13:50:39,860 [WARNING] Variation de BFR indisponible pour PH (un seul exercice dans l'historique) : traitée comme 0 dans le calcul du FCF.
2026-09-05 13:50:39,860 [WARNING] Variation de BFR indisponible pour PH (un seul exercice dans l'historique) : traitée comme 0 dans le calcul du FCF.
2026-09-05 13:50:39,865 [WARNING] Variation de BFR indisponible pour PHM (un seul exercice dans l'historique) : traitée comme 0 dans le calcul du FCF.
2026-09-05 13:50:39,865 [WARNING] Variation de BFR indisponible pour PHM (un seul exercice dans l'historique) : traitée comme 0 dans le calcul du FCF.
2026-09-05 13:50:39,865 [WARNING] Variation de BFR indisponible pour PHM (un seul exercice dans l'historique) : traitée comme 0 dans le calcul du FCF.
2026-09-05 13:50:39,865 [WARNING] Variation de BFR indisponible pour PHM (un seul exercice dans l'historique) : traitée comme 0 dans le calcul du FCF.
2026-09-05 13:50:39,865 [WARNING] Variation de BFR indisponible pour PHM (un seul exercice dans l'historique) : traitée comme 0 dans le calcul du FCF.
2026-09-05 13:50:39,866 [WARNING] Variation de BFR indisponible pour PHM (un seul exercice dans l'historique) : traitée comme 0 dans le calcul du FCF.
2026-09-05 13:50:39,866 [WARNING] Variation de BFR indisponible pour PHM (un seul exercice dans l'historique) : traitée comme 0 dans le calcul du FCF.
2026-09-05 13:50:39,866 [WARNING] Variation de BFR indisponible pour PHM (un seul exercice dans l'historique) : traitée comme 0 dans le calcul du FCF.
2026-09-05 13:50:39,867 [WARNING] Variation de BFR indisponible pour PHM (un seul exercice dans l'historique) : traitée comme 0 dans le calcul du FCF.
2026-09-05 13:50:39,867 [WARNING] Variation de BFR indisponible pour PHM (un seul exercice dans l'historique) : traitée comme 0 dans le calcul du FCF.
2026-09-05 13:50:39,868 [WARNING] Variation de BFR indisponible pour PHM (un seul exercice dans l'historique) : traitée comme 0 dans le calcul du FCF.
2026-09-05 13:50:39,868 [WARNING] Variation de BFR indisponible pour PHM (un seul exercice dans l'historique) : traitée comme 0 dans le calcul du FCF.
2026-09-05 13:50:39,868 [WARNING] Variation de BFR indisponible pour PHM (un seul exercice dans l'historique) : traitée comme 0 dans le calcul du FCF.
2026-09-05 13:50:39,869 [WARNING] Variation de BFR indisponible pour PHM (un seul exercice dans l'historique) : traitée comme 0 dans le calcul du FCF.
2026-09-05 13:50:39,869 [WARNING] Variation de BFR indisponible pour PHM (un seul exercice dans l'historique) : traitée comme 0 dans le calcul du FCF.
2026-09-05 13:50:39,869 [WARNING] Variation de BFR indisponible pour PHM (un seul exercice dans l'historique) : traitée comme 0 dans le calcul du FCF.
2026-09-05 13:50:39,869 [WARNING] Variation de BFR indisponible pour PKG (un seul exercice dans l'historique) : traitée comme 0 dans le calcul du FCF.
2026-09-05 13:50:39,874 [WARNING] Variation de BFR indisponible pour PLD (un seul exercice dans l'historique) : traitée comme 0 dans le calcul du FCF.
2026-09-05 13:50:39,874 [WARNING] Variation de BFR indisponible pour PLD (un seul exercice dans l'historique) : traitée comme 0 dans le calcul du FCF.
2026-09-05 13:50:39,874 [WARNING] Variation de BFR indisponible pour PLD (un seul exercice dans l'historique) : traitée comme 0 dans le calcul du FCF.
2026-09-05 13:50:39,874 [WARNING] Variation de BFR indisponible pour PLD (un seul exercice dans l'historique) : traitée comme 0 dans le calcul du FCF.
2026-09-05 13:50:39,874 [WARNING] Variation de BFR indisponible pour PLD (un seul exercice dans l'historique) : traitée comme 0 dans le calcul du FCF.
2026-09-05 13:50:39,874 [WARNING] Variation de BFR indisponible pour PLD (un seul exercice dans l'historique) : traitée comme 0 dans le calcul du FCF.
2026-09-05 13:50:39,874 [WARNING] Variation de BFR indisponible pour PLD (un seul exercice dans l'historique) : traitée comme 0 dans le calcul du FCF.
2026-09-05 13:50:39,874 [WARNING] Variation de BFR indisponible pour PLD (un seul exercice dans l'historique) : traitée comme 0 dans le calcul du FCF.
2026-09-05 13:50:39,874 [WARNING] Variation de BFR indisponible pour PLD (un seul exercice dans l'historique) : traitée comme 0 dans le calcul du FCF.
2026-09-05 13:50:39,874 [WARNING] Variation de BFR indisponible pour PLD (un seul exercice dans l'historique) : traitée comme 0 dans le calcul du FCF.
2026-09-05 13:50:39,875 [WARNING] Variation de BFR indisponible pour PLD (un seul exercice dans l'historique) : traitée comme 0 dans le calcul du FCF.
2026-09-05 13:50:39,875 [WARNING] Variation de BFR indisponible pour PLD (un seul exercice dans l'historique) : traitée comme 0 dans le calcul du FCF.
2026-09-05 13:50:39,875 [WARNING] Variation de BFR indisponible pour PLD (un seul exercice dans l'historique) : traitée comme 0 dans le calcul du FCF.
2026-09-05 13:50:39,875 [WARNING] Variation de BFR indisponible pour PLD (un seul exercice dans l'historique) : traitée comme 0 dans le calcul du FCF.
2026-09-05 13:50:39,875 [WARNING] Variation de BFR indisponible pour PLD (un seul exercice dans l'historique) : traitée comme 0 dans le calcul du FCF.
2026-09-05 13:50:39,875 [WARNING] Variation de BFR indisponible pour PLD (un seul exercice dans l'historique) : traitée comme 0 dans le calcul du FCF.
2026-09-05 13:50:39,875 [WARNING] Variation de BFR indisponible pour PLD (un seul exercice dans l'historique) : traitée comme 0 dans le calcul du FCF.
2026-09-05 13:50:39,877 [WARNING] Variation de BFR indisponible pour PM (un seul exercice dans l'historique) : traitée comme 0 dans le calcul du FCF.
2026-09-05 13:50:39,877 [WARNING] Variation de BFR indisponible pour PM (un seul exercice dans l'historique) : traitée comme 0 dans le calcul du FCF.
2026-09-05 13:50:39,884 [WARNING] Variation de BFR indisponible pour PNR (un seul exercice dans l'historique) : traitée comme 0 dans le calcul du FCF.
2026-09-05 13:50:39,891 [WARNING] Variation de BFR indisponible pour PNW (un seul exercice dans l'historique) : traitée comme 0 dans le calcul du FCF.
2026-09-05 13:50:39,900 [WARNING] Variation de BFR indisponible pour PPL (un seul exercice dans l'historique) : traitée comme 0 dans le calcul du FCF.
2026-09-05 13:50:39,901 [WARNING] Variation de BFR indisponible pour PPL (un seul exercice dans l'historique) : traitée comme 0 dans le calcul du FCF.
2026-09-05 13:50:39,907 [WARNING] Variation de BFR indisponible pour PSA (un seul exercice dans l'historique) : traitée comme 0 dans le calcul du FCF.
2026-09-05 13:50:39,907 [WARNING] Variation de BFR indisponible pour PSA (un seul exercice dans l'historique) : traitée comme 0 dans le calcul du FCF.
2026-09-05 13:50:39,907 [WARNING] Variation de BFR indisponible pour PSA (un seul exercice dans l'historique) : traitée comme 0 dans le calcul du FCF.
2026-09-05 13:50:39,907 [WARNING] Variation de BFR indisponible pour PSA (un seul exercice dans l'historique) : traitée comme 0 dans le calcul du FCF.
2026-09-05 13:50:39,907 [WARNING] Variation de BFR indisponible pour PSA (un seul exercice dans l'historique) : traitée comme 0 dans le calcul du FCF.
2026-09-05 13:50:39,907 [WARNING] Variation de BFR indisponible pour PSA (un seul exercice dans l'historique) : traitée comme 0 dans le calcul du FCF.
2026-09-05 13:50:39,907 [WARNING] Variation de BFR indisponible pour PSA (un seul exercice dans l'historique) : traitée comme 0 dans le calcul du FCF.
2026-09-05 13:50:39,907 [WARNING] Variation de BFR indisponible pour PSA (un seul exercice dans l'historique) : traitée comme 0 dans le calcul du FCF.
2026-09-05 13:50:39,907 [WARNING] Variation de BFR indisponible pour PSA (un seul exercice dans l'historique) : traitée comme 0 dans le calcul du FCF.
2026-09-05 13:50:39,908 [WARNING] Variation de BFR indisponible pour PSA (un seul exercice dans l'historique) : traitée comme 0 dans le calcul du FCF.
2026-09-05 13:50:39,908 [WARNING] Variation de BFR indisponible pour PSA (un seul exercice dans l'historique) : traitée comme 0 dans le calcul du FCF.
2026-09-05 13:50:39,908 [WARNING] Variation de BFR indisponible pour PSA (un seul exercice dans l'historique) : traitée comme 0 dans le calcul du FCF.
2026-09-05 13:50:39,908 [WARNING] Variation de BFR indisponible pour PSA (un seul exercice dans l'historique) : traitée comme 0 dans le calcul du FCF.
2026-09-05 13:50:39,908 [WARNING] Variation de BFR indisponible pour PSA (un seul exercice dans l'historique) : traitée comme 0 dans le calcul du FCF.
2026-09-05 13:50:39,908 [WARNING] Variation de BFR indisponible pour PSA (un seul exercice dans l'historique) : traitée comme 0 dans le calcul du FCF.
2026-09-05 13:50:39,908 [WARNING] Variation de BFR indisponible pour PSA (un seul exercice dans l'historique) : traitée comme 0 dans le calcul du FCF.
2026-09-05 13:50:39,908 [WARNING] Variation de BFR indisponible pour PSA (un seul exercice dans l'historique) : traitée comme 0 dans le calcul du FCF.
2026-09-05 13:50:39,909 [WARNING] Variation de BFR indisponible pour PSA (un seul exercice dans l'historique) : traitée comme 0 dans le calcul du FCF.
2026-09-05 13:50:39,909 [WARNING] Variation de BFR indisponible pour PSA (un seul exercice dans l'historique) : traitée comme 0 dans le calcul du FCF.
2026-09-05 13:50:39,909 [WARNING] Variation de BFR indisponible pour PSA (un seul exercice dans l'historique) : traitée comme 0 dans le calcul du FCF.
2026-09-05 13:50:39,909 [WARNING] Variation de BFR indisponible pour PSA (un seul exercice dans l'historique) : traitée comme 0 dans le calcul du FCF.
2026-09-05 13:50:39,910 [WARNING] Variation de BFR indisponible pour PSKY (un seul exercice dans l'historique) : traitée comme 0 dans le calcul du FCF.
2026-09-05 13:50:39,912 [WARNING] Variation de BFR indisponible pour PTC (un seul exercice dans l'historique) : traitée comme 0 dans le calcul du FCF.
2026-09-05 13:50:39,913 [WARNING] Variation de BFR indisponible pour PTC (un seul exercice dans l'historique) : traitée comme 0 dans le calcul du FCF.
2026-09-05 13:50:39,916 [WARNING] Variation de BFR indisponible pour PWR (un seul exercice dans l'historique) : traitée comme 0 dans le calcul du FCF.
2026-09-05 13:50:39,916 [WARNING] Variation de BFR indisponible pour PWR (un seul exercice dans l'historique) : traitée comme 0 dans le calcul du FCF.
2026-09-05 13:50:39,922 [WARNING] Variation de BFR indisponible pour PYPL (un seul exercice dans l'historique) : traitée comme 0 dans le calcul du FCF.
2026-09-05 13:50:39,922 [WARNING] Variation de BFR indisponible pour PYPL (un seul exercice dans l'historique) : traitée comme 0 dans le calcul du FCF.
2026-09-05 13:50:39,925 [WARNING] Variation de BFR indisponible pour Q (un seul exercice dans l'historique) : traitée comme 0 dans le calcul du FCF.
2026-09-05 13:50:39,925 [WARNING] Variation de BFR indisponible pour Q (un seul exercice dans l'historique) : traitée comme 0 dans le calcul du FCF.
2026-09-05 13:50:39,930 [WARNING] Variation de BFR indisponible pour RCL (un seul exercice dans l'historique) : traitée comme 0 dans le calcul du FCF.
2026-09-05 13:50:39,930 [WARNING] Variation de BFR indisponible pour RCL (un seul exercice dans l'historique) : traitée comme 0 dans le calcul du FCF.
2026-09-05 13:50:39,941 [WARNING] Variation de BFR indisponible pour RL (un seul exercice dans l'historique) : traitée comme 0 dans le calcul du FCF.
2026-09-05 13:50:39,941 [WARNING] Variation de BFR indisponible pour RL (un seul exercice dans l'historique) : traitée comme 0 dans le calcul du FCF.
2026-09-05 13:50:39,943 [WARNING] Variation de BFR indisponible pour RMD (un seul exercice dans l'historique) : traitée comme 0 dans le calcul du FCF.
2026-09-05 13:50:39,944 [WARNING] Variation de BFR indisponible pour RMD (un seul exercice dans l'historique) : traitée comme 0 dans le calcul du FCF.
2026-09-05 13:50:39,944 [WARNING] Variation de BFR indisponible pour RMD (un seul exercice dans l'historique) : traitée comme 0 dans le calcul du FCF.
2026-09-05 13:50:39,948 [WARNING] Variation de BFR indisponible pour ROK (un seul exercice dans l'historique) : traitée comme 0 dans le calcul du FCF.
2026-09-05 13:50:39,956 [WARNING] Variation de BFR indisponible pour ROP (un seul exercice dans l'historique) : traitée comme 0 dans le calcul du FCF.
2026-09-05 13:50:39,956 [WARNING] Variation de BFR indisponible pour ROP (un seul exercice dans l'historique) : traitée comme 0 dans le calcul du FCF.
2026-09-05 13:50:39,956 [WARNING] Variation de BFR indisponible pour ROP (un seul exercice dans l'historique) : traitée comme 0 dans le calcul du FCF.
2026-09-05 13:50:39,961 [WARNING] Variation de BFR indisponible pour ROST (un seul exercice dans l'historique) : traitée comme 0 dans le calcul du FCF.
2026-09-05 13:50:39,961 [WARNING] Variation de BFR indisponible pour ROST (un seul exercice dans l'historique) : traitée comme 0 dans le calcul du FCF.
2026-09-05 13:50:39,961 [WARNING] Variation de BFR indisponible pour ROST (un seul exercice dans l'historique) : traitée comme 0 dans le calcul du FCF.
2026-09-05 13:50:39,965 [WARNING] Variation de BFR indisponible pour RSG (un seul exercice dans l'historique) : traitée comme 0 dans le calcul du FCF.
2026-09-05 13:50:39,965 [WARNING] Variation de BFR indisponible pour RSG (un seul exercice dans l'historique) : traitée comme 0 dans le calcul du FCF.
2026-09-05 13:50:39,965 [WARNING] Variation de BFR indisponible pour RSG (un seul exercice dans l'historique) : traitée comme 0 dans le calcul du FCF.
2026-09-05 13:50:39,971 [WARNING] Variation de BFR indisponible pour RTX (un seul exercice dans l'historique) : traitée comme 0 dans le calcul du FCF.
2026-09-05 13:50:39,975 [WARNING] Variation de BFR indisponible pour RVTY (un seul exercice dans l'historique) : traitée comme 0 dans le calcul du FCF.
2026-09-05 13:50:39,978 [WARNING] Variation de BFR indisponible pour SBAC (un seul exercice dans l'historique) : traitée comme 0 dans le calcul du FCF.
2026-09-05 13:50:39,979 [WARNING] Variation de BFR indisponible pour SBAC (un seul exercice dans l'historique) : traitée comme 0 dans le calcul du FCF.
2026-09-05 13:50:39,992 [WARNING] Variation de BFR indisponible pour SJM (un seul exercice dans l'historique) : traitée comme 0 dans le calcul du FCF.
2026-09-05 13:50:39,992 [WARNING] Variation de BFR indisponible pour SJM (un seul exercice dans l'historique) : traitée comme 0 dans le calcul du FCF.
2026-09-05 13:50:39,992 [WARNING] Variation de BFR indisponible pour SJM (un seul exercice dans l'historique) : traitée comme 0 dans le calcul du FCF.
2026-09-05 13:50:39,992 [WARNING] Variation de BFR indisponible pour SJM (un seul exercice dans l'historique) : traitée comme 0 dans le calcul du FCF.
2026-09-05 13:50:40,000 [WARNING] Variation de BFR indisponible pour SMCI (un seul exercice dans l'historique) : traitée comme 0 dans le calcul du FCF.
2026-09-05 13:50:40,000 [WARNING] Variation de BFR indisponible pour SMCI (un seul exercice dans l'historique) : traitée comme 0 dans le calcul du FCF.
2026-09-05 13:50:40,000 [WARNING] Variation de BFR indisponible pour SMCI (un seul exercice dans l'historique) : traitée comme 0 dans le calcul du FCF.
2026-09-05 13:50:40,005 [WARNING] Variation de BFR indisponible pour SNA (un seul exercice dans l'historique) : traitée comme 0 dans le calcul du FCF.
2026-09-05 13:50:40,009 [WARNING] Variation de BFR indisponible pour SNPS (un seul exercice dans l'historique) : traitée comme 0 dans le calcul du FCF.
2026-09-05 13:50:40,010 [WARNING] Variation de BFR indisponible pour SNPS (un seul exercice dans l'historique) : traitée comme 0 dans le calcul du FCF.
2026-09-05 13:50:40,013 [WARNING] Variation de BFR indisponible pour SO (un seul exercice dans l'historique) : traitée comme 0 dans le calcul du FCF.
2026-09-05 13:50:40,014 [WARNING] Variation de BFR indisponible pour SO (un seul exercice dans l'historique) : traitée comme 0 dans le calcul du FCF.
2026-09-05 13:50:40,014 [WARNING] Variation de BFR indisponible pour SO (un seul exercice dans l'historique) : traitée comme 0 dans le calcul du FCF.
2026-09-05 13:50:40,014 [WARNING] Variation de BFR indisponible pour SO (un seul exercice dans l'historique) : traitée comme 0 dans le calcul du FCF.
2026-09-05 13:50:40,016 [WARNING] Variation de BFR indisponible pour SOLV (un seul exercice dans l'historique) : traitée comme 0 dans le calcul du FCF.
2026-09-05 13:50:40,017 [WARNING] Variation de BFR indisponible pour SOLV (un seul exercice dans l'historique) : traitée comme 0 dans le calcul du FCF.
2026-09-05 13:50:40,017 [WARNING] Variation de BFR indisponible pour SOLV (un seul exercice dans l'historique) : traitée comme 0 dans le calcul du FCF.
2026-09-05 13:50:40,018 [WARNING] Variation de BFR indisponible pour SPG (un seul exercice dans l'historique) : traitée comme 0 dans le calcul du FCF.
2026-09-05 13:50:40,018 [WARNING] Variation de BFR indisponible pour SPG (un seul exercice dans l'historique) : traitée comme 0 dans le calcul du FCF.
2026-09-05 13:50:40,018 [WARNING] Variation de BFR indisponible pour SPG (un seul exercice dans l'historique) : traitée comme 0 dans le calcul du FCF.
2026-09-05 13:50:40,018 [WARNING] Variation de BFR indisponible pour SPG (un seul exercice dans l'historique) : traitée comme 0 dans le calcul du FCF.
2026-09-05 13:50:40,018 [WARNING] Variation de BFR indisponible pour SPG (un seul exercice dans l'historique) : traitée comme 0 dans le calcul du FCF.
2026-09-05 13:50:40,018 [WARNING] Variation de BFR indisponible pour SPG (un seul exercice dans l'historique) : traitée comme 0 dans le calcul du FCF.
2026-09-05 13:50:40,019 [WARNING] Variation de BFR indisponible pour SPG (un seul exercice dans l'historique) : traitée comme 0 dans le calcul du FCF.
2026-09-05 13:50:40,019 [WARNING] Variation de BFR indisponible pour SPG (un seul exercice dans l'historique) : traitée comme 0 dans le calcul du FCF.
2026-09-05 13:50:40,019 [WARNING] Variation de BFR indisponible pour SPG (un seul exercice dans l'historique) : traitée comme 0 dans le calcul du FCF.
2026-09-05 13:50:40,019 [WARNING] Variation de BFR indisponible pour SPG (un seul exercice dans l'historique) : traitée comme 0 dans le calcul du FCF.
2026-09-05 13:50:40,019 [WARNING] Variation de BFR indisponible pour SPG (un seul exercice dans l'historique) : traitée comme 0 dans le calcul du FCF.
2026-09-05 13:50:40,019 [WARNING] Variation de BFR indisponible pour SPG (un seul exercice dans l'historique) : traitée comme 0 dans le calcul du FCF.
2026-09-05 13:50:40,019 [WARNING] Variation de BFR indisponible pour SPG (un seul exercice dans l'historique) : traitée comme 0 dans le calcul du FCF.
2026-09-05 13:50:40,020 [WARNING] Variation de BFR indisponible pour SPG (un seul exercice dans l'historique) : traitée comme 0 dans le calcul du FCF.
2026-09-05 13:50:40,020 [WARNING] Variation de BFR indisponible pour SPG (un seul exercice dans l'historique) : traitée comme 0 dans le calcul du FCF.
2026-09-05 13:50:40,020 [WARNING] Variation de BFR indisponible pour SPG (un seul exercice dans l'historique) : traitée comme 0 dans le calcul du FCF.
2026-09-05 13:50:40,020 [WARNING] Variation de BFR indisponible pour SPG (un seul exercice dans l'historique) : traitée comme 0 dans le calcul du FCF.
2026-09-05 13:50:40,020 [WARNING] Variation de BFR indisponible pour SPG (un seul exercice dans l'historique) : traitée comme 0 dans le calcul du FCF.
2026-09-05 13:50:40,020 [WARNING] Variation de BFR indisponible pour SPG (un seul exercice dans l'historique) : traitée comme 0 dans le calcul du FCF.
2026-09-05 13:50:40,020 [WARNING] Variation de BFR indisponible pour SPG (un seul exercice dans l'historique) : traitée comme 0 dans le calcul du FCF.
2026-09-05 13:50:40,020 [WARNING] Variation de BFR indisponible pour SPG (un seul exercice dans l'historique) : traitée comme 0 dans le calcul du FCF.
2026-09-05 13:50:40,020 [WARNING] Variation de BFR indisponible pour SPG (un seul exercice dans l'historique) : traitée comme 0 dans le calcul du FCF.
2026-09-05 13:50:40,020 [WARNING] Variation de BFR indisponible pour SPG (un seul exercice dans l'historique) : traitée comme 0 dans le calcul du FCF.
2026-09-05 13:50:40,020 [WARNING] Variation de BFR indisponible pour SPG (un seul exercice dans l'historique) : traitée comme 0 dans le calcul du FCF.
2026-09-05 13:50:40,020 [WARNING] Variation de BFR indisponible pour SPG (un seul exercice dans l'historique) : traitée comme 0 dans le calcul du FCF.
2026-09-05 13:50:40,021 [WARNING] Variation de BFR indisponible pour SPGI (un seul exercice dans l'historique) : traitée comme 0 dans le calcul du FCF.
2026-09-05 13:50:40,025 [WARNING] Variation de BFR indisponible pour SRE (un seul exercice dans l'historique) : traitée comme 0 dans le calcul du FCF.
2026-09-05 13:50:40,026 [WARNING] Variation de BFR indisponible pour SRE (un seul exercice dans l'historique) : traitée comme 0 dans le calcul du FCF.
2026-09-05 13:50:40,028 [WARNING] Variation de BFR indisponible pour STE (un seul exercice dans l'historique) : traitée comme 0 dans le calcul du FCF.
2026-09-05 13:50:40,028 [WARNING] Variation de BFR indisponible pour STE (un seul exercice dans l'historique) : traitée comme 0 dans le calcul du FCF.
2026-09-05 13:50:40,030 [WARNING] Variation de BFR indisponible pour STLD (un seul exercice dans l'historique) : traitée comme 0 dans le calcul du FCF.
2026-09-05 13:50:40,042 [WARNING] Variation de BFR indisponible pour STX (un seul exercice dans l'historique) : traitée comme 0 dans le calcul du FCF.
2026-09-05 13:50:40,058 [WARNING] Variation de BFR indisponible pour STZ (un seul exercice dans l'historique) : traitée comme 0 dans le calcul du FCF.
2026-09-05 13:50:40,067 [WARNING] Variation de BFR indisponible pour SW (un seul exercice dans l'historique) : traitée comme 0 dans le calcul du FCF.
2026-09-05 13:50:40,068 [WARNING] Variation de BFR indisponible pour SW (un seul exercice dans l'historique) : traitée comme 0 dans le calcul du FCF.
2026-09-05 13:50:40,069 [WARNING] Variation de BFR indisponible pour SWK (un seul exercice dans l'historique) : traitée comme 0 dans le calcul du FCF.
2026-09-05 13:50:40,070 [WARNING] Variation de BFR indisponible pour SWK (un seul exercice dans l'historique) : traitée comme 0 dans le calcul du FCF.
2026-09-05 13:50:40,084 [WARNING] Variation de BFR indisponible pour SWKS (un seul exercice dans l'historique) : traitée comme 0 dans le calcul du FCF.
2026-09-05 13:50:40,084 [WARNING] Variation de BFR indisponible pour SWKS (un seul exercice dans l'historique) : traitée comme 0 dans le calcul du FCF.
2026-09-05 13:50:40,107 [WARNING] Variation de BFR indisponible pour SYK (un seul exercice dans l'historique) : traitée comme 0 dans le calcul du FCF.
2026-09-05 13:50:40,126 [WARNING] Variation de BFR indisponible pour SYY (un seul exercice dans l'historique) : traitée comme 0 dans le calcul du FCF.
2026-09-05 13:50:40,127 [WARNING] Variation de BFR indisponible pour SYY (un seul exercice dans l'historique) : traitée comme 0 dans le calcul du FCF.
2026-09-05 13:50:40,127 [WARNING] Variation de BFR indisponible pour SYY (un seul exercice dans l'historique) : traitée comme 0 dans le calcul du FCF.
2026-09-05 13:50:40,142 [WARNING] Variation de BFR indisponible pour T (un seul exercice dans l'historique) : traitée comme 0 dans le calcul du FCF.
2026-09-05 13:50:40,142 [WARNING] Variation de BFR indisponible pour T (un seul exercice dans l'historique) : traitée comme 0 dans le calcul du FCF.
2026-09-05 13:50:40,160 [WARNING] Variation de BFR indisponible pour TAP (un seul exercice dans l'historique) : traitée comme 0 dans le calcul du FCF.
2026-09-05 13:50:40,160 [WARNING] Variation de BFR indisponible pour TAP (un seul exercice dans l'historique) : traitée comme 0 dans le calcul du FCF.
2026-09-05 13:50:40,173 [WARNING] Variation de BFR indisponible pour TDG (un seul exercice dans l'historique) : traitée comme 0 dans le calcul du FCF.
2026-09-05 13:50:40,174 [WARNING] Variation de BFR indisponible pour TDG (un seul exercice dans l'historique) : traitée comme 0 dans le calcul du FCF.
2026-09-05 13:50:40,191 [WARNING] Variation de BFR indisponible pour TDY (un seul exercice dans l'historique) : traitée comme 0 dans le calcul du FCF.
2026-09-05 13:50:40,192 [WARNING] Variation de BFR indisponible pour TDY (un seul exercice dans l'historique) : traitée comme 0 dans le calcul du FCF.
2026-09-05 13:50:40,207 [WARNING] Variation de BFR indisponible pour TECH (un seul exercice dans l'historique) : traitée comme 0 dans le calcul du FCF.
2026-09-05 13:50:40,207 [WARNING] Variation de BFR indisponible pour TECH (un seul exercice dans l'historique) : traitée comme 0 dans le calcul du FCF.
2026-09-05 13:50:40,208 [WARNING] Variation de BFR indisponible pour TECH (un seul exercice dans l'historique) : traitée comme 0 dans le calcul du FCF.
2026-09-05 13:50:40,262 [WARNING] Variation de BFR indisponible pour TGT (un seul exercice dans l'historique) : traitée comme 0 dans le calcul du FCF.
2026-09-05 13:50:40,262 [WARNING] Variation de BFR indisponible pour TGT (un seul exercice dans l'historique) : traitée comme 0 dans le calcul du FCF.
2026-09-05 13:50:40,294 [WARNING] Variation de BFR indisponible pour TKO (un seul exercice dans l'historique) : traitée comme 0 dans le calcul du FCF.
2026-09-05 13:50:40,294 [WARNING] Variation de BFR indisponible pour TKO (un seul exercice dans l'historique) : traitée comme 0 dans le calcul du FCF.
2026-09-05 13:50:40,295 [WARNING] Variation de BFR indisponible pour TKO (un seul exercice dans l'historique) : traitée comme 0 dans le calcul du FCF.
2026-09-05 13:50:40,296 [WARNING] Variation de BFR indisponible pour TMO (un seul exercice dans l'historique) : traitée comme 0 dans le calcul du FCF.
2026-09-05 13:50:40,320 [WARNING] Variation de BFR indisponible pour TMUS (un seul exercice dans l'historique) : traitée comme 0 dans le calcul du FCF.
2026-09-05 13:50:40,320 [WARNING] Variation de BFR indisponible pour TMUS (un seul exercice dans l'historique) : traitée comme 0 dans le calcul du FCF.
2026-09-05 13:50:40,336 [WARNING] Variation de BFR indisponible pour TPL (un seul exercice dans l'historique) : traitée comme 0 dans le calcul du FCF.
2026-09-05 13:50:40,337 [WARNING] Variation de BFR indisponible pour TPL (un seul exercice dans l'historique) : traitée comme 0 dans le calcul du FCF.
2026-09-05 13:50:40,345 [WARNING] Variation de BFR indisponible pour TPR (un seul exercice dans l'historique) : traitée comme 0 dans le calcul du FCF.
2026-09-05 13:50:40,346 [WARNING] Variation de BFR indisponible pour TPR (un seul exercice dans l'historique) : traitée comme 0 dans le calcul du FCF.
2026-09-05 13:50:40,346 [WARNING] Variation de BFR indisponible pour TPR (un seul exercice dans l'historique) : traitée comme 0 dans le calcul du FCF.
2026-09-05 13:50:40,366 [WARNING] Variation de BFR indisponible pour TRGP (un seul exercice dans l'historique) : traitée comme 0 dans le calcul du FCF.
2026-09-05 13:50:40,367 [WARNING] Variation de BFR indisponible pour TRGP (un seul exercice dans l'historique) : traitée comme 0 dans le calcul du FCF.
2026-09-05 13:50:40,367 [WARNING] Variation de BFR indisponible pour TRGP (un seul exercice dans l'historique) : traitée comme 0 dans le calcul du FCF.
2026-09-05 13:50:40,381 [WARNING] Variation de BFR indisponible pour TRMB (un seul exercice dans l'historique) : traitée comme 0 dans le calcul du FCF.
2026-09-05 13:50:40,381 [WARNING] Variation de BFR indisponible pour TRMB (un seul exercice dans l'historique) : traitée comme 0 dans le calcul du FCF.
2026-09-05 13:50:40,418 [WARNING] Variation de BFR indisponible pour TSCO (un seul exercice dans l'historique) : traitée comme 0 dans le calcul du FCF.
2026-09-05 13:50:40,419 [WARNING] Variation de BFR indisponible pour TSCO (un seul exercice dans l'historique) : traitée comme 0 dans le calcul du FCF.
2026-09-05 13:50:40,419 [WARNING] Variation de BFR indisponible pour TSCO (un seul exercice dans l'historique) : traitée comme 0 dans le calcul du FCF.
2026-09-05 13:50:40,450 [WARNING] Variation de BFR indisponible pour TSN (un seul exercice dans l'historique) : traitée comme 0 dans le calcul du FCF.
2026-09-05 13:50:40,462 [WARNING] Variation de BFR indisponible pour TT (un seul exercice dans l'historique) : traitée comme 0 dans le calcul du FCF.
2026-09-05 13:50:40,486 [WARNING] Variation de BFR indisponible pour TTD (un seul exercice dans l'historique) : traitée comme 0 dans le calcul du FCF.
2026-09-05 13:50:40,486 [WARNING] Variation de BFR indisponible pour TTD (un seul exercice dans l'historique) : traitée comme 0 dans le calcul du FCF.
2026-09-05 13:50:40,493 [WARNING] Variation de BFR indisponible pour TTWO (un seul exercice dans l'historique) : traitée comme 0 dans le calcul du FCF.
2026-09-05 13:50:40,525 [WARNING] Variation de BFR indisponible pour TXT (un seul exercice dans l'historique) : traitée comme 0 dans le calcul du FCF.
2026-09-05 13:50:40,526 [WARNING] Variation de BFR indisponible pour TXT (un seul exercice dans l'historique) : traitée comme 0 dans le calcul du FCF.
2026-09-05 13:50:40,526 [WARNING] Variation de BFR indisponible pour TXT (un seul exercice dans l'historique) : traitée comme 0 dans le calcul du FCF.
2026-09-05 13:50:40,527 [WARNING] Variation de BFR indisponible pour TXT (un seul exercice dans l'historique) : traitée comme 0 dans le calcul du FCF.
2026-09-05 13:50:40,527 [WARNING] Variation de BFR indisponible pour TXT (un seul exercice dans l'historique) : traitée comme 0 dans le calcul du FCF.
2026-09-05 13:50:40,528 [WARNING] Variation de BFR indisponible pour TXT (un seul exercice dans l'historique) : traitée comme 0 dans le calcul du FCF.
2026-09-05 13:50:40,528 [WARNING] Variation de BFR indisponible pour TXT (un seul exercice dans l'historique) : traitée comme 0 dans le calcul du FCF.
2026-09-05 13:50:40,529 [WARNING] Variation de BFR indisponible pour TXT (un seul exercice dans l'historique) : traitée comme 0 dans le calcul du FCF.
2026-09-05 13:50:40,529 [WARNING] Variation de BFR indisponible pour TXT (un seul exercice dans l'historique) : traitée comme 0 dans le calcul du FCF.
2026-09-05 13:50:40,530 [WARNING] Variation de BFR indisponible pour TXT (un seul exercice dans l'historique) : traitée comme 0 dans le calcul du FCF.
2026-09-05 13:50:40,530 [WARNING] Variation de BFR indisponible pour TXT (un seul exercice dans l'historique) : traitée comme 0 dans le calcul du FCF.
2026-09-05 13:50:40,530 [WARNING] Variation de BFR indisponible pour TXT (un seul exercice dans l'historique) : traitée comme 0 dans le calcul du FCF.
2026-09-05 13:50:40,531 [WARNING] Variation de BFR indisponible pour TXT (un seul exercice dans l'historique) : traitée comme 0 dans le calcul du FCF.
2026-09-05 13:50:40,531 [WARNING] Variation de BFR indisponible pour TXT (un seul exercice dans l'historique) : traitée comme 0 dans le calcul du FCF.
2026-09-05 13:50:40,532 [WARNING] Variation de BFR indisponible pour TXT (un seul exercice dans l'historique) : traitée comme 0 dans le calcul du FCF.
2026-09-05 13:50:40,532 [WARNING] Variation de BFR indisponible pour TXT (un seul exercice dans l'historique) : traitée comme 0 dans le calcul du FCF.
2026-09-05 13:50:40,533 [WARNING] Variation de BFR indisponible pour TXT (un seul exercice dans l'historique) : traitée comme 0 dans le calcul du FCF.
2026-09-05 13:50:40,533 [WARNING] Variation de BFR indisponible pour TXT (un seul exercice dans l'historique) : traitée comme 0 dans le calcul du FCF.
2026-09-05 13:50:40,534 [WARNING] Variation de BFR indisponible pour TXT (un seul exercice dans l'historique) : traitée comme 0 dans le calcul du FCF.
2026-09-05 13:50:40,534 [WARNING] Variation de BFR indisponible pour TXT (un seul exercice dans l'historique) : traitée comme 0 dans le calcul du FCF.
2026-09-05 13:50:40,535 [WARNING] Variation de BFR indisponible pour TXT (un seul exercice dans l'historique) : traitée comme 0 dans le calcul du FCF.
2026-09-05 13:50:40,535 [WARNING] Variation de BFR indisponible pour TXT (un seul exercice dans l'historique) : traitée comme 0 dans le calcul du FCF.
2026-09-05 13:50:40,536 [WARNING] Variation de BFR indisponible pour TXT (un seul exercice dans l'historique) : traitée comme 0 dans le calcul du FCF.
2026-09-05 13:50:40,536 [WARNING] Variation de BFR indisponible pour TXT (un seul exercice dans l'historique) : traitée comme 0 dans le calcul du FCF.
2026-09-05 13:50:40,537 [WARNING] Variation de BFR indisponible pour TXT (un seul exercice dans l'historique) : traitée comme 0 dans le calcul du FCF.
2026-09-05 13:50:40,537 [WARNING] Variation de BFR indisponible pour TXT (un seul exercice dans l'historique) : traitée comme 0 dans le calcul du FCF.
2026-09-05 13:50:40,538 [WARNING] Variation de BFR indisponible pour TXT (un seul exercice dans l'historique) : traitée comme 0 dans le calcul du FCF.
2026-09-05 13:50:40,538 [WARNING] Variation de BFR indisponible pour TXT (un seul exercice dans l'historique) : traitée comme 0 dans le calcul du FCF.
2026-09-05 13:50:40,539 [WARNING] Variation de BFR indisponible pour TXT (un seul exercice dans l'historique) : traitée comme 0 dans le calcul du FCF.
2026-09-05 13:50:40,539 [WARNING] Variation de BFR indisponible pour TXT (un seul exercice dans l'historique) : traitée comme 0 dans le calcul du FCF.
2026-09-05 13:50:40,540 [WARNING] Variation de BFR indisponible pour TXT (un seul exercice dans l'historique) : traitée comme 0 dans le calcul du FCF.
2026-09-05 13:50:40,540 [WARNING] Variation de BFR indisponible pour TXT (un seul exercice dans l'historique) : traitée comme 0 dans le calcul du FCF.
2026-09-05 13:50:40,541 [WARNING] Variation de BFR indisponible pour TXT (un seul exercice dans l'historique) : traitée comme 0 dans le calcul du FCF.
2026-09-05 13:50:40,541 [WARNING] Variation de BFR indisponible pour TXT (un seul exercice dans l'historique) : traitée comme 0 dans le calcul du FCF.
2026-09-05 13:50:40,541 [WARNING] Variation de BFR indisponible pour TXT (un seul exercice dans l'historique) : traitée comme 0 dans le calcul du FCF.
2026-09-05 13:50:40,542 [WARNING] Variation de BFR indisponible pour TXT (un seul exercice dans l'historique) : traitée comme 0 dans le calcul du FCF.
2026-09-05 13:50:40,542 [WARNING] Variation de BFR indisponible pour TXT (un seul exercice dans l'historique) : traitée comme 0 dans le calcul du FCF.
2026-09-05 13:50:40,543 [WARNING] Variation de BFR indisponible pour TXT (un seul exercice dans l'historique) : traitée comme 0 dans le calcul du FCF.
2026-09-05 13:50:40,543 [WARNING] Variation de BFR indisponible pour TXT (un seul exercice dans l'historique) : traitée comme 0 dans le calcul du FCF.
2026-09-05 13:50:40,544 [WARNING] Variation de BFR indisponible pour TXT (un seul exercice dans l'historique) : traitée comme 0 dans le calcul du FCF.
2026-09-05 13:50:40,545 [WARNING] Variation de BFR indisponible pour TXT (un seul exercice dans l'historique) : traitée comme 0 dans le calcul du FCF.
2026-09-05 13:50:40,545 [WARNING] Variation de BFR indisponible pour TXT (un seul exercice dans l'historique) : traitée comme 0 dans le calcul du FCF.
2026-09-05 13:50:40,546 [WARNING] Variation de BFR indisponible pour TXT (un seul exercice dans l'historique) : traitée comme 0 dans le calcul du FCF.
2026-09-05 13:50:40,549 [WARNING] Variation de BFR indisponible pour TYL (un seul exercice dans l'historique) : traitée comme 0 dans le calcul du FCF.
2026-09-05 13:50:40,549 [WARNING] Variation de BFR indisponible pour TYL (un seul exercice dans l'historique) : traitée comme 0 dans le calcul du FCF.
2026-09-05 13:50:40,577 [WARNING] Variation de BFR indisponible pour UDR (un seul exercice dans l'historique) : traitée comme 0 dans le calcul du FCF.
2026-09-05 13:50:40,577 [WARNING] Variation de BFR indisponible pour UDR (un seul exercice dans l'historique) : traitée comme 0 dans le calcul du FCF.
2026-09-05 13:50:40,578 [WARNING] Variation de BFR indisponible pour UDR (un seul exercice dans l'historique) : traitée comme 0 dans le calcul du FCF.
2026-09-05 13:50:40,578 [WARNING] Variation de BFR indisponible pour UDR (un seul exercice dans l'historique) : traitée comme 0 dans le calcul du FCF.
2026-09-05 13:50:40,579 [WARNING] Variation de BFR indisponible pour UDR (un seul exercice dans l'historique) : traitée comme 0 dans le calcul du FCF.
2026-09-05 13:50:40,579 [WARNING] Variation de BFR indisponible pour UDR (un seul exercice dans l'historique) : traitée comme 0 dans le calcul du FCF.
2026-09-05 13:50:40,579 [WARNING] Variation de BFR indisponible pour UDR (un seul exercice dans l'historique) : traitée comme 0 dans le calcul du FCF.
2026-09-05 13:50:40,580 [WARNING] Variation de BFR indisponible pour UDR (un seul exercice dans l'historique) : traitée comme 0 dans le calcul du FCF.
2026-09-05 13:50:40,580 [WARNING] Variation de BFR indisponible pour UDR (un seul exercice dans l'historique) : traitée comme 0 dans le calcul du FCF.
2026-09-05 13:50:40,580 [WARNING] Variation de BFR indisponible pour UDR (un seul exercice dans l'historique) : traitée comme 0 dans le calcul du FCF.
2026-09-05 13:50:40,581 [WARNING] Variation de BFR indisponible pour UDR (un seul exercice dans l'historique) : traitée comme 0 dans le calcul du FCF.
2026-09-05 13:50:40,581 [WARNING] Variation de BFR indisponible pour UDR (un seul exercice dans l'historique) : traitée comme 0 dans le calcul du FCF.
2026-09-05 13:50:40,581 [WARNING] Variation de BFR indisponible pour UDR (un seul exercice dans l'historique) : traitée comme 0 dans le calcul du FCF.
2026-09-05 13:50:40,582 [WARNING] Variation de BFR indisponible pour UDR (un seul exercice dans l'historique) : traitée comme 0 dans le calcul du FCF.
2026-09-05 13:50:40,582 [WARNING] Variation de BFR indisponible pour UDR (un seul exercice dans l'historique) : traitée comme 0 dans le calcul du FCF.
2026-09-05 13:50:40,587 [WARNING] Variation de BFR indisponible pour UHS (un seul exercice dans l'historique) : traitée comme 0 dans le calcul du FCF.
2026-09-05 13:50:40,587 [WARNING] Variation de BFR indisponible pour UHS (un seul exercice dans l'historique) : traitée comme 0 dans le calcul du FCF.
2026-09-05 13:50:40,597 [WARNING] Variation de BFR indisponible pour ULTA (un seul exercice dans l'historique) : traitée comme 0 dans le calcul du FCF.
2026-09-05 13:50:40,597 [WARNING] Variation de BFR indisponible pour ULTA (un seul exercice dans l'historique) : traitée comme 0 dans le calcul du FCF.
2026-09-05 13:50:40,598 [WARNING] Variation de BFR indisponible pour ULTA (un seul exercice dans l'historique) : traitée comme 0 dans le calcul du FCF.
2026-09-05 13:50:40,598 [WARNING] Variation de BFR indisponible pour ULTA (un seul exercice dans l'historique) : traitée comme 0 dans le calcul du FCF.
2026-09-05 13:50:40,611 [WARNING] Variation de BFR indisponible pour UNH (un seul exercice dans l'historique) : traitée comme 0 dans le calcul du FCF.
2026-09-05 13:50:40,611 [WARNING] Variation de BFR indisponible pour UNH (un seul exercice dans l'historique) : traitée comme 0 dans le calcul du FCF.
2026-09-05 13:50:40,631 [WARNING] Variation de BFR indisponible pour UNP (un seul exercice dans l'historique) : traitée comme 0 dans le calcul du FCF.
2026-09-05 13:50:40,631 [WARNING] Variation de BFR indisponible pour UNP (un seul exercice dans l'historique) : traitée comme 0 dans le calcul du FCF.
2026-09-05 13:50:40,647 [WARNING] Variation de BFR indisponible pour UPS (un seul exercice dans l'historique) : traitée comme 0 dans le calcul du FCF.
2026-09-05 13:50:40,648 [WARNING] Variation de BFR indisponible pour UPS (un seul exercice dans l'historique) : traitée comme 0 dans le calcul du FCF.
2026-09-05 13:50:40,648 [WARNING] Variation de BFR indisponible pour UPS (un seul exercice dans l'historique) : traitée comme 0 dans le calcul du FCF.
2026-09-05 13:50:40,660 [WARNING] Variation de BFR indisponible pour URI (un seul exercice dans l'historique) : traitée comme 0 dans le calcul du FCF.
2026-09-05 13:50:40,661 [WARNING] Variation de BFR indisponible pour URI (un seul exercice dans l'historique) : traitée comme 0 dans le calcul du FCF.
2026-09-05 13:50:40,661 [WARNING] Variation de BFR indisponible pour URI (un seul exercice dans l'historique) : traitée comme 0 dans le calcul du FCF.
2026-09-05 13:50:40,685 [WARNING] Variation de BFR indisponible pour V (un seul exercice dans l'historique) : traitée comme 0 dans le calcul du FCF.
2026-09-05 13:50:40,697 [WARNING] Variation de BFR indisponible pour VEEV (un seul exercice dans l'historique) : traitée comme 0 dans le calcul du FCF.
2026-09-05 13:50:40,697 [WARNING] Variation de BFR indisponible pour VEEV (un seul exercice dans l'historique) : traitée comme 0 dans le calcul du FCF.
2026-09-05 13:50:40,698 [WARNING] Variation de BFR indisponible pour VEEV (un seul exercice dans l'historique) : traitée comme 0 dans le calcul du FCF.
2026-09-05 13:50:40,713 [WARNING] Variation de BFR indisponible pour VLO (un seul exercice dans l'historique) : traitée comme 0 dans le calcul du FCF.
2026-09-05 13:50:40,713 [WARNING] Variation de BFR indisponible pour VLO (un seul exercice dans l'historique) : traitée comme 0 dans le calcul du FCF.
2026-09-05 13:50:40,728 [WARNING] Variation de BFR indisponible pour VLTO (un seul exercice dans l'historique) : traitée comme 0 dans le calcul du FCF.
2026-09-05 13:50:40,728 [WARNING] Variation de BFR indisponible pour VLTO (un seul exercice dans l'historique) : traitée comme 0 dans le calcul du FCF.
2026-09-05 13:50:40,731 [WARNING] Variation de BFR indisponible pour VMC (un seul exercice dans l'historique) : traitée comme 0 dans le calcul du FCF.
2026-09-05 13:50:40,731 [WARNING] Variation de BFR indisponible pour VMC (un seul exercice dans l'historique) : traitée comme 0 dans le calcul du FCF.
2026-09-05 13:50:40,744 [WARNING] Variation de BFR indisponible pour VRSK (un seul exercice dans l'historique) : traitée comme 0 dans le calcul du FCF.
2026-09-05 13:50:40,745 [WARNING] Variation de BFR indisponible pour VRSK (un seul exercice dans l'historique) : traitée comme 0 dans le calcul du FCF.
2026-09-05 13:50:40,745 [WARNING] Variation de BFR indisponible pour VRSK (un seul exercice dans l'historique) : traitée comme 0 dans le calcul du FCF.
2026-09-05 13:50:40,813 [WARNING] Variation de BFR indisponible pour VTR (un seul exercice dans l'historique) : traitée comme 0 dans le calcul du FCF.
2026-09-05 13:50:40,813 [WARNING] Variation de BFR indisponible pour VTR (un seul exercice dans l'historique) : traitée comme 0 dans le calcul du FCF.
2026-09-05 13:50:40,814 [WARNING] Variation de BFR indisponible pour VTR (un seul exercice dans l'historique) : traitée comme 0 dans le calcul du FCF.
2026-09-05 13:50:40,814 [WARNING] Variation de BFR indisponible pour VTR (un seul exercice dans l'historique) : traitée comme 0 dans le calcul du FCF.
2026-09-05 13:50:40,815 [WARNING] Variation de BFR indisponible pour VTR (un seul exercice dans l'historique) : traitée comme 0 dans le calcul du FCF.
2026-09-05 13:50:40,815 [WARNING] Variation de BFR indisponible pour VTR (un seul exercice dans l'historique) : traitée comme 0 dans le calcul du FCF.
2026-09-05 13:50:40,815 [WARNING] Variation de BFR indisponible pour VTR (un seul exercice dans l'historique) : traitée comme 0 dans le calcul du FCF.
2026-09-05 13:50:40,815 [WARNING] Variation de BFR indisponible pour VTR (un seul exercice dans l'historique) : traitée comme 0 dans le calcul du FCF.
2026-09-05 13:50:40,816 [WARNING] Variation de BFR indisponible pour VTR (un seul exercice dans l'historique) : traitée comme 0 dans le calcul du FCF.
2026-09-05 13:50:40,816 [WARNING] Variation de BFR indisponible pour VTR (un seul exercice dans l'historique) : traitée comme 0 dans le calcul du FCF.
2026-09-05 13:50:40,817 [WARNING] Variation de BFR indisponible pour VTR (un seul exercice dans l'historique) : traitée comme 0 dans le calcul du FCF.
2026-09-05 13:50:40,817 [WARNING] Variation de BFR indisponible pour VTR (un seul exercice dans l'historique) : traitée comme 0 dans le calcul du FCF.
2026-09-05 13:50:40,817 [WARNING] Variation de BFR indisponible pour VTR (un seul exercice dans l'historique) : traitée comme 0 dans le calcul du FCF.
2026-09-05 13:50:40,818 [WARNING] Variation de BFR indisponible pour VTR (un seul exercice dans l'historique) : traitée comme 0 dans le calcul du FCF.
2026-09-05 13:50:40,819 [WARNING] Variation de BFR indisponible pour VTR (un seul exercice dans l'historique) : traitée comme 0 dans le calcul du FCF.
2026-09-05 13:50:40,819 [WARNING] Variation de BFR indisponible pour VTR (un seul exercice dans l'historique) : traitée comme 0 dans le calcul du FCF.
2026-09-05 13:50:40,820 [WARNING] Variation de BFR indisponible pour VTR (un seul exercice dans l'historique) : traitée comme 0 dans le calcul du FCF.
2026-09-05 13:50:40,820 [WARNING] Variation de BFR indisponible pour VTR (un seul exercice dans l'historique) : traitée comme 0 dans le calcul du FCF.
2026-09-05 13:50:40,821 [WARNING] Variation de BFR indisponible pour VTR (un seul exercice dans l'historique) : traitée comme 0 dans le calcul du FCF.
2026-09-05 13:50:40,821 [WARNING] Variation de BFR indisponible pour VTR (un seul exercice dans l'historique) : traitée comme 0 dans le calcul du FCF.
2026-09-05 13:50:40,822 [WARNING] Variation de BFR indisponible pour VTR (un seul exercice dans l'historique) : traitée comme 0 dans le calcul du FCF.
2026-09-05 13:50:40,822 [WARNING] Variation de BFR indisponible pour VTR (un seul exercice dans l'historique) : traitée comme 0 dans le calcul du FCF.
2026-09-05 13:50:40,823 [WARNING] Variation de BFR indisponible pour VTR (un seul exercice dans l'historique) : traitée comme 0 dans le calcul du FCF.
2026-09-05 13:50:40,823 [WARNING] Variation de BFR indisponible pour VTR (un seul exercice dans l'historique) : traitée comme 0 dans le calcul du FCF.
2026-09-05 13:50:40,824 [WARNING] Variation de BFR indisponible pour VTR (un seul exercice dans l'historique) : traitée comme 0 dans le calcul du FCF.
2026-09-05 13:50:40,825 [WARNING] Variation de BFR indisponible pour VTR (un seul exercice dans l'historique) : traitée comme 0 dans le calcul du FCF.
2026-09-05 13:50:40,825 [WARNING] Variation de BFR indisponible pour VTR (un seul exercice dans l'historique) : traitée comme 0 dans le calcul du FCF.
2026-09-05 13:50:40,826 [WARNING] Variation de BFR indisponible pour VTR (un seul exercice dans l'historique) : traitée comme 0 dans le calcul du FCF.
2026-09-05 13:50:40,826 [WARNING] Variation de BFR indisponible pour VTR (un seul exercice dans l'historique) : traitée comme 0 dans le calcul du FCF.
2026-09-05 13:50:40,827 [WARNING] Variation de BFR indisponible pour VTR (un seul exercice dans l'historique) : traitée comme 0 dans le calcul du FCF.
2026-09-05 13:50:40,827 [WARNING] Variation de BFR indisponible pour VTR (un seul exercice dans l'historique) : traitée comme 0 dans le calcul du FCF.
2026-09-05 13:50:40,836 [WARNING] Variation de BFR indisponible pour VTRS (un seul exercice dans l'historique) : traitée comme 0 dans le calcul du FCF.
2026-09-05 13:50:40,836 [WARNING] Variation de BFR indisponible pour VTRS (un seul exercice dans l'historique) : traitée comme 0 dans le calcul du FCF.
2026-09-05 13:50:40,844 [WARNING] Variation de BFR indisponible pour VZ (un seul exercice dans l'historique) : traitée comme 0 dans le calcul du FCF.
2026-09-05 13:50:40,867 [WARNING] Variation de BFR indisponible pour WAB (un seul exercice dans l'historique) : traitée comme 0 dans le calcul du FCF.
2026-09-05 13:50:40,880 [WARNING] Variation de BFR indisponible pour WAT (un seul exercice dans l'historique) : traitée comme 0 dans le calcul du FCF.
2026-09-05 13:50:40,880 [WARNING] Variation de BFR indisponible pour WAT (un seul exercice dans l'historique) : traitée comme 0 dans le calcul du FCF.
2026-09-05 13:50:40,892 [WARNING] Variation de BFR indisponible pour WBD (un seul exercice dans l'historique) : traitée comme 0 dans le calcul du FCF.
2026-09-05 13:50:40,921 [WARNING] Variation de BFR indisponible pour WEC (un seul exercice dans l'historique) : traitée comme 0 dans le calcul du FCF.
2026-09-05 13:50:40,935 [WARNING] Variation de BFR indisponible pour WELL (un seul exercice dans l'historique) : traitée comme 0 dans le calcul du FCF.
2026-09-05 13:50:40,935 [WARNING] Variation de BFR indisponible pour WELL (un seul exercice dans l'historique) : traitée comme 0 dans le calcul du FCF.
2026-09-05 13:50:40,936 [WARNING] Variation de BFR indisponible pour WELL (un seul exercice dans l'historique) : traitée comme 0 dans le calcul du FCF.
2026-09-05 13:50:40,936 [WARNING] Variation de BFR indisponible pour WELL (un seul exercice dans l'historique) : traitée comme 0 dans le calcul du FCF.
2026-09-05 13:50:40,936 [WARNING] Variation de BFR indisponible pour WELL (un seul exercice dans l'historique) : traitée comme 0 dans le calcul du FCF.
2026-09-05 13:50:40,937 [WARNING] Variation de BFR indisponible pour WELL (un seul exercice dans l'historique) : traitée comme 0 dans le calcul du FCF.
2026-09-05 13:50:40,937 [WARNING] Variation de BFR indisponible pour WELL (un seul exercice dans l'historique) : traitée comme 0 dans le calcul du FCF.
2026-09-05 13:50:40,937 [WARNING] Variation de BFR indisponible pour WELL (un seul exercice dans l'historique) : traitée comme 0 dans le calcul du FCF.
2026-09-05 13:50:40,938 [WARNING] Variation de BFR indisponible pour WELL (un seul exercice dans l'historique) : traitée comme 0 dans le calcul du FCF.
2026-09-05 13:50:40,939 [WARNING] Variation de BFR indisponible pour WELL (un seul exercice dans l'historique) : traitée comme 0 dans le calcul du FCF.
2026-09-05 13:50:40,939 [WARNING] Variation de BFR indisponible pour WELL (un seul exercice dans l'historique) : traitée comme 0 dans le calcul du FCF.
2026-09-05 13:50:40,939 [WARNING] Variation de BFR indisponible pour WELL (un seul exercice dans l'historique) : traitée comme 0 dans le calcul du FCF.
2026-09-05 13:50:40,940 [WARNING] Variation de BFR indisponible pour WELL (un seul exercice dans l'historique) : traitée comme 0 dans le calcul du FCF.
2026-09-05 13:50:40,940 [WARNING] Variation de BFR indisponible pour WELL (un seul exercice dans l'historique) : traitée comme 0 dans le calcul du FCF.
2026-09-05 13:50:40,941 [WARNING] Variation de BFR indisponible pour WELL (un seul exercice dans l'historique) : traitée comme 0 dans le calcul du FCF.
2026-09-05 13:50:40,941 [WARNING] Variation de BFR indisponible pour WELL (un seul exercice dans l'historique) : traitée comme 0 dans le calcul du FCF.
2026-09-05 13:50:40,941 [WARNING] Variation de BFR indisponible pour WELL (un seul exercice dans l'historique) : traitée comme 0 dans le calcul du FCF.
2026-09-05 13:50:40,942 [WARNING] Variation de BFR indisponible pour WELL (un seul exercice dans l'historique) : traitée comme 0 dans le calcul du FCF.
2026-09-05 13:50:40,942 [WARNING] Variation de BFR indisponible pour WELL (un seul exercice dans l'historique) : traitée comme 0 dans le calcul du FCF.
2026-09-05 13:50:40,943 [WARNING] Variation de BFR indisponible pour WELL (un seul exercice dans l'historique) : traitée comme 0 dans le calcul du FCF.
2026-09-05 13:50:40,943 [WARNING] Variation de BFR indisponible pour WELL (un seul exercice dans l'historique) : traitée comme 0 dans le calcul du FCF.
2026-09-05 13:50:40,943 [WARNING] Variation de BFR indisponible pour WELL (un seul exercice dans l'historique) : traitée comme 0 dans le calcul du FCF.
2026-09-05 13:50:40,958 [WARNING] Variation de BFR indisponible pour WM (un seul exercice dans l'historique) : traitée comme 0 dans le calcul du FCF.
2026-09-05 13:50:40,958 [WARNING] Variation de BFR indisponible pour WM (un seul exercice dans l'historique) : traitée comme 0 dans le calcul du FCF.
2026-09-05 13:50:40,979 [WARNING] Variation de BFR indisponible pour WMB (un seul exercice dans l'historique) : traitée comme 0 dans le calcul du FCF.
2026-09-05 13:50:40,996 [WARNING] Variation de BFR indisponible pour WMT (un seul exercice dans l'historique) : traitée comme 0 dans le calcul du FCF.
2026-09-05 13:50:40,997 [WARNING] Variation de BFR indisponible pour WMT (un seul exercice dans l'historique) : traitée comme 0 dans le calcul du FCF.
2026-09-05 13:50:40,997 [WARNING] Variation de BFR indisponible pour WMT (un seul exercice dans l'historique) : traitée comme 0 dans le calcul du FCF.
2026-09-05 13:50:41,026 [WARNING] Variation de BFR indisponible pour WSM (un seul exercice dans l'historique) : traitée comme 0 dans le calcul du FCF.
2026-09-05 13:50:41,043 [WARNING] Variation de BFR indisponible pour WST (un seul exercice dans l'historique) : traitée comme 0 dans le calcul du FCF.
2026-09-05 13:50:41,044 [WARNING] Variation de BFR indisponible pour WST (un seul exercice dans l'historique) : traitée comme 0 dans le calcul du FCF.
2026-09-05 13:50:41,071 [WARNING] Variation de BFR indisponible pour WY (un seul exercice dans l'historique) : traitée comme 0 dans le calcul du FCF.
2026-09-05 13:50:41,072 [WARNING] Variation de BFR indisponible pour WY (un seul exercice dans l'historique) : traitée comme 0 dans le calcul du FCF.
2026-09-05 13:50:41,072 [WARNING] Variation de BFR indisponible pour WY (un seul exercice dans l'historique) : traitée comme 0 dans le calcul du FCF.
2026-09-05 13:50:41,073 [WARNING] Variation de BFR indisponible pour WY (un seul exercice dans l'historique) : traitée comme 0 dans le calcul du FCF.
2026-09-05 13:50:41,073 [WARNING] Variation de BFR indisponible pour WY (un seul exercice dans l'historique) : traitée comme 0 dans le calcul du FCF.
2026-09-05 13:50:41,073 [WARNING] Variation de BFR indisponible pour WY (un seul exercice dans l'historique) : traitée comme 0 dans le calcul du FCF.
2026-09-05 13:50:41,074 [WARNING] Variation de BFR indisponible pour WY (un seul exercice dans l'historique) : traitée comme 0 dans le calcul du FCF.
2026-09-05 13:50:41,074 [WARNING] Variation de BFR indisponible pour WY (un seul exercice dans l'historique) : traitée comme 0 dans le calcul du FCF.
2026-09-05 13:50:41,074 [WARNING] Variation de BFR indisponible pour WY (un seul exercice dans l'historique) : traitée comme 0 dans le calcul du FCF.
2026-09-05 13:50:41,075 [WARNING] Variation de BFR indisponible pour WY (un seul exercice dans l'historique) : traitée comme 0 dans le calcul du FCF.
2026-09-05 13:50:41,075 [WARNING] Variation de BFR indisponible pour WY (un seul exercice dans l'historique) : traitée comme 0 dans le calcul du FCF.
2026-09-05 13:50:41,076 [WARNING] Variation de BFR indisponible pour WY (un seul exercice dans l'historique) : traitée comme 0 dans le calcul du FCF.
2026-09-05 13:50:41,076 [WARNING] Variation de BFR indisponible pour WY (un seul exercice dans l'historique) : traitée comme 0 dans le calcul du FCF.
2026-09-05 13:50:41,084 [WARNING] Variation de BFR indisponible pour WYNN (un seul exercice dans l'historique) : traitée comme 0 dans le calcul du FCF.
2026-09-05 13:50:41,103 [WARNING] Variation de BFR indisponible pour XYL (un seul exercice dans l'historique) : traitée comme 0 dans le calcul du FCF.
2026-09-05 13:50:41,123 [WARNING] Variation de BFR indisponible pour YUM (un seul exercice dans l'historique) : traitée comme 0 dans le calcul du FCF.
2026-09-05 13:50:41,138 [WARNING] Variation de BFR indisponible pour ZBH (un seul exercice dans l'historique) : traitée comme 0 dans le calcul du FCF.
2026-09-05 13:50:41,138 [WARNING] Variation de BFR indisponible pour ZBH (un seul exercice dans l'historique) : traitée comme 0 dans le calcul du FCF.
2026-09-05 13:50:41,155 [WARNING] Variation de BFR indisponible pour ZBRA (un seul exercice dans l'historique) : traitée comme 0 dans le calcul du FCF.
2026-09-05 13:50:41,172 [WARNING] Variation de BFR indisponible pour ZTS (un seul exercice dans l'historique) : traitée comme 0 dans le calcul du FCF.
2026-09-05 13:50:41,172 [WARNING] Variation de BFR indisponible pour ZTS (un seul exercice dans l'historique) : traitée comme 0 dans le calcul du FCF.
2026-09-05 13:50:41,173 [WARNING] Variation de BFR indisponible pour ZTS (un seul exercice dans l'historique) : traitée comme 0 dans le calcul du FCF.
2026-09-05 13:50:41,212 [INFO] --- 16620/36864 lignes écartées du DCF (20244 calculées) ---
2026-09-05 13:50:41,212 [INFO]   secteur sans DCF (FCFF non pertinent)        5388 (14.6%)
2026-09-05 13:50:41,212 [INFO]   FCF <= 0                                     3962 (10.7%)
2026-09-05 13:50:41,212 [INFO]   EBIT manquant                                2576 ( 7.0%)
2026-09-05 13:50:41,212 [INFO]   nombre d'actions manquant                    2405 ( 6.5%)
2026-09-05 13:50:41,212 [INFO]   EBIT negatif ou nul                          2289 ( 6.2%)
2026-09-05 13:50:41,213 [WARNING] 2576 lignes sans EBIT : ces entreprises ne taguent ni OperatingIncomeLoss ni aucun des postes permettant de le reconstruire (résultat avant impôt, marge brute, coûts totaux -- cf. 04_recuperation_10k.py::_reconstruct_ebit). Vérifie le résumé de couverture affiché en fin de run de 04 ; si le taux y est bas, c'est l'extraction qu'il faut compléter, pas ce script.
2026-09-05 13:50:41,213 [INFO] 5388 ligne(s) écartées du DCF, secteur non valorisable par un FCFF (config.SECTORS_SANS_DCF) : Assurance (1371), Banques (2572), Immobilier (1445). Ces entreprises restent valorisées par 06b_calcul_valorisation_combinee.py via les multiples sectoriels.
2026-09-05 13:50:41,213 [WARNING] D&A absente pour 115 entreprise(s) (aucun tag XBRL DepreciationDepletionAndAmortization ni DepreciationAmortizationAndAccretionNet) : traitée comme 0, le DCF de ces entreprises est donc CONSERVATEUR (FCF, valeur terminale et valeur par action sous-estimés d'autant, écart de valorisation biaisé vers 'survalorisée'). A, ABNB, ACN, AEP, AMD, AON, AOS, APH, AVB, BBY, BIIB, BLDR, BR, BSX, CIEN...
2026-09-05 13:50:41,484 [INFO] Historique DCF (tous exercices, pour le backtest) sauvegardé : data\dcf\dcf_historique.parquet (20244 lignes, 422 entreprises).
2026-09-05 13:50:42,871 [INFO] Résultats DCF sauvegardés : data\dcf\resultats_dcf.xlsx
2026-09-05 13:50:42,872 [INFO] Résumé des résultats DCF:
2026-09-05 13:50:42,877 [INFO] A (Santé): Valeur DCF/action = 67.20$, Cours = 135.98$, Écart = -50.6%
2026-09-05 13:50:42,878 [INFO] AAPL (Technologie): Valeur DCF/action = 110.96$, Cours = 308.91$, Écart = -64.1%
2026-09-05 13:50:42,878 [INFO] ABBV (Santé): Valeur DCF/action = 75.56$, Cours = 245.10$, Écart = -69.2%
2026-09-05 13:50:42,879 [INFO] ABT (Santé): Valeur DCF/action = 43.99$, Cours = 91.33$, Écart = -51.8%
2026-09-05 13:50:42,879 [INFO] ACN (Technologie): Valeur DCF/action = 33.45$, Cours = 45.05$, Écart = -25.8%
2026-09-05 13:50:42,880 [INFO] ADBE (Technologie): Valeur DCF/action = 289.47$, Cours = 206.36$, Écart = 40.3%
2026-09-05 13:50:42,880 [INFO] ADI (Technologie): Valeur DCF/action = 89.17$, Cours = 398.05$, Écart = -77.6%
2026-09-05 13:50:42,881 [INFO] ADM (Agro-alimentaire et boissons): Valeur DCF/action = 109.53$, Cours = 79.87$, Écart = 37.1%
2026-09-05 13:50:42,881 [INFO] ADP (Biens et services industriels): Valeur DCF/action = nan$, Cours = 270.09$, Écart = n/a
2026-09-05 13:50:42,882 [INFO] ADSK (Technologie): Valeur DCF/action = 71.72$, Cours = 231.31$, Écart = -69.0%
2026-09-05 13:50:42,882 [INFO] AEE (Services aux collectivités): Valeur DCF/action = -12.89$, Cours = 83.76$, Écart = -115.4%
2026-09-05 13:50:42,883 [INFO] AEP (Services aux collectivités): Valeur DCF/action = nan$, Cours = 137.04$, Écart = n/a
2026-09-05 13:50:42,883 [INFO] AES (Services aux collectivités): Valeur DCF/action = 15.79$, Cours = 11.22$, Écart = 40.7%
2026-09-05 13:50:42,884 [INFO] AJG (Services financiers): Valeur DCF/action = nan$, Cours = 251.03$, Écart = n/a
2026-09-05 13:50:42,884 [INFO] AKAM (Technologie): Valeur DCF/action = 68.12$, Cours = 110.54$, Écart = -38.4%
2026-09-05 13:50:42,885 [INFO] ALB (Matières premières): Valeur DCF/action = -17.79$, Cours = 58.55$, Écart = -130.4%
2026-09-05 13:50:42,886 [INFO] ALGN (Santé): Valeur DCF/action = 123.44$, Cours = 174.83$, Écart = -29.4%
2026-09-05 13:50:42,886 [INFO] ALLE (Biens et services industriels): Valeur DCF/action = 104.74$, Cours = 154.57$, Écart = -32.2%
2026-09-05 13:50:42,887 [INFO] AMAT (Technologie): Valeur DCF/action = 116.07$, Cours = 427.36$, Écart = -72.8%
2026-09-05 13:50:42,888 [INFO] AMCR (Matières premières): Valeur DCF/action = 28.46$, Cours = 39.92$, Écart = -28.7%
2026-09-05 13:50:42,888 [INFO] AMD (Technologie): Valeur DCF/action = 79.66$, Cours = 200.19$, Écart = -60.2%
2026-09-05 13:50:42,889 [INFO] AME (Biens et services industriels): Valeur DCF/action = 109.53$, Cours = 254.05$, Écart = -56.9%
2026-09-05 13:50:42,889 [INFO] AMGN (Santé): Valeur DCF/action = 247.74$, Cours = 407.83$, Écart = -39.3%
2026-09-05 13:50:42,890 [INFO] AMT (Services financiers): Valeur DCF/action = 12.43$, Cours = 116.65$, Écart = -89.3%
2026-09-05 13:50:42,890 [INFO] AMZN (Distribution): Valeur DCF/action = 20.59$, Cours = 271.58$, Écart = -92.4%
2026-09-05 13:50:42,891 [INFO] ANET (Technologie): Valeur DCF/action = 32.02$, Cours = 197.31$, Écart = -83.8%
2026-09-05 13:50:42,891 [INFO] AON (Services financiers): Valeur DCF/action = 169.96$, Cours = 377.16$, Écart = -54.9%
2026-09-05 13:50:42,892 [INFO] AOS (Biens et services industriels): Valeur DCF/action = 16.59$, Cours = 48.02$, Écart = -65.5%
2026-09-05 13:50:42,892 [INFO] APA (Pétrole et gaz): Valeur DCF/action = nan$, Cours = 36.53$, Écart = n/a
2026-09-05 13:50:42,893 [INFO] APD (Matières premières): Valeur DCF/action = 83.12$, Cours = 328.88$, Écart = -74.7%
2026-09-05 13:50:42,893 [INFO] APH (Technologie): Valeur DCF/action = 50.44$, Cours = 160.70$, Écart = -68.6%
2026-09-05 13:50:42,893 [INFO] APP (Technologie): Valeur DCF/action = nan$, Cours = 417.80$, Écart = n/a
2026-09-05 13:50:42,894 [INFO] APTV (Distribution): Valeur DCF/action = nan$, Cours = 47.72$, Écart = n/a
2026-09-05 13:50:42,894 [INFO] ATO (Services aux collectivités): Valeur DCF/action = 59.29$, Cours = 96.40$, Écart = -38.5%
2026-09-05 13:50:42,895 [INFO] AVB (nan): Valeur DCF/action = nan$, Cours = 187.78$, Écart = n/a
2026-09-05 13:50:42,895 [INFO] AVGO (Technologie): Valeur DCF/action = 67.66$, Cours = 392.16$, Écart = -82.7%
2026-09-05 13:50:42,896 [INFO] AVY (Matières premières): Valeur DCF/action = 127.74$, Cours = 173.30$, Écart = -26.3%
2026-09-05 13:50:42,896 [INFO] AWK (Services aux collectivités): Valeur DCF/action = 11.15$, Cours = 127.86$, Écart = -91.3%
2026-09-05 13:50:42,896 [INFO] AXON (Biens et services industriels): Valeur DCF/action = -8.31$, Cours = 522.46$, Écart = -101.6%
2026-09-05 13:50:42,897 [INFO] AZO (Distribution): Valeur DCF/action = 1656.36$, Cours = 3116.30$, Écart = -46.8%
2026-09-05 13:50:42,897 [INFO] BA (Biens et services industriels): Valeur DCF/action = 147.99$, Cours = 233.72$, Écart = -36.7%
2026-09-05 13:50:42,898 [INFO] BALL (Matières premières): Valeur DCF/action = 39.67$, Cours = 63.75$, Écart = -37.8%
2026-09-05 13:50:42,898 [INFO] BAX (Santé): Valeur DCF/action = nan$, Cours = 26.75$, Écart = n/a
2026-09-05 13:50:42,898 [INFO] BBY (Distribution): Valeur DCF/action = 102.18$, Cours = 71.54$, Écart = 42.8%
2026-09-05 13:50:42,899 [INFO] BDX (Santé): Valeur DCF/action = 142.19$, Cours = 177.07$, Écart = -19.7%
2026-09-05 13:50:42,899 [INFO] BG (Agro-alimentaire et boissons): Valeur DCF/action = -49.56$, Cours = 126.31$, Écart = -139.2%
2026-09-05 13:50:42,899 [INFO] BIIB (Santé): Valeur DCF/action = 688.66$, Cours = 201.18$, Écart = 242.3%
2026-09-05 13:50:42,900 [INFO] BKNG (Distribution): Valeur DCF/action = 110.52$, Cours = 194.27$, Écart = -43.1%
2026-09-05 13:50:42,901 [INFO] BKR (Pétrole et gaz): Valeur DCF/action = 26.65$, Cours = 60.59$, Écart = -56.0%
2026-09-05 13:50:42,902 [INFO] BLDR (Biens et services industriels): Valeur DCF/action = 204.99$, Cours = 66.01$, Écart = 210.5%
2026-09-05 13:50:42,902 [INFO] BMY (Santé): Valeur DCF/action = 227.34$, Cours = 64.86$, Écart = 250.5%
2026-09-05 13:50:42,902 [INFO] BR (Biens et services industriels): Valeur DCF/action = 139.32$, Cours = 168.41$, Écart = -17.3%
2026-09-05 13:50:42,903 [INFO] BRO (Services financiers): Valeur DCF/action = 49.43$, Cours = 69.70$, Écart = -29.1%
2026-09-05 13:50:42,903 [INFO] BSX (Santé): Valeur DCF/action = 35.40$, Cours = 48.43$, Écart = -26.9%
2026-09-05 13:50:42,903 [INFO] BXP (Services financiers): Valeur DCF/action = nan$, Cours = 140.87$, Écart = n/a
2026-09-05 13:50:42,903 [INFO] CAH (Santé): Valeur DCF/action = 101.23$, Cours = 227.18$, Écart = -55.4%
2026-09-05 13:50:42,904 [INFO] CARR (Biens et services industriels): Valeur DCF/action = 54.58$, Cours = 67.17$, Écart = -18.7%
2026-09-05 13:50:42,904 [INFO] CASY (Agro-alimentaire et boissons): Valeur DCF/action = 798.11$, Cours = 142.60$, Écart = 459.7%
2026-09-05 13:50:42,904 [INFO] CAT (Biens et services industriels): Valeur DCF/action = 316.86$, Cours = 871.08$, Écart = -63.6%
2026-09-05 13:50:42,904 [INFO] CBOE (Services financiers): Valeur DCF/action = 153.77$, Cours = 310.23$, Écart = -50.4%
2026-09-05 13:50:42,905 [INFO] CBRE (Services financiers): Valeur DCF/action = 1.28$, Cours = 29.92$, Écart = -95.7%
2026-09-05 13:50:42,905 [INFO] CCI (Services financiers): Valeur DCF/action = 38.55$, Cours = 96.87$, Écart = -60.2%
2026-09-05 13:50:42,905 [INFO] CCL (Distribution): Valeur DCF/action = 23.38$, Cours = 29.07$, Écart = -19.6%
2026-09-05 13:50:42,905 [INFO] CDNS (Technologie): Valeur DCF/action = 72.05$, Cours = 340.94$, Écart = -78.9%
2026-09-05 13:50:42,906 [INFO] CDW (Technologie): Valeur DCF/action = 145.48$, Cours = 140.10$, Écart = 3.8%
2026-09-05 13:50:42,906 [INFO] CEG (Services aux collectivités): Valeur DCF/action = -7.78$, Cours = 261.10$, Écart = -103.0%
2026-09-05 13:50:42,906 [INFO] CF (Matières premières): Valeur DCF/action = 190.23$, Cours = 116.73$, Écart = 63.0%
2026-09-05 13:50:42,906 [INFO] CHD (Agro-alimentaire et boissons): Valeur DCF/action = 57.83$, Cours = 98.81$, Écart = -41.5%
2026-09-05 13:50:42,907 [INFO] CHRW (Biens et services industriels): Valeur DCF/action = 64.11$, Cours = 147.73$, Écart = -56.6%
2026-09-05 13:50:42,907 [INFO] CHTR (Distribution): Valeur DCF/action = -121.92$, Cours = 324.46$, Écart = -137.6%
2026-09-05 13:50:42,908 [INFO] CI (Santé): Valeur DCF/action = nan$, Cours = 287.66$, Écart = n/a
2026-09-05 13:50:42,908 [INFO] CIEN (Technologie): Valeur DCF/action = 28.87$, Cours = 535.63$, Écart = -94.6%
2026-09-05 13:50:42,908 [INFO] CL (Agro-alimentaire et boissons): Valeur DCF/action = 78.86$, Cours = 91.30$, Écart = -13.6%
2026-09-05 13:50:42,909 [INFO] CLX (Agro-alimentaire et boissons): Valeur DCF/action = 82.40$, Cours = 96.44$, Écart = -14.6%
2026-09-05 13:50:42,909 [INFO] CMCSA (Distribution): Valeur DCF/action = 106.94$, Cours = 13.96$, Écart = 666.1%
2026-09-05 13:50:42,909 [INFO] CME (Services financiers): Valeur DCF/action = 631.26$, Cours = 62.26$, Écart = 913.9%
2026-09-05 13:50:42,910 [INFO] CMG (Distribution): Valeur DCF/action = 11.85$, Cours = 37.22$, Écart = -68.2%
2026-09-05 13:50:42,910 [INFO] CMI (Biens et services industriels): Valeur DCF/action = 191.07$, Cours = 635.96$, Écart = -70.0%
2026-09-05 13:50:42,911 [INFO] CMS (Services aux collectivités): Valeur DCF/action = nan$, Cours = 74.37$, Écart = n/a
2026-09-05 13:50:42,911 [INFO] CNC (Santé): Valeur DCF/action = 53.12$, Cours = 63.91$, Écart = -16.9%
2026-09-05 13:50:42,911 [INFO] CNP (Services aux collectivités): Valeur DCF/action = 121.84$, Cours = 30.82$, Écart = 295.3%
2026-09-05 13:50:42,912 [INFO] COHR (Technologie): Valeur DCF/action = 14.26$, Cours = 93.40$, Écart = -84.7%
2026-09-05 13:50:42,912 [INFO] COIN (Services financiers): Valeur DCF/action = nan$, Cours = 141.09$, Écart = n/a
2026-09-05 13:50:42,913 [INFO] COO (Santé): Valeur DCF/action = 23.45$, Cours = 67.34$, Écart = -65.2%
2026-09-05 13:50:42,913 [INFO] COP (Pétrole et gaz): Valeur DCF/action = nan$, Cours = 116.76$, Écart = n/a
2026-09-05 13:50:42,914 [INFO] COR (Santé): Valeur DCF/action = 257.04$, Cours = 317.22$, Écart = -19.0%
2026-09-05 13:50:42,914 [INFO] COST (Agro-alimentaire et boissons): Valeur DCF/action = 202.96$, Cours = 961.83$, Écart = -78.9%
2026-09-05 13:50:42,914 [INFO] CPAY (Services financiers): Valeur DCF/action = 226.10$, Cours = 343.99$, Écart = -34.3%
2026-09-05 13:50:42,915 [INFO] CPRT (Biens et services industriels): Valeur DCF/action = 14.49$, Cours = 32.77$, Écart = -55.8%
2026-09-05 13:50:42,915 [INFO] CPT (Services financiers): Valeur DCF/action = nan$, Cours = 89.59$, Écart = n/a
2026-09-05 13:50:42,915 [INFO] CRH (Matières premières): Valeur DCF/action = -10.55$, Cours = 96.00$, Écart = -111.0%
2026-09-05 13:50:42,916 [INFO] CRL (Santé): Valeur DCF/action = 186.51$, Cours = 260.72$, Écart = -28.5%
2026-09-05 13:50:42,916 [INFO] CRM (Technologie): Valeur DCF/action = 386.14$, Cours = 176.17$, Écart = 119.2%
2026-09-05 13:50:42,916 [INFO] CSCO (Technologie): Valeur DCF/action = 43.56$, Cours = 115.38$, Écart = -62.2%
2026-09-05 13:50:42,917 [INFO] CSGP (Services financiers): Valeur DCF/action = 27.42$, Cours = 17.92$, Écart = 53.0%
2026-09-05 13:50:42,917 [INFO] CSX (Biens et services industriels): Valeur DCF/action = 23.10$, Cours = 49.93$, Écart = -53.7%
2026-09-05 13:50:42,917 [INFO] CTAS (Biens et services industriels): Valeur DCF/action = 66.09$, Cours = 170.28$, Écart = -61.2%
2026-09-05 13:50:42,918 [INFO] CTSH (Technologie): Valeur DCF/action = 86.79$, Cours = 54.70$, Écart = 58.7%
2026-09-05 13:50:42,918 [INFO] CTVA (Matières premières): Valeur DCF/action = 17.40$, Cours = 78.71$, Écart = -77.9%
2026-09-05 13:50:42,918 [INFO] CVS (Santé): Valeur DCF/action = 165.55$, Cours = 99.12$, Écart = 67.0%
2026-09-05 13:50:42,918 [INFO] CVX (Pétrole et gaz): Valeur DCF/action = 129.50$, Cours = 189.23$, Écart = -31.6%
2026-09-05 13:50:42,919 [INFO] D (Services aux collectivités): Valeur DCF/action = nan$, Cours = 63.94$, Écart = n/a
2026-09-05 13:50:42,919 [INFO] DAL (Biens et services industriels): Valeur DCF/action = nan$, Cours = 87.39$, Écart = n/a
2026-09-05 13:50:42,919 [INFO] DD (Matières premières): Valeur DCF/action = 466.02$, Cours = 152.61$, Écart = 205.4%
2026-09-05 13:50:42,919 [INFO] DE (Biens et services industriels): Valeur DCF/action = 611.43$, Cours = 539.00$, Écart = 13.4%
2026-09-05 13:50:42,920 [INFO] DECK (Distribution): Valeur DCF/action = 97.89$, Cours = 99.69$, Écart = -1.8%
2026-09-05 13:50:42,920 [INFO] DELL (Technologie): Valeur DCF/action = 201.24$, Cours = 156.54$, Écart = 28.6%
2026-09-05 13:50:42,920 [INFO] DG (Agro-alimentaire et boissons): Valeur DCF/action = 145.37$, Cours = 106.27$, Écart = 36.8%
2026-09-05 13:50:42,921 [INFO] DGX (Santé): Valeur DCF/action = 132.54$, Cours = 227.90$, Écart = -41.8%
2026-09-05 13:50:42,921 [INFO] DHI (Distribution): Valeur DCF/action = 12.60$, Cours = 54.82$, Écart = -77.0%
2026-09-05 13:50:42,921 [INFO] DHR (Santé): Valeur DCF/action = 62.06$, Cours = 179.01$, Écart = -65.3%
2026-09-05 13:50:42,921 [INFO] DIS (Medias): Valeur DCF/action = 96.82$, Cours = 101.76$, Écart = -4.9%
2026-09-05 13:50:42,922 [INFO] DLR (Services financiers): Valeur DCF/action = nan$, Cours = 79.07$, Écart = n/a
2026-09-05 13:50:42,922 [INFO] DLTR (Agro-alimentaire et boissons): Valeur DCF/action = 123.06$, Cours = 113.00$, Écart = 8.9%
2026-09-05 13:50:42,922 [INFO] DOC (Services financiers): Valeur DCF/action = -0.94$, Cours = 35.46$, Écart = -102.7%
2026-09-05 13:50:42,922 [INFO] DOV (Biens et services industriels): Valeur DCF/action = 128.21$, Cours = 197.80$, Écart = -35.2%
2026-09-05 13:50:42,923 [INFO] DOW (Matières premières): Valeur DCF/action = 17.84$, Cours = 38.66$, Écart = -53.8%
2026-09-05 13:50:42,923 [INFO] DPZ (Distribution): Valeur DCF/action = 316.94$, Cours = 328.97$, Écart = -3.7%
2026-09-05 13:50:42,923 [INFO] DRI (Distribution): Valeur DCF/action = 107.94$, Cours = 196.31$, Écart = -45.0%
2026-09-05 13:50:42,923 [INFO] DTE (Services aux collectivités): Valeur DCF/action = nan$, Cours = 151.69$, Écart = n/a
2026-09-05 13:50:42,924 [INFO] DUK (Services aux collectivités): Valeur DCF/action = -101.18$, Cours = 127.58$, Écart = -179.3%
2026-09-05 13:50:42,924 [INFO] DVA (Santé): Valeur DCF/action = 355.93$, Cours = 227.99$, Écart = 56.1%
2026-09-05 13:50:42,924 [INFO] DVN (Pétrole et gaz): Valeur DCF/action = 28.05$, Cours = 42.09$, Écart = -33.4%
2026-09-05 13:50:42,924 [INFO] DXCM (Santé): Valeur DCF/action = 20.19$, Cours = 74.54$, Écart = -72.9%
2026-09-05 13:50:42,925 [INFO] EA (nan): Valeur DCF/action = nan$, Cours = 200.22$, Écart = n/a
2026-09-05 13:50:42,925 [INFO] EBAY (Distribution): Valeur DCF/action = 50.87$, Cours = 110.14$, Écart = -53.8%
2026-09-05 13:50:42,925 [INFO] ECL (Matières premières): Valeur DCF/action = 72.80$, Cours = 283.46$, Écart = -74.3%
2026-09-05 13:50:42,925 [INFO] ED (Services aux collectivités): Valeur DCF/action = nan$, Cours = 106.39$, Écart = n/a
2026-09-05 13:50:42,925 [INFO] EFX (Biens et services industriels): Valeur DCF/action = 62.39$, Cours = 173.00$, Écart = -63.9%
2026-09-05 13:50:42,925 [INFO] EIX (Services aux collectivités): Valeur DCF/action = 15.63$, Cours = 67.94$, Écart = -77.0%
2026-09-05 13:50:42,926 [INFO] ELV (Santé): Valeur DCF/action = 470.56$, Cours = 390.33$, Écart = 20.6%
2026-09-05 13:50:42,926 [INFO] EME (Biens et services industriels): Valeur DCF/action = 266.14$, Cours = 802.37$, Écart = -66.8%
2026-09-05 13:50:42,926 [INFO] EMR (Biens et services industriels): Valeur DCF/action = 41.93$, Cours = 158.84$, Écart = -73.6%
2026-09-05 13:50:42,926 [INFO] EOG (Pétrole et gaz): Valeur DCF/action = nan$, Cours = 143.52$, Écart = n/a
2026-09-05 13:50:42,926 [INFO] EQIX (Services financiers): Valeur DCF/action = 51.14$, Cours = 364.30$, Écart = -86.0%
2026-09-05 13:50:42,926 [INFO] EQR (nan): Valeur DCF/action = nan$, Cours = 67.12$, Écart = n/a
2026-09-05 13:50:42,927 [INFO] EQT (Pétrole et gaz): Valeur DCF/action = 46.97$, Cours = 54.01$, Écart = -13.0%
2026-09-05 13:50:42,927 [INFO] ES (Services aux collectivités): Valeur DCF/action = -66.39$, Cours = 67.04$, Écart = -199.0%
2026-09-05 13:50:42,927 [INFO] ESS (Services financiers): Valeur DCF/action = nan$, Cours = 209.98$, Écart = n/a
2026-09-05 13:50:42,927 [INFO] ETN (Biens et services industriels): Valeur DCF/action = 133.12$, Cours = 374.59$, Écart = -64.5%
2026-09-05 13:50:42,928 [INFO] ETR (Services aux collectivités): Valeur DCF/action = -57.77$, Cours = 87.40$, Écart = -166.1%
2026-09-05 13:50:42,928 [INFO] EVRG (Services aux collectivités): Valeur DCF/action = -52.74$, Cours = 82.73$, Écart = -163.7%
2026-09-05 13:50:42,928 [INFO] EW (Santé): Valeur DCF/action = 38.37$, Cours = 89.60$, Écart = -57.2%
2026-09-05 13:50:42,928 [INFO] EXC (Services aux collectivités): Valeur DCF/action = -42.79$, Cours = 46.38$, Écart = -192.3%
2026-09-05 13:50:42,928 [INFO] EXE (Pétrole et gaz): Valeur DCF/action = 86.87$, Cours = 96.96$, Écart = -10.4%
2026-09-05 13:50:42,929 [INFO] EXPD (Biens et services industriels): Valeur DCF/action = 96.49$, Cours = 181.41$, Écart = -46.8%
2026-09-05 13:50:42,929 [INFO] EXPE (Distribution): Valeur DCF/action = 89.24$, Cours = 306.57$, Écart = -70.9%
2026-09-05 13:50:42,929 [INFO] EXR (Services financiers): Valeur DCF/action = nan$, Cours = 82.48$, Écart = n/a
2026-09-05 13:50:42,929 [INFO] F (Distribution): Valeur DCF/action = 146.99$, Cours = 12.53$, Écart = 1073.1%
2026-09-05 13:50:42,930 [INFO] FANG (Pétrole et gaz): Valeur DCF/action = nan$, Cours = 186.17$, Écart = n/a
2026-09-05 13:50:42,930 [INFO] FAST (Biens et services industriels): Valeur DCF/action = 15.88$, Cours = 46.67$, Écart = -66.0%
2026-09-05 13:50:42,930 [INFO] FCX (Matières premières): Valeur DCF/action = nan$, Cours = 68.18$, Écart = n/a
2026-09-05 13:50:42,930 [INFO] FDS (Services financiers): Valeur DCF/action = 196.75$, Cours = 245.55$, Écart = -19.9%
2026-09-05 13:50:42,931 [INFO] FDX (Biens et services industriels): Valeur DCF/action = 150.46$, Cours = 306.22$, Écart = -50.9%
2026-09-05 13:50:42,931 [INFO] FDXF (Biens et services industriels): Valeur DCF/action = 25.74$, Cours = 143.03$, Écart = -82.0%
2026-09-05 13:50:42,931 [INFO] FE (Services aux collectivités): Valeur DCF/action = 9.28$, Cours = 42.83$, Écart = -78.3%
2026-09-05 13:50:42,931 [INFO] FERG (Biens et services industriels): Valeur DCF/action = 97.28$, Cours = 252.81$, Écart = -61.5%
2026-09-05 13:50:42,931 [INFO] FFIV (Technologie): Valeur DCF/action = 172.63$, Cours = 413.07$, Écart = -58.2%
2026-09-05 13:50:42,932 [INFO] FICO (Technologie): Valeur DCF/action = 335.04$, Cours = 1373.08$, Écart = -75.6%
2026-09-05 13:50:42,932 [INFO] FIS (Services financiers): Valeur DCF/action = 36.60$, Cours = 44.26$, Écart = -17.3%
2026-09-05 13:50:42,932 [INFO] FISV (Services financiers): Valeur DCF/action = 84.72$, Cours = 52.41$, Écart = 61.7%
2026-09-05 13:50:42,932 [INFO] FIX (Biens et services industriels): Valeur DCF/action = 214.86$, Cours = 1831.15$, Écart = -88.3%
2026-09-05 13:50:42,933 [INFO] FLEX (Technologie): Valeur DCF/action = 80.21$, Cours = 131.52$, Écart = -39.0%
2026-09-05 13:50:42,933 [INFO] FOX (Medias): Valeur DCF/action = 343.83$, Cours = 33.75$, Écart = 918.8%
2026-09-05 13:50:42,933 [INFO] FOXA (Medias): Valeur DCF/action = 343.83$, Cours = 36.50$, Écart = 842.0%
2026-09-05 13:50:42,934 [INFO] FRT (Services financiers): Valeur DCF/action = nan$, Cours = 165.48$, Écart = n/a
2026-09-05 13:50:42,934 [INFO] FSLR (Technologie): Valeur DCF/action = 30.66$, Cours = 206.01$, Écart = -85.1%
2026-09-05 13:50:42,934 [INFO] FTNT (Technologie): Valeur DCF/action = 27.82$, Cours = 154.25$, Écart = -82.0%
2026-09-05 13:50:42,935 [INFO] FTV (Biens et services industriels): Valeur DCF/action = 55.61$, Cours = 59.79$, Écart = -7.0%
2026-09-05 13:50:42,935 [INFO] GD (Biens et services industriels): Valeur DCF/action = 154.95$, Cours = 338.73$, Écart = -54.3%
2026-09-05 13:50:42,935 [INFO] GDDY (Technologie): Valeur DCF/action = 77.03$, Cours = 82.74$, Écart = -6.9%
2026-09-05 13:50:42,936 [INFO] GE (Biens et services industriels): Valeur DCF/action = 159.77$, Cours = 345.73$, Écart = -53.8%
2026-09-05 13:50:42,936 [INFO] GEHC (Santé): Valeur DCF/action = 161.77$, Cours = 82.63$, Écart = 95.8%
2026-09-05 13:50:42,936 [INFO] GEN (Technologie): Valeur DCF/action = 25.49$, Cours = 29.17$, Écart = -12.6%
2026-09-05 13:50:42,937 [INFO] GEV (Biens et services industriels): Valeur DCF/action = 239.13$, Cours = 717.39$, Écart = -66.7%
2026-09-05 13:50:42,937 [INFO] GILD (Santé): Valeur DCF/action = 153.99$, Cours = 130.86$, Écart = 17.7%
2026-09-05 13:50:42,937 [INFO] GIS (Agro-alimentaire et boissons): Valeur DCF/action = 86.70$, Cours = 37.77$, Écart = 129.5%
2026-09-05 13:50:42,937 [INFO] GLW (Technologie): Valeur DCF/action = nan$, Cours = 158.26$, Écart = n/a
2026-09-05 13:50:42,938 [INFO] GM (Distribution): Valeur DCF/action = 186.01$, Cours = 79.52$, Écart = 133.9%
2026-09-05 13:50:42,938 [INFO] GNRC (Biens et services industriels): Valeur DCF/action = 64.00$, Cours = 218.63$, Écart = -70.7%
2026-09-05 13:50:42,938 [INFO] GOOG (Medias): Valeur DCF/action = 63.00$, Cours = 318.34$, Écart = -80.2%
2026-09-05 13:50:42,938 [INFO] GOOGL (Medias): Valeur DCF/action = 63.00$, Cours = 317.69$, Écart = -80.2%
2026-09-05 13:50:42,938 [INFO] GPC (Distribution): Valeur DCF/action = 106.63$, Cours = 119.12$, Écart = -10.5%
2026-09-05 13:50:42,938 [INFO] GPN (Services financiers): Valeur DCF/action = -0.74$, Cours = 87.48$, Écart = -100.8%
2026-09-05 13:50:42,939 [INFO] GRMN (Distribution): Valeur DCF/action = 22.01$, Cours = 253.08$, Écart = -91.3%
2026-09-05 13:50:42,939 [INFO] GWW (Biens et services industriels): Valeur DCF/action = 507.01$, Cours = 1300.45$, Écart = -61.0%
2026-09-05 13:50:42,939 [INFO] HAL (Pétrole et gaz): Valeur DCF/action = 25.12$, Cours = 33.36$, Écart = -24.7%
2026-09-05 13:50:42,939 [INFO] HAS (Distribution): Valeur DCF/action = 5.57$, Cours = 99.75$, Écart = -94.4%
2026-09-05 13:50:42,939 [INFO] HCA (Santé): Valeur DCF/action = 400.14$, Cours = 434.78$, Écart = -8.0%
2026-09-05 13:50:42,939 [INFO] HD (Distribution): Valeur DCF/action = 274.91$, Cours = 317.85$, Écart = -13.5%
2026-09-05 13:50:42,940 [INFO] HII (Biens et services industriels): Valeur DCF/action = 209.34$, Cours = 319.90$, Écart = -34.6%
2026-09-05 13:50:42,940 [INFO] HLT (Distribution): Valeur DCF/action = 108.42$, Cours = 322.43$, Écart = -66.4%
2026-09-05 13:50:42,940 [INFO] HON (Biens et services industriels): Valeur DCF/action = 156.04$, Cours = 246.27$, Écart = -36.6%
2026-09-05 13:50:42,940 [INFO] HPE (Technologie): Valeur DCF/action = -9.75$, Cours = 56.15$, Écart = -117.4%
2026-09-05 13:50:42,940 [INFO] HPQ (Technologie): Valeur DCF/action = 38.10$, Cours = 25.01$, Écart = 52.4%
2026-09-05 13:50:42,940 [INFO] HSIC (Santé): Valeur DCF/action = 86.24$, Cours = 89.11$, Écart = -3.2%
2026-09-05 13:50:42,941 [INFO] HST (Services financiers): Valeur DCF/action = 40.55$, Cours = 17.74$, Écart = 128.6%
2026-09-05 13:50:42,941 [INFO] HSY (Agro-alimentaire et boissons): Valeur DCF/action = 250.88$, Cours = 219.40$, Écart = 14.3%
2026-09-05 13:50:42,941 [INFO] HUBB (Biens et services industriels): Valeur DCF/action = 194.13$, Cours = 508.43$, Écart = -61.8%
2026-09-05 13:50:42,941 [INFO] HUM (Santé): Valeur DCF/action = 324.41$, Cours = 190.50$, Écart = 70.3%
2026-09-05 13:50:42,941 [INFO] HWM (Biens et services industriels): Valeur DCF/action = 37.11$, Cours = 289.72$, Écart = -87.2%
2026-09-05 13:50:42,941 [INFO] IBM (Technologie): Valeur DCF/action = 119.90$, Cours = 206.65$, Écart = -42.0%
2026-09-05 13:50:42,942 [INFO] ICE (Services financiers): Valeur DCF/action = 86.20$, Cours = 156.27$, Écart = -44.8%
2026-09-05 13:50:42,942 [INFO] IDXX (Santé): Valeur DCF/action = 204.80$, Cours = 588.09$, Écart = -65.2%
2026-09-05 13:50:42,942 [INFO] IEX (Biens et services industriels): Valeur DCF/action = 94.53$, Cours = 229.52$, Écart = -58.8%
2026-09-05 13:50:42,942 [INFO] IFF (Matières premières): Valeur DCF/action = -27.59$, Cours = 81.81$, Écart = -133.7%
2026-09-05 13:50:42,942 [INFO] INCY (Santé): Valeur DCF/action = 224.91$, Cours = 100.05$, Écart = 124.8%
2026-09-05 13:50:42,942 [INFO] INTC (Technologie): Valeur DCF/action = 0.48$, Cours = 45.07$, Écart = -98.9%
2026-09-05 13:50:42,942 [INFO] INTU (Technologie): Valeur DCF/action = 364.41$, Cours = 383.93$, Écart = -5.1%
2026-09-05 13:50:42,943 [INFO] IP (Matières premières): Valeur DCF/action = 7.90$, Cours = 42.25$, Écart = -81.3%
2026-09-05 13:50:42,943 [INFO] IQV (Santé): Valeur DCF/action = 155.39$, Cours = 176.42$, Écart = -11.9%
2026-09-05 13:50:42,943 [INFO] IR (Biens et services industriels): Valeur DCF/action = 45.24$, Cours = 83.38$, Écart = -45.7%
2026-09-05 13:50:42,943 [INFO] IRM (Services financiers): Valeur DCF/action = 9.36$, Cours = 37.95$, Écart = -75.3%
2026-09-05 13:50:42,943 [INFO] ISRG (Santé): Valeur DCF/action = 64.68$, Cours = 350.06$, Écart = -81.5%
2026-09-05 13:50:42,943 [INFO] IT (Technologie): Valeur DCF/action = nan$, Cours = 185.79$, Écart = n/a
2026-09-05 13:50:42,943 [INFO] ITW (Biens et services industriels): Valeur DCF/action = 123.04$, Cours = 294.70$, Écart = -58.3%
2026-09-05 13:50:42,944 [INFO] J (Biens et services industriels): Valeur DCF/action = 57.04$, Cours = 142.68$, Écart = -60.0%
2026-09-05 13:50:42,944 [INFO] JBHT (Biens et services industriels): Valeur DCF/action = 53.10$, Cours = 288.30$, Écart = -81.6%
2026-09-05 13:50:42,944 [INFO] JBL (Technologie): Valeur DCF/action = 42.81$, Cours = 385.48$, Écart = -88.9%
2026-09-05 13:50:42,944 [INFO] JCI (Biens et services industriels): Valeur DCF/action = 21.60$, Cours = 63.55$, Écart = -66.0%
2026-09-05 13:50:42,944 [INFO] JKHY (Services financiers): Valeur DCF/action = 89.78$, Cours = 146.03$, Écart = -38.5%
2026-09-05 13:50:42,944 [INFO] JNJ (Santé): Valeur DCF/action = 187.67$, Cours = 259.27$, Écart = -27.6%
2026-09-05 13:50:42,944 [INFO] KDP (Agro-alimentaire et boissons): Valeur DCF/action = 27.16$, Cours = 28.53$, Écart = -4.8%
2026-09-05 13:50:42,945 [INFO] KEYS (Technologie): Valeur DCF/action = 100.04$, Cours = 343.11$, Écart = -70.8%
2026-09-05 13:50:42,945 [INFO] KHC (Agro-alimentaire et boissons): Valeur DCF/action = 60.08$, Cours = 23.07$, Écart = 160.4%
2026-09-05 13:50:42,945 [INFO] KIM (Services financiers): Valeur DCF/action = nan$, Cours = 32.10$, Écart = n/a
2026-09-05 13:50:42,945 [INFO] KLAC (Technologie): Valeur DCF/action = 44.52$, Cours = 193.22$, Écart = -77.0%
2026-09-05 13:50:42,945 [INFO] KMB (Agro-alimentaire et boissons): Valeur DCF/action = 64.88$, Cours = 111.57$, Écart = -41.8%
2026-09-05 13:50:42,945 [INFO] KMI (Pétrole et gaz): Valeur DCF/action = 2.94$, Cours = 32.86$, Écart = -91.1%
2026-09-05 13:50:42,946 [INFO] KO (Agro-alimentaire et boissons): Valeur DCF/action = 6.86$, Cours = 78.76$, Écart = -91.3%
2026-09-05 13:50:42,946 [INFO] KR (Agro-alimentaire et boissons): Valeur DCF/action = 138.98$, Cours = 57.73$, Écart = 140.7%
2026-09-05 13:50:42,946 [INFO] KVUE (Agro-alimentaire et boissons): Valeur DCF/action = 25.08$, Cours = 19.18$, Écart = 30.8%
2026-09-05 13:50:42,946 [INFO] LDOS (Biens et services industriels): Valeur DCF/action = 79.54$, Cours = 130.60$, Écart = -39.1%
2026-09-05 13:50:42,946 [INFO] LH (Santé): Valeur DCF/action = 103.50$, Cours = 313.96$, Écart = -67.0%
2026-09-05 13:50:42,946 [INFO] LHX (Biens et services industriels): Valeur DCF/action = 171.42$, Cours = 271.90$, Écart = -37.0%
2026-09-05 13:50:42,946 [INFO] LII (Biens et services industriels): Valeur DCF/action = 186.65$, Cours = 565.50$, Écart = -67.0%
2026-09-05 13:50:42,947 [INFO] LIN (Matières premières): Valeur DCF/action = 153.77$, Cours = 478.38$, Écart = -67.9%
2026-09-05 13:50:42,947 [INFO] LITE (Technologie): Valeur DCF/action = 29.45$, Cours = 117.96$, Écart = -75.0%
2026-09-05 13:50:42,947 [INFO] LLY (Santé): Valeur DCF/action = nan$, Cours = 1038.27$, Écart = n/a
2026-09-05 13:50:42,947 [INFO] LMT (Biens et services industriels): Valeur DCF/action = 234.00$, Cours = 568.59$, Écart = -58.8%
2026-09-05 13:50:42,947 [INFO] LNT (Services aux collectivités): Valeur DCF/action = nan$, Cours = 71.01$, Écart = n/a
2026-09-05 13:50:42,948 [INFO] LOW (Distribution): Valeur DCF/action = 51.87$, Cours = 217.92$, Écart = -76.2%
2026-09-05 13:50:42,948 [INFO] LRCX (Technologie): Valeur DCF/action = 67.65$, Cours = 311.35$, Écart = -78.3%
2026-09-05 13:50:42,948 [INFO] LULU (Distribution): Valeur DCF/action = 146.81$, Cours = 124.92$, Écart = 17.5%
2026-09-05 13:50:42,948 [INFO] LUV (Biens et services industriels): Valeur DCF/action = 104.82$, Cours = 52.51$, Écart = 99.6%
2026-09-05 13:50:42,948 [INFO] LVS (Distribution): Valeur DCF/action = 17.91$, Cours = 46.08$, Écart = -61.1%
2026-09-05 13:50:42,949 [INFO] LYB (Matières premières): Valeur DCF/action = 62.35$, Cours = 62.08$, Écart = 0.4%
2026-09-05 13:50:42,949 [INFO] LYV (Medias): Valeur DCF/action = 109.94$, Cours = 183.56$, Écart = -40.1%
2026-09-05 13:50:42,949 [INFO] MA (Technologie): Valeur DCF/action = 394.24$, Cours = 22.20$, Écart = 1675.8%
2026-09-05 13:50:42,949 [INFO] MAA (Services financiers): Valeur DCF/action = nan$, Cours = 62.63$, Écart = n/a
2026-09-05 13:50:42,950 [INFO] MAR (Distribution): Valeur DCF/action = 191.86$, Cours = 346.83$, Écart = -44.7%
2026-09-05 13:50:42,950 [INFO] MAS (Biens et services industriels): Valeur DCF/action = 48.95$, Cours = 73.96$, Écart = -33.8%
2026-09-05 13:50:42,950 [INFO] MCD (Distribution): Valeur DCF/action = 109.14$, Cours = 274.48$, Écart = -60.2%
2026-09-05 13:50:42,950 [INFO] MCHP (Technologie): Valeur DCF/action = 68.76$, Cours = 74.36$, Écart = -7.5%
2026-09-05 13:50:42,950 [INFO] MCK (Santé): Valeur DCF/action = 948.97$, Cours = 877.23$, Écart = 8.2%
2026-09-05 13:50:42,951 [INFO] MCO (Services financiers): Valeur DCF/action = 146.48$, Cours = 472.24$, Écart = -69.0%
2026-09-05 13:50:42,951 [INFO] MDLZ (Agro-alimentaire et boissons): Valeur DCF/action = 43.73$, Cours = 58.54$, Écart = -25.3%
2026-09-05 13:50:42,951 [INFO] MDT (Santé): Valeur DCF/action = 54.11$, Cours = 79.34$, Écart = -31.8%
2026-09-05 13:50:42,952 [INFO] MGM (Distribution): Valeur DCF/action = 67.93$, Cours = 45.83$, Écart = 48.2%
2026-09-05 13:50:42,952 [INFO] MLM (Matières premières): Valeur DCF/action = 381.10$, Cours = 675.40$, Écart = -43.6%
2026-09-05 13:50:42,952 [INFO] MMM (Biens et services industriels): Valeur DCF/action = 36.93$, Cours = 155.68$, Écart = -76.3%
2026-09-05 13:50:42,952 [INFO] MNST (Agro-alimentaire et boissons): Valeur DCF/action = 33.93$, Cours = 45.18$, Écart = -24.9%
2026-09-05 13:50:42,953 [INFO] MO (Agro-alimentaire et boissons): Valeur DCF/action = 85.30$, Cours = 67.94$, Écart = 25.6%
2026-09-05 13:50:42,953 [INFO] MOS (Matières premières): Valeur DCF/action = 46.49$, Cours = 23.41$, Écart = 98.6%
2026-09-05 13:50:42,953 [INFO] MPC (Pétrole et gaz): Valeur DCF/action = 493.12$, Cours = 312.61$, Écart = 57.7%
2026-09-05 13:50:42,953 [INFO] MPWR (Technologie): Valeur DCF/action = 70.15$, Cours = 1345.45$, Écart = -94.8%
2026-09-05 13:50:42,954 [INFO] MRK (Santé): Valeur DCF/action = 81.78$, Cours = 123.93$, Écart = -34.0%
2026-09-05 13:50:42,954 [INFO] MRNA (Santé): Valeur DCF/action = 414.22$, Cours = 24.33$, Écart = 1602.5%
2026-09-05 13:50:42,954 [INFO] MRSH (Services financiers): Valeur DCF/action = 94.68$, Cours = 181.59$, Écart = -47.9%
2026-09-05 13:50:42,954 [INFO] MRVL (Technologie): Valeur DCF/action = -0.42$, Cours = 69.85$, Écart = -100.6%
2026-09-05 13:50:42,954 [INFO] MSCI (Services financiers): Valeur DCF/action = 176.36$, Cours = 561.74$, Écart = -68.6%
2026-09-05 13:50:42,955 [INFO] MSFT (Technologie): Valeur DCF/action = 119.88$, Cours = 390.54$, Écart = -69.3%
2026-09-05 13:50:42,955 [INFO] MSI (Technologie): Valeur DCF/action = 154.42$, Cours = 438.14$, Écart = -64.8%
2026-09-05 13:50:42,955 [INFO] MTD (Santé): Valeur DCF/action = nan$, Cours = 1416.30$, Écart = n/a
2026-09-05 13:50:42,955 [INFO] MU (Technologie): Valeur DCF/action = 109.09$, Cours = 126.00$, Écart = -13.4%
2026-09-05 13:50:42,956 [INFO] NCLH (Distribution): Valeur DCF/action = 30.86$, Cours = 23.72$, Écart = 30.1%
2026-09-05 13:50:42,956 [INFO] NDAQ (Services financiers): Valeur DCF/action = 24.26$, Cours = 90.42$, Écart = -73.2%
2026-09-05 13:50:42,956 [INFO] NDSN (Biens et services industriels): Valeur DCF/action = 122.81$, Cours = 286.77$, Écart = -57.2%
2026-09-05 13:50:42,956 [INFO] NEE (Services aux collectivités): Valeur DCF/action = nan$, Cours = 96.25$, Écart = n/a
2026-09-05 13:50:42,956 [INFO] NEM (Matières premières): Valeur DCF/action = 68.80$, Cours = 94.72$, Écart = -27.4%
2026-09-05 13:50:42,956 [INFO] NFLX (Medias): Valeur DCF/action = 28.98$, Cours = 68.95$, Écart = -58.0%
2026-09-05 13:50:42,956 [INFO] NI (Services aux collectivités): Valeur DCF/action = 15.96$, Cours = 44.66$, Écart = -64.3%
2026-09-05 13:50:42,957 [INFO] NKE (Distribution): Valeur DCF/action = 102.21$, Cours = 56.99$, Écart = 79.4%
2026-09-05 13:50:42,957 [INFO] NOC (Biens et services industriels): Valeur DCF/action = 115.42$, Cours = 512.29$, Écart = -77.5%
2026-09-05 13:50:42,957 [INFO] NOW (Technologie): Valeur DCF/action = 13.12$, Cours = 91.94$, Écart = -85.7%
2026-09-05 13:50:42,957 [INFO] NRG (Services aux collectivités): Valeur DCF/action = 516.57$, Cours = 184.03$, Écart = 180.7%
2026-09-05 13:50:42,957 [INFO] NSC (Biens et services industriels): Valeur DCF/action = 161.66$, Cours = 348.55$, Écart = -53.6%
2026-09-05 13:50:42,958 [INFO] NTAP (Technologie): Valeur DCF/action = 156.00$, Cours = 167.04$, Écart = -6.6%
2026-09-05 13:50:42,958 [INFO] NUE (Matières premières): Valeur DCF/action = 183.55$, Cours = 232.34$, Écart = -21.0%
2026-09-05 13:50:42,958 [INFO] NVDA (Technologie): Valeur DCF/action = 24.44$, Cours = 223.47$, Écart = -89.1%
2026-09-05 13:50:42,958 [INFO] NVR (Distribution): Valeur DCF/action = 8675.99$, Cours = 7300.37$, Écart = 18.8%
2026-09-05 13:50:42,959 [INFO] NWS (Distribution): Valeur DCF/action = 25.05$, Cours = 14.89$, Écart = 68.2%
2026-09-05 13:50:42,959 [INFO] NWSA (Distribution): Valeur DCF/action = 25.05$, Cours = 15.19$, Écart = 64.9%
2026-09-05 13:50:42,959 [INFO] NXPI (Technologie): Valeur DCF/action = 225.90$, Cours = 230.39$, Écart = -1.9%
2026-09-05 13:50:42,959 [INFO] ODFL (Biens et services industriels): Valeur DCF/action = 59.61$, Cours = 215.45$, Écart = -72.3%
2026-09-05 13:50:42,959 [INFO] OKE (Pétrole et gaz): Valeur DCF/action = -3.23$, Cours = 87.65$, Écart = -103.7%
2026-09-05 13:50:42,960 [INFO] OMC (Medias): Valeur DCF/action = 110.45$, Cours = 76.19$, Écart = 45.0%
2026-09-05 13:50:42,960 [INFO] ON (Technologie): Valeur DCF/action = 12.58$, Cours = 80.40$, Écart = -84.4%
2026-09-05 13:50:42,960 [INFO] ORCL (Technologie): Valeur DCF/action = 136.92$, Cours = 175.07$, Écart = -21.8%
2026-09-05 13:50:42,960 [INFO] ORLY (Distribution): Valeur DCF/action = 27.29$, Cours = 93.53$, Écart = -70.8%
2026-09-05 13:50:42,960 [INFO] OTIS (Biens et services industriels): Valeur DCF/action = 40.14$, Cours = 70.77$, Écart = -43.3%
2026-09-05 13:50:42,961 [INFO] OXY (Pétrole et gaz): Valeur DCF/action = 31.43$, Cours = 53.81$, Écart = -41.6%
2026-09-05 13:50:42,961 [INFO] PANW (Technologie): Valeur DCF/action = 20.57$, Cours = 280.43$, Écart = -92.7%
2026-09-05 13:50:42,961 [INFO] PAYX (Biens et services industriels): Valeur DCF/action = 88.22$, Cours = 114.39$, Écart = -22.9%
2026-09-05 13:50:42,961 [INFO] PCAR (Biens et services industriels): Valeur DCF/action = nan$, Cours = 133.87$, Écart = n/a
2026-09-05 13:50:42,962 [INFO] PCG (Services aux collectivités): Valeur DCF/action = 1798.50$, Cours = 20.96$, Écart = 8480.6%
2026-09-05 13:50:42,962 [INFO] PEG (Services aux collectivités): Valeur DCF/action = -8.24$, Cours = 85.85$, Écart = -109.6%
2026-09-05 13:50:42,962 [INFO] PEP (Agro-alimentaire et boissons): Valeur DCF/action = 81.48$, Cours = 137.86$, Écart = -40.9%
2026-09-05 13:50:42,962 [INFO] PFE (Santé): Valeur DCF/action = 9.33$, Cours = 25.41$, Écart = -63.3%
2026-09-05 13:50:42,962 [INFO] PG (Agro-alimentaire et boissons): Valeur DCF/action = 97.20$, Cours = 148.01$, Écart = -34.3%
2026-09-05 13:50:42,963 [INFO] PH (Biens et services industriels): Valeur DCF/action = 360.87$, Cours = 882.23$, Écart = -59.1%
2026-09-05 13:50:42,963 [INFO] PHM (Distribution): Valeur DCF/action = 188.97$, Cours = 134.57$, Écart = 40.4%
2026-09-05 13:50:42,963 [INFO] PKG (Matières premières): Valeur DCF/action = 130.57$, Cours = 256.04$, Écart = -49.0%
2026-09-05 13:50:42,963 [INFO] PLD (Services financiers): Valeur DCF/action = nan$, Cours = 54.49$, Écart = n/a
2026-09-05 13:50:42,964 [INFO] PLTR (Technologie): Valeur DCF/action = 2.99$, Cours = 162.66$, Écart = -98.2%
2026-09-05 13:50:42,964 [INFO] PM (Agro-alimentaire et boissons): Valeur DCF/action = 133.71$, Cours = 193.00$, Écart = -30.7%
2026-09-05 13:50:42,964 [INFO] PNR (Biens et services industriels): Valeur DCF/action = 56.50$, Cours = 82.86$, Écart = -31.8%
2026-09-05 13:50:42,964 [INFO] PNW (Services aux collectivités): Valeur DCF/action = 51.69$, Cours = 75.04$, Écart = -31.1%
2026-09-05 13:50:42,964 [INFO] PODD (Santé): Valeur DCF/action = 84.84$, Cours = 133.26$, Écart = -36.3%
2026-09-05 13:50:42,965 [INFO] PPG (Matières premières): Valeur DCF/action = 2.92$, Cours = 104.69$, Écart = -97.2%
2026-09-05 13:50:42,965 [INFO] PPL (Services aux collectivités): Valeur DCF/action = -16.50$, Cours = 35.91$, Écart = -145.9%
2026-09-05 13:50:42,965 [INFO] PSA (Services financiers): Valeur DCF/action = nan$, Cours = 232.76$, Écart = n/a
2026-09-05 13:50:42,965 [INFO] PSX (Pétrole et gaz): Valeur DCF/action = nan$, Cours = 155.75$, Écart = n/a
2026-09-05 13:50:42,966 [INFO] PTC (Technologie): Valeur DCF/action = 64.71$, Cours = 137.20$, Écart = -52.8%
2026-09-05 13:50:42,966 [INFO] PWR (Biens et services industriels): Valeur DCF/action = 87.56$, Cours = 657.98$, Écart = -86.7%
2026-09-05 13:50:42,966 [INFO] PYPL (Services financiers): Valeur DCF/action = 65.18$, Cours = 46.49$, Écart = 40.2%
2026-09-05 13:50:42,966 [INFO] Q (Technologie): Valeur DCF/action = 49.97$, Cours = 124.78$, Écart = -60.0%
2026-09-05 13:50:42,966 [INFO] QCOM (Technologie): Valeur DCF/action = 137.98$, Cours = 155.68$, Écart = -11.4%
2026-09-05 13:50:42,967 [INFO] RCL (Distribution): Valeur DCF/action = 111.10$, Cours = 263.76$, Écart = -57.9%
2026-09-05 13:50:42,967 [INFO] RMD (Santé): Valeur DCF/action = 154.05$, Cours = 205.02$, Écart = -24.9%
2026-09-05 13:50:42,967 [INFO] ROK (Biens et services industriels): Valeur DCF/action = 163.25$, Cours = 445.23$, Écart = -63.3%
2026-09-05 13:50:42,967 [INFO] ROL (Biens et services industriels): Valeur DCF/action = 15.66$, Cours = 39.44$, Écart = -60.3%
2026-09-05 13:50:42,967 [INFO] ROP (Technologie): Valeur DCF/action = nan$, Cours = 391.97$, Écart = n/a
2026-09-05 13:50:42,968 [INFO] ROST (Distribution): Valeur DCF/action = 88.78$, Cours = 223.82$, Écart = -60.3%
2026-09-05 13:50:42,968 [INFO] RSG (Biens et services industriels): Valeur DCF/action = 112.80$, Cours = 214.56$, Écart = -47.4%
2026-09-05 13:50:42,968 [INFO] RTX (Biens et services industriels): Valeur DCF/action = 75.08$, Cours = 209.16$, Écart = -64.1%
2026-09-05 13:50:42,968 [INFO] RVTY (Santé): Valeur DCF/action = 85.35$, Cours = 99.30$, Écart = -14.0%
2026-09-05 13:50:42,968 [INFO] SBAC (Services financiers): Valeur DCF/action = -55.69$, Cours = 116.41$, Écart = -147.8%
2026-09-05 13:50:42,969 [INFO] SBUX (Distribution): Valeur DCF/action = 19.53$, Cours = 104.14$, Écart = -81.2%
2026-09-05 13:50:42,969 [INFO] SHW (Matières premières): Valeur DCF/action = 106.42$, Cours = 354.27$, Écart = -70.0%
2026-09-05 13:50:42,969 [INFO] SJM (Agro-alimentaire et boissons): Valeur DCF/action = 41.48$, Cours = 112.39$, Écart = -63.1%
2026-09-05 13:50:42,969 [INFO] SLB (Pétrole et gaz): Valeur DCF/action = 38.75$, Cours = 48.96$, Écart = -20.9%
2026-09-05 13:50:42,969 [INFO] SMCI (Technologie): Valeur DCF/action = 27.57$, Cours = 33.52$, Écart = -17.8%
2026-09-05 13:50:42,970 [INFO] SNA (Biens et services industriels): Valeur DCF/action = nan$, Cours = 395.41$, Écart = n/a
2026-09-05 13:50:42,970 [INFO] SNPS (Technologie): Valeur DCF/action = 47.63$, Cours = 525.92$, Écart = -90.9%
2026-09-05 13:50:42,970 [INFO] SO (Services aux collectivités): Valeur DCF/action = 26.37$, Cours = 96.70$, Écart = -72.7%
2026-09-05 13:50:42,970 [INFO] SOLV (Santé): Valeur DCF/action = 125.61$, Cours = 87.47$, Écart = 43.6%
2026-09-05 13:50:42,970 [INFO] SPG (Services financiers): Valeur DCF/action = nan$, Cours = 149.36$, Écart = n/a
2026-09-05 13:50:42,970 [INFO] SPGI (Services financiers): Valeur DCF/action = 191.12$, Cours = 410.02$, Écart = -53.4%
2026-09-05 13:50:42,971 [INFO] SRE (Services aux collectivités): Valeur DCF/action = 469.78$, Cours = 95.20$, Écart = 393.5%
2026-09-05 13:50:42,971 [INFO] STE (Santé): Valeur DCF/action = 138.97$, Cours = 237.47$, Écart = -41.5%
2026-09-05 13:50:42,971 [INFO] STLD (Matières premières): Valeur DCF/action = 74.29$, Cours = 259.74$, Écart = -71.4%
2026-09-05 13:50:42,971 [INFO] STX (Technologie): Valeur DCF/action = 150.06$, Cours = 845.35$, Écart = -82.2%
2026-09-05 13:50:42,971 [INFO] SW (Matières premières): Valeur DCF/action = 35.36$, Cours = 45.97$, Écart = -23.1%
2026-09-05 13:50:42,972 [INFO] SWK (Biens et services industriels): Valeur DCF/action = 34.24$, Cours = 93.05$, Écart = -63.2%
2026-09-05 13:50:42,972 [INFO] SWKS (Technologie): Valeur DCF/action = 105.60$, Cours = 64.68$, Écart = 63.3%
2026-09-05 13:50:42,972 [INFO] SYK (Santé): Valeur DCF/action = 113.85$, Cours = 325.70$, Écart = -65.0%
2026-09-05 13:50:42,972 [INFO] SYY (Agro-alimentaire et boissons): Valeur DCF/action = 68.17$, Cours = 73.97$, Écart = -7.8%
2026-09-05 13:50:42,973 [INFO] T (Medias): Valeur DCF/action = 45.82$, Cours = 23.04$, Écart = 98.9%
2026-09-05 13:50:42,973 [INFO] TDG (Biens et services industriels): Valeur DCF/action = 242.07$, Cours = 1275.05$, Écart = -81.0%
2026-09-05 13:50:42,973 [INFO] TDY (Technologie): Valeur DCF/action = 389.71$, Cours = 655.35$, Écart = -40.5%
2026-09-05 13:50:42,973 [INFO] TECH (Santé): Valeur DCF/action = 34.36$, Cours = 47.41$, Écart = -27.5%
2026-09-05 13:50:42,973 [INFO] TEL (Technologie): Valeur DCF/action = -13.21$, Cours = 202.94$, Écart = -106.5%
2026-09-05 13:50:42,974 [INFO] TER (Technologie): Valeur DCF/action = 31.99$, Cours = 367.69$, Écart = -91.3%
2026-09-05 13:50:42,974 [INFO] TGT (Agro-alimentaire et boissons): Valeur DCF/action = 116.51$, Cours = 127.07$, Écart = -8.3%
2026-09-05 13:50:42,974 [INFO] TJX (Distribution): Valeur DCF/action = 55.12$, Cours = 154.75$, Écart = -64.4%
2026-09-05 13:50:42,974 [INFO] TMO (Santé): Valeur DCF/action = 214.46$, Cours = 574.30$, Écart = -62.7%
2026-09-05 13:50:42,974 [INFO] TMUS (Medias): Valeur DCF/action = 217.78$, Cours = 170.42$, Écart = 27.8%
2026-09-05 13:50:42,975 [INFO] TPL (Pétrole et gaz): Valeur DCF/action = nan$, Cours = 381.88$, Écart = n/a
2026-09-05 13:50:42,975 [INFO] TPR (Distribution): Valeur DCF/action = 71.81$, Cours = 130.52$, Écart = -45.0%
2026-09-05 13:50:42,975 [INFO] TRGP (Pétrole et gaz): Valeur DCF/action = -21.50$, Cours = 268.23$, Écart = -108.0%
2026-09-05 13:50:42,975 [INFO] TRMB (Technologie): Valeur DCF/action = 60.75$, Cours = 63.42$, Écart = -4.2%
2026-09-05 13:50:42,976 [INFO] TSCO (Distribution): Valeur DCF/action = 14.27$, Cours = 34.09$, Écart = -58.1%
2026-09-05 13:50:42,976 [INFO] TSLA (Distribution): Valeur DCF/action = 9.87$, Cours = 319.69$, Écart = -96.9%
2026-09-05 13:50:42,976 [INFO] TSN (Agro-alimentaire et boissons): Valeur DCF/action = 373.31$, Cours = 16.60$, Écart = 2148.9%
2026-09-05 13:50:42,976 [INFO] TT (Biens et services industriels): Valeur DCF/action = 159.35$, Cours = 440.28$, Écart = -63.8%
2026-09-05 13:50:42,976 [INFO] TTWO (Medias): Valeur DCF/action = -10.81$, Cours = 208.77$, Écart = -105.2%
2026-09-05 13:50:42,977 [INFO] TXN (Technologie): Valeur DCF/action = 42.26$, Cours = 279.58$, Écart = -84.9%
2026-09-05 13:50:42,977 [INFO] TXT (Biens et services industriels): Valeur DCF/action = 159.51$, Cours = 70.11$, Écart = 127.5%
2026-09-05 13:50:42,977 [INFO] TYL (Technologie): Valeur DCF/action = 18.65$, Cours = 333.50$, Écart = -94.4%
2026-09-05 13:50:42,977 [INFO] UAL (Biens et services industriels): Valeur DCF/action = 215.10$, Cours = 109.30$, Écart = 96.8%
2026-09-05 13:50:42,978 [INFO] UBER (Biens et services industriels): Valeur DCF/action = 18.66$, Cours = 68.18$, Écart = -72.6%
2026-09-05 13:50:42,978 [INFO] UDR (Services financiers): Valeur DCF/action = 49.53$, Cours = 36.05$, Écart = 37.4%
2026-09-05 13:50:42,978 [INFO] ULTA (Distribution): Valeur DCF/action = 415.57$, Cours = 494.87$, Écart = -16.0%
2026-09-05 13:50:42,978 [INFO] UNH (Santé): Valeur DCF/action = 606.58$, Cours = 363.87$, Écart = 66.7%
2026-09-05 13:50:42,978 [INFO] UNP (Biens et services industriels): Valeur DCF/action = 151.65$, Cours = 304.33$, Écart = -50.2%
2026-09-05 13:50:42,979 [INFO] UPS (Biens et services industriels): Valeur DCF/action = 116.82$, Cours = 58.74$, Écart = 98.9%
2026-09-05 13:50:42,979 [INFO] URI (Biens et services industriels): Valeur DCF/action = nan$, Cours = 802.79$, Écart = n/a
2026-09-05 13:50:42,979 [INFO] V (Technologie): Valeur DCF/action = 213.32$, Cours = 22.70$, Écart = 839.7%
2026-09-05 13:50:42,979 [INFO] VEEV (Santé): Valeur DCF/action = nan$, Cours = 172.61$, Écart = n/a
2026-09-05 13:50:42,979 [INFO] VLO (Pétrole et gaz): Valeur DCF/action = nan$, Cours = 311.71$, Écart = n/a
2026-09-05 13:50:42,980 [INFO] VLTO (Biens et services industriels): Valeur DCF/action = 40.38$, Cours = 89.47$, Écart = -54.9%
2026-09-05 13:50:42,980 [INFO] VMC (Matières premières): Valeur DCF/action = 122.23$, Cours = 296.08$, Écart = -58.7%
2026-09-05 13:50:42,980 [INFO] VRSK (Biens et services industriels): Valeur DCF/action = 92.57$, Cours = 188.19$, Écart = -50.8%
2026-09-05 13:50:42,980 [INFO] VRSN (Technologie): Valeur DCF/action = 159.40$, Cours = 261.58$, Écart = -39.1%
2026-09-05 13:50:42,981 [INFO] VRT (Biens et services industriels): Valeur DCF/action = 36.67$, Cours = 223.04$, Écart = -83.6%
2026-09-05 13:50:42,981 [INFO] VRTX (Santé): Valeur DCF/action = 516.98$, Cours = 478.70$, Écart = 8.0%
2026-09-05 13:50:42,981 [INFO] VST (Services aux collectivités): Valeur DCF/action = 171.50$, Cours = 147.72$, Écart = 16.1%
2026-09-05 13:50:42,981 [INFO] VTR (Services financiers): Valeur DCF/action = 75.16$, Cours = 76.16$, Écart = -1.3%
2026-09-05 13:50:42,981 [INFO] VTRS (Santé): Valeur DCF/action = 33.78$, Cours = 15.25$, Écart = 121.5%
2026-09-05 13:50:42,982 [INFO] VZ (Medias): Valeur DCF/action = nan$, Cours = 46.81$, Écart = n/a
2026-09-05 13:50:42,982 [INFO] WAB (Biens et services industriels): Valeur DCF/action = 93.76$, Cours = 290.00$, Écart = -67.7%
2026-09-05 13:50:42,982 [INFO] WAT (Santé): Valeur DCF/action = nan$, Cours = 352.21$, Écart = n/a
2026-09-05 13:50:42,982 [INFO] WBD (Medias): Valeur DCF/action = 75.38$, Cours = 26.40$, Écart = 185.5%
2026-09-05 13:50:42,983 [INFO] WDAY (Technologie): Valeur DCF/action = 91.44$, Cours = 187.51$, Écart = -51.2%
2026-09-05 13:50:42,983 [INFO] WDC (Technologie): Valeur DCF/action = 60.25$, Cours = 431.52$, Écart = -86.0%
2026-09-05 13:50:42,983 [INFO] WEC (Services aux collectivités): Valeur DCF/action = nan$, Cours = 109.25$, Écart = n/a
2026-09-05 13:50:42,984 [INFO] WELL (Services financiers): Valeur DCF/action = nan$, Cours = 77.80$, Écart = n/a
2026-09-05 13:50:42,984 [INFO] WM (Biens et services industriels): Valeur DCF/action = 80.49$, Cours = 236.60$, Écart = -66.0%
2026-09-05 13:50:42,984 [INFO] WMB (Pétrole et gaz): Valeur DCF/action = 23.53$, Cours = 70.43$, Écart = -66.6%
2026-09-05 13:50:42,984 [INFO] WMT (Agro-alimentaire et boissons): Valeur DCF/action = 38.73$, Cours = 115.75$, Écart = -66.5%
2026-09-05 13:50:42,984 [INFO] WSM (Distribution): Valeur DCF/action = 122.20$, Cours = 192.50$, Écart = -36.5%
2026-09-05 13:50:42,985 [INFO] WST (Santé): Valeur DCF/action = 99.17$, Cours = 355.48$, Écart = -72.1%
2026-09-05 13:50:42,985 [INFO] WTW (Services financiers): Valeur DCF/action = 194.92$, Cours = 336.05$, Écart = -42.0%
2026-09-05 13:50:42,985 [INFO] WY (Services financiers): Valeur DCF/action = 16.27$, Cours = 31.61$, Écart = -48.5%
2026-09-05 13:50:42,985 [INFO] WYNN (Distribution): Valeur DCF/action = 10.65$, Cours = 101.50$, Écart = -89.5%
2026-09-05 13:50:42,986 [INFO] XEL (Services aux collectivités): Valeur DCF/action = -47.12$, Cours = 70.29$, Écart = -167.0%
2026-09-05 13:50:42,986 [INFO] XYL (Biens et services industriels): Valeur DCF/action = 46.16$, Cours = 124.97$, Écart = -63.1%
2026-09-05 13:50:42,986 [INFO] YUM (Distribution): Valeur DCF/action = 104.27$, Cours = 152.37$, Écart = -31.6%
2026-09-05 13:50:42,986 [INFO] ZBH (Santé): Valeur DCF/action = 137.76$, Cours = 98.16$, Écart = 40.3%
2026-09-05 13:50:42,986 [INFO] ZBRA (Technologie): Valeur DCF/action = 143.03$, Cours = 368.83$, Écart = -61.2%
2026-09-05 13:50:42,986 [INFO] ZTS (Santé): Valeur DCF/action = 80.17$, Cours = 77.27$, Écart = 3.8%
