2026-08-17 20:46:52,110 [WARNING] MISTRAL_API_KEY non définie : les 8-K seront journalisés avec category='non_evalue' (pas d'appel Mistral). export MISTRAL_API_KEY=... pour activer la classification.
2026-08-17 20:46:53,381 [INFO] Mémoire des classifications : 1647 8-K déjà analysés dans data\financials\cache_8k_mistral.jsonl.
2026-08-17 20:46:53,382 [INFO] 498/503 tickers avec un historique TTM à interroger.
2026-08-17 20:46:53,388 [INFO] [1/498] MMM (CIK 0000066740, 36 fenêtre(s))...
2026-08-17 20:46:53,427 [INFO] [2/498] AOS (CIK 0000091142, 56 fenêtre(s))...
2026-08-17 20:46:53,474 [INFO] [3/498] ABT (CIK 0000001800, 65 fenêtre(s))...
2026-08-17 20:46:53,522 [INFO] [4/498] ABBV (CIK 0001551152, 51 fenêtre(s))...
2026-08-17 20:46:53,555 [INFO] [5/498] ACN (CIK 0001467373, 60 fenêtre(s))...
2026-08-17 20:46:53,590 [INFO] [6/498] ADBE (CIK 0000796343, 65 fenêtre(s))...
2026-08-17 20:46:53,618 [INFO] [7/498] AMD (CIK 0000002488, 58 fenêtre(s))...
2026-08-17 20:46:53,652 [INFO] [8/498] AES (CIK 0000874761, 60 fenêtre(s))...
2026-08-17 20:46:53,692 [INFO] [9/498] AFL (CIK 0000004977, 63 fenêtre(s))...
2026-08-17 20:46:53,736 [INFO] [10/498] A (CIK 0001090872, 50 fenêtre(s))...
C:\Users\bouil\Desktop\CalculRisque_Mark5-main\sec_filings_text.py:475: XMLParsedAsHTMLWarning: It looks like you're using an HTML parser to parse an XML document.

Assuming this really is an XML document, what you're doing might work, but you should know that using an XML parser will be more reliable. To parse this document as XML, make sure you have the Python package 'lxml' installed, and pass the keyword argument `features="xml"` into the BeautifulSoup constructor.

If you want or need to use an HTML parser on this document, you can make this warning go away by filtering it. To do that, run this code before calling the BeautifulSoup constructor:

    from bs4 import XMLParsedAsHTMLWarning
    import warnings

    warnings.filterwarnings("ignore", category=XMLParsedAsHTMLWarning)

  soup = BeautifulSoup(content, _best_parser())
2026-08-17 20:47:11,908 [INFO] [11/498] APD (CIK 0000002969, 21 fenêtre(s))...
C:\Users\bouil\Desktop\CalculRisque_Mark5-main\sec_filings_text.py:475: XMLParsedAsHTMLWarning: It looks like you're using an HTML parser to parse an XML document.

Assuming this really is an XML document, what you're doing might work, but you should know that using an XML parser will be more reliable. To parse this document as XML, make sure you have the Python package 'lxml' installed, and pass the keyword argument `features="xml"` into the BeautifulSoup constructor.

If you want or need to use an HTML parser on this document, you can make this warning go away by filtering it. To do that, run this code before calling the BeautifulSoup constructor:

    from bs4 import XMLParsedAsHTMLWarning
    import warnings

    warnings.filterwarnings("ignore", category=XMLParsedAsHTMLWarning)

  soup = BeautifulSoup(content, _best_parser())
2026-08-17 20:47:35,875 [INFO] [12/498] ABNB (CIK 0001559720, 19 fenêtre(s))...
C:\Users\bouil\Desktop\CalculRisque_Mark5-main\sec_filings_text.py:475: XMLParsedAsHTMLWarning: It looks like you're using an HTML parser to parse an XML document.

Assuming this really is an XML document, what you're doing might work, but you should know that using an XML parser will be more reliable. To parse this document as XML, make sure you have the Python package 'lxml' installed, and pass the keyword argument `features="xml"` into the BeautifulSoup constructor.

If you want or need to use an HTML parser on this document, you can make this warning go away by filtering it. To do that, run this code before calling the BeautifulSoup constructor:

    from bs4 import XMLParsedAsHTMLWarning
    import warnings

    warnings.filterwarnings("ignore", category=XMLParsedAsHTMLWarning)

  soup = BeautifulSoup(content, _best_parser())
2026-08-17 20:47:39,704 [INFO] [13/498] AKAM (CIK 0001086222, 64 fenêtre(s))...
C:\Users\bouil\Desktop\CalculRisque_Mark5-main\sec_filings_text.py:475: XMLParsedAsHTMLWarning: It looks like you're using an HTML parser to parse an XML document.

Assuming this really is an XML document, what you're doing might work, but you should know that using an XML parser will be more reliable. To parse this document as XML, make sure you have the Python package 'lxml' installed, and pass the keyword argument `features="xml"` into the BeautifulSoup constructor.

If you want or need to use an HTML parser on this document, you can make this warning go away by filtering it. To do that, run this code before calling the BeautifulSoup constructor:

    from bs4 import XMLParsedAsHTMLWarning
    import warnings

    warnings.filterwarnings("ignore", category=XMLParsedAsHTMLWarning)

  soup = BeautifulSoup(content, _best_parser())
2026-08-17 20:47:59,862 [INFO] [14/498] ALB (CIK 0000915913, 58 fenêtre(s))...
C:\Users\bouil\Desktop\CalculRisque_Mark5-main\sec_filings_text.py:475: XMLParsedAsHTMLWarning: It looks like you're using an HTML parser to parse an XML document.

Assuming this really is an XML document, what you're doing might work, but you should know that using an XML parser will be more reliable. To parse this document as XML, make sure you have the Python package 'lxml' installed, and pass the keyword argument `features="xml"` into the BeautifulSoup constructor.

If you want or need to use an HTML parser on this document, you can make this warning go away by filtering it. To do that, run this code before calling the BeautifulSoup constructor:

    from bs4 import XMLParsedAsHTMLWarning
    import warnings

    warnings.filterwarnings("ignore", category=XMLParsedAsHTMLWarning)

  soup = BeautifulSoup(content, _best_parser())
2026-08-17 20:48:25,263 [INFO] [15/498] ARE (CIK 0001035443, 61 fenêtre(s))...
C:\Users\bouil\Desktop\CalculRisque_Mark5-main\sec_filings_text.py:475: XMLParsedAsHTMLWarning: It looks like you're using an HTML parser to parse an XML document.

Assuming this really is an XML document, what you're doing might work, but you should know that using an XML parser will be more reliable. To parse this document as XML, make sure you have the Python package 'lxml' installed, and pass the keyword argument `features="xml"` into the BeautifulSoup constructor.

If you want or need to use an HTML parser on this document, you can make this warning go away by filtering it. To do that, run this code before calling the BeautifulSoup constructor:

    from bs4 import XMLParsedAsHTMLWarning
    import warnings

    warnings.filterwarnings("ignore", category=XMLParsedAsHTMLWarning)

  soup = BeautifulSoup(content, _best_parser())
2026-08-17 20:48:54,484 [INFO] [16/498] ALGN (CIK 0001097149, 62 fenêtre(s))...
C:\Users\bouil\Desktop\CalculRisque_Mark5-main\sec_filings_text.py:475: XMLParsedAsHTMLWarning: It looks like you're using an HTML parser to parse an XML document.

Assuming this really is an XML document, what you're doing might work, but you should know that using an XML parser will be more reliable. To parse this document as XML, make sure you have the Python package 'lxml' installed, and pass the keyword argument `features="xml"` into the BeautifulSoup constructor.

If you want or need to use an HTML parser on this document, you can make this warning go away by filtering it. To do that, run this code before calling the BeautifulSoup constructor:

    from bs4 import XMLParsedAsHTMLWarning
    import warnings

    warnings.filterwarnings("ignore", category=XMLParsedAsHTMLWarning)

  soup = BeautifulSoup(content, _best_parser())
2026-08-17 20:49:16,282 [INFO] [17/498] ALLE (CIK 0001579241, 46 fenêtre(s))...
C:\Users\bouil\Desktop\CalculRisque_Mark5-main\sec_filings_text.py:475: XMLParsedAsHTMLWarning: It looks like you're using an HTML parser to parse an XML document.

Assuming this really is an XML document, what you're doing might work, but you should know that using an XML parser will be more reliable. To parse this document as XML, make sure you have the Python package 'lxml' installed, and pass the keyword argument `features="xml"` into the BeautifulSoup constructor.

If you want or need to use an HTML parser on this document, you can make this warning go away by filtering it. To do that, run this code before calling the BeautifulSoup constructor:

    from bs4 import XMLParsedAsHTMLWarning
    import warnings

    warnings.filterwarnings("ignore", category=XMLParsedAsHTMLWarning)

  soup = BeautifulSoup(content, _best_parser())
2026-08-17 20:49:29,472 [INFO] [18/498] LNT (CIK 0000352541, 43 fenêtre(s))...
C:\Users\bouil\Desktop\CalculRisque_Mark5-main\sec_filings_text.py:475: XMLParsedAsHTMLWarning: It looks like you're using an HTML parser to parse an XML document.

Assuming this really is an XML document, what you're doing might work, but you should know that using an XML parser will be more reliable. To parse this document as XML, make sure you have the Python package 'lxml' installed, and pass the keyword argument `features="xml"` into the BeautifulSoup constructor.

If you want or need to use an HTML parser on this document, you can make this warning go away by filtering it. To do that, run this code before calling the BeautifulSoup constructor:

    from bs4 import XMLParsedAsHTMLWarning
    import warnings

    warnings.filterwarnings("ignore", category=XMLParsedAsHTMLWarning)

  soup = BeautifulSoup(content, _best_parser())
2026-08-17 20:49:51,855 [INFO] [19/498] ALL (CIK 0000899051, 63 fenêtre(s))...
C:\Users\bouil\Desktop\CalculRisque_Mark5-main\sec_filings_text.py:475: XMLParsedAsHTMLWarning: It looks like you're using an HTML parser to parse an XML document.

Assuming this really is an XML document, what you're doing might work, but you should know that using an XML parser will be more reliable. To parse this document as XML, make sure you have the Python package 'lxml' installed, and pass the keyword argument `features="xml"` into the BeautifulSoup constructor.

If you want or need to use an HTML parser on this document, you can make this warning go away by filtering it. To do that, run this code before calling the BeautifulSoup constructor:

    from bs4 import XMLParsedAsHTMLWarning
    import warnings

    warnings.filterwarnings("ignore", category=XMLParsedAsHTMLWarning)

  soup = BeautifulSoup(content, _best_parser())
2026-08-17 20:50:35,227 [INFO] [20/498] GOOGL (CIK 0001652044, 41 fenêtre(s))...
C:\Users\bouil\Desktop\CalculRisque_Mark5-main\sec_filings_text.py:475: XMLParsedAsHTMLWarning: It looks like you're using an HTML parser to parse an XML document.

Assuming this really is an XML document, what you're doing might work, but you should know that using an XML parser will be more reliable. To parse this document as XML, make sure you have the Python package 'lxml' installed, and pass the keyword argument `features="xml"` into the BeautifulSoup constructor.

If you want or need to use an HTML parser on this document, you can make this warning go away by filtering it. To do that, run this code before calling the BeautifulSoup constructor:

    from bs4 import XMLParsedAsHTMLWarning
    import warnings

    warnings.filterwarnings("ignore", category=XMLParsedAsHTMLWarning)

  soup = BeautifulSoup(content, _best_parser())
2026-08-17 20:50:48,464 [INFO] [21/498] GOOG (CIK 0001652044, 41 fenêtre(s))...
C:\Users\bouil\Desktop\CalculRisque_Mark5-main\sec_filings_text.py:475: XMLParsedAsHTMLWarning: It looks like you're using an HTML parser to parse an XML document.

Assuming this really is an XML document, what you're doing might work, but you should know that using an XML parser will be more reliable. To parse this document as XML, make sure you have the Python package 'lxml' installed, and pass the keyword argument `features="xml"` into the BeautifulSoup constructor.

If you want or need to use an HTML parser on this document, you can make this warning go away by filtering it. To do that, run this code before calling the BeautifulSoup constructor:

    from bs4 import XMLParsedAsHTMLWarning
    import warnings

    warnings.filterwarnings("ignore", category=XMLParsedAsHTMLWarning)

  soup = BeautifulSoup(content, _best_parser())
2026-08-17 20:51:01,346 [INFO] [22/498] MO (CIK 0000764180, 18 fenêtre(s))...
C:\Users\bouil\Desktop\CalculRisque_Mark5-main\sec_filings_text.py:475: XMLParsedAsHTMLWarning: It looks like you're using an HTML parser to parse an XML document.

Assuming this really is an XML document, what you're doing might work, but you should know that using an XML parser will be more reliable. To parse this document as XML, make sure you have the Python package 'lxml' installed, and pass the keyword argument `features="xml"` into the BeautifulSoup constructor.

If you want or need to use an HTML parser on this document, you can make this warning go away by filtering it. To do that, run this code before calling the BeautifulSoup constructor:

    from bs4 import XMLParsedAsHTMLWarning
    import warnings

    warnings.filterwarnings("ignore", category=XMLParsedAsHTMLWarning)

  soup = BeautifulSoup(content, _best_parser())
2026-08-17 20:51:28,433 [INFO] [23/498] AMZN (CIK 0001018724, 66 fenêtre(s))...
C:\Users\bouil\Desktop\CalculRisque_Mark5-main\sec_filings_text.py:475: XMLParsedAsHTMLWarning: It looks like you're using an HTML parser to parse an XML document.

Assuming this really is an XML document, what you're doing might work, but you should know that using an XML parser will be more reliable. To parse this document as XML, make sure you have the Python package 'lxml' installed, and pass the keyword argument `features="xml"` into the BeautifulSoup constructor.

If you want or need to use an HTML parser on this document, you can make this warning go away by filtering it. To do that, run this code before calling the BeautifulSoup constructor:

    from bs4 import XMLParsedAsHTMLWarning
    import warnings

    warnings.filterwarnings("ignore", category=XMLParsedAsHTMLWarning)

  soup = BeautifulSoup(content, _best_parser())
2026-08-17 20:51:49,014 [INFO] [24/498] AMCR (CIK 0001748790, 26 fenêtre(s))...
C:\Users\bouil\Desktop\CalculRisque_Mark5-main\sec_filings_text.py:475: XMLParsedAsHTMLWarning: It looks like you're using an HTML parser to parse an XML document.

Assuming this really is an XML document, what you're doing might work, but you should know that using an XML parser will be more reliable. To parse this document as XML, make sure you have the Python package 'lxml' installed, and pass the keyword argument `features="xml"` into the BeautifulSoup constructor.

If you want or need to use an HTML parser on this document, you can make this warning go away by filtering it. To do that, run this code before calling the BeautifulSoup constructor:

    from bs4 import XMLParsedAsHTMLWarning
    import warnings

    warnings.filterwarnings("ignore", category=XMLParsedAsHTMLWarning)

  soup = BeautifulSoup(content, _best_parser())
2026-08-17 20:51:58,371 [INFO] [25/498] AEE (CIK 0001002910, 65 fenêtre(s))...
C:\Users\bouil\Desktop\CalculRisque_Mark5-main\sec_filings_text.py:475: XMLParsedAsHTMLWarning: It looks like you're using an HTML parser to parse an XML document.

Assuming this really is an XML document, what you're doing might work, but you should know that using an XML parser will be more reliable. To parse this document as XML, make sure you have the Python package 'lxml' installed, and pass the keyword argument `features="xml"` into the BeautifulSoup constructor.

If you want or need to use an HTML parser on this document, you can make this warning go away by filtering it. To do that, run this code before calling the BeautifulSoup constructor:

    from bs4 import XMLParsedAsHTMLWarning
    import warnings

    warnings.filterwarnings("ignore", category=XMLParsedAsHTMLWarning)

  soup = BeautifulSoup(content, _best_parser())
2026-08-17 20:52:28,657 [INFO] [26/498] AEP (CIK 0000004904, 62 fenêtre(s))...
C:\Users\bouil\Desktop\CalculRisque_Mark5-main\sec_filings_text.py:475: XMLParsedAsHTMLWarning: It looks like you're using an HTML parser to parse an XML document.

Assuming this really is an XML document, what you're doing might work, but you should know that using an XML parser will be more reliable. To parse this document as XML, make sure you have the Python package 'lxml' installed, and pass the keyword argument `features="xml"` into the BeautifulSoup constructor.

If you want or need to use an HTML parser on this document, you can make this warning go away by filtering it. To do that, run this code before calling the BeautifulSoup constructor:

    from bs4 import XMLParsedAsHTMLWarning
    import warnings

    warnings.filterwarnings("ignore", category=XMLParsedAsHTMLWarning)

  soup = BeautifulSoup(content, _best_parser())
2026-08-17 20:52:57,130 [INFO] [27/498] AXP (CIK 0000004962, 65 fenêtre(s))...
C:\Users\bouil\Desktop\CalculRisque_Mark5-main\sec_filings_text.py:475: XMLParsedAsHTMLWarning: It looks like you're using an HTML parser to parse an XML document.

Assuming this really is an XML document, what you're doing might work, but you should know that using an XML parser will be more reliable. To parse this document as XML, make sure you have the Python package 'lxml' installed, and pass the keyword argument `features="xml"` into the BeautifulSoup constructor.

If you want or need to use an HTML parser on this document, you can make this warning go away by filtering it. To do that, run this code before calling the BeautifulSoup constructor:

    from bs4 import XMLParsedAsHTMLWarning
    import warnings

    warnings.filterwarnings("ignore", category=XMLParsedAsHTMLWarning)

  soup = BeautifulSoup(content, _best_parser())
2026-08-17 20:53:49,703 [INFO] [28/498] AIG (CIK 0000005272, 61 fenêtre(s))...
C:\Users\bouil\Desktop\CalculRisque_Mark5-main\sec_filings_text.py:475: XMLParsedAsHTMLWarning: It looks like you're using an HTML parser to parse an XML document.

Assuming this really is an XML document, what you're doing might work, but you should know that using an XML parser will be more reliable. To parse this document as XML, make sure you have the Python package 'lxml' installed, and pass the keyword argument `features="xml"` into the BeautifulSoup constructor.

If you want or need to use an HTML parser on this document, you can make this warning go away by filtering it. To do that, run this code before calling the BeautifulSoup constructor:

    from bs4 import XMLParsedAsHTMLWarning
    import warnings

    warnings.filterwarnings("ignore", category=XMLParsedAsHTMLWarning)

  soup = BeautifulSoup(content, _best_parser())
2026-08-17 20:54:37,732 [INFO] [29/498] AMT (CIK 0001053507, 61 fenêtre(s))...
C:\Users\bouil\Desktop\CalculRisque_Mark5-main\sec_filings_text.py:475: XMLParsedAsHTMLWarning: It looks like you're using an HTML parser to parse an XML document.

Assuming this really is an XML document, what you're doing might work, but you should know that using an XML parser will be more reliable. To parse this document as XML, make sure you have the Python package 'lxml' installed, and pass the keyword argument `features="xml"` into the BeautifulSoup constructor.

If you want or need to use an HTML parser on this document, you can make this warning go away by filtering it. To do that, run this code before calling the BeautifulSoup constructor:

    from bs4 import XMLParsedAsHTMLWarning
    import warnings

    warnings.filterwarnings("ignore", category=XMLParsedAsHTMLWarning)

  soup = BeautifulSoup(content, _best_parser())
2026-08-17 20:55:28,113 [INFO] [30/498] AWK (CIK 0001410636, 61 fenêtre(s))...
C:\Users\bouil\Desktop\CalculRisque_Mark5-main\sec_filings_text.py:475: XMLParsedAsHTMLWarning: It looks like you're using an HTML parser to parse an XML document.

Assuming this really is an XML document, what you're doing might work, but you should know that using an XML parser will be more reliable. To parse this document as XML, make sure you have the Python package 'lxml' installed, and pass the keyword argument `features="xml"` into the BeautifulSoup constructor.

If you want or need to use an HTML parser on this document, you can make this warning go away by filtering it. To do that, run this code before calling the BeautifulSoup constructor:

    from bs4 import XMLParsedAsHTMLWarning
    import warnings

    warnings.filterwarnings("ignore", category=XMLParsedAsHTMLWarning)

  soup = BeautifulSoup(content, _best_parser())
2026-08-17 20:56:01,706 [INFO] [31/498] AMP (CIK 0000820027, 63 fenêtre(s))...
C:\Users\bouil\Desktop\CalculRisque_Mark5-main\sec_filings_text.py:475: XMLParsedAsHTMLWarning: It looks like you're using an HTML parser to parse an XML document.

Assuming this really is an XML document, what you're doing might work, but you should know that using an XML parser will be more reliable. To parse this document as XML, make sure you have the Python package 'lxml' installed, and pass the keyword argument `features="xml"` into the BeautifulSoup constructor.

If you want or need to use an HTML parser on this document, you can make this warning go away by filtering it. To do that, run this code before calling the BeautifulSoup constructor:

    from bs4 import XMLParsedAsHTMLWarning
    import warnings

    warnings.filterwarnings("ignore", category=XMLParsedAsHTMLWarning)

  soup = BeautifulSoup(content, _best_parser())
2026-08-17 20:56:18,662 [INFO] [32/498] AME (CIK 0001037868, 19 fenêtre(s))...
C:\Users\bouil\Desktop\CalculRisque_Mark5-main\sec_filings_text.py:475: XMLParsedAsHTMLWarning: It looks like you're using an HTML parser to parse an XML document.

Assuming this really is an XML document, what you're doing might work, but you should know that using an XML parser will be more reliable. To parse this document as XML, make sure you have the Python package 'lxml' installed, and pass the keyword argument `features="xml"` into the BeautifulSoup constructor.

If you want or need to use an HTML parser on this document, you can make this warning go away by filtering it. To do that, run this code before calling the BeautifulSoup constructor:

    from bs4 import XMLParsedAsHTMLWarning
    import warnings

    warnings.filterwarnings("ignore", category=XMLParsedAsHTMLWarning)

  soup = BeautifulSoup(content, _best_parser())
2026-08-17 20:56:39,371 [INFO] [33/498] AMGN (CIK 0000318154, 66 fenêtre(s))...
C:\Users\bouil\Desktop\CalculRisque_Mark5-main\sec_filings_text.py:475: XMLParsedAsHTMLWarning: It looks like you're using an HTML parser to parse an XML document.

Assuming this really is an XML document, what you're doing might work, but you should know that using an XML parser will be more reliable. To parse this document as XML, make sure you have the Python package 'lxml' installed, and pass the keyword argument `features="xml"` into the BeautifulSoup constructor.

If you want or need to use an HTML parser on this document, you can make this warning go away by filtering it. To do that, run this code before calling the BeautifulSoup constructor:

    from bs4 import XMLParsedAsHTMLWarning
    import warnings

    warnings.filterwarnings("ignore", category=XMLParsedAsHTMLWarning)

  soup = BeautifulSoup(content, _best_parser())
2026-08-17 20:57:04,825 [INFO] [34/498] APH (CIK 0000820313, 18 fenêtre(s))...
C:\Users\bouil\Desktop\CalculRisque_Mark5-main\sec_filings_text.py:475: XMLParsedAsHTMLWarning: It looks like you're using an HTML parser to parse an XML document.

Assuming this really is an XML document, what you're doing might work, but you should know that using an XML parser will be more reliable. To parse this document as XML, make sure you have the Python package 'lxml' installed, and pass the keyword argument `features="xml"` into the BeautifulSoup constructor.

If you want or need to use an HTML parser on this document, you can make this warning go away by filtering it. To do that, run this code before calling the BeautifulSoup constructor:

    from bs4 import XMLParsedAsHTMLWarning
    import warnings

    warnings.filterwarnings("ignore", category=XMLParsedAsHTMLWarning)

  soup = BeautifulSoup(content, _best_parser())
2026-08-17 20:57:29,619 [INFO] [35/498] ADI (CIK 0000006281, 63 fenêtre(s))...
C:\Users\bouil\Desktop\CalculRisque_Mark5-main\sec_filings_text.py:475: XMLParsedAsHTMLWarning: It looks like you're using an HTML parser to parse an XML document.

Assuming this really is an XML document, what you're doing might work, but you should know that using an XML parser will be more reliable. To parse this document as XML, make sure you have the Python package 'lxml' installed, and pass the keyword argument `features="xml"` into the BeautifulSoup constructor.

If you want or need to use an HTML parser on this document, you can make this warning go away by filtering it. To do that, run this code before calling the BeautifulSoup constructor:

    from bs4 import XMLParsedAsHTMLWarning
    import warnings

    warnings.filterwarnings("ignore", category=XMLParsedAsHTMLWarning)

  soup = BeautifulSoup(content, _best_parser())
2026-08-17 20:57:55,760 [INFO] [36/498] AON (CIK 0000315293, 49 fenêtre(s))...
C:\Users\bouil\Desktop\CalculRisque_Mark5-main\sec_filings_text.py:475: XMLParsedAsHTMLWarning: It looks like you're using an HTML parser to parse an XML document.

Assuming this really is an XML document, what you're doing might work, but you should know that using an XML parser will be more reliable. To parse this document as XML, make sure you have the Python package 'lxml' installed, and pass the keyword argument `features="xml"` into the BeautifulSoup constructor.

If you want or need to use an HTML parser on this document, you can make this warning go away by filtering it. To do that, run this code before calling the BeautifulSoup constructor:

    from bs4 import XMLParsedAsHTMLWarning
    import warnings

    warnings.filterwarnings("ignore", category=XMLParsedAsHTMLWarning)

  soup = BeautifulSoup(content, _best_parser())
2026-08-17 20:58:21,855 [INFO] [37/498] APA (CIK 0001841666, 7 fenêtre(s))...
C:\Users\bouil\Desktop\CalculRisque_Mark5-main\sec_filings_text.py:475: XMLParsedAsHTMLWarning: It looks like you're using an HTML parser to parse an XML document.

Assuming this really is an XML document, what you're doing might work, but you should know that using an XML parser will be more reliable. To parse this document as XML, make sure you have the Python package 'lxml' installed, and pass the keyword argument `features="xml"` into the BeautifulSoup constructor.

If you want or need to use an HTML parser on this document, you can make this warning go away by filtering it. To do that, run this code before calling the BeautifulSoup constructor:

    from bs4 import XMLParsedAsHTMLWarning
    import warnings

    warnings.filterwarnings("ignore", category=XMLParsedAsHTMLWarning)

  soup = BeautifulSoup(content, _best_parser())
2026-08-17 20:58:28,587 [INFO] [38/498] APO (CIK 0001858681, 13 fenêtre(s))...
C:\Users\bouil\Desktop\CalculRisque_Mark5-main\sec_filings_text.py:475: XMLParsedAsHTMLWarning: It looks like you're using an HTML parser to parse an XML document.

Assuming this really is an XML document, what you're doing might work, but you should know that using an XML parser will be more reliable. To parse this document as XML, make sure you have the Python package 'lxml' installed, and pass the keyword argument `features="xml"` into the BeautifulSoup constructor.

If you want or need to use an HTML parser on this document, you can make this warning go away by filtering it. To do that, run this code before calling the BeautifulSoup constructor:

    from bs4 import XMLParsedAsHTMLWarning
    import warnings

    warnings.filterwarnings("ignore", category=XMLParsedAsHTMLWarning)

  soup = BeautifulSoup(content, _best_parser())
2026-08-17 20:58:38,586 [INFO] [39/498] AAPL (CIK 0000320193, 65 fenêtre(s))...
C:\Users\bouil\Desktop\CalculRisque_Mark5-main\sec_filings_text.py:475: XMLParsedAsHTMLWarning: It looks like you're using an HTML parser to parse an XML document.

Assuming this really is an XML document, what you're doing might work, but you should know that using an XML parser will be more reliable. To parse this document as XML, make sure you have the Python package 'lxml' installed, and pass the keyword argument `features="xml"` into the BeautifulSoup constructor.

If you want or need to use an HTML parser on this document, you can make this warning go away by filtering it. To do that, run this code before calling the BeautifulSoup constructor:

    from bs4 import XMLParsedAsHTMLWarning
    import warnings

    warnings.filterwarnings("ignore", category=XMLParsedAsHTMLWarning)

  soup = BeautifulSoup(content, _best_parser())
2026-08-17 20:58:58,234 [INFO] [40/498] AMAT (CIK 0000006951, 20 fenêtre(s))...
C:\Users\bouil\Desktop\CalculRisque_Mark5-main\sec_filings_text.py:475: XMLParsedAsHTMLWarning: It looks like you're using an HTML parser to parse an XML document.

Assuming this really is an XML document, what you're doing might work, but you should know that using an XML parser will be more reliable. To parse this document as XML, make sure you have the Python package 'lxml' installed, and pass the keyword argument `features="xml"` into the BeautifulSoup constructor.

If you want or need to use an HTML parser on this document, you can make this warning go away by filtering it. To do that, run this code before calling the BeautifulSoup constructor:

    from bs4 import XMLParsedAsHTMLWarning
    import warnings

    warnings.filterwarnings("ignore", category=XMLParsedAsHTMLWarning)

  soup = BeautifulSoup(content, _best_parser())
2026-08-17 20:59:20,317 [INFO] [41/498] APP (CIK 0001751008, 19 fenêtre(s))...
C:\Users\bouil\Desktop\CalculRisque_Mark5-main\sec_filings_text.py:475: XMLParsedAsHTMLWarning: It looks like you're using an HTML parser to parse an XML document.

Assuming this really is an XML document, what you're doing might work, but you should know that using an XML parser will be more reliable. To parse this document as XML, make sure you have the Python package 'lxml' installed, and pass the keyword argument `features="xml"` into the BeautifulSoup constructor.

If you want or need to use an HTML parser on this document, you can make this warning go away by filtering it. To do that, run this code before calling the BeautifulSoup constructor:

    from bs4 import XMLParsedAsHTMLWarning
    import warnings

    warnings.filterwarnings("ignore", category=XMLParsedAsHTMLWarning)

  soup = BeautifulSoup(content, _best_parser())
2026-08-17 20:59:26,109 [INFO] [42/498] APTV (CIK 0001521332, 51 fenêtre(s))...
C:\Users\bouil\Desktop\CalculRisque_Mark5-main\sec_filings_text.py:475: XMLParsedAsHTMLWarning: It looks like you're using an HTML parser to parse an XML document.

Assuming this really is an XML document, what you're doing might work, but you should know that using an XML parser will be more reliable. To parse this document as XML, make sure you have the Python package 'lxml' installed, and pass the keyword argument `features="xml"` into the BeautifulSoup constructor.

If you want or need to use an HTML parser on this document, you can make this warning go away by filtering it. To do that, run this code before calling the BeautifulSoup constructor:

    from bs4 import XMLParsedAsHTMLWarning
    import warnings

    warnings.filterwarnings("ignore", category=XMLParsedAsHTMLWarning)

  soup = BeautifulSoup(content, _best_parser())
2026-08-17 20:59:47,196 [INFO] [43/498] ACGL (CIK 0000947484, 22 fenêtre(s))...
C:\Users\bouil\Desktop\CalculRisque_Mark5-main\sec_filings_text.py:475: XMLParsedAsHTMLWarning: It looks like you're using an HTML parser to parse an XML document.

Assuming this really is an XML document, what you're doing might work, but you should know that using an XML parser will be more reliable. To parse this document as XML, make sure you have the Python package 'lxml' installed, and pass the keyword argument `features="xml"` into the BeautifulSoup constructor.

If you want or need to use an HTML parser on this document, you can make this warning go away by filtering it. To do that, run this code before calling the BeautifulSoup constructor:

    from bs4 import XMLParsedAsHTMLWarning
    import warnings

    warnings.filterwarnings("ignore", category=XMLParsedAsHTMLWarning)

  soup = BeautifulSoup(content, _best_parser())
2026-08-17 21:00:15,991 [INFO] [44/498] ADM (CIK 0000007084, 62 fenêtre(s))...
C:\Users\bouil\Desktop\CalculRisque_Mark5-main\sec_filings_text.py:475: XMLParsedAsHTMLWarning: It looks like you're using an HTML parser to parse an XML document.

Assuming this really is an XML document, what you're doing might work, but you should know that using an XML parser will be more reliable. To parse this document as XML, make sure you have the Python package 'lxml' installed, and pass the keyword argument `features="xml"` into the BeautifulSoup constructor.

If you want or need to use an HTML parser on this document, you can make this warning go away by filtering it. To do that, run this code before calling the BeautifulSoup constructor:

    from bs4 import XMLParsedAsHTMLWarning
    import warnings

    warnings.filterwarnings("ignore", category=XMLParsedAsHTMLWarning)

  soup = BeautifulSoup(content, _best_parser())
2026-08-17 21:00:37,228 [INFO] [45/498] ARES (CIK 0001176948, 41 fenêtre(s))...
C:\Users\bouil\Desktop\CalculRisque_Mark5-main\sec_filings_text.py:475: XMLParsedAsHTMLWarning: It looks like you're using an HTML parser to parse an XML document.

Assuming this really is an XML document, what you're doing might work, but you should know that using an XML parser will be more reliable. To parse this document as XML, make sure you have the Python package 'lxml' installed, and pass the keyword argument `features="xml"` into the BeautifulSoup constructor.

If you want or need to use an HTML parser on this document, you can make this warning go away by filtering it. To do that, run this code before calling the BeautifulSoup constructor:

    from bs4 import XMLParsedAsHTMLWarning
    import warnings

    warnings.filterwarnings("ignore", category=XMLParsedAsHTMLWarning)

  soup = BeautifulSoup(content, _best_parser())
2026-08-17 21:00:55,387 [INFO] [46/498] ANET (CIK 0001596532, 46 fenêtre(s))...
C:\Users\bouil\Desktop\CalculRisque_Mark5-main\sec_filings_text.py:475: XMLParsedAsHTMLWarning: It looks like you're using an HTML parser to parse an XML document.

Assuming this really is an XML document, what you're doing might work, but you should know that using an XML parser will be more reliable. To parse this document as XML, make sure you have the Python package 'lxml' installed, and pass the keyword argument `features="xml"` into the BeautifulSoup constructor.

If you want or need to use an HTML parser on this document, you can make this warning go away by filtering it. To do that, run this code before calling the BeautifulSoup constructor:

    from bs4 import XMLParsedAsHTMLWarning
    import warnings

    warnings.filterwarnings("ignore", category=XMLParsedAsHTMLWarning)

  soup = BeautifulSoup(content, _best_parser())
2026-08-17 21:01:05,751 [INFO] [47/498] AJG (CIK 0000354190, 61 fenêtre(s))...
C:\Users\bouil\Desktop\CalculRisque_Mark5-main\sec_filings_text.py:475: XMLParsedAsHTMLWarning: It looks like you're using an HTML parser to parse an XML document.

Assuming this really is an XML document, what you're doing might work, but you should know that using an XML parser will be more reliable. To parse this document as XML, make sure you have the Python package 'lxml' installed, and pass the keyword argument `features="xml"` into the BeautifulSoup constructor.

If you want or need to use an HTML parser on this document, you can make this warning go away by filtering it. To do that, run this code before calling the BeautifulSoup constructor:

    from bs4 import XMLParsedAsHTMLWarning
    import warnings

    warnings.filterwarnings("ignore", category=XMLParsedAsHTMLWarning)

  soup = BeautifulSoup(content, _best_parser())
2026-08-17 21:01:37,285 [INFO] [48/498] AIZ (CIK 0001267238, 58 fenêtre(s))...
C:\Users\bouil\Desktop\CalculRisque_Mark5-main\sec_filings_text.py:475: XMLParsedAsHTMLWarning: It looks like you're using an HTML parser to parse an XML document.

Assuming this really is an XML document, what you're doing might work, but you should know that using an XML parser will be more reliable. To parse this document as XML, make sure you have the Python package 'lxml' installed, and pass the keyword argument `features="xml"` into the BeautifulSoup constructor.

If you want or need to use an HTML parser on this document, you can make this warning go away by filtering it. To do that, run this code before calling the BeautifulSoup constructor:

    from bs4 import XMLParsedAsHTMLWarning
    import warnings

    warnings.filterwarnings("ignore", category=XMLParsedAsHTMLWarning)

  soup = BeautifulSoup(content, _best_parser())
2026-08-17 21:02:03,396 [INFO] [49/498] T (CIK 0000732717, 64 fenêtre(s))...
C:\Users\bouil\Desktop\CalculRisque_Mark5-main\sec_filings_text.py:475: XMLParsedAsHTMLWarning: It looks like you're using an HTML parser to parse an XML document.

Assuming this really is an XML document, what you're doing might work, but you should know that using an XML parser will be more reliable. To parse this document as XML, make sure you have the Python package 'lxml' installed, and pass the keyword argument `features="xml"` into the BeautifulSoup constructor.

If you want or need to use an HTML parser on this document, you can make this warning go away by filtering it. To do that, run this code before calling the BeautifulSoup constructor:

    from bs4 import XMLParsedAsHTMLWarning
    import warnings

    warnings.filterwarnings("ignore", category=XMLParsedAsHTMLWarning)

  soup = BeautifulSoup(content, _best_parser())
2026-08-17 21:03:02,701 [INFO] [50/498] ATO (CIK 0000731802, 57 fenêtre(s))...
C:\Users\bouil\Desktop\CalculRisque_Mark5-main\sec_filings_text.py:475: XMLParsedAsHTMLWarning: It looks like you're using an HTML parser to parse an XML document.

Assuming this really is an XML document, what you're doing might work, but you should know that using an XML parser will be more reliable. To parse this document as XML, make sure you have the Python package 'lxml' installed, and pass the keyword argument `features="xml"` into the BeautifulSoup constructor.

If you want or need to use an HTML parser on this document, you can make this warning go away by filtering it. To do that, run this code before calling the BeautifulSoup constructor:

    from bs4 import XMLParsedAsHTMLWarning
    import warnings

    warnings.filterwarnings("ignore", category=XMLParsedAsHTMLWarning)

  soup = BeautifulSoup(content, _best_parser())
2026-08-17 21:03:26,252 [INFO] [51/498] ADSK (CIK 0000769397, 38 fenêtre(s))...
C:\Users\bouil\Desktop\CalculRisque_Mark5-main\sec_filings_text.py:475: XMLParsedAsHTMLWarning: It looks like you're using an HTML parser to parse an XML document.

Assuming this really is an XML document, what you're doing might work, but you should know that using an XML parser will be more reliable. To parse this document as XML, make sure you have the Python package 'lxml' installed, and pass the keyword argument `features="xml"` into the BeautifulSoup constructor.

If you want or need to use an HTML parser on this document, you can make this warning go away by filtering it. To do that, run this code before calling the BeautifulSoup constructor:

    from bs4 import XMLParsedAsHTMLWarning
    import warnings

    warnings.filterwarnings("ignore", category=XMLParsedAsHTMLWarning)

  soup = BeautifulSoup(content, _best_parser())
2026-08-17 21:03:48,199 [INFO] [52/498] ADP (CIK 0000008670, 61 fenêtre(s))...
C:\Users\bouil\Desktop\CalculRisque_Mark5-main\sec_filings_text.py:475: XMLParsedAsHTMLWarning: It looks like you're using an HTML parser to parse an XML document.

Assuming this really is an XML document, what you're doing might work, but you should know that using an XML parser will be more reliable. To parse this document as XML, make sure you have the Python package 'lxml' installed, and pass the keyword argument `features="xml"` into the BeautifulSoup constructor.

If you want or need to use an HTML parser on this document, you can make this warning go away by filtering it. To do that, run this code before calling the BeautifulSoup constructor:

    from bs4 import XMLParsedAsHTMLWarning
    import warnings

    warnings.filterwarnings("ignore", category=XMLParsedAsHTMLWarning)

  soup = BeautifulSoup(content, _best_parser())
2026-08-17 21:04:07,902 [INFO] [53/498] AZO (CIK 0000866787, 63 fenêtre(s))...
2026-08-17 21:04:54,508 [WARNING] Requête https://www.sec.gov/Archives/edgar/data/866787/000117184315006677/document.htm en échec (('Connection aborted.', ConnectionResetError(10054, 'An existing connection was forcibly closed by the remote host', None, 10054, None))), nouvelle tentative dans 2s.
2026-08-17 21:05:29,408 [WARNING] Requête https://www.sec.gov/Archives/edgar/data/866787/000117184318006582/f8k_091718.htm en échec (HTTP 503), nouvelle tentative dans 2s.
C:\Users\bouil\Desktop\CalculRisque_Mark5-main\sec_filings_text.py:475: XMLParsedAsHTMLWarning: It looks like you're using an HTML parser to parse an XML document.

Assuming this really is an XML document, what you're doing might work, but you should know that using an XML parser will be more reliable. To parse this document as XML, make sure you have the Python package 'lxml' installed, and pass the keyword argument `features="xml"` into the BeautifulSoup constructor.

If you want or need to use an HTML parser on this document, you can make this warning go away by filtering it. To do that, run this code before calling the BeautifulSoup constructor:

    from bs4 import XMLParsedAsHTMLWarning
    import warnings

    warnings.filterwarnings("ignore", category=XMLParsedAsHTMLWarning)

  soup = BeautifulSoup(content, _best_parser())
2026-08-17 21:05:58,354 [INFO] [54/498] AVB (CIK 0000915912, 54 fenêtre(s))...
2026-08-17 21:06:27,567 [WARNING] Requête https://www.sec.gov/Archives/edgar/data/915912/000110465911070646/a11-31934_18k.htm en échec (('Connection aborted.', ConnectionResetError(10054, 'An existing connection was forcibly closed by the remote host', None, 10054, None))), nouvelle tentative dans 2s.
2026-08-17 21:06:29,570 [WARNING] Requête https://www.sec.gov/Archives/edgar/data/915912/000110465911070646/a11-31934_18k.htm en échec (HTTPSConnectionPool(host='www.sec.gov', port=443): Max retries exceeded with url: /Archives/edgar/data/915912/000110465911070646/a11-31934_18k.htm (Caused by NameResolutionError("HTTPSConnection(host='www.sec.gov', port=443): Failed to resolve 'www.sec.gov' ([Errno 11001] getaddrinfo failed)"))), nouvelle tentative dans 4s.
2026-08-17 21:06:33,572 [WARNING] Requête https://www.sec.gov/Archives/edgar/data/915912/000110465911070646/a11-31934_18k.htm en échec (HTTPSConnectionPool(host='www.sec.gov', port=443): Max retries exceeded with url: /Archives/edgar/data/915912/000110465911070646/a11-31934_18k.htm (Caused by NameResolutionError("HTTPSConnection(host='www.sec.gov', port=443): Failed to resolve 'www.sec.gov' ([Errno 11001] getaddrinfo failed)"))), nouvelle tentative dans 8s.
2026-08-17 21:06:41,574 [ERROR] Échec de la requête https://www.sec.gov/Archives/edgar/data/915912/000110465911070646/a11-31934_18k.htm (4 tentatives) : HTTPSConnectionPool(host='www.sec.gov', port=443): Max retries exceeded with url: /Archives/edgar/data/915912/000110465911070646/a11-31934_18k.htm (Caused by NameResolutionError("HTTPSConnection(host='www.sec.gov', port=443): Failed to resolve 'www.sec.gov' ([Errno 11001] getaddrinfo failed)"))
2026-08-17 21:06:41,575 [ERROR] Échec du téléchargement du filing https://www.sec.gov/Archives/edgar/data/915912/000110465911070646/a11-31934_18k.htm: https://www.sec.gov/Archives/edgar/data/915912/000110465911070646/a11-31934_18k.htm : HTTPSConnectionPool(host='www.sec.gov', port=443): Max retries exceeded with url: /Archives/edgar/data/915912/000110465911070646/a11-31934_18k.htm (Caused by NameResolutionError("HTTPSConnection(host='www.sec.gov', port=443): Failed to resolve 'www.sec.gov' ([Errno 11001] getaddrinfo failed)"))
2026-08-17 21:06:41,701 [WARNING] Requête https://www.sec.gov/Archives/edgar/data/915912/000119312512034374/d291527d8k.htm en échec (HTTPSConnectionPool(host='www.sec.gov', port=443): Max retries exceeded with url: /Archives/edgar/data/915912/000119312512034374/d291527d8k.htm (Caused by NameResolutionError("HTTPSConnection(host='www.sec.gov', port=443): Failed to resolve 'www.sec.gov' ([Errno 11001] getaddrinfo failed)"))), nouvelle tentative dans 2s.
2026-08-17 21:06:43,703 [WARNING] Requête https://www.sec.gov/Archives/edgar/data/915912/000119312512034374/d291527d8k.htm en échec (HTTPSConnectionPool(host='www.sec.gov', port=443): Max retries exceeded with url: /Archives/edgar/data/915912/000119312512034374/d291527d8k.htm (Caused by NameResolutionError("HTTPSConnection(host='www.sec.gov', port=443): Failed to resolve 'www.sec.gov' ([Errno 11001] getaddrinfo failed)"))), nouvelle tentative dans 4s.
2026-08-17 21:06:47,706 [WARNING] Requête https://www.sec.gov/Archives/edgar/data/915912/000119312512034374/d291527d8k.htm en échec (HTTPSConnectionPool(host='www.sec.gov', port=443): Max retries exceeded with url: /Archives/edgar/data/915912/000119312512034374/d291527d8k.htm (Caused by NameResolutionError("HTTPSConnection(host='www.sec.gov', port=443): Failed to resolve 'www.sec.gov' ([Errno 11001] getaddrinfo failed)"))), nouvelle tentative dans 8s.
2026-08-17 21:06:55,713 [ERROR] Échec de la requête https://www.sec.gov/Archives/edgar/data/915912/000119312512034374/d291527d8k.htm (4 tentatives) : HTTPSConnectionPool(host='www.sec.gov', port=443): Max retries exceeded with url: /Archives/edgar/data/915912/000119312512034374/d291527d8k.htm (Caused by NameResolutionError("HTTPSConnection(host='www.sec.gov', port=443): Failed to resolve 'www.sec.gov' ([Errno 11001] getaddrinfo failed)"))
2026-08-17 21:06:55,713 [ERROR] Échec du téléchargement du filing https://www.sec.gov/Archives/edgar/data/915912/000119312512034374/d291527d8k.htm: https://www.sec.gov/Archives/edgar/data/915912/000119312512034374/d291527d8k.htm : HTTPSConnectionPool(host='www.sec.gov', port=443): Max retries exceeded with url: /Archives/edgar/data/915912/000119312512034374/d291527d8k.htm (Caused by NameResolutionError("HTTPSConnection(host='www.sec.gov', port=443): Failed to resolve 'www.sec.gov' ([Errno 11001] getaddrinfo failed)"))
2026-08-17 21:06:55,838 [WARNING] Requête https://www.sec.gov/Archives/edgar/data/915912/000110465912012150/a12-5763_18k.htm en échec (HTTPSConnectionPool(host='www.sec.gov', port=443): Max retries exceeded with url: /Archives/edgar/data/915912/000110465912012150/a12-5763_18k.htm (Caused by NameResolutionError("HTTPSConnection(host='www.sec.gov', port=443): Failed to resolve 'www.sec.gov' ([Errno 11001] getaddrinfo failed)"))), nouvelle tentative dans 2s.
2026-08-17 21:06:57,841 [WARNING] Requête https://www.sec.gov/Archives/edgar/data/915912/000110465912012150/a12-5763_18k.htm en échec (HTTPSConnectionPool(host='www.sec.gov', port=443): Max retries exceeded with url: /Archives/edgar/data/915912/000110465912012150/a12-5763_18k.htm (Caused by NameResolutionError("HTTPSConnection(host='www.sec.gov', port=443): Failed to resolve 'www.sec.gov' ([Errno 11001] getaddrinfo failed)"))), nouvelle tentative dans 4s.
2026-08-17 21:07:01,844 [WARNING] Requête https://www.sec.gov/Archives/edgar/data/915912/000110465912012150/a12-5763_18k.htm en échec (HTTPSConnectionPool(host='www.sec.gov', port=443): Max retries exceeded with url: /Archives/edgar/data/915912/000110465912012150/a12-5763_18k.htm (Caused by NameResolutionError("HTTPSConnection(host='www.sec.gov', port=443): Failed to resolve 'www.sec.gov' ([Errno 11001] getaddrinfo failed)"))), nouvelle tentative dans 8s.
2026-08-17 21:07:09,846 [ERROR] Échec de la requête https://www.sec.gov/Archives/edgar/data/915912/000110465912012150/a12-5763_18k.htm (4 tentatives) : HTTPSConnectionPool(host='www.sec.gov', port=443): Max retries exceeded with url: /Archives/edgar/data/915912/000110465912012150/a12-5763_18k.htm (Caused by NameResolutionError("HTTPSConnection(host='www.sec.gov', port=443): Failed to resolve 'www.sec.gov' ([Errno 11001] getaddrinfo failed)"))
2026-08-17 21:07:09,846 [ERROR] Échec du téléchargement du filing https://www.sec.gov/Archives/edgar/data/915912/000110465912012150/a12-5763_18k.htm: https://www.sec.gov/Archives/edgar/data/915912/000110465912012150/a12-5763_18k.htm : HTTPSConnectionPool(host='www.sec.gov', port=443): Max retries exceeded with url: /Archives/edgar/data/915912/000110465912012150/a12-5763_18k.htm (Caused by NameResolutionError("HTTPSConnection(host='www.sec.gov', port=443): Failed to resolve 'www.sec.gov' ([Errno 11001] getaddrinfo failed)"))
2026-08-17 21:07:09,974 [WARNING] Requête https://www.sec.gov/Archives/edgar/data/915912/000110465912013862/a12-4162_38k.htm en échec (HTTPSConnectionPool(host='www.sec.gov', port=443): Max retries exceeded with url: /Archives/edgar/data/915912/000110465912013862/a12-4162_38k.htm (Caused by NameResolutionError("HTTPSConnection(host='www.sec.gov', port=443): Failed to resolve 'www.sec.gov' ([Errno 11001] getaddrinfo failed)"))), nouvelle tentative dans 2s.
2026-08-17 21:07:11,977 [WARNING] Requête https://www.sec.gov/Archives/edgar/data/915912/000110465912013862/a12-4162_38k.htm en échec (HTTPSConnectionPool(host='www.sec.gov', port=443): Max retries exceeded with url: /Archives/edgar/data/915912/000110465912013862/a12-4162_38k.htm (Caused by NameResolutionError("HTTPSConnection(host='www.sec.gov', port=443): Failed to resolve 'www.sec.gov' ([Errno 11001] getaddrinfo failed)"))), nouvelle tentative dans 4s.
2026-08-17 21:07:15,980 [WARNING] Requête https://www.sec.gov/Archives/edgar/data/915912/000110465912013862/a12-4162_38k.htm en échec (HTTPSConnectionPool(host='www.sec.gov', port=443): Max retries exceeded with url: /Archives/edgar/data/915912/000110465912013862/a12-4162_38k.htm (Caused by NameResolutionError("HTTPSConnection(host='www.sec.gov', port=443): Failed to resolve 'www.sec.gov' ([Errno 11001] getaddrinfo failed)"))), nouvelle tentative dans 8s.
2026-08-17 21:07:23,982 [ERROR] Échec de la requête https://www.sec.gov/Archives/edgar/data/915912/000110465912013862/a12-4162_38k.htm (4 tentatives) : HTTPSConnectionPool(host='www.sec.gov', port=443): Max retries exceeded with url: /Archives/edgar/data/915912/000110465912013862/a12-4162_38k.htm (Caused by NameResolutionError("HTTPSConnection(host='www.sec.gov', port=443): Failed to resolve 'www.sec.gov' ([Errno 11001] getaddrinfo failed)"))
2026-08-17 21:07:23,982 [ERROR] Échec du téléchargement du filing https://www.sec.gov/Archives/edgar/data/915912/000110465912013862/a12-4162_38k.htm: https://www.sec.gov/Archives/edgar/data/915912/000110465912013862/a12-4162_38k.htm : HTTPSConnectionPool(host='www.sec.gov', port=443): Max retries exceeded with url: /Archives/edgar/data/915912/000110465912013862/a12-4162_38k.htm (Caused by NameResolutionError("HTTPSConnection(host='www.sec.gov', port=443): Failed to resolve 'www.sec.gov' ([Errno 11001] getaddrinfo failed)"))
2026-08-17 21:07:24,107 [WARNING] Requête https://www.sec.gov/Archives/edgar/data/915912/000110465912028375/a12-10358_18k.htm en échec (HTTPSConnectionPool(host='www.sec.gov', port=443): Max retries exceeded with url: /Archives/edgar/data/915912/000110465912028375/a12-10358_18k.htm (Caused by NameResolutionError("HTTPSConnection(host='www.sec.gov', port=443): Failed to resolve 'www.sec.gov' ([Errno 11001] getaddrinfo failed)"))), nouvelle tentative dans 2s.
2026-08-17 21:07:26,114 [WARNING] Requête https://www.sec.gov/Archives/edgar/data/915912/000110465912028375/a12-10358_18k.htm en échec (HTTPSConnectionPool(host='www.sec.gov', port=443): Max retries exceeded with url: /Archives/edgar/data/915912/000110465912028375/a12-10358_18k.htm (Caused by NameResolutionError("HTTPSConnection(host='www.sec.gov', port=443): Failed to resolve 'www.sec.gov' ([Errno 11001] getaddrinfo failed)"))), nouvelle tentative dans 4s.
2026-08-17 21:07:30,116 [WARNING] Requête https://www.sec.gov/Archives/edgar/data/915912/000110465912028375/a12-10358_18k.htm en échec (HTTPSConnectionPool(host='www.sec.gov', port=443): Max retries exceeded with url: /Archives/edgar/data/915912/000110465912028375/a12-10358_18k.htm (Caused by NameResolutionError("HTTPSConnection(host='www.sec.gov', port=443): Failed to resolve 'www.sec.gov' ([Errno 11001] getaddrinfo failed)"))), nouvelle tentative dans 8s.
2026-08-17 21:07:38,118 [ERROR] Échec de la requête https://www.sec.gov/Archives/edgar/data/915912/000110465912028375/a12-10358_18k.htm (4 tentatives) : HTTPSConnectionPool(host='www.sec.gov', port=443): Max retries exceeded with url: /Archives/edgar/data/915912/000110465912028375/a12-10358_18k.htm (Caused by NameResolutionError("HTTPSConnection(host='www.sec.gov', port=443): Failed to resolve 'www.sec.gov' ([Errno 11001] getaddrinfo failed)"))
2026-08-17 21:07:38,118 [ERROR] Échec du téléchargement du filing https://www.sec.gov/Archives/edgar/data/915912/000110465912028375/a12-10358_18k.htm: https://www.sec.gov/Archives/edgar/data/915912/000110465912028375/a12-10358_18k.htm : HTTPSConnectionPool(host='www.sec.gov', port=443): Max retries exceeded with url: /Archives/edgar/data/915912/000110465912028375/a12-10358_18k.htm (Caused by NameResolutionError("HTTPSConnection(host='www.sec.gov', port=443): Failed to resolve 'www.sec.gov' ([Errno 11001] getaddrinfo failed)"))
2026-08-17 21:07:38,244 [WARNING] Requête https://www.sec.gov/Archives/edgar/data/915912/000110465912039852/a12-13070_18k.htm en échec (HTTPSConnectionPool(host='www.sec.gov', port=443): Max retries exceeded with url: /Archives/edgar/data/915912/000110465912039852/a12-13070_18k.htm (Caused by NameResolutionError("HTTPSConnection(host='www.sec.gov', port=443): Failed to resolve 'www.sec.gov' ([Errno 11001] getaddrinfo failed)"))), nouvelle tentative dans 2s.
2026-08-17 21:07:40,246 [WARNING] Requête https://www.sec.gov/Archives/edgar/data/915912/000110465912039852/a12-13070_18k.htm en échec (HTTPSConnectionPool(host='www.sec.gov', port=443): Max retries exceeded with url: /Archives/edgar/data/915912/000110465912039852/a12-13070_18k.htm (Caused by NameResolutionError("HTTPSConnection(host='www.sec.gov', port=443): Failed to resolve 'www.sec.gov' ([Errno 11001] getaddrinfo failed)"))), nouvelle tentative dans 4s.
2026-08-17 21:07:44,249 [WARNING] Requête https://www.sec.gov/Archives/edgar/data/915912/000110465912039852/a12-13070_18k.htm en échec (HTTPSConnectionPool(host='www.sec.gov', port=443): Max retries exceeded with url: /Archives/edgar/data/915912/000110465912039852/a12-13070_18k.htm (Caused by NameResolutionError("HTTPSConnection(host='www.sec.gov', port=443): Failed to resolve 'www.sec.gov' ([Errno 11001] getaddrinfo failed)"))), nouvelle tentative dans 8s.
2026-08-17 21:07:52,250 [ERROR] Échec de la requête https://www.sec.gov/Archives/edgar/data/915912/000110465912039852/a12-13070_18k.htm (4 tentatives) : HTTPSConnectionPool(host='www.sec.gov', port=443): Max retries exceeded with url: /Archives/edgar/data/915912/000110465912039852/a12-13070_18k.htm (Caused by NameResolutionError("HTTPSConnection(host='www.sec.gov', port=443): Failed to resolve 'www.sec.gov' ([Errno 11001] getaddrinfo failed)"))
2026-08-17 21:07:52,251 [ERROR] Échec du téléchargement du filing https://www.sec.gov/Archives/edgar/data/915912/000110465912039852/a12-13070_18k.htm: https://www.sec.gov/Archives/edgar/data/915912/000110465912039852/a12-13070_18k.htm : HTTPSConnectionPool(host='www.sec.gov', port=443): Max retries exceeded with url: /Archives/edgar/data/915912/000110465912039852/a12-13070_18k.htm (Caused by NameResolutionError("HTTPSConnection(host='www.sec.gov', port=443): Failed to resolve 'www.sec.gov' ([Errno 11001] getaddrinfo failed)"))
2026-08-17 21:07:52,376 [WARNING] Requête https://www.sec.gov/Archives/edgar/data/915912/000110465912042853/a12-14508_18k.htm en échec (HTTPSConnectionPool(host='www.sec.gov', port=443): Max retries exceeded with url: /Archives/edgar/data/915912/000110465912042853/a12-14508_18k.htm (Caused by NameResolutionError("HTTPSConnection(host='www.sec.gov', port=443): Failed to resolve 'www.sec.gov' ([Errno 11001] getaddrinfo failed)"))), nouvelle tentative dans 2s.
2026-08-17 21:07:54,378 [WARNING] Requête https://www.sec.gov/Archives/edgar/data/915912/000110465912042853/a12-14508_18k.htm en échec (HTTPSConnectionPool(host='www.sec.gov', port=443): Max retries exceeded with url: /Archives/edgar/data/915912/000110465912042853/a12-14508_18k.htm (Caused by NameResolutionError("HTTPSConnection(host='www.sec.gov', port=443): Failed to resolve 'www.sec.gov' ([Errno 11001] getaddrinfo failed)"))), nouvelle tentative dans 4s.
2026-08-17 21:07:58,381 [WARNING] Requête https://www.sec.gov/Archives/edgar/data/915912/000110465912042853/a12-14508_18k.htm en échec (HTTPSConnectionPool(host='www.sec.gov', port=443): Max retries exceeded with url: /Archives/edgar/data/915912/000110465912042853/a12-14508_18k.htm (Caused by NameResolutionError("HTTPSConnection(host='www.sec.gov', port=443): Failed to resolve 'www.sec.gov' ([Errno 11001] getaddrinfo failed)"))), nouvelle tentative dans 8s.
2026-08-17 21:08:06,383 [ERROR] Échec de la requête https://www.sec.gov/Archives/edgar/data/915912/000110465912042853/a12-14508_18k.htm (4 tentatives) : HTTPSConnectionPool(host='www.sec.gov', port=443): Max retries exceeded with url: /Archives/edgar/data/915912/000110465912042853/a12-14508_18k.htm (Caused by NameResolutionError("HTTPSConnection(host='www.sec.gov', port=443): Failed to resolve 'www.sec.gov' ([Errno 11001] getaddrinfo failed)"))
2026-08-17 21:08:06,383 [ERROR] Échec du téléchargement du filing https://www.sec.gov/Archives/edgar/data/915912/000110465912042853/a12-14508_18k.htm: https://www.sec.gov/Archives/edgar/data/915912/000110465912042853/a12-14508_18k.htm : HTTPSConnectionPool(host='www.sec.gov', port=443): Max retries exceeded with url: /Archives/edgar/data/915912/000110465912042853/a12-14508_18k.htm (Caused by NameResolutionError("HTTPSConnection(host='www.sec.gov', port=443): Failed to resolve 'www.sec.gov' ([Errno 11001] getaddrinfo failed)"))
2026-08-17 21:08:06,509 [WARNING] Requête https://www.sec.gov/Archives/edgar/data/915912/000110465912051312/a12-16900_18k.htm en échec (HTTPSConnectionPool(host='www.sec.gov', port=443): Max retries exceeded with url: /Archives/edgar/data/915912/000110465912051312/a12-16900_18k.htm (Caused by NameResolutionError("HTTPSConnection(host='www.sec.gov', port=443): Failed to resolve 'www.sec.gov' ([Errno 11001] getaddrinfo failed)"))), nouvelle tentative dans 2s.
2026-08-17 21:08:08,511 [WARNING] Requête https://www.sec.gov/Archives/edgar/data/915912/000110465912051312/a12-16900_18k.htm en échec (HTTPSConnectionPool(host='www.sec.gov', port=443): Max retries exceeded with url: /Archives/edgar/data/915912/000110465912051312/a12-16900_18k.htm (Caused by NameResolutionError("HTTPSConnection(host='www.sec.gov', port=443): Failed to resolve 'www.sec.gov' ([Errno 11001] getaddrinfo failed)"))), nouvelle tentative dans 4s.
2026-08-17 21:08:12,515 [WARNING] Requête https://www.sec.gov/Archives/edgar/data/915912/000110465912051312/a12-16900_18k.htm en échec (HTTPSConnectionPool(host='www.sec.gov', port=443): Max retries exceeded with url: /Archives/edgar/data/915912/000110465912051312/a12-16900_18k.htm (Caused by NameResolutionError("HTTPSConnection(host='www.sec.gov', port=443): Failed to resolve 'www.sec.gov' ([Errno 11001] getaddrinfo failed)"))), nouvelle tentative dans 8s.
2026-08-17 21:08:20,517 [ERROR] Échec de la requête https://www.sec.gov/Archives/edgar/data/915912/000110465912051312/a12-16900_18k.htm (4 tentatives) : HTTPSConnectionPool(host='www.sec.gov', port=443): Max retries exceeded with url: /Archives/edgar/data/915912/000110465912051312/a12-16900_18k.htm (Caused by NameResolutionError("HTTPSConnection(host='www.sec.gov', port=443): Failed to resolve 'www.sec.gov' ([Errno 11001] getaddrinfo failed)"))
2026-08-17 21:08:20,518 [ERROR] Échec du téléchargement du filing https://www.sec.gov/Archives/edgar/data/915912/000110465912051312/a12-16900_18k.htm: https://www.sec.gov/Archives/edgar/data/915912/000110465912051312/a12-16900_18k.htm : HTTPSConnectionPool(host='www.sec.gov', port=443): Max retries exceeded with url: /Archives/edgar/data/915912/000110465912051312/a12-16900_18k.htm (Caused by NameResolutionError("HTTPSConnection(host='www.sec.gov', port=443): Failed to resolve 'www.sec.gov' ([Errno 11001] getaddrinfo failed)"))
2026-08-17 21:08:20,643 [WARNING] Requête https://www.sec.gov/Archives/edgar/data/915912/000110465912054127/a12-16658_38k.htm en échec (HTTPSConnectionPool(host='www.sec.gov', port=443): Max retries exceeded with url: /Archives/edgar/data/915912/000110465912054127/a12-16658_38k.htm (Caused by NameResolutionError("HTTPSConnection(host='www.sec.gov', port=443): Failed to resolve 'www.sec.gov' ([Errno 11001] getaddrinfo failed)"))), nouvelle tentative dans 2s.
2026-08-17 21:08:22,645 [WARNING] Requête https://www.sec.gov/Archives/edgar/data/915912/000110465912054127/a12-16658_38k.htm en échec (HTTPSConnectionPool(host='www.sec.gov', port=443): Max retries exceeded with url: /Archives/edgar/data/915912/000110465912054127/a12-16658_38k.htm (Caused by NameResolutionError("HTTPSConnection(host='www.sec.gov', port=443): Failed to resolve 'www.sec.gov' ([Errno 11001] getaddrinfo failed)"))), nouvelle tentative dans 4s.
2026-08-17 21:08:26,652 [WARNING] Requête https://www.sec.gov/Archives/edgar/data/915912/000110465912054127/a12-16658_38k.htm en échec (HTTPSConnectionPool(host='www.sec.gov', port=443): Max retries exceeded with url: /Archives/edgar/data/915912/000110465912054127/a12-16658_38k.htm (Caused by NameResolutionError("HTTPSConnection(host='www.sec.gov', port=443): Failed to resolve 'www.sec.gov' ([Errno 11001] getaddrinfo failed)"))), nouvelle tentative dans 8s.
2026-08-17 21:08:34,655 [ERROR] Échec de la requête https://www.sec.gov/Archives/edgar/data/915912/000110465912054127/a12-16658_38k.htm (4 tentatives) : HTTPSConnectionPool(host='www.sec.gov', port=443): Max retries exceeded with url: /Archives/edgar/data/915912/000110465912054127/a12-16658_38k.htm (Caused by NameResolutionError("HTTPSConnection(host='www.sec.gov', port=443): Failed to resolve 'www.sec.gov' ([Errno 11001] getaddrinfo failed)"))
2026-08-17 21:08:34,655 [ERROR] Échec du téléchargement du filing https://www.sec.gov/Archives/edgar/data/915912/000110465912054127/a12-16658_38k.htm: https://www.sec.gov/Archives/edgar/data/915912/000110465912054127/a12-16658_38k.htm : HTTPSConnectionPool(host='www.sec.gov', port=443): Max retries exceeded with url: /Archives/edgar/data/915912/000110465912054127/a12-16658_38k.htm (Caused by NameResolutionError("HTTPSConnection(host='www.sec.gov', port=443): Failed to resolve 'www.sec.gov' ([Errno 11001] getaddrinfo failed)"))
2026-08-17 21:08:34,780 [WARNING] Requête https://www.sec.gov/Archives/edgar/data/915912/000110465912063208/a12-20841_18k.htm en échec (HTTPSConnectionPool(host='www.sec.gov', port=443): Max retries exceeded with url: /Archives/edgar/data/915912/000110465912063208/a12-20841_18k.htm (Caused by NameResolutionError("HTTPSConnection(host='www.sec.gov', port=443): Failed to resolve 'www.sec.gov' ([Errno 11001] getaddrinfo failed)"))), nouvelle tentative dans 2s.
2026-08-17 21:08:36,783 [WARNING] Requête https://www.sec.gov/Archives/edgar/data/915912/000110465912063208/a12-20841_18k.htm en échec (HTTPSConnectionPool(host='www.sec.gov', port=443): Max retries exceeded with url: /Archives/edgar/data/915912/000110465912063208/a12-20841_18k.htm (Caused by NameResolutionError("HTTPSConnection(host='www.sec.gov', port=443): Failed to resolve 'www.sec.gov' ([Errno 11001] getaddrinfo failed)"))), nouvelle tentative dans 4s.
2026-08-17 21:08:40,787 [WARNING] Requête https://www.sec.gov/Archives/edgar/data/915912/000110465912063208/a12-20841_18k.htm en échec (HTTPSConnectionPool(host='www.sec.gov', port=443): Max retries exceeded with url: /Archives/edgar/data/915912/000110465912063208/a12-20841_18k.htm (Caused by NameResolutionError("HTTPSConnection(host='www.sec.gov', port=443): Failed to resolve 'www.sec.gov' ([Errno 11001] getaddrinfo failed)"))), nouvelle tentative dans 8s.
2026-08-17 21:08:48,789 [ERROR] Échec de la requête https://www.sec.gov/Archives/edgar/data/915912/000110465912063208/a12-20841_18k.htm (4 tentatives) : HTTPSConnectionPool(host='www.sec.gov', port=443): Max retries exceeded with url: /Archives/edgar/data/915912/000110465912063208/a12-20841_18k.htm (Caused by NameResolutionError("HTTPSConnection(host='www.sec.gov', port=443): Failed to resolve 'www.sec.gov' ([Errno 11001] getaddrinfo failed)"))
2026-08-17 21:08:48,789 [ERROR] Échec du téléchargement du filing https://www.sec.gov/Archives/edgar/data/915912/000110465912063208/a12-20841_18k.htm: https://www.sec.gov/Archives/edgar/data/915912/000110465912063208/a12-20841_18k.htm : HTTPSConnectionPool(host='www.sec.gov', port=443): Max retries exceeded with url: /Archives/edgar/data/915912/000110465912063208/a12-20841_18k.htm (Caused by NameResolutionError("HTTPSConnection(host='www.sec.gov', port=443): Failed to resolve 'www.sec.gov' ([Errno 11001] getaddrinfo failed)"))
2026-08-17 21:08:48,915 [WARNING] Requête https://www.sec.gov/Archives/edgar/data/915912/000110465912064587/a12-21734_18k.htm en échec (HTTPSConnectionPool(host='www.sec.gov', port=443): Max retries exceeded with url: /Archives/edgar/data/915912/000110465912064587/a12-21734_18k.htm (Caused by NameResolutionError("HTTPSConnection(host='www.sec.gov', port=443): Failed to resolve 'www.sec.gov' ([Errno 11001] getaddrinfo failed)"))), nouvelle tentative dans 2s.
2026-08-17 21:08:50,918 [WARNING] Requête https://www.sec.gov/Archives/edgar/data/915912/000110465912064587/a12-21734_18k.htm en échec (HTTPSConnectionPool(host='www.sec.gov', port=443): Max retries exceeded with url: /Archives/edgar/data/915912/000110465912064587/a12-21734_18k.htm (Caused by NameResolutionError("HTTPSConnection(host='www.sec.gov', port=443): Failed to resolve 'www.sec.gov' ([Errno 11001] getaddrinfo failed)"))), nouvelle tentative dans 4s.
2026-08-17 21:08:54,920 [WARNING] Requête https://www.sec.gov/Archives/edgar/data/915912/000110465912064587/a12-21734_18k.htm en échec (HTTPSConnectionPool(host='www.sec.gov', port=443): Max retries exceeded with url: /Archives/edgar/data/915912/000110465912064587/a12-21734_18k.htm (Caused by NameResolutionError("HTTPSConnection(host='www.sec.gov', port=443): Failed to resolve 'www.sec.gov' ([Errno 11001] getaddrinfo failed)"))), nouvelle tentative dans 8s.
2026-08-17 21:09:02,923 [ERROR] Échec de la requête https://www.sec.gov/Archives/edgar/data/915912/000110465912064587/a12-21734_18k.htm (4 tentatives) : HTTPSConnectionPool(host='www.sec.gov', port=443): Max retries exceeded with url: /Archives/edgar/data/915912/000110465912064587/a12-21734_18k.htm (Caused by NameResolutionError("HTTPSConnection(host='www.sec.gov', port=443): Failed to resolve 'www.sec.gov' ([Errno 11001] getaddrinfo failed)"))
2026-08-17 21:09:02,923 [ERROR] Échec du téléchargement du filing https://www.sec.gov/Archives/edgar/data/915912/000110465912064587/a12-21734_18k.htm: https://www.sec.gov/Archives/edgar/data/915912/000110465912064587/a12-21734_18k.htm : HTTPSConnectionPool(host='www.sec.gov', port=443): Max retries exceeded with url: /Archives/edgar/data/915912/000110465912064587/a12-21734_18k.htm (Caused by NameResolutionError("HTTPSConnection(host='www.sec.gov', port=443): Failed to resolve 'www.sec.gov' ([Errno 11001] getaddrinfo failed)"))
2026-08-17 21:09:03,049 [WARNING] Requête https://www.sec.gov/Archives/edgar/data/915912/000110465912070842/a12-24770_18k.htm en échec (HTTPSConnectionPool(host='www.sec.gov', port=443): Max retries exceeded with url: /Archives/edgar/data/915912/000110465912070842/a12-24770_18k.htm (Caused by NameResolutionError("HTTPSConnection(host='www.sec.gov', port=443): Failed to resolve 'www.sec.gov' ([Errno 11001] getaddrinfo failed)"))), nouvelle tentative dans 2s.
2026-08-17 21:09:05,051 [WARNING] Requête https://www.sec.gov/Archives/edgar/data/915912/000110465912070842/a12-24770_18k.htm en échec (HTTPSConnectionPool(host='www.sec.gov', port=443): Max retries exceeded with url: /Archives/edgar/data/915912/000110465912070842/a12-24770_18k.htm (Caused by NameResolutionError("HTTPSConnection(host='www.sec.gov', port=443): Failed to resolve 'www.sec.gov' ([Errno 11001] getaddrinfo failed)"))), nouvelle tentative dans 4s.
2026-08-17 21:09:09,053 [WARNING] Requête https://www.sec.gov/Archives/edgar/data/915912/000110465912070842/a12-24770_18k.htm en échec (HTTPSConnectionPool(host='www.sec.gov', port=443): Max retries exceeded with url: /Archives/edgar/data/915912/000110465912070842/a12-24770_18k.htm (Caused by NameResolutionError("HTTPSConnection(host='www.sec.gov', port=443): Failed to resolve 'www.sec.gov' ([Errno 11001] getaddrinfo failed)"))), nouvelle tentative dans 8s.
2026-08-17 21:09:17,056 [ERROR] Échec de la requête https://www.sec.gov/Archives/edgar/data/915912/000110465912070842/a12-24770_18k.htm (4 tentatives) : HTTPSConnectionPool(host='www.sec.gov', port=443): Max retries exceeded with url: /Archives/edgar/data/915912/000110465912070842/a12-24770_18k.htm (Caused by NameResolutionError("HTTPSConnection(host='www.sec.gov', port=443): Failed to resolve 'www.sec.gov' ([Errno 11001] getaddrinfo failed)"))
2026-08-17 21:09:17,056 [ERROR] Échec du téléchargement du filing https://www.sec.gov/Archives/edgar/data/915912/000110465912070842/a12-24770_18k.htm: https://www.sec.gov/Archives/edgar/data/915912/000110465912070842/a12-24770_18k.htm : HTTPSConnectionPool(host='www.sec.gov', port=443): Max retries exceeded with url: /Archives/edgar/data/915912/000110465912070842/a12-24770_18k.htm (Caused by NameResolutionError("HTTPSConnection(host='www.sec.gov', port=443): Failed to resolve 'www.sec.gov' ([Errno 11001] getaddrinfo failed)"))
2026-08-17 21:09:17,182 [WARNING] Requête https://www.sec.gov/Archives/edgar/data/915912/000110465912079925/a12-27381_38k.htm en échec (HTTPSConnectionPool(host='www.sec.gov', port=443): Max retries exceeded with url: /Archives/edgar/data/915912/000110465912079925/a12-27381_38k.htm (Caused by NameResolutionError("HTTPSConnection(host='www.sec.gov', port=443): Failed to resolve 'www.sec.gov' ([Errno 11001] getaddrinfo failed)"))), nouvelle tentative dans 2s.
2026-08-17 21:09:19,185 [WARNING] Requête https://www.sec.gov/Archives/edgar/data/915912/000110465912079925/a12-27381_38k.htm en échec (HTTPSConnectionPool(host='www.sec.gov', port=443): Max retries exceeded with url: /Archives/edgar/data/915912/000110465912079925/a12-27381_38k.htm (Caused by NameResolutionError("HTTPSConnection(host='www.sec.gov', port=443): Failed to resolve 'www.sec.gov' ([Errno 11001] getaddrinfo failed)"))), nouvelle tentative dans 4s.
2026-08-17 21:09:23,187 [WARNING] Requête https://www.sec.gov/Archives/edgar/data/915912/000110465912079925/a12-27381_38k.htm en échec (HTTPSConnectionPool(host='www.sec.gov', port=443): Max retries exceeded with url: /Archives/edgar/data/915912/000110465912079925/a12-27381_38k.htm (Caused by NameResolutionError("HTTPSConnection(host='www.sec.gov', port=443): Failed to resolve 'www.sec.gov' ([Errno 11001] getaddrinfo failed)"))), nouvelle tentative dans 8s.
2026-08-17 21:09:31,190 [ERROR] Échec de la requête https://www.sec.gov/Archives/edgar/data/915912/000110465912079925/a12-27381_38k.htm (4 tentatives) : HTTPSConnectionPool(host='www.sec.gov', port=443): Max retries exceeded with url: /Archives/edgar/data/915912/000110465912079925/a12-27381_38k.htm (Caused by NameResolutionError("HTTPSConnection(host='www.sec.gov', port=443): Failed to resolve 'www.sec.gov' ([Errno 11001] getaddrinfo failed)"))
2026-08-17 21:09:31,190 [ERROR] Échec du téléchargement du filing https://www.sec.gov/Archives/edgar/data/915912/000110465912079925/a12-27381_38k.htm: https://www.sec.gov/Archives/edgar/data/915912/000110465912079925/a12-27381_38k.htm : HTTPSConnectionPool(host='www.sec.gov', port=443): Max retries exceeded with url: /Archives/edgar/data/915912/000110465912079925/a12-27381_38k.htm (Caused by NameResolutionError("HTTPSConnection(host='www.sec.gov', port=443): Failed to resolve 'www.sec.gov' ([Errno 11001] getaddrinfo failed)"))
2026-08-17 21:09:31,316 [WARNING] Requête https://www.sec.gov/Archives/edgar/data/915912/000110465912081524/a12-27381_48k.htm en échec (HTTPSConnectionPool(host='www.sec.gov', port=443): Max retries exceeded with url: /Archives/edgar/data/915912/000110465912081524/a12-27381_48k.htm (Caused by NameResolutionError("HTTPSConnection(host='www.sec.gov', port=443): Failed to resolve 'www.sec.gov' ([Errno 11001] getaddrinfo failed)"))), nouvelle tentative dans 2s.
2026-08-17 21:09:33,318 [WARNING] Requête https://www.sec.gov/Archives/edgar/data/915912/000110465912081524/a12-27381_48k.htm en échec (HTTPSConnectionPool(host='www.sec.gov', port=443): Max retries exceeded with url: /Archives/edgar/data/915912/000110465912081524/a12-27381_48k.htm (Caused by NameResolutionError("HTTPSConnection(host='www.sec.gov', port=443): Failed to resolve 'www.sec.gov' ([Errno 11001] getaddrinfo failed)"))), nouvelle tentative dans 4s.
2026-08-17 21:09:37,321 [WARNING] Requête https://www.sec.gov/Archives/edgar/data/915912/000110465912081524/a12-27381_48k.htm en échec (HTTPSConnectionPool(host='www.sec.gov', port=443): Max retries exceeded with url: /Archives/edgar/data/915912/000110465912081524/a12-27381_48k.htm (Caused by NameResolutionError("HTTPSConnection(host='www.sec.gov', port=443): Failed to resolve 'www.sec.gov' ([Errno 11001] getaddrinfo failed)"))), nouvelle tentative dans 8s.
2026-08-17 21:09:45,323 [ERROR] Échec de la requête https://www.sec.gov/Archives/edgar/data/915912/000110465912081524/a12-27381_48k.htm (4 tentatives) : HTTPSConnectionPool(host='www.sec.gov', port=443): Max retries exceeded with url: /Archives/edgar/data/915912/000110465912081524/a12-27381_48k.htm (Caused by NameResolutionError("HTTPSConnection(host='www.sec.gov', port=443): Failed to resolve 'www.sec.gov' ([Errno 11001] getaddrinfo failed)"))
2026-08-17 21:09:45,324 [ERROR] Échec du téléchargement du filing https://www.sec.gov/Archives/edgar/data/915912/000110465912081524/a12-27381_48k.htm: https://www.sec.gov/Archives/edgar/data/915912/000110465912081524/a12-27381_48k.htm : HTTPSConnectionPool(host='www.sec.gov', port=443): Max retries exceeded with url: /Archives/edgar/data/915912/000110465912081524/a12-27381_48k.htm (Caused by NameResolutionError("HTTPSConnection(host='www.sec.gov', port=443): Failed to resolve 'www.sec.gov' ([Errno 11001] getaddrinfo failed)"))
2026-08-17 21:09:45,449 [WARNING] Requête https://www.sec.gov/Archives/edgar/data/915912/000110465912084006/a12-27381_68k.htm en échec (HTTPSConnectionPool(host='www.sec.gov', port=443): Max retries exceeded with url: /Archives/edgar/data/915912/000110465912084006/a12-27381_68k.htm (Caused by NameResolutionError("HTTPSConnection(host='www.sec.gov', port=443): Failed to resolve 'www.sec.gov' ([Errno 11001] getaddrinfo failed)"))), nouvelle tentative dans 2s.
2026-08-17 21:09:47,451 [WARNING] Requête https://www.sec.gov/Archives/edgar/data/915912/000110465912084006/a12-27381_68k.htm en échec (HTTPSConnectionPool(host='www.sec.gov', port=443): Max retries exceeded with url: /Archives/edgar/data/915912/000110465912084006/a12-27381_68k.htm (Caused by NameResolutionError("HTTPSConnection(host='www.sec.gov', port=443): Failed to resolve 'www.sec.gov' ([Errno 11001] getaddrinfo failed)"))), nouvelle tentative dans 4s.
2026-08-17 21:09:51,454 [WARNING] Requête https://www.sec.gov/Archives/edgar/data/915912/000110465912084006/a12-27381_68k.htm en échec (HTTPSConnectionPool(host='www.sec.gov', port=443): Max retries exceeded with url: /Archives/edgar/data/915912/000110465912084006/a12-27381_68k.htm (Caused by NameResolutionError("HTTPSConnection(host='www.sec.gov', port=443): Failed to resolve 'www.sec.gov' ([Errno 11001] getaddrinfo failed)"))), nouvelle tentative dans 8s.
2026-08-17 21:09:59,457 [ERROR] Échec de la requête https://www.sec.gov/Archives/edgar/data/915912/000110465912084006/a12-27381_68k.htm (4 tentatives) : HTTPSConnectionPool(host='www.sec.gov', port=443): Max retries exceeded with url: /Archives/edgar/data/915912/000110465912084006/a12-27381_68k.htm (Caused by NameResolutionError("HTTPSConnection(host='www.sec.gov', port=443): Failed to resolve 'www.sec.gov' ([Errno 11001] getaddrinfo failed)"))
2026-08-17 21:09:59,457 [ERROR] Échec du téléchargement du filing https://www.sec.gov/Archives/edgar/data/915912/000110465912084006/a12-27381_68k.htm: https://www.sec.gov/Archives/edgar/data/915912/000110465912084006/a12-27381_68k.htm : HTTPSConnectionPool(host='www.sec.gov', port=443): Max retries exceeded with url: /Archives/edgar/data/915912/000110465912084006/a12-27381_68k.htm (Caused by NameResolutionError("HTTPSConnection(host='www.sec.gov', port=443): Failed to resolve 'www.sec.gov' ([Errno 11001] getaddrinfo failed)"))
2026-08-17 21:09:59,582 [WARNING] Requête https://www.sec.gov/Archives/edgar/data/915912/000110465912085825/a12-29991_18k.htm en échec (HTTPSConnectionPool(host='www.sec.gov', port=443): Max retries exceeded with url: /Archives/edgar/data/915912/000110465912085825/a12-29991_18k.htm (Caused by NameResolutionError("HTTPSConnection(host='www.sec.gov', port=443): Failed to resolve 'www.sec.gov' ([Errno 11001] getaddrinfo failed)"))), nouvelle tentative dans 2s.
2026-08-17 21:10:01,585 [WARNING] Requête https://www.sec.gov/Archives/edgar/data/915912/000110465912085825/a12-29991_18k.htm en échec (HTTPSConnectionPool(host='www.sec.gov', port=443): Max retries exceeded with url: /Archives/edgar/data/915912/000110465912085825/a12-29991_18k.htm (Caused by NameResolutionError("HTTPSConnection(host='www.sec.gov', port=443): Failed to resolve 'www.sec.gov' ([Errno 11001] getaddrinfo failed)"))), nouvelle tentative dans 4s.
2026-08-17 21:10:05,588 [WARNING] Requête https://www.sec.gov/Archives/edgar/data/915912/000110465912085825/a12-29991_18k.htm en échec (HTTPSConnectionPool(host='www.sec.gov', port=443): Max retries exceeded with url: /Archives/edgar/data/915912/000110465912085825/a12-29991_18k.htm (Caused by NameResolutionError("HTTPSConnection(host='www.sec.gov', port=443): Failed to resolve 'www.sec.gov' ([Errno 11001] getaddrinfo failed)"))), nouvelle tentative dans 8s.
2026-08-17 21:10:13,592 [ERROR] Échec de la requête https://www.sec.gov/Archives/edgar/data/915912/000110465912085825/a12-29991_18k.htm (4 tentatives) : HTTPSConnectionPool(host='www.sec.gov', port=443): Max retries exceeded with url: /Archives/edgar/data/915912/000110465912085825/a12-29991_18k.htm (Caused by NameResolutionError("HTTPSConnection(host='www.sec.gov', port=443): Failed to resolve 'www.sec.gov' ([Errno 11001] getaddrinfo failed)"))
2026-08-17 21:10:13,592 [ERROR] Échec du téléchargement du filing https://www.sec.gov/Archives/edgar/data/915912/000110465912085825/a12-29991_18k.htm: https://www.sec.gov/Archives/edgar/data/915912/000110465912085825/a12-29991_18k.htm : HTTPSConnectionPool(host='www.sec.gov', port=443): Max retries exceeded with url: /Archives/edgar/data/915912/000110465912085825/a12-29991_18k.htm (Caused by NameResolutionError("HTTPSConnection(host='www.sec.gov', port=443): Failed to resolve 'www.sec.gov' ([Errno 11001] getaddrinfo failed)"))
2026-08-17 21:10:13,717 [WARNING] Requête https://www.sec.gov/Archives/edgar/data/915912/000110465913006313/a13-3882_18k.htm en échec (HTTPSConnectionPool(host='www.sec.gov', port=443): Max retries exceeded with url: /Archives/edgar/data/915912/000110465913006313/a13-3882_18k.htm (Caused by NameResolutionError("HTTPSConnection(host='www.sec.gov', port=443): Failed to resolve 'www.sec.gov' ([Errno 11001] getaddrinfo failed)"))), nouvelle tentative dans 2s.
2026-08-17 21:10:15,720 [WARNING] Requête https://www.sec.gov/Archives/edgar/data/915912/000110465913006313/a13-3882_18k.htm en échec (HTTPSConnectionPool(host='www.sec.gov', port=443): Max retries exceeded with url: /Archives/edgar/data/915912/000110465913006313/a13-3882_18k.htm (Caused by NameResolutionError("HTTPSConnection(host='www.sec.gov', port=443): Failed to resolve 'www.sec.gov' ([Errno 11001] getaddrinfo failed)"))), nouvelle tentative dans 4s.
2026-08-17 21:10:19,724 [WARNING] Requête https://www.sec.gov/Archives/edgar/data/915912/000110465913006313/a13-3882_18k.htm en échec (HTTPSConnectionPool(host='www.sec.gov', port=443): Max retries exceeded with url: /Archives/edgar/data/915912/000110465913006313/a13-3882_18k.htm (Caused by NameResolutionError("HTTPSConnection(host='www.sec.gov', port=443): Failed to resolve 'www.sec.gov' ([Errno 11001] getaddrinfo failed)"))), nouvelle tentative dans 8s.
2026-08-17 21:10:27,728 [ERROR] Échec de la requête https://www.sec.gov/Archives/edgar/data/915912/000110465913006313/a13-3882_18k.htm (4 tentatives) : HTTPSConnectionPool(host='www.sec.gov', port=443): Max retries exceeded with url: /Archives/edgar/data/915912/000110465913006313/a13-3882_18k.htm (Caused by NameResolutionError("HTTPSConnection(host='www.sec.gov', port=443): Failed to resolve 'www.sec.gov' ([Errno 11001] getaddrinfo failed)"))
2026-08-17 21:10:27,728 [ERROR] Échec du téléchargement du filing https://www.sec.gov/Archives/edgar/data/915912/000110465913006313/a13-3882_18k.htm: https://www.sec.gov/Archives/edgar/data/915912/000110465913006313/a13-3882_18k.htm : HTTPSConnectionPool(host='www.sec.gov', port=443): Max retries exceeded with url: /Archives/edgar/data/915912/000110465913006313/a13-3882_18k.htm (Caused by NameResolutionError("HTTPSConnection(host='www.sec.gov', port=443): Failed to resolve 'www.sec.gov' ([Errno 11001] getaddrinfo failed)"))
2026-08-17 21:10:27,864 [WARNING] Requête https://www.sec.gov/Archives/edgar/data/915912/000110465913014412/a13-5821_18k.htm en échec (HTTPSConnectionPool(host='www.sec.gov', port=443): Max retries exceeded with url: /Archives/edgar/data/915912/000110465913014412/a13-5821_18k.htm (Caused by NameResolutionError("HTTPSConnection(host='www.sec.gov', port=443): Failed to resolve 'www.sec.gov' ([Errno 11001] getaddrinfo failed)"))), nouvelle tentative dans 2s.
2026-08-17 21:10:29,867 [WARNING] Requête https://www.sec.gov/Archives/edgar/data/915912/000110465913014412/a13-5821_18k.htm en échec (HTTPSConnectionPool(host='www.sec.gov', port=443): Max retries exceeded with url: /Archives/edgar/data/915912/000110465913014412/a13-5821_18k.htm (Caused by NameResolutionError("HTTPSConnection(host='www.sec.gov', port=443): Failed to resolve 'www.sec.gov' ([Errno 11001] getaddrinfo failed)"))), nouvelle tentative dans 4s.
2026-08-17 21:10:33,870 [WARNING] Requête https://www.sec.gov/Archives/edgar/data/915912/000110465913014412/a13-5821_18k.htm en échec (HTTPSConnectionPool(host='www.sec.gov', port=443): Max retries exceeded with url: /Archives/edgar/data/915912/000110465913014412/a13-5821_18k.htm (Caused by NameResolutionError("HTTPSConnection(host='www.sec.gov', port=443): Failed to resolve 'www.sec.gov' ([Errno 11001] getaddrinfo failed)"))), nouvelle tentative dans 8s.
2026-08-17 21:10:41,872 [ERROR] Échec de la requête https://www.sec.gov/Archives/edgar/data/915912/000110465913014412/a13-5821_18k.htm (4 tentatives) : HTTPSConnectionPool(host='www.sec.gov', port=443): Max retries exceeded with url: /Archives/edgar/data/915912/000110465913014412/a13-5821_18k.htm (Caused by NameResolutionError("HTTPSConnection(host='www.sec.gov', port=443): Failed to resolve 'www.sec.gov' ([Errno 11001] getaddrinfo failed)"))
2026-08-17 21:10:41,872 [ERROR] Échec du téléchargement du filing https://www.sec.gov/Archives/edgar/data/915912/000110465913014412/a13-5821_18k.htm: https://www.sec.gov/Archives/edgar/data/915912/000110465913014412/a13-5821_18k.htm : HTTPSConnectionPool(host='www.sec.gov', port=443): Max retries exceeded with url: /Archives/edgar/data/915912/000110465913014412/a13-5821_18k.htm (Caused by NameResolutionError("HTTPSConnection(host='www.sec.gov', port=443): Failed to resolve 'www.sec.gov' ([Errno 11001] getaddrinfo failed)"))
2026-08-17 21:10:41,998 [WARNING] Requête https://www.sec.gov/Archives/edgar/data/915912/000110465913017575/a13-6530_18k.htm en échec (HTTPSConnectionPool(host='www.sec.gov', port=443): Max retries exceeded with url: /Archives/edgar/data/915912/000110465913017575/a13-6530_18k.htm (Caused by NameResolutionError("HTTPSConnection(host='www.sec.gov', port=443): Failed to resolve 'www.sec.gov' ([Errno 11001] getaddrinfo failed)"))), nouvelle tentative dans 2s.
2026-08-17 21:10:44,000 [WARNING] Requête https://www.sec.gov/Archives/edgar/data/915912/000110465913017575/a13-6530_18k.htm en échec (HTTPSConnectionPool(host='www.sec.gov', port=443): Max retries exceeded with url: /Archives/edgar/data/915912/000110465913017575/a13-6530_18k.htm (Caused by NameResolutionError("HTTPSConnection(host='www.sec.gov', port=443): Failed to resolve 'www.sec.gov' ([Errno 11001] getaddrinfo failed)"))), nouvelle tentative dans 4s.
2026-08-17 21:10:48,002 [WARNING] Requête https://www.sec.gov/Archives/edgar/data/915912/000110465913017575/a13-6530_18k.htm en échec (HTTPSConnectionPool(host='www.sec.gov', port=443): Max retries exceeded with url: /Archives/edgar/data/915912/000110465913017575/a13-6530_18k.htm (Caused by NameResolutionError("HTTPSConnection(host='www.sec.gov', port=443): Failed to resolve 'www.sec.gov' ([Errno 11001] getaddrinfo failed)"))), nouvelle tentative dans 8s.
2026-08-17 21:10:56,004 [ERROR] Échec de la requête https://www.sec.gov/Archives/edgar/data/915912/000110465913017575/a13-6530_18k.htm (4 tentatives) : HTTPSConnectionPool(host='www.sec.gov', port=443): Max retries exceeded with url: /Archives/edgar/data/915912/000110465913017575/a13-6530_18k.htm (Caused by NameResolutionError("HTTPSConnection(host='www.sec.gov', port=443): Failed to resolve 'www.sec.gov' ([Errno 11001] getaddrinfo failed)"))
2026-08-17 21:10:56,004 [ERROR] Échec du téléchargement du filing https://www.sec.gov/Archives/edgar/data/915912/000110465913017575/a13-6530_18k.htm: https://www.sec.gov/Archives/edgar/data/915912/000110465913017575/a13-6530_18k.htm : HTTPSConnectionPool(host='www.sec.gov', port=443): Max retries exceeded with url: /Archives/edgar/data/915912/000110465913017575/a13-6530_18k.htm (Caused by NameResolutionError("HTTPSConnection(host='www.sec.gov', port=443): Failed to resolve 'www.sec.gov' ([Errno 11001] getaddrinfo failed)"))
2026-08-17 21:10:56,130 [WARNING] Requête https://www.sec.gov/Archives/edgar/data/915912/000110465913021730/a13-7771_18k.htm en échec (HTTPSConnectionPool(host='www.sec.gov', port=443): Max retries exceeded with url: /Archives/edgar/data/915912/000110465913021730/a13-7771_18k.htm (Caused by NameResolutionError("HTTPSConnection(host='www.sec.gov', port=443): Failed to resolve 'www.sec.gov' ([Errno 11001] getaddrinfo failed)"))), nouvelle tentative dans 2s.
2026-08-17 21:10:58,133 [WARNING] Requête https://www.sec.gov/Archives/edgar/data/915912/000110465913021730/a13-7771_18k.htm en échec (HTTPSConnectionPool(host='www.sec.gov', port=443): Max retries exceeded with url: /Archives/edgar/data/915912/000110465913021730/a13-7771_18k.htm (Caused by NameResolutionError("HTTPSConnection(host='www.sec.gov', port=443): Failed to resolve 'www.sec.gov' ([Errno 11001] getaddrinfo failed)"))), nouvelle tentative dans 4s.
2026-08-17 21:11:02,136 [WARNING] Requête https://www.sec.gov/Archives/edgar/data/915912/000110465913021730/a13-7771_18k.htm en échec (HTTPSConnectionPool(host='www.sec.gov', port=443): Max retries exceeded with url: /Archives/edgar/data/915912/000110465913021730/a13-7771_18k.htm (Caused by NameResolutionError("HTTPSConnection(host='www.sec.gov', port=443): Failed to resolve 'www.sec.gov' ([Errno 11001] getaddrinfo failed)"))), nouvelle tentative dans 8s.
2026-08-17 21:11:10,138 [ERROR] Échec de la requête https://www.sec.gov/Archives/edgar/data/915912/000110465913021730/a13-7771_18k.htm (4 tentatives) : HTTPSConnectionPool(host='www.sec.gov', port=443): Max retries exceeded with url: /Archives/edgar/data/915912/000110465913021730/a13-7771_18k.htm (Caused by NameResolutionError("HTTPSConnection(host='www.sec.gov', port=443): Failed to resolve 'www.sec.gov' ([Errno 11001] getaddrinfo failed)"))
2026-08-17 21:11:10,138 [ERROR] Échec du téléchargement du filing https://www.sec.gov/Archives/edgar/data/915912/000110465913021730/a13-7771_18k.htm: https://www.sec.gov/Archives/edgar/data/915912/000110465913021730/a13-7771_18k.htm : HTTPSConnectionPool(host='www.sec.gov', port=443): Max retries exceeded with url: /Archives/edgar/data/915912/000110465913021730/a13-7771_18k.htm (Caused by NameResolutionError("HTTPSConnection(host='www.sec.gov', port=443): Failed to resolve 'www.sec.gov' ([Errno 11001] getaddrinfo failed)"))
2026-08-17 21:11:10,263 [WARNING] Requête https://www.sec.gov/Archives/edgar/data/915912/000110465913035860/a13-11036_18k.htm en échec (HTTPSConnectionPool(host='www.sec.gov', port=443): Max retries exceeded with url: /Archives/edgar/data/915912/000110465913035860/a13-11036_18k.htm (Caused by NameResolutionError("HTTPSConnection(host='www.sec.gov', port=443): Failed to resolve 'www.sec.gov' ([Errno 11001] getaddrinfo failed)"))), nouvelle tentative dans 2s.
2026-08-17 21:11:12,265 [WARNING] Requête https://www.sec.gov/Archives/edgar/data/915912/000110465913035860/a13-11036_18k.htm en échec (HTTPSConnectionPool(host='www.sec.gov', port=443): Max retries exceeded with url: /Archives/edgar/data/915912/000110465913035860/a13-11036_18k.htm (Caused by NameResolutionError("HTTPSConnection(host='www.sec.gov', port=443): Failed to resolve 'www.sec.gov' ([Errno 11001] getaddrinfo failed)"))), nouvelle tentative dans 4s.
2026-08-17 21:11:16,268 [WARNING] Requête https://www.sec.gov/Archives/edgar/data/915912/000110465913035860/a13-11036_18k.htm en échec (HTTPSConnectionPool(host='www.sec.gov', port=443): Max retries exceeded with url: /Archives/edgar/data/915912/000110465913035860/a13-11036_18k.htm (Caused by NameResolutionError("HTTPSConnection(host='www.sec.gov', port=443): Failed to resolve 'www.sec.gov' ([Errno 11001] getaddrinfo failed)"))), nouvelle tentative dans 8s.
2026-08-17 21:11:24,270 [ERROR] Échec de la requête https://www.sec.gov/Archives/edgar/data/915912/000110465913035860/a13-11036_18k.htm (4 tentatives) : HTTPSConnectionPool(host='www.sec.gov', port=443): Max retries exceeded with url: /Archives/edgar/data/915912/000110465913035860/a13-11036_18k.htm (Caused by NameResolutionError("HTTPSConnection(host='www.sec.gov', port=443): Failed to resolve 'www.sec.gov' ([Errno 11001] getaddrinfo failed)"))
2026-08-17 21:11:24,270 [ERROR] Échec du téléchargement du filing https://www.sec.gov/Archives/edgar/data/915912/000110465913035860/a13-11036_18k.htm: https://www.sec.gov/Archives/edgar/data/915912/000110465913035860/a13-11036_18k.htm : HTTPSConnectionPool(host='www.sec.gov', port=443): Max retries exceeded with url: /Archives/edgar/data/915912/000110465913035860/a13-11036_18k.htm (Caused by NameResolutionError("HTTPSConnection(host='www.sec.gov', port=443): Failed to resolve 'www.sec.gov' ([Errno 11001] getaddrinfo failed)"))
2026-08-17 21:11:24,396 [WARNING] Requête https://www.sec.gov/Archives/edgar/data/915912/000110465913043843/a13-12983_18k.htm en échec (HTTPSConnectionPool(host='www.sec.gov', port=443): Max retries exceeded with url: /Archives/edgar/data/915912/000110465913043843/a13-12983_18k.htm (Caused by NameResolutionError("HTTPSConnection(host='www.sec.gov', port=443): Failed to resolve 'www.sec.gov' ([Errno 11001] getaddrinfo failed)"))), nouvelle tentative dans 2s.
2026-08-17 21:11:26,399 [WARNING] Requête https://www.sec.gov/Archives/edgar/data/915912/000110465913043843/a13-12983_18k.htm en échec (HTTPSConnectionPool(host='www.sec.gov', port=443): Max retries exceeded with url: /Archives/edgar/data/915912/000110465913043843/a13-12983_18k.htm (Caused by NameResolutionError("HTTPSConnection(host='www.sec.gov', port=443): Failed to resolve 'www.sec.gov' ([Errno 11001] getaddrinfo failed)"))), nouvelle tentative dans 4s.
2026-08-17 21:11:30,401 [WARNING] Requête https://www.sec.gov/Archives/edgar/data/915912/000110465913043843/a13-12983_18k.htm en échec (HTTPSConnectionPool(host='www.sec.gov', port=443): Max retries exceeded with url: /Archives/edgar/data/915912/000110465913043843/a13-12983_18k.htm (Caused by NameResolutionError("HTTPSConnection(host='www.sec.gov', port=443): Failed to resolve 'www.sec.gov' ([Errno 11001] getaddrinfo failed)"))), nouvelle tentative dans 8s.
2026-08-17 21:11:38,403 [ERROR] Échec de la requête https://www.sec.gov/Archives/edgar/data/915912/000110465913043843/a13-12983_18k.htm (4 tentatives) : HTTPSConnectionPool(host='www.sec.gov', port=443): Max retries exceeded with url: /Archives/edgar/data/915912/000110465913043843/a13-12983_18k.htm (Caused by NameResolutionError("HTTPSConnection(host='www.sec.gov', port=443): Failed to resolve 'www.sec.gov' ([Errno 11001] getaddrinfo failed)"))
2026-08-17 21:11:38,403 [ERROR] Échec du téléchargement du filing https://www.sec.gov/Archives/edgar/data/915912/000110465913043843/a13-12983_18k.htm: https://www.sec.gov/Archives/edgar/data/915912/000110465913043843/a13-12983_18k.htm : HTTPSConnectionPool(host='www.sec.gov', port=443): Max retries exceeded with url: /Archives/edgar/data/915912/000110465913043843/a13-12983_18k.htm (Caused by NameResolutionError("HTTPSConnection(host='www.sec.gov', port=443): Failed to resolve 'www.sec.gov' ([Errno 11001] getaddrinfo failed)"))
2026-08-17 21:11:38,529 [WARNING] Requête https://www.sec.gov/Archives/edgar/data/915912/000110465913044708/a13-11788_58k.htm en échec (HTTPSConnectionPool(host='www.sec.gov', port=443): Max retries exceeded with url: /Archives/edgar/data/915912/000110465913044708/a13-11788_58k.htm (Caused by NameResolutionError("HTTPSConnection(host='www.sec.gov', port=443): Failed to resolve 'www.sec.gov' ([Errno 11001] getaddrinfo failed)"))), nouvelle tentative dans 2s.
2026-08-17 21:11:40,531 [WARNING] Requête https://www.sec.gov/Archives/edgar/data/915912/000110465913044708/a13-11788_58k.htm en échec (HTTPSConnectionPool(host='www.sec.gov', port=443): Max retries exceeded with url: /Archives/edgar/data/915912/000110465913044708/a13-11788_58k.htm (Caused by NameResolutionError("HTTPSConnection(host='www.sec.gov', port=443): Failed to resolve 'www.sec.gov' ([Errno 11001] getaddrinfo failed)"))), nouvelle tentative dans 4s.
2026-08-17 21:11:44,535 [WARNING] Requête https://www.sec.gov/Archives/edgar/data/915912/000110465913044708/a13-11788_58k.htm en échec (HTTPSConnectionPool(host='www.sec.gov', port=443): Max retries exceeded with url: /Archives/edgar/data/915912/000110465913044708/a13-11788_58k.htm (Caused by NameResolutionError("HTTPSConnection(host='www.sec.gov', port=443): Failed to resolve 'www.sec.gov' ([Errno 11001] getaddrinfo failed)"))), nouvelle tentative dans 8s.
2026-08-17 21:11:52,537 [ERROR] Échec de la requête https://www.sec.gov/Archives/edgar/data/915912/000110465913044708/a13-11788_58k.htm (4 tentatives) : HTTPSConnectionPool(host='www.sec.gov', port=443): Max retries exceeded with url: /Archives/edgar/data/915912/000110465913044708/a13-11788_58k.htm (Caused by NameResolutionError("HTTPSConnection(host='www.sec.gov', port=443): Failed to resolve 'www.sec.gov' ([Errno 11001] getaddrinfo failed)"))
2026-08-17 21:11:52,537 [ERROR] Échec du téléchargement du filing https://www.sec.gov/Archives/edgar/data/915912/000110465913044708/a13-11788_58k.htm: https://www.sec.gov/Archives/edgar/data/915912/000110465913044708/a13-11788_58k.htm : HTTPSConnectionPool(host='www.sec.gov', port=443): Max retries exceeded with url: /Archives/edgar/data/915912/000110465913044708/a13-11788_58k.htm (Caused by NameResolutionError("HTTPSConnection(host='www.sec.gov', port=443): Failed to resolve 'www.sec.gov' ([Errno 11001] getaddrinfo failed)"))
2026-08-17 21:11:52,663 [WARNING] Requête https://www.sec.gov/Archives/edgar/data/915912/000110465913056522/a13-17013_18k.htm en échec (HTTPSConnectionPool(host='www.sec.gov', port=443): Max retries exceeded with url: /Archives/edgar/data/915912/000110465913056522/a13-17013_18k.htm (Caused by NameResolutionError("HTTPSConnection(host='www.sec.gov', port=443): Failed to resolve 'www.sec.gov' ([Errno 11001] getaddrinfo failed)"))), nouvelle tentative dans 2s.
2026-08-17 21:11:54,665 [WARNING] Requête https://www.sec.gov/Archives/edgar/data/915912/000110465913056522/a13-17013_18k.htm en échec (HTTPSConnectionPool(host='www.sec.gov', port=443): Max retries exceeded with url: /Archives/edgar/data/915912/000110465913056522/a13-17013_18k.htm (Caused by NameResolutionError("HTTPSConnection(host='www.sec.gov', port=443): Failed to resolve 'www.sec.gov' ([Errno 11001] getaddrinfo failed)"))), nouvelle tentative dans 4s.
2026-08-17 21:11:58,667 [WARNING] Requête https://www.sec.gov/Archives/edgar/data/915912/000110465913056522/a13-17013_18k.htm en échec (HTTPSConnectionPool(host='www.sec.gov', port=443): Max retries exceeded with url: /Archives/edgar/data/915912/000110465913056522/a13-17013_18k.htm (Caused by NameResolutionError("HTTPSConnection(host='www.sec.gov', port=443): Failed to resolve 'www.sec.gov' ([Errno 11001] getaddrinfo failed)"))), nouvelle tentative dans 8s.
2026-08-17 21:12:06,670 [ERROR] Échec de la requête https://www.sec.gov/Archives/edgar/data/915912/000110465913056522/a13-17013_18k.htm (4 tentatives) : HTTPSConnectionPool(host='www.sec.gov', port=443): Max retries exceeded with url: /Archives/edgar/data/915912/000110465913056522/a13-17013_18k.htm (Caused by NameResolutionError("HTTPSConnection(host='www.sec.gov', port=443): Failed to resolve 'www.sec.gov' ([Errno 11001] getaddrinfo failed)"))
2026-08-17 21:12:06,670 [ERROR] Échec du téléchargement du filing https://www.sec.gov/Archives/edgar/data/915912/000110465913056522/a13-17013_18k.htm: https://www.sec.gov/Archives/edgar/data/915912/000110465913056522/a13-17013_18k.htm : HTTPSConnectionPool(host='www.sec.gov', port=443): Max retries exceeded with url: /Archives/edgar/data/915912/000110465913056522/a13-17013_18k.htm (Caused by NameResolutionError("HTTPSConnection(host='www.sec.gov', port=443): Failed to resolve 'www.sec.gov' ([Errno 11001] getaddrinfo failed)"))
2026-08-17 21:12:06,796 [WARNING] Requête https://www.sec.gov/Archives/edgar/data/915912/000110465913071179/a13-20366_58k.htm en échec (HTTPSConnectionPool(host='www.sec.gov', port=443): Max retries exceeded with url: /Archives/edgar/data/915912/000110465913071179/a13-20366_58k.htm (Caused by NameResolutionError("HTTPSConnection(host='www.sec.gov', port=443): Failed to resolve 'www.sec.gov' ([Errno 11001] getaddrinfo failed)"))), nouvelle tentative dans 2s.
2026-08-17 21:12:08,798 [WARNING] Requête https://www.sec.gov/Archives/edgar/data/915912/000110465913071179/a13-20366_58k.htm en échec (HTTPSConnectionPool(host='www.sec.gov', port=443): Max retries exceeded with url: /Archives/edgar/data/915912/000110465913071179/a13-20366_58k.htm (Caused by NameResolutionError("HTTPSConnection(host='www.sec.gov', port=443): Failed to resolve 'www.sec.gov' ([Errno 11001] getaddrinfo failed)"))), nouvelle tentative dans 4s.
2026-08-17 21:12:12,800 [WARNING] Requête https://www.sec.gov/Archives/edgar/data/915912/000110465913071179/a13-20366_58k.htm en échec (HTTPSConnectionPool(host='www.sec.gov', port=443): Max retries exceeded with url: /Archives/edgar/data/915912/000110465913071179/a13-20366_58k.htm (Caused by NameResolutionError("HTTPSConnection(host='www.sec.gov', port=443): Failed to resolve 'www.sec.gov' ([Errno 11001] getaddrinfo failed)"))), nouvelle tentative dans 8s.
2026-08-17 21:12:20,803 [ERROR] Échec de la requête https://www.sec.gov/Archives/edgar/data/915912/000110465913071179/a13-20366_58k.htm (4 tentatives) : HTTPSConnectionPool(host='www.sec.gov', port=443): Max retries exceeded with url: /Archives/edgar/data/915912/000110465913071179/a13-20366_58k.htm (Caused by NameResolutionError("HTTPSConnection(host='www.sec.gov', port=443): Failed to resolve 'www.sec.gov' ([Errno 11001] getaddrinfo failed)"))
2026-08-17 21:12:20,803 [ERROR] Échec du téléchargement du filing https://www.sec.gov/Archives/edgar/data/915912/000110465913071179/a13-20366_58k.htm: https://www.sec.gov/Archives/edgar/data/915912/000110465913071179/a13-20366_58k.htm : HTTPSConnectionPool(host='www.sec.gov', port=443): Max retries exceeded with url: /Archives/edgar/data/915912/000110465913071179/a13-20366_58k.htm (Caused by NameResolutionError("HTTPSConnection(host='www.sec.gov', port=443): Failed to resolve 'www.sec.gov' ([Errno 11001] getaddrinfo failed)"))
2026-08-17 21:12:20,929 [WARNING] Requête https://www.sec.gov/Archives/edgar/data/915912/000110465913077317/a13-22692_18k.htm en échec (HTTPSConnectionPool(host='www.sec.gov', port=443): Max retries exceeded with url: /Archives/edgar/data/915912/000110465913077317/a13-22692_18k.htm (Caused by NameResolutionError("HTTPSConnection(host='www.sec.gov', port=443): Failed to resolve 'www.sec.gov' ([Errno 11001] getaddrinfo failed)"))), nouvelle tentative dans 2s.
2026-08-17 21:12:22,931 [WARNING] Requête https://www.sec.gov/Archives/edgar/data/915912/000110465913077317/a13-22692_18k.htm en échec (HTTPSConnectionPool(host='www.sec.gov', port=443): Max retries exceeded with url: /Archives/edgar/data/915912/000110465913077317/a13-22692_18k.htm (Caused by NameResolutionError("HTTPSConnection(host='www.sec.gov', port=443): Failed to resolve 'www.sec.gov' ([Errno 11001] getaddrinfo failed)"))), nouvelle tentative dans 4s.
2026-08-17 21:12:26,934 [WARNING] Requête https://www.sec.gov/Archives/edgar/data/915912/000110465913077317/a13-22692_18k.htm en échec (HTTPSConnectionPool(host='www.sec.gov', port=443): Max retries exceeded with url: /Archives/edgar/data/915912/000110465913077317/a13-22692_18k.htm (Caused by NameResolutionError("HTTPSConnection(host='www.sec.gov', port=443): Failed to resolve 'www.sec.gov' ([Errno 11001] getaddrinfo failed)"))), nouvelle tentative dans 8s.
2026-08-17 21:12:34,936 [ERROR] Échec de la requête https://www.sec.gov/Archives/edgar/data/915912/000110465913077317/a13-22692_18k.htm (4 tentatives) : HTTPSConnectionPool(host='www.sec.gov', port=443): Max retries exceeded with url: /Archives/edgar/data/915912/000110465913077317/a13-22692_18k.htm (Caused by NameResolutionError("HTTPSConnection(host='www.sec.gov', port=443): Failed to resolve 'www.sec.gov' ([Errno 11001] getaddrinfo failed)"))
2026-08-17 21:12:34,936 [ERROR] Échec du téléchargement du filing https://www.sec.gov/Archives/edgar/data/915912/000110465913077317/a13-22692_18k.htm: https://www.sec.gov/Archives/edgar/data/915912/000110465913077317/a13-22692_18k.htm : HTTPSConnectionPool(host='www.sec.gov', port=443): Max retries exceeded with url: /Archives/edgar/data/915912/000110465913077317/a13-22692_18k.htm (Caused by NameResolutionError("HTTPSConnection(host='www.sec.gov', port=443): Failed to resolve 'www.sec.gov' ([Errno 11001] getaddrinfo failed)"))
2026-08-17 21:12:35,062 [WARNING] Requête https://www.sec.gov/Archives/edgar/data/915912/000110465913086092/a13-24795_18k.htm en échec (HTTPSConnectionPool(host='www.sec.gov', port=443): Max retries exceeded with url: /Archives/edgar/data/915912/000110465913086092/a13-24795_18k.htm (Caused by NameResolutionError("HTTPSConnection(host='www.sec.gov', port=443): Failed to resolve 'www.sec.gov' ([Errno 11001] getaddrinfo failed)"))), nouvelle tentative dans 2s.
2026-08-17 21:12:37,064 [WARNING] Requête https://www.sec.gov/Archives/edgar/data/915912/000110465913086092/a13-24795_18k.htm en échec (HTTPSConnectionPool(host='www.sec.gov', port=443): Max retries exceeded with url: /Archives/edgar/data/915912/000110465913086092/a13-24795_18k.htm (Caused by NameResolutionError("HTTPSConnection(host='www.sec.gov', port=443): Failed to resolve 'www.sec.gov' ([Errno 11001] getaddrinfo failed)"))), nouvelle tentative dans 4s.
2026-08-17 21:12:41,067 [WARNING] Requête https://www.sec.gov/Archives/edgar/data/915912/000110465913086092/a13-24795_18k.htm en échec (HTTPSConnectionPool(host='www.sec.gov', port=443): Max retries exceeded with url: /Archives/edgar/data/915912/000110465913086092/a13-24795_18k.htm (Caused by NameResolutionError("HTTPSConnection(host='www.sec.gov', port=443): Failed to resolve 'www.sec.gov' ([Errno 11001] getaddrinfo failed)"))), nouvelle tentative dans 8s.
2026-08-17 21:12:49,069 [ERROR] Échec de la requête https://www.sec.gov/Archives/edgar/data/915912/000110465913086092/a13-24795_18k.htm (4 tentatives) : HTTPSConnectionPool(host='www.sec.gov', port=443): Max retries exceeded with url: /Archives/edgar/data/915912/000110465913086092/a13-24795_18k.htm (Caused by NameResolutionError("HTTPSConnection(host='www.sec.gov', port=443): Failed to resolve 'www.sec.gov' ([Errno 11001] getaddrinfo failed)"))
2026-08-17 21:12:49,069 [ERROR] Échec du téléchargement du filing https://www.sec.gov/Archives/edgar/data/915912/000110465913086092/a13-24795_18k.htm: https://www.sec.gov/Archives/edgar/data/915912/000110465913086092/a13-24795_18k.htm : HTTPSConnectionPool(host='www.sec.gov', port=443): Max retries exceeded with url: /Archives/edgar/data/915912/000110465913086092/a13-24795_18k.htm (Caused by NameResolutionError("HTTPSConnection(host='www.sec.gov', port=443): Failed to resolve 'www.sec.gov' ([Errno 11001] getaddrinfo failed)"))
2026-08-17 21:12:49,195 [WARNING] Requête https://www.sec.gov/Archives/edgar/data/915912/000110465913090328/a13-26195_18k.htm en échec (HTTPSConnectionPool(host='www.sec.gov', port=443): Max retries exceeded with url: /Archives/edgar/data/915912/000110465913090328/a13-26195_18k.htm (Caused by NameResolutionError("HTTPSConnection(host='www.sec.gov', port=443): Failed to resolve 'www.sec.gov' ([Errno 11001] getaddrinfo failed)"))), nouvelle tentative dans 2s.
2026-08-17 21:12:51,198 [WARNING] Requête https://www.sec.gov/Archives/edgar/data/915912/000110465913090328/a13-26195_18k.htm en échec (HTTPSConnectionPool(host='www.sec.gov', port=443): Max retries exceeded with url: /Archives/edgar/data/915912/000110465913090328/a13-26195_18k.htm (Caused by NameResolutionError("HTTPSConnection(host='www.sec.gov', port=443): Failed to resolve 'www.sec.gov' ([Errno 11001] getaddrinfo failed)"))), nouvelle tentative dans 4s.
2026-08-17 21:12:55,200 [WARNING] Requête https://www.sec.gov/Archives/edgar/data/915912/000110465913090328/a13-26195_18k.htm en échec (HTTPSConnectionPool(host='www.sec.gov', port=443): Max retries exceeded with url: /Archives/edgar/data/915912/000110465913090328/a13-26195_18k.htm (Caused by NameResolutionError("HTTPSConnection(host='www.sec.gov', port=443): Failed to resolve 'www.sec.gov' ([Errno 11001] getaddrinfo failed)"))), nouvelle tentative dans 8s.
2026-08-17 21:13:03,202 [ERROR] Échec de la requête https://www.sec.gov/Archives/edgar/data/915912/000110465913090328/a13-26195_18k.htm (4 tentatives) : HTTPSConnectionPool(host='www.sec.gov', port=443): Max retries exceeded with url: /Archives/edgar/data/915912/000110465913090328/a13-26195_18k.htm (Caused by NameResolutionError("HTTPSConnection(host='www.sec.gov', port=443): Failed to resolve 'www.sec.gov' ([Errno 11001] getaddrinfo failed)"))
2026-08-17 21:13:03,203 [ERROR] Échec du téléchargement du filing https://www.sec.gov/Archives/edgar/data/915912/000110465913090328/a13-26195_18k.htm: https://www.sec.gov/Archives/edgar/data/915912/000110465913090328/a13-26195_18k.htm : HTTPSConnectionPool(host='www.sec.gov', port=443): Max retries exceeded with url: /Archives/edgar/data/915912/000110465913090328/a13-26195_18k.htm (Caused by NameResolutionError("HTTPSConnection(host='www.sec.gov', port=443): Failed to resolve 'www.sec.gov' ([Errno 11001] getaddrinfo failed)"))
2026-08-17 21:13:03,328 [WARNING] Requête https://www.sec.gov/Archives/edgar/data/915912/000110465914005130/a14-4482_18k.htm en échec (HTTPSConnectionPool(host='www.sec.gov', port=443): Max retries exceeded with url: /Archives/edgar/data/915912/000110465914005130/a14-4482_18k.htm (Caused by NameResolutionError("HTTPSConnection(host='www.sec.gov', port=443): Failed to resolve 'www.sec.gov' ([Errno 11001] getaddrinfo failed)"))), nouvelle tentative dans 2s.
2026-08-17 21:13:05,330 [WARNING] Requête https://www.sec.gov/Archives/edgar/data/915912/000110465914005130/a14-4482_18k.htm en échec (HTTPSConnectionPool(host='www.sec.gov', port=443): Max retries exceeded with url: /Archives/edgar/data/915912/000110465914005130/a14-4482_18k.htm (Caused by NameResolutionError("HTTPSConnection(host='www.sec.gov', port=443): Failed to resolve 'www.sec.gov' ([Errno 11001] getaddrinfo failed)"))), nouvelle tentative dans 4s.
2026-08-17 21:13:09,336 [WARNING] Requête https://www.sec.gov/Archives/edgar/data/915912/000110465914005130/a14-4482_18k.htm en échec (HTTPSConnectionPool(host='www.sec.gov', port=443): Max retries exceeded with url: /Archives/edgar/data/915912/000110465914005130/a14-4482_18k.htm (Caused by NameResolutionError("HTTPSConnection(host='www.sec.gov', port=443): Failed to resolve 'www.sec.gov' ([Errno 11001] getaddrinfo failed)"))), nouvelle tentative dans 8s.
2026-08-17 21:13:17,338 [ERROR] Échec de la requête https://www.sec.gov/Archives/edgar/data/915912/000110465914005130/a14-4482_18k.htm (4 tentatives) : HTTPSConnectionPool(host='www.sec.gov', port=443): Max retries exceeded with url: /Archives/edgar/data/915912/000110465914005130/a14-4482_18k.htm (Caused by NameResolutionError("HTTPSConnection(host='www.sec.gov', port=443): Failed to resolve 'www.sec.gov' ([Errno 11001] getaddrinfo failed)"))
2026-08-17 21:13:17,338 [ERROR] Échec du téléchargement du filing https://www.sec.gov/Archives/edgar/data/915912/000110465914005130/a14-4482_18k.htm: https://www.sec.gov/Archives/edgar/data/915912/000110465914005130/a14-4482_18k.htm : HTTPSConnectionPool(host='www.sec.gov', port=443): Max retries exceeded with url: /Archives/edgar/data/915912/000110465914005130/a14-4482_18k.htm (Caused by NameResolutionError("HTTPSConnection(host='www.sec.gov', port=443): Failed to resolve 'www.sec.gov' ([Errno 11001] getaddrinfo failed)"))
2026-08-17 21:13:17,468 [WARNING] Requête https://www.sec.gov/Archives/edgar/data/915912/000110465914025228/a14-9169_18k.htm en échec (HTTPSConnectionPool(host='www.sec.gov', port=443): Max retries exceeded with url: /Archives/edgar/data/915912/000110465914025228/a14-9169_18k.htm (Caused by NameResolutionError("HTTPSConnection(host='www.sec.gov', port=443): Failed to resolve 'www.sec.gov' ([Errno 11001] getaddrinfo failed)"))), nouvelle tentative dans 2s.
2026-08-17 21:13:19,470 [WARNING] Requête https://www.sec.gov/Archives/edgar/data/915912/000110465914025228/a14-9169_18k.htm en échec (HTTPSConnectionPool(host='www.sec.gov', port=443): Max retries exceeded with url: /Archives/edgar/data/915912/000110465914025228/a14-9169_18k.htm (Caused by NameResolutionError("HTTPSConnection(host='www.sec.gov', port=443): Failed to resolve 'www.sec.gov' ([Errno 11001] getaddrinfo failed)"))), nouvelle tentative dans 4s.
2026-08-17 21:13:23,472 [WARNING] Requête https://www.sec.gov/Archives/edgar/data/915912/000110465914025228/a14-9169_18k.htm en échec (HTTPSConnectionPool(host='www.sec.gov', port=443): Max retries exceeded with url: /Archives/edgar/data/915912/000110465914025228/a14-9169_18k.htm (Caused by NameResolutionError("HTTPSConnection(host='www.sec.gov', port=443): Failed to resolve 'www.sec.gov' ([Errno 11001] getaddrinfo failed)"))), nouvelle tentative dans 8s.
2026-08-17 21:13:31,475 [ERROR] Échec de la requête https://www.sec.gov/Archives/edgar/data/915912/000110465914025228/a14-9169_18k.htm (4 tentatives) : HTTPSConnectionPool(host='www.sec.gov', port=443): Max retries exceeded with url: /Archives/edgar/data/915912/000110465914025228/a14-9169_18k.htm (Caused by NameResolutionError("HTTPSConnection(host='www.sec.gov', port=443): Failed to resolve 'www.sec.gov' ([Errno 11001] getaddrinfo failed)"))
2026-08-17 21:13:31,475 [ERROR] Échec du téléchargement du filing https://www.sec.gov/Archives/edgar/data/915912/000110465914025228/a14-9169_18k.htm: https://www.sec.gov/Archives/edgar/data/915912/000110465914025228/a14-9169_18k.htm : HTTPSConnectionPool(host='www.sec.gov', port=443): Max retries exceeded with url: /Archives/edgar/data/915912/000110465914025228/a14-9169_18k.htm (Caused by NameResolutionError("HTTPSConnection(host='www.sec.gov', port=443): Failed to resolve 'www.sec.gov' ([Errno 11001] getaddrinfo failed)"))
2026-08-17 21:13:31,601 [WARNING] Requête https://www.sec.gov/Archives/edgar/data/915912/000110465914029497/a14-10918_18k.htm en échec (HTTPSConnectionPool(host='www.sec.gov', port=443): Max retries exceeded with url: /Archives/edgar/data/915912/000110465914029497/a14-10918_18k.htm (Caused by NameResolutionError("HTTPSConnection(host='www.sec.gov', port=443): Failed to resolve 'www.sec.gov' ([Errno 11001] getaddrinfo failed)"))), nouvelle tentative dans 2s.
2026-08-17 21:13:33,603 [WARNING] Requête https://www.sec.gov/Archives/edgar/data/915912/000110465914029497/a14-10918_18k.htm en échec (HTTPSConnectionPool(host='www.sec.gov', port=443): Max retries exceeded with url: /Archives/edgar/data/915912/000110465914029497/a14-10918_18k.htm (Caused by NameResolutionError("HTTPSConnection(host='www.sec.gov', port=443): Failed to resolve 'www.sec.gov' ([Errno 11001] getaddrinfo failed)"))), nouvelle tentative dans 4s.
2026-08-17 21:13:37,605 [WARNING] Requête https://www.sec.gov/Archives/edgar/data/915912/000110465914029497/a14-10918_18k.htm en échec (HTTPSConnectionPool(host='www.sec.gov', port=443): Max retries exceeded with url: /Archives/edgar/data/915912/000110465914029497/a14-10918_18k.htm (Caused by NameResolutionError("HTTPSConnection(host='www.sec.gov', port=443): Failed to resolve 'www.sec.gov' ([Errno 11001] getaddrinfo failed)"))), nouvelle tentative dans 8s.
2026-08-17 21:13:45,608 [ERROR] Échec de la requête https://www.sec.gov/Archives/edgar/data/915912/000110465914029497/a14-10918_18k.htm (4 tentatives) : HTTPSConnectionPool(host='www.sec.gov', port=443): Max retries exceeded with url: /Archives/edgar/data/915912/000110465914029497/a14-10918_18k.htm (Caused by NameResolutionError("HTTPSConnection(host='www.sec.gov', port=443): Failed to resolve 'www.sec.gov' ([Errno 11001] getaddrinfo failed)"))
2026-08-17 21:13:45,608 [ERROR] Échec du téléchargement du filing https://www.sec.gov/Archives/edgar/data/915912/000110465914029497/a14-10918_18k.htm: https://www.sec.gov/Archives/edgar/data/915912/000110465914029497/a14-10918_18k.htm : HTTPSConnectionPool(host='www.sec.gov', port=443): Max retries exceeded with url: /Archives/edgar/data/915912/000110465914029497/a14-10918_18k.htm (Caused by NameResolutionError("HTTPSConnection(host='www.sec.gov', port=443): Failed to resolve 'www.sec.gov' ([Errno 11001] getaddrinfo failed)"))
2026-08-17 21:13:45,733 [WARNING] Requête https://www.sec.gov/Archives/edgar/data/915912/000110465914040734/a14-10918_28k.htm en échec (HTTPSConnectionPool(host='www.sec.gov', port=443): Max retries exceeded with url: /Archives/edgar/data/915912/000110465914040734/a14-10918_28k.htm (Caused by NameResolutionError("HTTPSConnection(host='www.sec.gov', port=443): Failed to resolve 'www.sec.gov' ([Errno 11001] getaddrinfo failed)"))), nouvelle tentative dans 2s.
2026-08-17 21:13:47,736 [WARNING] Requête https://www.sec.gov/Archives/edgar/data/915912/000110465914040734/a14-10918_28k.htm en échec (HTTPSConnectionPool(host='www.sec.gov', port=443): Max retries exceeded with url: /Archives/edgar/data/915912/000110465914040734/a14-10918_28k.htm (Caused by NameResolutionError("HTTPSConnection(host='www.sec.gov', port=443): Failed to resolve 'www.sec.gov' ([Errno 11001] getaddrinfo failed)"))), nouvelle tentative dans 4s.
2026-08-17 21:13:51,739 [WARNING] Requête https://www.sec.gov/Archives/edgar/data/915912/000110465914040734/a14-10918_28k.htm en échec (HTTPSConnectionPool(host='www.sec.gov', port=443): Max retries exceeded with url: /Archives/edgar/data/915912/000110465914040734/a14-10918_28k.htm (Caused by NameResolutionError("HTTPSConnection(host='www.sec.gov', port=443): Failed to resolve 'www.sec.gov' ([Errno 11001] getaddrinfo failed)"))), nouvelle tentative dans 8s.
2026-08-17 21:13:59,741 [ERROR] Échec de la requête https://www.sec.gov/Archives/edgar/data/915912/000110465914040734/a14-10918_28k.htm (4 tentatives) : HTTPSConnectionPool(host='www.sec.gov', port=443): Max retries exceeded with url: /Archives/edgar/data/915912/000110465914040734/a14-10918_28k.htm (Caused by NameResolutionError("HTTPSConnection(host='www.sec.gov', port=443): Failed to resolve 'www.sec.gov' ([Errno 11001] getaddrinfo failed)"))
2026-08-17 21:13:59,741 [ERROR] Échec du téléchargement du filing https://www.sec.gov/Archives/edgar/data/915912/000110465914040734/a14-10918_28k.htm: https://www.sec.gov/Archives/edgar/data/915912/000110465914040734/a14-10918_28k.htm : HTTPSConnectionPool(host='www.sec.gov', port=443): Max retries exceeded with url: /Archives/edgar/data/915912/000110465914040734/a14-10918_28k.htm (Caused by NameResolutionError("HTTPSConnection(host='www.sec.gov', port=443): Failed to resolve 'www.sec.gov' ([Errno 11001] getaddrinfo failed)"))
2026-08-17 21:13:59,868 [WARNING] Requête https://www.sec.gov/Archives/edgar/data/915912/000144530514002850/q22014earningsrelease8-k.htm en échec (HTTPSConnectionPool(host='www.sec.gov', port=443): Max retries exceeded with url: /Archives/edgar/data/915912/000144530514002850/q22014earningsrelease8-k.htm (Caused by NameResolutionError("HTTPSConnection(host='www.sec.gov', port=443): Failed to resolve 'www.sec.gov' ([Errno 11001] getaddrinfo failed)"))), nouvelle tentative dans 2s.
2026-08-17 21:14:01,871 [WARNING] Requête https://www.sec.gov/Archives/edgar/data/915912/000144530514002850/q22014earningsrelease8-k.htm en échec (HTTPSConnectionPool(host='www.sec.gov', port=443): Max retries exceeded with url: /Archives/edgar/data/915912/000144530514002850/q22014earningsrelease8-k.htm (Caused by NameResolutionError("HTTPSConnection(host='www.sec.gov', port=443): Failed to resolve 'www.sec.gov' ([Errno 11001] getaddrinfo failed)"))), nouvelle tentative dans 4s.
2026-08-17 21:14:05,873 [WARNING] Requête https://www.sec.gov/Archives/edgar/data/915912/000144530514002850/q22014earningsrelease8-k.htm en échec (HTTPSConnectionPool(host='www.sec.gov', port=443): Max retries exceeded with url: /Archives/edgar/data/915912/000144530514002850/q22014earningsrelease8-k.htm (Caused by NameResolutionError("HTTPSConnection(host='www.sec.gov', port=443): Failed to resolve 'www.sec.gov' ([Errno 11001] getaddrinfo failed)"))), nouvelle tentative dans 8s.
2026-08-17 21:14:13,875 [ERROR] Échec de la requête https://www.sec.gov/Archives/edgar/data/915912/000144530514002850/q22014earningsrelease8-k.htm (4 tentatives) : HTTPSConnectionPool(host='www.sec.gov', port=443): Max retries exceeded with url: /Archives/edgar/data/915912/000144530514002850/q22014earningsrelease8-k.htm (Caused by NameResolutionError("HTTPSConnection(host='www.sec.gov', port=443): Failed to resolve 'www.sec.gov' ([Errno 11001] getaddrinfo failed)"))
2026-08-17 21:14:13,875 [ERROR] Échec du téléchargement du filing https://www.sec.gov/Archives/edgar/data/915912/000144530514002850/q22014earningsrelease8-k.htm: https://www.sec.gov/Archives/edgar/data/915912/000144530514002850/q22014earningsrelease8-k.htm : HTTPSConnectionPool(host='www.sec.gov', port=443): Max retries exceeded with url: /Archives/edgar/data/915912/000144530514002850/q22014earningsrelease8-k.htm (Caused by NameResolutionError("HTTPSConnection(host='www.sec.gov', port=443): Failed to resolve 'www.sec.gov' ([Errno 11001] getaddrinfo failed)"))
2026-08-17 21:14:14,001 [WARNING] Requête https://www.sec.gov/Archives/edgar/data/915912/000110465914058264/a14-18218_18k.htm en échec (HTTPSConnectionPool(host='www.sec.gov', port=443): Max retries exceeded with url: /Archives/edgar/data/915912/000110465914058264/a14-18218_18k.htm (Caused by NameResolutionError("HTTPSConnection(host='www.sec.gov', port=443): Failed to resolve 'www.sec.gov' ([Errno 11001] getaddrinfo failed)"))), nouvelle tentative dans 2s.
2026-08-17 21:14:16,004 [WARNING] Requête https://www.sec.gov/Archives/edgar/data/915912/000110465914058264/a14-18218_18k.htm en échec (HTTPSConnectionPool(host='www.sec.gov', port=443): Max retries exceeded with url: /Archives/edgar/data/915912/000110465914058264/a14-18218_18k.htm (Caused by NameResolutionError("HTTPSConnection(host='www.sec.gov', port=443): Failed to resolve 'www.sec.gov' ([Errno 11001] getaddrinfo failed)"))), nouvelle tentative dans 4s.
2026-08-17 21:14:20,007 [WARNING] Requête https://www.sec.gov/Archives/edgar/data/915912/000110465914058264/a14-18218_18k.htm en échec (HTTPSConnectionPool(host='www.sec.gov', port=443): Max retries exceeded with url: /Archives/edgar/data/915912/000110465914058264/a14-18218_18k.htm (Caused by NameResolutionError("HTTPSConnection(host='www.sec.gov', port=443): Failed to resolve 'www.sec.gov' ([Errno 11001] getaddrinfo failed)"))), nouvelle tentative dans 8s.
2026-08-17 21:14:28,010 [ERROR] Échec de la requête https://www.sec.gov/Archives/edgar/data/915912/000110465914058264/a14-18218_18k.htm (4 tentatives) : HTTPSConnectionPool(host='www.sec.gov', port=443): Max retries exceeded with url: /Archives/edgar/data/915912/000110465914058264/a14-18218_18k.htm (Caused by NameResolutionError("HTTPSConnection(host='www.sec.gov', port=443): Failed to resolve 'www.sec.gov' ([Errno 11001] getaddrinfo failed)"))
2026-08-17 21:14:28,010 [ERROR] Échec du téléchargement du filing https://www.sec.gov/Archives/edgar/data/915912/000110465914058264/a14-18218_18k.htm: https://www.sec.gov/Archives/edgar/data/915912/000110465914058264/a14-18218_18k.htm : HTTPSConnectionPool(host='www.sec.gov', port=443): Max retries exceeded with url: /Archives/edgar/data/915912/000110465914058264/a14-18218_18k.htm (Caused by NameResolutionError("HTTPSConnection(host='www.sec.gov', port=443): Failed to resolve 'www.sec.gov' ([Errno 11001] getaddrinfo failed)"))
2026-08-17 21:14:28,135 [WARNING] Requête https://www.sec.gov/Archives/edgar/data/915912/000110465914066066/a14-20780_18k.htm en échec (HTTPSConnectionPool(host='www.sec.gov', port=443): Max retries exceeded with url: /Archives/edgar/data/915912/000110465914066066/a14-20780_18k.htm (Caused by NameResolutionError("HTTPSConnection(host='www.sec.gov', port=443): Failed to resolve 'www.sec.gov' ([Errno 11001] getaddrinfo failed)"))), nouvelle tentative dans 2s.
2026-08-17 21:14:30,138 [WARNING] Requête https://www.sec.gov/Archives/edgar/data/915912/000110465914066066/a14-20780_18k.htm en échec (HTTPSConnectionPool(host='www.sec.gov', port=443): Max retries exceeded with url: /Archives/edgar/data/915912/000110465914066066/a14-20780_18k.htm (Caused by NameResolutionError("HTTPSConnection(host='www.sec.gov', port=443): Failed to resolve 'www.sec.gov' ([Errno 11001] getaddrinfo failed)"))), nouvelle tentative dans 4s.
2026-08-17 21:14:34,141 [WARNING] Requête https://www.sec.gov/Archives/edgar/data/915912/000110465914066066/a14-20780_18k.htm en échec (HTTPSConnectionPool(host='www.sec.gov', port=443): Max retries exceeded with url: /Archives/edgar/data/915912/000110465914066066/a14-20780_18k.htm (Caused by NameResolutionError("HTTPSConnection(host='www.sec.gov', port=443): Failed to resolve 'www.sec.gov' ([Errno 11001] getaddrinfo failed)"))), nouvelle tentative dans 8s.
2026-08-17 21:14:42,144 [ERROR] Échec de la requête https://www.sec.gov/Archives/edgar/data/915912/000110465914066066/a14-20780_18k.htm (4 tentatives) : HTTPSConnectionPool(host='www.sec.gov', port=443): Max retries exceeded with url: /Archives/edgar/data/915912/000110465914066066/a14-20780_18k.htm (Caused by NameResolutionError("HTTPSConnection(host='www.sec.gov', port=443): Failed to resolve 'www.sec.gov' ([Errno 11001] getaddrinfo failed)"))
2026-08-17 21:14:42,144 [ERROR] Échec du téléchargement du filing https://www.sec.gov/Archives/edgar/data/915912/000110465914066066/a14-20780_18k.htm: https://www.sec.gov/Archives/edgar/data/915912/000110465914066066/a14-20780_18k.htm : HTTPSConnectionPool(host='www.sec.gov', port=443): Max retries exceeded with url: /Archives/edgar/data/915912/000110465914066066/a14-20780_18k.htm (Caused by NameResolutionError("HTTPSConnection(host='www.sec.gov', port=443): Failed to resolve 'www.sec.gov' ([Errno 11001] getaddrinfo failed)"))
2026-08-17 21:14:42,269 [WARNING] Requête https://www.sec.gov/Archives/edgar/data/915912/000091591214000009/q32014earningsrelease8-k.htm en échec (HTTPSConnectionPool(host='www.sec.gov', port=443): Max retries exceeded with url: /Archives/edgar/data/915912/000091591214000009/q32014earningsrelease8-k.htm (Caused by NameResolutionError("HTTPSConnection(host='www.sec.gov', port=443): Failed to resolve 'www.sec.gov' ([Errno 11001] getaddrinfo failed)"))), nouvelle tentative dans 2s.
2026-08-17 21:14:44,271 [WARNING] Requête https://www.sec.gov/Archives/edgar/data/915912/000091591214000009/q32014earningsrelease8-k.htm en échec (HTTPSConnectionPool(host='www.sec.gov', port=443): Max retries exceeded with url: /Archives/edgar/data/915912/000091591214000009/q32014earningsrelease8-k.htm (Caused by NameResolutionError("HTTPSConnection(host='www.sec.gov', port=443): Failed to resolve 'www.sec.gov' ([Errno 11001] getaddrinfo failed)"))), nouvelle tentative dans 4s.
2026-08-17 21:14:48,274 [WARNING] Requête https://www.sec.gov/Archives/edgar/data/915912/000091591214000009/q32014earningsrelease8-k.htm en échec (HTTPSConnectionPool(host='www.sec.gov', port=443): Max retries exceeded with url: /Archives/edgar/data/915912/000091591214000009/q32014earningsrelease8-k.htm (Caused by NameResolutionError("HTTPSConnection(host='www.sec.gov', port=443): Failed to resolve 'www.sec.gov' ([Errno 11001] getaddrinfo failed)"))), nouvelle tentative dans 8s.
2026-08-17 21:14:56,277 [ERROR] Échec de la requête https://www.sec.gov/Archives/edgar/data/915912/000091591214000009/q32014earningsrelease8-k.htm (4 tentatives) : HTTPSConnectionPool(host='www.sec.gov', port=443): Max retries exceeded with url: /Archives/edgar/data/915912/000091591214000009/q32014earningsrelease8-k.htm (Caused by NameResolutionError("HTTPSConnection(host='www.sec.gov', port=443): Failed to resolve 'www.sec.gov' ([Errno 11001] getaddrinfo failed)"))
2026-08-17 21:14:56,277 [ERROR] Échec du téléchargement du filing https://www.sec.gov/Archives/edgar/data/915912/000091591214000009/q32014earningsrelease8-k.htm: https://www.sec.gov/Archives/edgar/data/915912/000091591214000009/q32014earningsrelease8-k.htm : HTTPSConnectionPool(host='www.sec.gov', port=443): Max retries exceeded with url: /Archives/edgar/data/915912/000091591214000009/q32014earningsrelease8-k.htm (Caused by NameResolutionError("HTTPSConnection(host='www.sec.gov', port=443): Failed to resolve 'www.sec.gov' ([Errno 11001] getaddrinfo failed)"))
2026-08-17 21:14:56,402 [WARNING] Requête https://www.sec.gov/Archives/edgar/data/915912/000110465914076259/a14-23602_18k.htm en échec (HTTPSConnectionPool(host='www.sec.gov', port=443): Max retries exceeded with url: /Archives/edgar/data/915912/000110465914076259/a14-23602_18k.htm (Caused by NameResolutionError("HTTPSConnection(host='www.sec.gov', port=443): Failed to resolve 'www.sec.gov' ([Errno 11001] getaddrinfo failed)"))), nouvelle tentative dans 2s.
2026-08-17 21:14:58,405 [WARNING] Requête https://www.sec.gov/Archives/edgar/data/915912/000110465914076259/a14-23602_18k.htm en échec (HTTPSConnectionPool(host='www.sec.gov', port=443): Max retries exceeded with url: /Archives/edgar/data/915912/000110465914076259/a14-23602_18k.htm (Caused by NameResolutionError("HTTPSConnection(host='www.sec.gov', port=443): Failed to resolve 'www.sec.gov' ([Errno 11001] getaddrinfo failed)"))), nouvelle tentative dans 4s.
2026-08-17 21:15:02,408 [WARNING] Requête https://www.sec.gov/Archives/edgar/data/915912/000110465914076259/a14-23602_18k.htm en échec (HTTPSConnectionPool(host='www.sec.gov', port=443): Max retries exceeded with url: /Archives/edgar/data/915912/000110465914076259/a14-23602_18k.htm (Caused by NameResolutionError("HTTPSConnection(host='www.sec.gov', port=443): Failed to resolve 'www.sec.gov' ([Errno 11001] getaddrinfo failed)"))), nouvelle tentative dans 8s.
2026-08-17 21:15:10,411 [ERROR] Échec de la requête https://www.sec.gov/Archives/edgar/data/915912/000110465914076259/a14-23602_18k.htm (4 tentatives) : HTTPSConnectionPool(host='www.sec.gov', port=443): Max retries exceeded with url: /Archives/edgar/data/915912/000110465914076259/a14-23602_18k.htm (Caused by NameResolutionError("HTTPSConnection(host='www.sec.gov', port=443): Failed to resolve 'www.sec.gov' ([Errno 11001] getaddrinfo failed)"))
2026-08-17 21:15:10,411 [ERROR] Échec du téléchargement du filing https://www.sec.gov/Archives/edgar/data/915912/000110465914076259/a14-23602_18k.htm: https://www.sec.gov/Archives/edgar/data/915912/000110465914076259/a14-23602_18k.htm : HTTPSConnectionPool(host='www.sec.gov', port=443): Max retries exceeded with url: /Archives/edgar/data/915912/000110465914076259/a14-23602_18k.htm (Caused by NameResolutionError("HTTPSConnection(host='www.sec.gov', port=443): Failed to resolve 'www.sec.gov' ([Errno 11001] getaddrinfo failed)"))
2026-08-17 21:15:10,536 [WARNING] Requête https://www.sec.gov/Archives/edgar/data/915912/000110465914082625/a14-24089_38k.htm en échec (HTTPSConnectionPool(host='www.sec.gov', port=443): Max retries exceeded with url: /Archives/edgar/data/915912/000110465914082625/a14-24089_38k.htm (Caused by NameResolutionError("HTTPSConnection(host='www.sec.gov', port=443): Failed to resolve 'www.sec.gov' ([Errno 11001] getaddrinfo failed)"))), nouvelle tentative dans 2s.
2026-08-17 21:15:12,541 [WARNING] Requête https://www.sec.gov/Archives/edgar/data/915912/000110465914082625/a14-24089_38k.htm en échec (HTTPSConnectionPool(host='www.sec.gov', port=443): Max retries exceeded with url: /Archives/edgar/data/915912/000110465914082625/a14-24089_38k.htm (Caused by NameResolutionError("HTTPSConnection(host='www.sec.gov', port=443): Failed to resolve 'www.sec.gov' ([Errno 11001] getaddrinfo failed)"))), nouvelle tentative dans 4s.
2026-08-17 21:15:16,544 [WARNING] Requête https://www.sec.gov/Archives/edgar/data/915912/000110465914082625/a14-24089_38k.htm en échec (HTTPSConnectionPool(host='www.sec.gov', port=443): Max retries exceeded with url: /Archives/edgar/data/915912/000110465914082625/a14-24089_38k.htm (Caused by NameResolutionError("HTTPSConnection(host='www.sec.gov', port=443): Failed to resolve 'www.sec.gov' ([Errno 11001] getaddrinfo failed)"))), nouvelle tentative dans 8s.
2026-08-17 21:15:24,547 [ERROR] Échec de la requête https://www.sec.gov/Archives/edgar/data/915912/000110465914082625/a14-24089_38k.htm (4 tentatives) : HTTPSConnectionPool(host='www.sec.gov', port=443): Max retries exceeded with url: /Archives/edgar/data/915912/000110465914082625/a14-24089_38k.htm (Caused by NameResolutionError("HTTPSConnection(host='www.sec.gov', port=443): Failed to resolve 'www.sec.gov' ([Errno 11001] getaddrinfo failed)"))
2026-08-17 21:15:24,547 [ERROR] Échec du téléchargement du filing https://www.sec.gov/Archives/edgar/data/915912/000110465914082625/a14-24089_38k.htm: https://www.sec.gov/Archives/edgar/data/915912/000110465914082625/a14-24089_38k.htm : HTTPSConnectionPool(host='www.sec.gov', port=443): Max retries exceeded with url: /Archives/edgar/data/915912/000110465914082625/a14-24089_38k.htm (Caused by NameResolutionError("HTTPSConnection(host='www.sec.gov', port=443): Failed to resolve 'www.sec.gov' ([Errno 11001] getaddrinfo failed)"))
2026-08-17 21:15:24,672 [WARNING] Requête https://www.sec.gov/Archives/edgar/data/915912/000110465915001281/a15-1965_18k.htm en échec (HTTPSConnectionPool(host='www.sec.gov', port=443): Max retries exceeded with url: /Archives/edgar/data/915912/000110465915001281/a15-1965_18k.htm (Caused by NameResolutionError("HTTPSConnection(host='www.sec.gov', port=443): Failed to resolve 'www.sec.gov' ([Errno 11001] getaddrinfo failed)"))), nouvelle tentative dans 2s.
2026-08-17 21:15:26,674 [WARNING] Requête https://www.sec.gov/Archives/edgar/data/915912/000110465915001281/a15-1965_18k.htm en échec (HTTPSConnectionPool(host='www.sec.gov', port=443): Max retries exceeded with url: /Archives/edgar/data/915912/000110465915001281/a15-1965_18k.htm (Caused by NameResolutionError("HTTPSConnection(host='www.sec.gov', port=443): Failed to resolve 'www.sec.gov' ([Errno 11001] getaddrinfo failed)"))), nouvelle tentative dans 4s.
2026-08-17 21:15:30,677 [WARNING] Requête https://www.sec.gov/Archives/edgar/data/915912/000110465915001281/a15-1965_18k.htm en échec (HTTPSConnectionPool(host='www.sec.gov', port=443): Max retries exceeded with url: /Archives/edgar/data/915912/000110465915001281/a15-1965_18k.htm (Caused by NameResolutionError("HTTPSConnection(host='www.sec.gov', port=443): Failed to resolve 'www.sec.gov' ([Errno 11001] getaddrinfo failed)"))), nouvelle tentative dans 8s.
2026-08-17 21:15:38,680 [ERROR] Échec de la requête https://www.sec.gov/Archives/edgar/data/915912/000110465915001281/a15-1965_18k.htm (4 tentatives) : HTTPSConnectionPool(host='www.sec.gov', port=443): Max retries exceeded with url: /Archives/edgar/data/915912/000110465915001281/a15-1965_18k.htm (Caused by NameResolutionError("HTTPSConnection(host='www.sec.gov', port=443): Failed to resolve 'www.sec.gov' ([Errno 11001] getaddrinfo failed)"))
2026-08-17 21:15:38,680 [ERROR] Échec du téléchargement du filing https://www.sec.gov/Archives/edgar/data/915912/000110465915001281/a15-1965_18k.htm: https://www.sec.gov/Archives/edgar/data/915912/000110465915001281/a15-1965_18k.htm : HTTPSConnectionPool(host='www.sec.gov', port=443): Max retries exceeded with url: /Archives/edgar/data/915912/000110465915001281/a15-1965_18k.htm (Caused by NameResolutionError("HTTPSConnection(host='www.sec.gov', port=443): Failed to resolve 'www.sec.gov' ([Errno 11001] getaddrinfo failed)"))
2026-08-17 21:15:38,806 [WARNING] Requête https://www.sec.gov/Archives/edgar/data/915912/000091591215000002/q42014earningsrelease8-k.htm en échec (HTTPSConnectionPool(host='www.sec.gov', port=443): Max retries exceeded with url: /Archives/edgar/data/915912/000091591215000002/q42014earningsrelease8-k.htm (Caused by NameResolutionError("HTTPSConnection(host='www.sec.gov', port=443): Failed to resolve 'www.sec.gov' ([Errno 11001] getaddrinfo failed)"))), nouvelle tentative dans 2s.
2026-08-17 21:15:40,808 [WARNING] Requête https://www.sec.gov/Archives/edgar/data/915912/000091591215000002/q42014earningsrelease8-k.htm en échec (HTTPSConnectionPool(host='www.sec.gov', port=443): Max retries exceeded with url: /Archives/edgar/data/915912/000091591215000002/q42014earningsrelease8-k.htm (Caused by NameResolutionError("HTTPSConnection(host='www.sec.gov', port=443): Failed to resolve 'www.sec.gov' ([Errno 11001] getaddrinfo failed)"))), nouvelle tentative dans 4s.
2026-08-17 21:15:44,811 [WARNING] Requête https://www.sec.gov/Archives/edgar/data/915912/000091591215000002/q42014earningsrelease8-k.htm en échec (HTTPSConnectionPool(host='www.sec.gov', port=443): Max retries exceeded with url: /Archives/edgar/data/915912/000091591215000002/q42014earningsrelease8-k.htm (Caused by NameResolutionError("HTTPSConnection(host='www.sec.gov', port=443): Failed to resolve 'www.sec.gov' ([Errno 11001] getaddrinfo failed)"))), nouvelle tentative dans 8s.
2026-08-17 21:15:52,815 [ERROR] Échec de la requête https://www.sec.gov/Archives/edgar/data/915912/000091591215000002/q42014earningsrelease8-k.htm (4 tentatives) : HTTPSConnectionPool(host='www.sec.gov', port=443): Max retries exceeded with url: /Archives/edgar/data/915912/000091591215000002/q42014earningsrelease8-k.htm (Caused by NameResolutionError("HTTPSConnection(host='www.sec.gov', port=443): Failed to resolve 'www.sec.gov' ([Errno 11001] getaddrinfo failed)"))
2026-08-17 21:15:52,815 [ERROR] Échec du téléchargement du filing https://www.sec.gov/Archives/edgar/data/915912/000091591215000002/q42014earningsrelease8-k.htm: https://www.sec.gov/Archives/edgar/data/915912/000091591215000002/q42014earningsrelease8-k.htm : HTTPSConnectionPool(host='www.sec.gov', port=443): Max retries exceeded with url: /Archives/edgar/data/915912/000091591215000002/q42014earningsrelease8-k.htm (Caused by NameResolutionError("HTTPSConnection(host='www.sec.gov', port=443): Failed to resolve 'www.sec.gov' ([Errno 11001] getaddrinfo failed)"))
2026-08-17 21:15:52,940 [WARNING] Requête https://www.sec.gov/Archives/edgar/data/915912/000110465915018032/a15-6387_18k.htm en échec (HTTPSConnectionPool(host='www.sec.gov', port=443): Max retries exceeded with url: /Archives/edgar/data/915912/000110465915018032/a15-6387_18k.htm (Caused by NameResolutionError("HTTPSConnection(host='www.sec.gov', port=443): Failed to resolve 'www.sec.gov' ([Errno 11001] getaddrinfo failed)"))), nouvelle tentative dans 2s.
2026-08-17 21:15:54,944 [WARNING] Requête https://www.sec.gov/Archives/edgar/data/915912/000110465915018032/a15-6387_18k.htm en échec (HTTPSConnectionPool(host='www.sec.gov', port=443): Max retries exceeded with url: /Archives/edgar/data/915912/000110465915018032/a15-6387_18k.htm (Caused by NameResolutionError("HTTPSConnection(host='www.sec.gov', port=443): Failed to resolve 'www.sec.gov' ([Errno 11001] getaddrinfo failed)"))), nouvelle tentative dans 4s.
2026-08-17 21:15:58,946 [WARNING] Requête https://www.sec.gov/Archives/edgar/data/915912/000110465915018032/a15-6387_18k.htm en échec (HTTPSConnectionPool(host='www.sec.gov', port=443): Max retries exceeded with url: /Archives/edgar/data/915912/000110465915018032/a15-6387_18k.htm (Caused by NameResolutionError("HTTPSConnection(host='www.sec.gov', port=443): Failed to resolve 'www.sec.gov' ([Errno 11001] getaddrinfo failed)"))), nouvelle tentative dans 8s.
2026-08-17 21:16:06,948 [ERROR] Échec de la requête https://www.sec.gov/Archives/edgar/data/915912/000110465915018032/a15-6387_18k.htm (4 tentatives) : HTTPSConnectionPool(host='www.sec.gov', port=443): Max retries exceeded with url: /Archives/edgar/data/915912/000110465915018032/a15-6387_18k.htm (Caused by NameResolutionError("HTTPSConnection(host='www.sec.gov', port=443): Failed to resolve 'www.sec.gov' ([Errno 11001] getaddrinfo failed)"))
2026-08-17 21:16:06,948 [ERROR] Échec du téléchargement du filing https://www.sec.gov/Archives/edgar/data/915912/000110465915018032/a15-6387_18k.htm: https://www.sec.gov/Archives/edgar/data/915912/000110465915018032/a15-6387_18k.htm : HTTPSConnectionPool(host='www.sec.gov', port=443): Max retries exceeded with url: /Archives/edgar/data/915912/000110465915018032/a15-6387_18k.htm (Caused by NameResolutionError("HTTPSConnection(host='www.sec.gov', port=443): Failed to resolve 'www.sec.gov' ([Errno 11001] getaddrinfo failed)"))
2026-08-17 21:16:07,074 [WARNING] Requête https://www.sec.gov/Archives/edgar/data/915912/000091591215000009/q12015earningsrelease8-k.htm en échec (HTTPSConnectionPool(host='www.sec.gov', port=443): Max retries exceeded with url: /Archives/edgar/data/915912/000091591215000009/q12015earningsrelease8-k.htm (Caused by NameResolutionError("HTTPSConnection(host='www.sec.gov', port=443): Failed to resolve 'www.sec.gov' ([Errno 11001] getaddrinfo failed)"))), nouvelle tentative dans 2s.
2026-08-17 21:16:09,077 [WARNING] Requête https://www.sec.gov/Archives/edgar/data/915912/000091591215000009/q12015earningsrelease8-k.htm en échec (HTTPSConnectionPool(host='www.sec.gov', port=443): Max retries exceeded with url: /Archives/edgar/data/915912/000091591215000009/q12015earningsrelease8-k.htm (Caused by NameResolutionError("HTTPSConnection(host='www.sec.gov', port=443): Failed to resolve 'www.sec.gov' ([Errno 11001] getaddrinfo failed)"))), nouvelle tentative dans 4s.
2026-08-17 21:16:13,083 [WARNING] Requête https://www.sec.gov/Archives/edgar/data/915912/000091591215000009/q12015earningsrelease8-k.htm en échec (HTTPSConnectionPool(host='www.sec.gov', port=443): Max retries exceeded with url: /Archives/edgar/data/915912/000091591215000009/q12015earningsrelease8-k.htm (Caused by NameResolutionError("HTTPSConnection(host='www.sec.gov', port=443): Failed to resolve 'www.sec.gov' ([Errno 11001] getaddrinfo failed)"))), nouvelle tentative dans 8s.
2026-08-17 21:16:21,085 [ERROR] Échec de la requête https://www.sec.gov/Archives/edgar/data/915912/000091591215000009/q12015earningsrelease8-k.htm (4 tentatives) : HTTPSConnectionPool(host='www.sec.gov', port=443): Max retries exceeded with url: /Archives/edgar/data/915912/000091591215000009/q12015earningsrelease8-k.htm (Caused by NameResolutionError("HTTPSConnection(host='www.sec.gov', port=443): Failed to resolve 'www.sec.gov' ([Errno 11001] getaddrinfo failed)"))
2026-08-17 21:16:21,085 [ERROR] Échec du téléchargement du filing https://www.sec.gov/Archives/edgar/data/915912/000091591215000009/q12015earningsrelease8-k.htm: https://www.sec.gov/Archives/edgar/data/915912/000091591215000009/q12015earningsrelease8-k.htm : HTTPSConnectionPool(host='www.sec.gov', port=443): Max retries exceeded with url: /Archives/edgar/data/915912/000091591215000009/q12015earningsrelease8-k.htm (Caused by NameResolutionError("HTTPSConnection(host='www.sec.gov', port=443): Failed to resolve 'www.sec.gov' ([Errno 11001] getaddrinfo failed)"))
2026-08-17 21:16:21,210 [WARNING] Requête https://www.sec.gov/Archives/edgar/data/915912/000110465915037493/a15-10074_18k.htm en échec (HTTPSConnectionPool(host='www.sec.gov', port=443): Max retries exceeded with url: /Archives/edgar/data/915912/000110465915037493/a15-10074_18k.htm (Caused by NameResolutionError("HTTPSConnection(host='www.sec.gov', port=443): Failed to resolve 'www.sec.gov' ([Errno 11001] getaddrinfo failed)"))), nouvelle tentative dans 2s.
2026-08-17 21:16:23,213 [WARNING] Requête https://www.sec.gov/Archives/edgar/data/915912/000110465915037493/a15-10074_18k.htm en échec (HTTPSConnectionPool(host='www.sec.gov', port=443): Max retries exceeded with url: /Archives/edgar/data/915912/000110465915037493/a15-10074_18k.htm (Caused by NameResolutionError("HTTPSConnection(host='www.sec.gov', port=443): Failed to resolve 'www.sec.gov' ([Errno 11001] getaddrinfo failed)"))), nouvelle tentative dans 4s.
2026-08-17 21:16:27,216 [WARNING] Requête https://www.sec.gov/Archives/edgar/data/915912/000110465915037493/a15-10074_18k.htm en échec (HTTPSConnectionPool(host='www.sec.gov', port=443): Max retries exceeded with url: /Archives/edgar/data/915912/000110465915037493/a15-10074_18k.htm (Caused by NameResolutionError("HTTPSConnection(host='www.sec.gov', port=443): Failed to resolve 'www.sec.gov' ([Errno 11001] getaddrinfo failed)"))), nouvelle tentative dans 8s.
2026-08-17 21:16:35,221 [ERROR] Échec de la requête https://www.sec.gov/Archives/edgar/data/915912/000110465915037493/a15-10074_18k.htm (4 tentatives) : HTTPSConnectionPool(host='www.sec.gov', port=443): Max retries exceeded with url: /Archives/edgar/data/915912/000110465915037493/a15-10074_18k.htm (Caused by NameResolutionError("HTTPSConnection(host='www.sec.gov', port=443): Failed to resolve 'www.sec.gov' ([Errno 11001] getaddrinfo failed)"))
2026-08-17 21:16:35,221 [ERROR] Échec du téléchargement du filing https://www.sec.gov/Archives/edgar/data/915912/000110465915037493/a15-10074_18k.htm: https://www.sec.gov/Archives/edgar/data/915912/000110465915037493/a15-10074_18k.htm : HTTPSConnectionPool(host='www.sec.gov', port=443): Max retries exceeded with url: /Archives/edgar/data/915912/000110465915037493/a15-10074_18k.htm (Caused by NameResolutionError("HTTPSConnection(host='www.sec.gov', port=443): Failed to resolve 'www.sec.gov' ([Errno 11001] getaddrinfo failed)"))
2026-08-17 21:16:35,345 [WARNING] Requête https://www.sec.gov/Archives/edgar/data/915912/000110465915041071/a15-12832_18k.htm en échec (HTTPSConnectionPool(host='www.sec.gov', port=443): Max retries exceeded with url: /Archives/edgar/data/915912/000110465915041071/a15-12832_18k.htm (Caused by NameResolutionError("HTTPSConnection(host='www.sec.gov', port=443): Failed to resolve 'www.sec.gov' ([Errno 11001] getaddrinfo failed)"))), nouvelle tentative dans 2s.
2026-08-17 21:16:37,349 [WARNING] Requête https://www.sec.gov/Archives/edgar/data/915912/000110465915041071/a15-12832_18k.htm en échec (HTTPSConnectionPool(host='www.sec.gov', port=443): Max retries exceeded with url: /Archives/edgar/data/915912/000110465915041071/a15-12832_18k.htm (Caused by NameResolutionError("HTTPSConnection(host='www.sec.gov', port=443): Failed to resolve 'www.sec.gov' ([Errno 11001] getaddrinfo failed)"))), nouvelle tentative dans 4s.
2026-08-17 21:16:41,354 [WARNING] Requête https://www.sec.gov/Archives/edgar/data/915912/000110465915041071/a15-12832_18k.htm en échec (HTTPSConnectionPool(host='www.sec.gov', port=443): Max retries exceeded with url: /Archives/edgar/data/915912/000110465915041071/a15-12832_18k.htm (Caused by NameResolutionError("HTTPSConnection(host='www.sec.gov', port=443): Failed to resolve 'www.sec.gov' ([Errno 11001] getaddrinfo failed)"))), nouvelle tentative dans 8s.
2026-08-17 21:16:49,358 [ERROR] Échec de la requête https://www.sec.gov/Archives/edgar/data/915912/000110465915041071/a15-12832_18k.htm (4 tentatives) : HTTPSConnectionPool(host='www.sec.gov', port=443): Max retries exceeded with url: /Archives/edgar/data/915912/000110465915041071/a15-12832_18k.htm (Caused by NameResolutionError("HTTPSConnection(host='www.sec.gov', port=443): Failed to resolve 'www.sec.gov' ([Errno 11001] getaddrinfo failed)"))
2026-08-17 21:16:49,359 [ERROR] Échec du téléchargement du filing https://www.sec.gov/Archives/edgar/data/915912/000110465915041071/a15-12832_18k.htm: https://www.sec.gov/Archives/edgar/data/915912/000110465915041071/a15-12832_18k.htm : HTTPSConnectionPool(host='www.sec.gov', port=443): Max retries exceeded with url: /Archives/edgar/data/915912/000110465915041071/a15-12832_18k.htm (Caused by NameResolutionError("HTTPSConnection(host='www.sec.gov', port=443): Failed to resolve 'www.sec.gov' ([Errno 11001] getaddrinfo failed)"))
2026-08-17 21:16:49,484 [WARNING] Requête https://www.sec.gov/Archives/edgar/data/915912/000091591215000013/q22015earningsrelease8-k.htm en échec (HTTPSConnectionPool(host='www.sec.gov', port=443): Max retries exceeded with url: /Archives/edgar/data/915912/000091591215000013/q22015earningsrelease8-k.htm (Caused by NameResolutionError("HTTPSConnection(host='www.sec.gov', port=443): Failed to resolve 'www.sec.gov' ([Errno 11001] getaddrinfo failed)"))), nouvelle tentative dans 2s.
2026-08-17 21:16:51,490 [WARNING] Requête https://www.sec.gov/Archives/edgar/data/915912/000091591215000013/q22015earningsrelease8-k.htm en échec (HTTPSConnectionPool(host='www.sec.gov', port=443): Max retries exceeded with url: /Archives/edgar/data/915912/000091591215000013/q22015earningsrelease8-k.htm (Caused by NameResolutionError("HTTPSConnection(host='www.sec.gov', port=443): Failed to resolve 'www.sec.gov' ([Errno 11001] getaddrinfo failed)"))), nouvelle tentative dans 4s.
2026-08-17 21:16:55,494 [WARNING] Requête https://www.sec.gov/Archives/edgar/data/915912/000091591215000013/q22015earningsrelease8-k.htm en échec (HTTPSConnectionPool(host='www.sec.gov', port=443): Max retries exceeded with url: /Archives/edgar/data/915912/000091591215000013/q22015earningsrelease8-k.htm (Caused by NameResolutionError("HTTPSConnection(host='www.sec.gov', port=443): Failed to resolve 'www.sec.gov' ([Errno 11001] getaddrinfo failed)"))), nouvelle tentative dans 8s.
2026-08-17 21:17:03,505 [ERROR] Échec de la requête https://www.sec.gov/Archives/edgar/data/915912/000091591215000013/q22015earningsrelease8-k.htm (4 tentatives) : HTTPSConnectionPool(host='www.sec.gov', port=443): Max retries exceeded with url: /Archives/edgar/data/915912/000091591215000013/q22015earningsrelease8-k.htm (Caused by NameResolutionError("HTTPSConnection(host='www.sec.gov', port=443): Failed to resolve 'www.sec.gov' ([Errno 11001] getaddrinfo failed)"))
2026-08-17 21:17:03,506 [ERROR] Échec du téléchargement du filing https://www.sec.gov/Archives/edgar/data/915912/000091591215000013/q22015earningsrelease8-k.htm: https://www.sec.gov/Archives/edgar/data/915912/000091591215000013/q22015earningsrelease8-k.htm : HTTPSConnectionPool(host='www.sec.gov', port=443): Max retries exceeded with url: /Archives/edgar/data/915912/000091591215000013/q22015earningsrelease8-k.htm (Caused by NameResolutionError("HTTPSConnection(host='www.sec.gov', port=443): Failed to resolve 'www.sec.gov' ([Errno 11001] getaddrinfo failed)"))
2026-08-17 21:17:03,629 [WARNING] Requête https://www.sec.gov/Archives/edgar/data/915912/000091591215000017/q32015earningsrelease8-k.htm en échec (HTTPSConnectionPool(host='www.sec.gov', port=443): Max retries exceeded with url: /Archives/edgar/data/915912/000091591215000017/q32015earningsrelease8-k.htm (Caused by NameResolutionError("HTTPSConnection(host='www.sec.gov', port=443): Failed to resolve 'www.sec.gov' ([Errno 11001] getaddrinfo failed)"))), nouvelle tentative dans 2s.
2026-08-17 21:17:05,632 [WARNING] Requête https://www.sec.gov/Archives/edgar/data/915912/000091591215000017/q32015earningsrelease8-k.htm en échec (HTTPSConnectionPool(host='www.sec.gov', port=443): Max retries exceeded with url: /Archives/edgar/data/915912/000091591215000017/q32015earningsrelease8-k.htm (Caused by NameResolutionError("HTTPSConnection(host='www.sec.gov', port=443): Failed to resolve 'www.sec.gov' ([Errno 11001] getaddrinfo failed)"))), nouvelle tentative dans 4s.
2026-08-17 21:17:09,637 [WARNING] Requête https://www.sec.gov/Archives/edgar/data/915912/000091591215000017/q32015earningsrelease8-k.htm en échec (HTTPSConnectionPool(host='www.sec.gov', port=443): Max retries exceeded with url: /Archives/edgar/data/915912/000091591215000017/q32015earningsrelease8-k.htm (Caused by NameResolutionError("HTTPSConnection(host='www.sec.gov', port=443): Failed to resolve 'www.sec.gov' ([Errno 11001] getaddrinfo failed)"))), nouvelle tentative dans 8s.
2026-08-17 21:17:17,661 [ERROR] Échec de la requête https://www.sec.gov/Archives/edgar/data/915912/000091591215000017/q32015earningsrelease8-k.htm (4 tentatives) : HTTPSConnectionPool(host='www.sec.gov', port=443): Max retries exceeded with url: /Archives/edgar/data/915912/000091591215000017/q32015earningsrelease8-k.htm (Caused by NameResolutionError("HTTPSConnection(host='www.sec.gov', port=443): Failed to resolve 'www.sec.gov' ([Errno 11001] getaddrinfo failed)"))
2026-08-17 21:17:17,661 [ERROR] Échec du téléchargement du filing https://www.sec.gov/Archives/edgar/data/915912/000091591215000017/q32015earningsrelease8-k.htm: https://www.sec.gov/Archives/edgar/data/915912/000091591215000017/q32015earningsrelease8-k.htm : HTTPSConnectionPool(host='www.sec.gov', port=443): Max retries exceeded with url: /Archives/edgar/data/915912/000091591215000017/q32015earningsrelease8-k.htm (Caused by NameResolutionError("HTTPSConnection(host='www.sec.gov', port=443): Failed to resolve 'www.sec.gov' ([Errno 11001] getaddrinfo failed)"))
2026-08-17 21:17:17,768 [WARNING] Requête https://www.sec.gov/Archives/edgar/data/915912/000110465915078540/a15-22890_18k.htm en échec (HTTPSConnectionPool(host='www.sec.gov', port=443): Max retries exceeded with url: /Archives/edgar/data/915912/000110465915078540/a15-22890_18k.htm (Caused by NameResolutionError("HTTPSConnection(host='www.sec.gov', port=443): Failed to resolve 'www.sec.gov' ([Errno 11001] getaddrinfo failed)"))), nouvelle tentative dans 2s.
2026-08-17 21:17:19,772 [WARNING] Requête https://www.sec.gov/Archives/edgar/data/915912/000110465915078540/a15-22890_18k.htm en échec (HTTPSConnectionPool(host='www.sec.gov', port=443): Max retries exceeded with url: /Archives/edgar/data/915912/000110465915078540/a15-22890_18k.htm (Caused by NameResolutionError("HTTPSConnection(host='www.sec.gov', port=443): Failed to resolve 'www.sec.gov' ([Errno 11001] getaddrinfo failed)"))), nouvelle tentative dans 4s.
2026-08-17 21:17:23,776 [WARNING] Requête https://www.sec.gov/Archives/edgar/data/915912/000110465915078540/a15-22890_18k.htm en échec (HTTPSConnectionPool(host='www.sec.gov', port=443): Max retries exceeded with url: /Archives/edgar/data/915912/000110465915078540/a15-22890_18k.htm (Caused by NameResolutionError("HTTPSConnection(host='www.sec.gov', port=443): Failed to resolve 'www.sec.gov' ([Errno 11001] getaddrinfo failed)"))), nouvelle tentative dans 8s.
2026-08-17 21:17:31,779 [ERROR] Échec de la requête https://www.sec.gov/Archives/edgar/data/915912/000110465915078540/a15-22890_18k.htm (4 tentatives) : HTTPSConnectionPool(host='www.sec.gov', port=443): Max retries exceeded with url: /Archives/edgar/data/915912/000110465915078540/a15-22890_18k.htm (Caused by NameResolutionError("HTTPSConnection(host='www.sec.gov', port=443): Failed to resolve 'www.sec.gov' ([Errno 11001] getaddrinfo failed)"))
2026-08-17 21:17:31,779 [ERROR] Échec du téléchargement du filing https://www.sec.gov/Archives/edgar/data/915912/000110465915078540/a15-22890_18k.htm: https://www.sec.gov/Archives/edgar/data/915912/000110465915078540/a15-22890_18k.htm : HTTPSConnectionPool(host='www.sec.gov', port=443): Max retries exceeded with url: /Archives/edgar/data/915912/000110465915078540/a15-22890_18k.htm (Caused by NameResolutionError("HTTPSConnection(host='www.sec.gov', port=443): Failed to resolve 'www.sec.gov' ([Errno 11001] getaddrinfo failed)"))
2026-08-17 21:17:31,904 [WARNING] Requête https://www.sec.gov/Archives/edgar/data/915912/000110465915080267/a15-20873_48k.htm en échec (HTTPSConnectionPool(host='www.sec.gov', port=443): Max retries exceeded with url: /Archives/edgar/data/915912/000110465915080267/a15-20873_48k.htm (Caused by NameResolutionError("HTTPSConnection(host='www.sec.gov', port=443): Failed to resolve 'www.sec.gov' ([Errno 11001] getaddrinfo failed)"))), nouvelle tentative dans 2s.
2026-08-17 21:17:33,907 [WARNING] Requête https://www.sec.gov/Archives/edgar/data/915912/000110465915080267/a15-20873_48k.htm en échec (HTTPSConnectionPool(host='www.sec.gov', port=443): Max retries exceeded with url: /Archives/edgar/data/915912/000110465915080267/a15-20873_48k.htm (Caused by NameResolutionError("HTTPSConnection(host='www.sec.gov', port=443): Failed to resolve 'www.sec.gov' ([Errno 11001] getaddrinfo failed)"))), nouvelle tentative dans 4s.
2026-08-17 21:17:37,910 [WARNING] Requête https://www.sec.gov/Archives/edgar/data/915912/000110465915080267/a15-20873_48k.htm en échec (HTTPSConnectionPool(host='www.sec.gov', port=443): Max retries exceeded with url: /Archives/edgar/data/915912/000110465915080267/a15-20873_48k.htm (Caused by NameResolutionError("HTTPSConnection(host='www.sec.gov', port=443): Failed to resolve 'www.sec.gov' ([Errno 11001] getaddrinfo failed)"))), nouvelle tentative dans 8s.
2026-08-17 21:17:45,914 [ERROR] Échec de la requête https://www.sec.gov/Archives/edgar/data/915912/000110465915080267/a15-20873_48k.htm (4 tentatives) : HTTPSConnectionPool(host='www.sec.gov', port=443): Max retries exceeded with url: /Archives/edgar/data/915912/000110465915080267/a15-20873_48k.htm (Caused by NameResolutionError("HTTPSConnection(host='www.sec.gov', port=443): Failed to resolve 'www.sec.gov' ([Errno 11001] getaddrinfo failed)"))
2026-08-17 21:17:45,915 [ERROR] Échec du téléchargement du filing https://www.sec.gov/Archives/edgar/data/915912/000110465915080267/a15-20873_48k.htm: https://www.sec.gov/Archives/edgar/data/915912/000110465915080267/a15-20873_48k.htm : HTTPSConnectionPool(host='www.sec.gov', port=443): Max retries exceeded with url: /Archives/edgar/data/915912/000110465915080267/a15-20873_48k.htm (Caused by NameResolutionError("HTTPSConnection(host='www.sec.gov', port=443): Failed to resolve 'www.sec.gov' ([Errno 11001] getaddrinfo failed)"))
2026-08-17 21:17:46,039 [WARNING] Requête https://www.sec.gov/Archives/edgar/data/915912/000110465915082215/a15-23111_18k.htm en échec (HTTPSConnectionPool(host='www.sec.gov', port=443): Max retries exceeded with url: /Archives/edgar/data/915912/000110465915082215/a15-23111_18k.htm (Caused by NameResolutionError("HTTPSConnection(host='www.sec.gov', port=443): Failed to resolve 'www.sec.gov' ([Errno 11001] getaddrinfo failed)"))), nouvelle tentative dans 2s.
2026-08-17 21:17:48,050 [WARNING] Requête https://www.sec.gov/Archives/edgar/data/915912/000110465915082215/a15-23111_18k.htm en échec (HTTPSConnectionPool(host='www.sec.gov', port=443): Max retries exceeded with url: /Archives/edgar/data/915912/000110465915082215/a15-23111_18k.htm (Caused by NameResolutionError("HTTPSConnection(host='www.sec.gov', port=443): Failed to resolve 'www.sec.gov' ([Errno 11001] getaddrinfo failed)"))), nouvelle tentative dans 4s.
2026-08-17 21:17:52,055 [WARNING] Requête https://www.sec.gov/Archives/edgar/data/915912/000110465915082215/a15-23111_18k.htm en échec (HTTPSConnectionPool(host='www.sec.gov', port=443): Max retries exceeded with url: /Archives/edgar/data/915912/000110465915082215/a15-23111_18k.htm (Caused by NameResolutionError("HTTPSConnection(host='www.sec.gov', port=443): Failed to resolve 'www.sec.gov' ([Errno 11001] getaddrinfo failed)"))), nouvelle tentative dans 8s.
2026-08-17 21:18:00,060 [ERROR] Échec de la requête https://www.sec.gov/Archives/edgar/data/915912/000110465915082215/a15-23111_18k.htm (4 tentatives) : HTTPSConnectionPool(host='www.sec.gov', port=443): Max retries exceeded with url: /Archives/edgar/data/915912/000110465915082215/a15-23111_18k.htm (Caused by NameResolutionError("HTTPSConnection(host='www.sec.gov', port=443): Failed to resolve 'www.sec.gov' ([Errno 11001] getaddrinfo failed)"))
2026-08-17 21:18:00,060 [ERROR] Échec du téléchargement du filing https://www.sec.gov/Archives/edgar/data/915912/000110465915082215/a15-23111_18k.htm: https://www.sec.gov/Archives/edgar/data/915912/000110465915082215/a15-23111_18k.htm : HTTPSConnectionPool(host='www.sec.gov', port=443): Max retries exceeded with url: /Archives/edgar/data/915912/000110465915082215/a15-23111_18k.htm (Caused by NameResolutionError("HTTPSConnection(host='www.sec.gov', port=443): Failed to resolve 'www.sec.gov' ([Errno 11001] getaddrinfo failed)"))
2026-08-17 21:18:00,185 [WARNING] Requête https://www.sec.gov/Archives/edgar/data/915912/000110465916089887/a16-1734_18k.htm en échec (HTTPSConnectionPool(host='www.sec.gov', port=443): Max retries exceeded with url: /Archives/edgar/data/915912/000110465916089887/a16-1734_18k.htm (Caused by NameResolutionError("HTTPSConnection(host='www.sec.gov', port=443): Failed to resolve 'www.sec.gov' ([Errno 11001] getaddrinfo failed)"))), nouvelle tentative dans 2s.
2026-08-17 21:18:02,189 [WARNING] Requête https://www.sec.gov/Archives/edgar/data/915912/000110465916089887/a16-1734_18k.htm en échec (HTTPSConnectionPool(host='www.sec.gov', port=443): Max retries exceeded with url: /Archives/edgar/data/915912/000110465916089887/a16-1734_18k.htm (Caused by NameResolutionError("HTTPSConnection(host='www.sec.gov', port=443): Failed to resolve 'www.sec.gov' ([Errno 11001] getaddrinfo failed)"))), nouvelle tentative dans 4s.
2026-08-17 21:18:06,198 [WARNING] Requête https://www.sec.gov/Archives/edgar/data/915912/000110465916089887/a16-1734_18k.htm en échec (HTTPSConnectionPool(host='www.sec.gov', port=443): Max retries exceeded with url: /Archives/edgar/data/915912/000110465916089887/a16-1734_18k.htm (Caused by NameResolutionError("HTTPSConnection(host='www.sec.gov', port=443): Failed to resolve 'www.sec.gov' ([Errno 11001] getaddrinfo failed)"))), nouvelle tentative dans 8s.
2026-08-17 21:18:14,201 [ERROR] Échec de la requête https://www.sec.gov/Archives/edgar/data/915912/000110465916089887/a16-1734_18k.htm (4 tentatives) : HTTPSConnectionPool(host='www.sec.gov', port=443): Max retries exceeded with url: /Archives/edgar/data/915912/000110465916089887/a16-1734_18k.htm (Caused by NameResolutionError("HTTPSConnection(host='www.sec.gov', port=443): Failed to resolve 'www.sec.gov' ([Errno 11001] getaddrinfo failed)"))
2026-08-17 21:18:14,201 [ERROR] Échec du téléchargement du filing https://www.sec.gov/Archives/edgar/data/915912/000110465916089887/a16-1734_18k.htm: https://www.sec.gov/Archives/edgar/data/915912/000110465916089887/a16-1734_18k.htm : HTTPSConnectionPool(host='www.sec.gov', port=443): Max retries exceeded with url: /Archives/edgar/data/915912/000110465916089887/a16-1734_18k.htm (Caused by NameResolutionError("HTTPSConnection(host='www.sec.gov', port=443): Failed to resolve 'www.sec.gov' ([Errno 11001] getaddrinfo failed)"))
2026-08-17 21:18:14,327 [WARNING] Requête https://www.sec.gov/Archives/edgar/data/915912/000091591216000022/q42015earningsrelease8-k.htm en échec (HTTPSConnectionPool(host='www.sec.gov', port=443): Max retries exceeded with url: /Archives/edgar/data/915912/000091591216000022/q42015earningsrelease8-k.htm (Caused by NameResolutionError("HTTPSConnection(host='www.sec.gov', port=443): Failed to resolve 'www.sec.gov' ([Errno 11001] getaddrinfo failed)"))), nouvelle tentative dans 2s.
2026-08-17 21:18:16,331 [WARNING] Requête https://www.sec.gov/Archives/edgar/data/915912/000091591216000022/q42015earningsrelease8-k.htm en échec (HTTPSConnectionPool(host='www.sec.gov', port=443): Max retries exceeded with url: /Archives/edgar/data/915912/000091591216000022/q42015earningsrelease8-k.htm (Caused by NameResolutionError("HTTPSConnection(host='www.sec.gov', port=443): Failed to resolve 'www.sec.gov' ([Errno 11001] getaddrinfo failed)"))), nouvelle tentative dans 4s.
2026-08-17 21:18:20,335 [WARNING] Requête https://www.sec.gov/Archives/edgar/data/915912/000091591216000022/q42015earningsrelease8-k.htm en échec (HTTPSConnectionPool(host='www.sec.gov', port=443): Max retries exceeded with url: /Archives/edgar/data/915912/000091591216000022/q42015earningsrelease8-k.htm (Caused by NameResolutionError("HTTPSConnection(host='www.sec.gov', port=443): Failed to resolve 'www.sec.gov' ([Errno 11001] getaddrinfo failed)"))), nouvelle tentative dans 8s.
2026-08-17 21:18:28,341 [ERROR] Échec de la requête https://www.sec.gov/Archives/edgar/data/915912/000091591216000022/q42015earningsrelease8-k.htm (4 tentatives) : HTTPSConnectionPool(host='www.sec.gov', port=443): Max retries exceeded with url: /Archives/edgar/data/915912/000091591216000022/q42015earningsrelease8-k.htm (Caused by NameResolutionError("HTTPSConnection(host='www.sec.gov', port=443): Failed to resolve 'www.sec.gov' ([Errno 11001] getaddrinfo failed)"))
2026-08-17 21:18:28,342 [ERROR] Échec du téléchargement du filing https://www.sec.gov/Archives/edgar/data/915912/000091591216000022/q42015earningsrelease8-k.htm: https://www.sec.gov/Archives/edgar/data/915912/000091591216000022/q42015earningsrelease8-k.htm : HTTPSConnectionPool(host='www.sec.gov', port=443): Max retries exceeded with url: /Archives/edgar/data/915912/000091591216000022/q42015earningsrelease8-k.htm (Caused by NameResolutionError("HTTPSConnection(host='www.sec.gov', port=443): Failed to resolve 'www.sec.gov' ([Errno 11001] getaddrinfo failed)"))
2026-08-17 21:18:28,465 [WARNING] Requête https://www.sec.gov/Archives/edgar/data/915912/000110465916097135/a16-3936_18k.htm en échec (HTTPSConnectionPool(host='www.sec.gov', port=443): Max retries exceeded with url: /Archives/edgar/data/915912/000110465916097135/a16-3936_18k.htm (Caused by NameResolutionError("HTTPSConnection(host='www.sec.gov', port=443): Failed to resolve 'www.sec.gov' ([Errno 11001] getaddrinfo failed)"))), nouvelle tentative dans 2s.
2026-08-17 21:18:30,470 [WARNING] Requête https://www.sec.gov/Archives/edgar/data/915912/000110465916097135/a16-3936_18k.htm en échec (HTTPSConnectionPool(host='www.sec.gov', port=443): Max retries exceeded with url: /Archives/edgar/data/915912/000110465916097135/a16-3936_18k.htm (Caused by NameResolutionError("HTTPSConnection(host='www.sec.gov', port=443): Failed to resolve 'www.sec.gov' ([Errno 11001] getaddrinfo failed)"))), nouvelle tentative dans 4s.
2026-08-17 21:18:34,473 [WARNING] Requête https://www.sec.gov/Archives/edgar/data/915912/000110465916097135/a16-3936_18k.htm en échec (HTTPSConnectionPool(host='www.sec.gov', port=443): Max retries exceeded with url: /Archives/edgar/data/915912/000110465916097135/a16-3936_18k.htm (Caused by NameResolutionError("HTTPSConnection(host='www.sec.gov', port=443): Failed to resolve 'www.sec.gov' ([Errno 11001] getaddrinfo failed)"))), nouvelle tentative dans 8s.
2026-08-17 21:18:42,477 [ERROR] Échec de la requête https://www.sec.gov/Archives/edgar/data/915912/000110465916097135/a16-3936_18k.htm (4 tentatives) : HTTPSConnectionPool(host='www.sec.gov', port=443): Max retries exceeded with url: /Archives/edgar/data/915912/000110465916097135/a16-3936_18k.htm (Caused by NameResolutionError("HTTPSConnection(host='www.sec.gov', port=443): Failed to resolve 'www.sec.gov' ([Errno 11001] getaddrinfo failed)"))
2026-08-17 21:18:42,478 [ERROR] Échec du téléchargement du filing https://www.sec.gov/Archives/edgar/data/915912/000110465916097135/a16-3936_18k.htm: https://www.sec.gov/Archives/edgar/data/915912/000110465916097135/a16-3936_18k.htm : HTTPSConnectionPool(host='www.sec.gov', port=443): Max retries exceeded with url: /Archives/edgar/data/915912/000110465916097135/a16-3936_18k.htm (Caused by NameResolutionError("HTTPSConnection(host='www.sec.gov', port=443): Failed to resolve 'www.sec.gov' ([Errno 11001] getaddrinfo failed)"))
2026-08-17 21:18:42,603 [WARNING] Requête https://www.sec.gov/Archives/edgar/data/915912/000091591216000028/q12016earningsrelease8-k.htm en échec (HTTPSConnectionPool(host='www.sec.gov', port=443): Max retries exceeded with url: /Archives/edgar/data/915912/000091591216000028/q12016earningsrelease8-k.htm (Caused by NameResolutionError("HTTPSConnection(host='www.sec.gov', port=443): Failed to resolve 'www.sec.gov' ([Errno 11001] getaddrinfo failed)"))), nouvelle tentative dans 2s.
2026-08-17 21:18:44,607 [WARNING] Requête https://www.sec.gov/Archives/edgar/data/915912/000091591216000028/q12016earningsrelease8-k.htm en échec (HTTPSConnectionPool(host='www.sec.gov', port=443): Max retries exceeded with url: /Archives/edgar/data/915912/000091591216000028/q12016earningsrelease8-k.htm (Caused by NameResolutionError("HTTPSConnection(host='www.sec.gov', port=443): Failed to resolve 'www.sec.gov' ([Errno 11001] getaddrinfo failed)"))), nouvelle tentative dans 4s.
2026-08-17 21:18:48,611 [WARNING] Requête https://www.sec.gov/Archives/edgar/data/915912/000091591216000028/q12016earningsrelease8-k.htm en échec (HTTPSConnectionPool(host='www.sec.gov', port=443): Max retries exceeded with url: /Archives/edgar/data/915912/000091591216000028/q12016earningsrelease8-k.htm (Caused by NameResolutionError("HTTPSConnection(host='www.sec.gov', port=443): Failed to resolve 'www.sec.gov' ([Errno 11001] getaddrinfo failed)"))), nouvelle tentative dans 8s.
2026-08-17 21:18:56,615 [ERROR] Échec de la requête https://www.sec.gov/Archives/edgar/data/915912/000091591216000028/q12016earningsrelease8-k.htm (4 tentatives) : HTTPSConnectionPool(host='www.sec.gov', port=443): Max retries exceeded with url: /Archives/edgar/data/915912/000091591216000028/q12016earningsrelease8-k.htm (Caused by NameResolutionError("HTTPSConnection(host='www.sec.gov', port=443): Failed to resolve 'www.sec.gov' ([Errno 11001] getaddrinfo failed)"))
2026-08-17 21:18:56,616 [ERROR] Échec du téléchargement du filing https://www.sec.gov/Archives/edgar/data/915912/000091591216000028/q12016earningsrelease8-k.htm: https://www.sec.gov/Archives/edgar/data/915912/000091591216000028/q12016earningsrelease8-k.htm : HTTPSConnectionPool(host='www.sec.gov', port=443): Max retries exceeded with url: /Archives/edgar/data/915912/000091591216000028/q12016earningsrelease8-k.htm (Caused by NameResolutionError("HTTPSConnection(host='www.sec.gov', port=443): Failed to resolve 'www.sec.gov' ([Errno 11001] getaddrinfo failed)"))
2026-08-17 21:18:56,740 [WARNING] Requête https://www.sec.gov/Archives/edgar/data/915912/000110465916119972/a16-8066_48k.htm en échec (HTTPSConnectionPool(host='www.sec.gov', port=443): Max retries exceeded with url: /Archives/edgar/data/915912/000110465916119972/a16-8066_48k.htm (Caused by NameResolutionError("HTTPSConnection(host='www.sec.gov', port=443): Failed to resolve 'www.sec.gov' ([Errno 11001] getaddrinfo failed)"))), nouvelle tentative dans 2s.
2026-08-17 21:18:58,745 [WARNING] Requête https://www.sec.gov/Archives/edgar/data/915912/000110465916119972/a16-8066_48k.htm en échec (HTTPSConnectionPool(host='www.sec.gov', port=443): Max retries exceeded with url: /Archives/edgar/data/915912/000110465916119972/a16-8066_48k.htm (Caused by NameResolutionError("HTTPSConnection(host='www.sec.gov', port=443): Failed to resolve 'www.sec.gov' ([Errno 11001] getaddrinfo failed)"))), nouvelle tentative dans 4s.
2026-08-17 21:19:02,760 [WARNING] Requête https://www.sec.gov/Archives/edgar/data/915912/000110465916119972/a16-8066_48k.htm en échec (HTTPSConnectionPool(host='www.sec.gov', port=443): Max retries exceeded with url: /Archives/edgar/data/915912/000110465916119972/a16-8066_48k.htm (Caused by NameResolutionError("HTTPSConnection(host='www.sec.gov', port=443): Failed to resolve 'www.sec.gov' ([Errno 11001] getaddrinfo failed)"))), nouvelle tentative dans 8s.
2026-08-17 21:19:10,764 [ERROR] Échec de la requête https://www.sec.gov/Archives/edgar/data/915912/000110465916119972/a16-8066_48k.htm (4 tentatives) : HTTPSConnectionPool(host='www.sec.gov', port=443): Max retries exceeded with url: /Archives/edgar/data/915912/000110465916119972/a16-8066_48k.htm (Caused by NameResolutionError("HTTPSConnection(host='www.sec.gov', port=443): Failed to resolve 'www.sec.gov' ([Errno 11001] getaddrinfo failed)"))
2026-08-17 21:19:10,764 [ERROR] Échec du téléchargement du filing https://www.sec.gov/Archives/edgar/data/915912/000110465916119972/a16-8066_48k.htm: https://www.sec.gov/Archives/edgar/data/915912/000110465916119972/a16-8066_48k.htm : HTTPSConnectionPool(host='www.sec.gov', port=443): Max retries exceeded with url: /Archives/edgar/data/915912/000110465916119972/a16-8066_48k.htm (Caused by NameResolutionError("HTTPSConnection(host='www.sec.gov', port=443): Failed to resolve 'www.sec.gov' ([Errno 11001] getaddrinfo failed)"))
2026-08-17 21:19:10,890 [WARNING] Requête https://www.sec.gov/Archives/edgar/data/915912/000110465916122297/a16-11894_18k.htm en échec (HTTPSConnectionPool(host='www.sec.gov', port=443): Max retries exceeded with url: /Archives/edgar/data/915912/000110465916122297/a16-11894_18k.htm (Caused by NameResolutionError("HTTPSConnection(host='www.sec.gov', port=443): Failed to resolve 'www.sec.gov' ([Errno 11001] getaddrinfo failed)"))), nouvelle tentative dans 2s.
2026-08-17 21:19:12,894 [WARNING] Requête https://www.sec.gov/Archives/edgar/data/915912/000110465916122297/a16-11894_18k.htm en échec (HTTPSConnectionPool(host='www.sec.gov', port=443): Max retries exceeded with url: /Archives/edgar/data/915912/000110465916122297/a16-11894_18k.htm (Caused by NameResolutionError("HTTPSConnection(host='www.sec.gov', port=443): Failed to resolve 'www.sec.gov' ([Errno 11001] getaddrinfo failed)"))), nouvelle tentative dans 4s.
2026-08-17 21:19:16,898 [WARNING] Requête https://www.sec.gov/Archives/edgar/data/915912/000110465916122297/a16-11894_18k.htm en échec (HTTPSConnectionPool(host='www.sec.gov', port=443): Max retries exceeded with url: /Archives/edgar/data/915912/000110465916122297/a16-11894_18k.htm (Caused by NameResolutionError("HTTPSConnection(host='www.sec.gov', port=443): Failed to resolve 'www.sec.gov' ([Errno 11001] getaddrinfo failed)"))), nouvelle tentative dans 8s.
2026-08-17 21:19:24,903 [ERROR] Échec de la requête https://www.sec.gov/Archives/edgar/data/915912/000110465916122297/a16-11894_18k.htm (4 tentatives) : HTTPSConnectionPool(host='www.sec.gov', port=443): Max retries exceeded with url: /Archives/edgar/data/915912/000110465916122297/a16-11894_18k.htm (Caused by NameResolutionError("HTTPSConnection(host='www.sec.gov', port=443): Failed to resolve 'www.sec.gov' ([Errno 11001] getaddrinfo failed)"))
2026-08-17 21:19:24,903 [ERROR] Échec du téléchargement du filing https://www.sec.gov/Archives/edgar/data/915912/000110465916122297/a16-11894_18k.htm: https://www.sec.gov/Archives/edgar/data/915912/000110465916122297/a16-11894_18k.htm : HTTPSConnectionPool(host='www.sec.gov', port=443): Max retries exceeded with url: /Archives/edgar/data/915912/000110465916122297/a16-11894_18k.htm (Caused by NameResolutionError("HTTPSConnection(host='www.sec.gov', port=443): Failed to resolve 'www.sec.gov' ([Errno 11001] getaddrinfo failed)"))
2026-08-17 21:19:25,028 [WARNING] Requête https://www.sec.gov/Archives/edgar/data/915912/000110465916133016/a16-15010_18k.htm en échec (HTTPSConnectionPool(host='www.sec.gov', port=443): Max retries exceeded with url: /Archives/edgar/data/915912/000110465916133016/a16-15010_18k.htm (Caused by NameResolutionError("HTTPSConnection(host='www.sec.gov', port=443): Failed to resolve 'www.sec.gov' ([Errno 11001] getaddrinfo failed)"))), nouvelle tentative dans 2s.
2026-08-17 21:19:27,033 [WARNING] Requête https://www.sec.gov/Archives/edgar/data/915912/000110465916133016/a16-15010_18k.htm en échec (HTTPSConnectionPool(host='www.sec.gov', port=443): Max retries exceeded with url: /Archives/edgar/data/915912/000110465916133016/a16-15010_18k.htm (Caused by NameResolutionError("HTTPSConnection(host='www.sec.gov', port=443): Failed to resolve 'www.sec.gov' ([Errno 11001] getaddrinfo failed)"))), nouvelle tentative dans 4s.
2026-08-17 21:19:31,037 [WARNING] Requête https://www.sec.gov/Archives/edgar/data/915912/000110465916133016/a16-15010_18k.htm en échec (HTTPSConnectionPool(host='www.sec.gov', port=443): Max retries exceeded with url: /Archives/edgar/data/915912/000110465916133016/a16-15010_18k.htm (Caused by NameResolutionError("HTTPSConnection(host='www.sec.gov', port=443): Failed to resolve 'www.sec.gov' ([Errno 11001] getaddrinfo failed)"))), nouvelle tentative dans 8s.
2026-08-17 21:19:39,041 [ERROR] Échec de la requête https://www.sec.gov/Archives/edgar/data/915912/000110465916133016/a16-15010_18k.htm (4 tentatives) : HTTPSConnectionPool(host='www.sec.gov', port=443): Max retries exceeded with url: /Archives/edgar/data/915912/000110465916133016/a16-15010_18k.htm (Caused by NameResolutionError("HTTPSConnection(host='www.sec.gov', port=443): Failed to resolve 'www.sec.gov' ([Errno 11001] getaddrinfo failed)"))
2026-08-17 21:19:39,041 [ERROR] Échec du téléchargement du filing https://www.sec.gov/Archives/edgar/data/915912/000110465916133016/a16-15010_18k.htm: https://www.sec.gov/Archives/edgar/data/915912/000110465916133016/a16-15010_18k.htm : HTTPSConnectionPool(host='www.sec.gov', port=443): Max retries exceeded with url: /Archives/edgar/data/915912/000110465916133016/a16-15010_18k.htm (Caused by NameResolutionError("HTTPSConnection(host='www.sec.gov', port=443): Failed to resolve 'www.sec.gov' ([Errno 11001] getaddrinfo failed)"))
2026-08-17 21:19:39,167 [WARNING] Requête https://www.sec.gov/Archives/edgar/data/915912/000091591216000032/q22016earningsrelease8-k.htm en échec (HTTPSConnectionPool(host='www.sec.gov', port=443): Max retries exceeded with url: /Archives/edgar/data/915912/000091591216000032/q22016earningsrelease8-k.htm (Caused by NameResolutionError("HTTPSConnection(host='www.sec.gov', port=443): Failed to resolve 'www.sec.gov' ([Errno 11001] getaddrinfo failed)"))), nouvelle tentative dans 2s.
2026-08-17 21:19:41,171 [WARNING] Requête https://www.sec.gov/Archives/edgar/data/915912/000091591216000032/q22016earningsrelease8-k.htm en échec (HTTPSConnectionPool(host='www.sec.gov', port=443): Max retries exceeded with url: /Archives/edgar/data/915912/000091591216000032/q22016earningsrelease8-k.htm (Caused by NameResolutionError("HTTPSConnection(host='www.sec.gov', port=443): Failed to resolve 'www.sec.gov' ([Errno 11001] getaddrinfo failed)"))), nouvelle tentative dans 4s.
2026-08-17 21:19:45,176 [WARNING] Requête https://www.sec.gov/Archives/edgar/data/915912/000091591216000032/q22016earningsrelease8-k.htm en échec (HTTPSConnectionPool(host='www.sec.gov', port=443): Max retries exceeded with url: /Archives/edgar/data/915912/000091591216000032/q22016earningsrelease8-k.htm (Caused by NameResolutionError("HTTPSConnection(host='www.sec.gov', port=443): Failed to resolve 'www.sec.gov' ([Errno 11001] getaddrinfo failed)"))), nouvelle tentative dans 8s.
2026-08-17 21:19:53,182 [ERROR] Échec de la requête https://www.sec.gov/Archives/edgar/data/915912/000091591216000032/q22016earningsrelease8-k.htm (4 tentatives) : HTTPSConnectionPool(host='www.sec.gov', port=443): Max retries exceeded with url: /Archives/edgar/data/915912/000091591216000032/q22016earningsrelease8-k.htm (Caused by NameResolutionError("HTTPSConnection(host='www.sec.gov', port=443): Failed to resolve 'www.sec.gov' ([Errno 11001] getaddrinfo failed)"))
2026-08-17 21:19:53,182 [ERROR] Échec du téléchargement du filing https://www.sec.gov/Archives/edgar/data/915912/000091591216000032/q22016earningsrelease8-k.htm: https://www.sec.gov/Archives/edgar/data/915912/000091591216000032/q22016earningsrelease8-k.htm : HTTPSConnectionPool(host='www.sec.gov', port=443): Max retries exceeded with url: /Archives/edgar/data/915912/000091591216000032/q22016earningsrelease8-k.htm (Caused by NameResolutionError("HTTPSConnection(host='www.sec.gov', port=443): Failed to resolve 'www.sec.gov' ([Errno 11001] getaddrinfo failed)"))
2026-08-17 21:19:53,307 [WARNING] Requête https://www.sec.gov/Archives/edgar/data/915912/000110465916137947/a16-16222_18k.htm en échec (HTTPSConnectionPool(host='www.sec.gov', port=443): Max retries exceeded with url: /Archives/edgar/data/915912/000110465916137947/a16-16222_18k.htm (Caused by NameResolutionError("HTTPSConnection(host='www.sec.gov', port=443): Failed to resolve 'www.sec.gov' ([Errno 11001] getaddrinfo failed)"))), nouvelle tentative dans 2s.
2026-08-17 21:19:55,312 [WARNING] Requête https://www.sec.gov/Archives/edgar/data/915912/000110465916137947/a16-16222_18k.htm en échec (HTTPSConnectionPool(host='www.sec.gov', port=443): Max retries exceeded with url: /Archives/edgar/data/915912/000110465916137947/a16-16222_18k.htm (Caused by NameResolutionError("HTTPSConnection(host='www.sec.gov', port=443): Failed to resolve 'www.sec.gov' ([Errno 11001] getaddrinfo failed)"))), nouvelle tentative dans 4s.
2026-08-17 21:19:59,317 [WARNING] Requête https://www.sec.gov/Archives/edgar/data/915912/000110465916137947/a16-16222_18k.htm en échec (HTTPSConnectionPool(host='www.sec.gov', port=443): Max retries exceeded with url: /Archives/edgar/data/915912/000110465916137947/a16-16222_18k.htm (Caused by NameResolutionError("HTTPSConnection(host='www.sec.gov', port=443): Failed to resolve 'www.sec.gov' ([Errno 11001] getaddrinfo failed)"))), nouvelle tentative dans 8s.
2026-08-17 21:20:07,321 [ERROR] Échec de la requête https://www.sec.gov/Archives/edgar/data/915912/000110465916137947/a16-16222_18k.htm (4 tentatives) : HTTPSConnectionPool(host='www.sec.gov', port=443): Max retries exceeded with url: /Archives/edgar/data/915912/000110465916137947/a16-16222_18k.htm (Caused by NameResolutionError("HTTPSConnection(host='www.sec.gov', port=443): Failed to resolve 'www.sec.gov' ([Errno 11001] getaddrinfo failed)"))
2026-08-17 21:20:07,322 [ERROR] Échec du téléchargement du filing https://www.sec.gov/Archives/edgar/data/915912/000110465916137947/a16-16222_18k.htm: https://www.sec.gov/Archives/edgar/data/915912/000110465916137947/a16-16222_18k.htm : HTTPSConnectionPool(host='www.sec.gov', port=443): Max retries exceeded with url: /Archives/edgar/data/915912/000110465916137947/a16-16222_18k.htm (Caused by NameResolutionError("HTTPSConnection(host='www.sec.gov', port=443): Failed to resolve 'www.sec.gov' ([Errno 11001] getaddrinfo failed)"))
2026-08-17 21:20:07,446 [WARNING] Requête https://www.sec.gov/Archives/edgar/data/915912/000110465916148801/a16-18739_18k.htm en échec (HTTPSConnectionPool(host='www.sec.gov', port=443): Max retries exceeded with url: /Archives/edgar/data/915912/000110465916148801/a16-18739_18k.htm (Caused by NameResolutionError("HTTPSConnection(host='www.sec.gov', port=443): Failed to resolve 'www.sec.gov' ([Errno 11001] getaddrinfo failed)"))), nouvelle tentative dans 2s.
2026-08-17 21:20:09,451 [WARNING] Requête https://www.sec.gov/Archives/edgar/data/915912/000110465916148801/a16-18739_18k.htm en échec (HTTPSConnectionPool(host='www.sec.gov', port=443): Max retries exceeded with url: /Archives/edgar/data/915912/000110465916148801/a16-18739_18k.htm (Caused by NameResolutionError("HTTPSConnection(host='www.sec.gov', port=443): Failed to resolve 'www.sec.gov' ([Errno 11001] getaddrinfo failed)"))), nouvelle tentative dans 4s.
2026-08-17 21:20:13,456 [WARNING] Requête https://www.sec.gov/Archives/edgar/data/915912/000110465916148801/a16-18739_18k.htm en échec (HTTPSConnectionPool(host='www.sec.gov', port=443): Max retries exceeded with url: /Archives/edgar/data/915912/000110465916148801/a16-18739_18k.htm (Caused by NameResolutionError("HTTPSConnection(host='www.sec.gov', port=443): Failed to resolve 'www.sec.gov' ([Errno 11001] getaddrinfo failed)"))), nouvelle tentative dans 8s.
2026-08-17 21:20:21,459 [ERROR] Échec de la requête https://www.sec.gov/Archives/edgar/data/915912/000110465916148801/a16-18739_18k.htm (4 tentatives) : HTTPSConnectionPool(host='www.sec.gov', port=443): Max retries exceeded with url: /Archives/edgar/data/915912/000110465916148801/a16-18739_18k.htm (Caused by NameResolutionError("HTTPSConnection(host='www.sec.gov', port=443): Failed to resolve 'www.sec.gov' ([Errno 11001] getaddrinfo failed)"))
2026-08-17 21:20:21,460 [ERROR] Échec du téléchargement du filing https://www.sec.gov/Archives/edgar/data/915912/000110465916148801/a16-18739_18k.htm: https://www.sec.gov/Archives/edgar/data/915912/000110465916148801/a16-18739_18k.htm : HTTPSConnectionPool(host='www.sec.gov', port=443): Max retries exceeded with url: /Archives/edgar/data/915912/000110465916148801/a16-18739_18k.htm (Caused by NameResolutionError("HTTPSConnection(host='www.sec.gov', port=443): Failed to resolve 'www.sec.gov' ([Errno 11001] getaddrinfo failed)"))
2026-08-17 21:20:21,585 [WARNING] Requête https://www.sec.gov/Archives/edgar/data/915912/000091591216000036/q32016earningsrelease8-k.htm en échec (HTTPSConnectionPool(host='www.sec.gov', port=443): Max retries exceeded with url: /Archives/edgar/data/915912/000091591216000036/q32016earningsrelease8-k.htm (Caused by NameResolutionError("HTTPSConnection(host='www.sec.gov', port=443): Failed to resolve 'www.sec.gov' ([Errno 11001] getaddrinfo failed)"))), nouvelle tentative dans 2s.
2026-08-17 21:20:23,590 [WARNING] Requête https://www.sec.gov/Archives/edgar/data/915912/000091591216000036/q32016earningsrelease8-k.htm en échec (HTTPSConnectionPool(host='www.sec.gov', port=443): Max retries exceeded with url: /Archives/edgar/data/915912/000091591216000036/q32016earningsrelease8-k.htm (Caused by NameResolutionError("HTTPSConnection(host='www.sec.gov', port=443): Failed to resolve 'www.sec.gov' ([Errno 11001] getaddrinfo failed)"))), nouvelle tentative dans 4s.
2026-08-17 21:20:27,595 [WARNING] Requête https://www.sec.gov/Archives/edgar/data/915912/000091591216000036/q32016earningsrelease8-k.htm en échec (HTTPSConnectionPool(host='www.sec.gov', port=443): Max retries exceeded with url: /Archives/edgar/data/915912/000091591216000036/q32016earningsrelease8-k.htm (Caused by NameResolutionError("HTTPSConnection(host='www.sec.gov', port=443): Failed to resolve 'www.sec.gov' ([Errno 11001] getaddrinfo failed)"))), nouvelle tentative dans 8s.
2026-08-17 21:20:35,599 [ERROR] Échec de la requête https://www.sec.gov/Archives/edgar/data/915912/000091591216000036/q32016earningsrelease8-k.htm (4 tentatives) : HTTPSConnectionPool(host='www.sec.gov', port=443): Max retries exceeded with url: /Archives/edgar/data/915912/000091591216000036/q32016earningsrelease8-k.htm (Caused by NameResolutionError("HTTPSConnection(host='www.sec.gov', port=443): Failed to resolve 'www.sec.gov' ([Errno 11001] getaddrinfo failed)"))
2026-08-17 21:20:35,600 [ERROR] Échec du téléchargement du filing https://www.sec.gov/Archives/edgar/data/915912/000091591216000036/q32016earningsrelease8-k.htm: https://www.sec.gov/Archives/edgar/data/915912/000091591216000036/q32016earningsrelease8-k.htm : HTTPSConnectionPool(host='www.sec.gov', port=443): Max retries exceeded with url: /Archives/edgar/data/915912/000091591216000036/q32016earningsrelease8-k.htm (Caused by NameResolutionError("HTTPSConnection(host='www.sec.gov', port=443): Failed to resolve 'www.sec.gov' ([Errno 11001] getaddrinfo failed)"))
2026-08-17 21:20:35,725 [WARNING] Requête https://www.sec.gov/Archives/edgar/data/915912/000091591217000002/q42016earningsrelease8-k.htm en échec (HTTPSConnectionPool(host='www.sec.gov', port=443): Max retries exceeded with url: /Archives/edgar/data/915912/000091591217000002/q42016earningsrelease8-k.htm (Caused by NameResolutionError("HTTPSConnection(host='www.sec.gov', port=443): Failed to resolve 'www.sec.gov' ([Errno 11001] getaddrinfo failed)"))), nouvelle tentative dans 2s.
2026-08-17 21:20:37,729 [WARNING] Requête https://www.sec.gov/Archives/edgar/data/915912/000091591217000002/q42016earningsrelease8-k.htm en échec (HTTPSConnectionPool(host='www.sec.gov', port=443): Max retries exceeded with url: /Archives/edgar/data/915912/000091591217000002/q42016earningsrelease8-k.htm (Caused by NameResolutionError("HTTPSConnection(host='www.sec.gov', port=443): Failed to resolve 'www.sec.gov' ([Errno 11001] getaddrinfo failed)"))), nouvelle tentative dans 4s.
2026-08-17 21:20:41,734 [WARNING] Requête https://www.sec.gov/Archives/edgar/data/915912/000091591217000002/q42016earningsrelease8-k.htm en échec (HTTPSConnectionPool(host='www.sec.gov', port=443): Max retries exceeded with url: /Archives/edgar/data/915912/000091591217000002/q42016earningsrelease8-k.htm (Caused by NameResolutionError("HTTPSConnection(host='www.sec.gov', port=443): Failed to resolve 'www.sec.gov' ([Errno 11001] getaddrinfo failed)"))), nouvelle tentative dans 8s.
2026-08-17 21:20:49,737 [ERROR] Échec de la requête https://www.sec.gov/Archives/edgar/data/915912/000091591217000002/q42016earningsrelease8-k.htm (4 tentatives) : HTTPSConnectionPool(host='www.sec.gov', port=443): Max retries exceeded with url: /Archives/edgar/data/915912/000091591217000002/q42016earningsrelease8-k.htm (Caused by NameResolutionError("HTTPSConnection(host='www.sec.gov', port=443): Failed to resolve 'www.sec.gov' ([Errno 11001] getaddrinfo failed)"))
2026-08-17 21:20:49,737 [ERROR] Échec du téléchargement du filing https://www.sec.gov/Archives/edgar/data/915912/000091591217000002/q42016earningsrelease8-k.htm: https://www.sec.gov/Archives/edgar/data/915912/000091591217000002/q42016earningsrelease8-k.htm : HTTPSConnectionPool(host='www.sec.gov', port=443): Max retries exceeded with url: /Archives/edgar/data/915912/000091591217000002/q42016earningsrelease8-k.htm (Caused by NameResolutionError("HTTPSConnection(host='www.sec.gov', port=443): Failed to resolve 'www.sec.gov' ([Errno 11001] getaddrinfo failed)"))
2026-08-17 21:20:49,866 [WARNING] Requête https://www.sec.gov/Archives/edgar/data/915912/000110465917010563/a17-4606_18k.htm en échec (HTTPSConnectionPool(host='www.sec.gov', port=443): Max retries exceeded with url: /Archives/edgar/data/915912/000110465917010563/a17-4606_18k.htm (Caused by NameResolutionError("HTTPSConnection(host='www.sec.gov', port=443): Failed to resolve 'www.sec.gov' ([Errno 11001] getaddrinfo failed)"))), nouvelle tentative dans 2s.
2026-08-17 21:20:51,871 [WARNING] Requête https://www.sec.gov/Archives/edgar/data/915912/000110465917010563/a17-4606_18k.htm en échec (HTTPSConnectionPool(host='www.sec.gov', port=443): Max retries exceeded with url: /Archives/edgar/data/915912/000110465917010563/a17-4606_18k.htm (Caused by NameResolutionError("HTTPSConnection(host='www.sec.gov', port=443): Failed to resolve 'www.sec.gov' ([Errno 11001] getaddrinfo failed)"))), nouvelle tentative dans 4s.
2026-08-17 21:20:55,875 [WARNING] Requête https://www.sec.gov/Archives/edgar/data/915912/000110465917010563/a17-4606_18k.htm en échec (HTTPSConnectionPool(host='www.sec.gov', port=443): Max retries exceeded with url: /Archives/edgar/data/915912/000110465917010563/a17-4606_18k.htm (Caused by NameResolutionError("HTTPSConnection(host='www.sec.gov', port=443): Failed to resolve 'www.sec.gov' ([Errno 11001] getaddrinfo failed)"))), nouvelle tentative dans 8s.
2026-08-17 21:21:03,879 [ERROR] Échec de la requête https://www.sec.gov/Archives/edgar/data/915912/000110465917010563/a17-4606_18k.htm (4 tentatives) : HTTPSConnectionPool(host='www.sec.gov', port=443): Max retries exceeded with url: /Archives/edgar/data/915912/000110465917010563/a17-4606_18k.htm (Caused by NameResolutionError("HTTPSConnection(host='www.sec.gov', port=443): Failed to resolve 'www.sec.gov' ([Errno 11001] getaddrinfo failed)"))
2026-08-17 21:21:03,880 [ERROR] Échec du téléchargement du filing https://www.sec.gov/Archives/edgar/data/915912/000110465917010563/a17-4606_18k.htm: https://www.sec.gov/Archives/edgar/data/915912/000110465917010563/a17-4606_18k.htm : HTTPSConnectionPool(host='www.sec.gov', port=443): Max retries exceeded with url: /Archives/edgar/data/915912/000110465917010563/a17-4606_18k.htm (Caused by NameResolutionError("HTTPSConnection(host='www.sec.gov', port=443): Failed to resolve 'www.sec.gov' ([Errno 11001] getaddrinfo failed)"))
2026-08-17 21:21:04,005 [WARNING] Requête https://www.sec.gov/Archives/edgar/data/915912/000110465917012415/a17-4452_18k.htm en échec (HTTPSConnectionPool(host='www.sec.gov', port=443): Max retries exceeded with url: /Archives/edgar/data/915912/000110465917012415/a17-4452_18k.htm (Caused by NameResolutionError("HTTPSConnection(host='www.sec.gov', port=443): Failed to resolve 'www.sec.gov' ([Errno 11001] getaddrinfo failed)"))), nouvelle tentative dans 2s.
2026-08-17 21:21:06,009 [WARNING] Requête https://www.sec.gov/Archives/edgar/data/915912/000110465917012415/a17-4452_18k.htm en échec (HTTPSConnectionPool(host='www.sec.gov', port=443): Max retries exceeded with url: /Archives/edgar/data/915912/000110465917012415/a17-4452_18k.htm (Caused by NameResolutionError("HTTPSConnection(host='www.sec.gov', port=443): Failed to resolve 'www.sec.gov' ([Errno 11001] getaddrinfo failed)"))), nouvelle tentative dans 4s.
2026-08-17 21:21:10,014 [WARNING] Requête https://www.sec.gov/Archives/edgar/data/915912/000110465917012415/a17-4452_18k.htm en échec (HTTPSConnectionPool(host='www.sec.gov', port=443): Max retries exceeded with url: /Archives/edgar/data/915912/000110465917012415/a17-4452_18k.htm (Caused by NameResolutionError("HTTPSConnection(host='www.sec.gov', port=443): Failed to resolve 'www.sec.gov' ([Errno 11001] getaddrinfo failed)"))), nouvelle tentative dans 8s.
2026-08-17 21:21:18,018 [ERROR] Échec de la requête https://www.sec.gov/Archives/edgar/data/915912/000110465917012415/a17-4452_18k.htm (4 tentatives) : HTTPSConnectionPool(host='www.sec.gov', port=443): Max retries exceeded with url: /Archives/edgar/data/915912/000110465917012415/a17-4452_18k.htm (Caused by NameResolutionError("HTTPSConnection(host='www.sec.gov', port=443): Failed to resolve 'www.sec.gov' ([Errno 11001] getaddrinfo failed)"))
2026-08-17 21:21:18,019 [ERROR] Échec du téléchargement du filing https://www.sec.gov/Archives/edgar/data/915912/000110465917012415/a17-4452_18k.htm: https://www.sec.gov/Archives/edgar/data/915912/000110465917012415/a17-4452_18k.htm : HTTPSConnectionPool(host='www.sec.gov', port=443): Max retries exceeded with url: /Archives/edgar/data/915912/000110465917012415/a17-4452_18k.htm (Caused by NameResolutionError("HTTPSConnection(host='www.sec.gov', port=443): Failed to resolve 'www.sec.gov' ([Errno 11001] getaddrinfo failed)"))
2026-08-17 21:21:18,147 [WARNING] Requête https://www.sec.gov/Archives/edgar/data/915912/000091591217000008/q12017earningsrelease8-k.htm en échec (HTTPSConnectionPool(host='www.sec.gov', port=443): Max retries exceeded with url: /Archives/edgar/data/915912/000091591217000008/q12017earningsrelease8-k.htm (Caused by NameResolutionError("HTTPSConnection(host='www.sec.gov', port=443): Failed to resolve 'www.sec.gov' ([Errno 11001] getaddrinfo failed)"))), nouvelle tentative dans 2s.
2026-08-17 21:21:20,152 [WARNING] Requête https://www.sec.gov/Archives/edgar/data/915912/000091591217000008/q12017earningsrelease8-k.htm en échec (HTTPSConnectionPool(host='www.sec.gov', port=443): Max retries exceeded with url: /Archives/edgar/data/915912/000091591217000008/q12017earningsrelease8-k.htm (Caused by NameResolutionError("HTTPSConnection(host='www.sec.gov', port=443): Failed to resolve 'www.sec.gov' ([Errno 11001] getaddrinfo failed)"))), nouvelle tentative dans 4s.
2026-08-17 21:21:24,156 [WARNING] Requête https://www.sec.gov/Archives/edgar/data/915912/000091591217000008/q12017earningsrelease8-k.htm en échec (HTTPSConnectionPool(host='www.sec.gov', port=443): Max retries exceeded with url: /Archives/edgar/data/915912/000091591217000008/q12017earningsrelease8-k.htm (Caused by NameResolutionError("HTTPSConnection(host='www.sec.gov', port=443): Failed to resolve 'www.sec.gov' ([Errno 11001] getaddrinfo failed)"))), nouvelle tentative dans 8s.
2026-08-17 21:21:32,161 [ERROR] Échec de la requête https://www.sec.gov/Archives/edgar/data/915912/000091591217000008/q12017earningsrelease8-k.htm (4 tentatives) : HTTPSConnectionPool(host='www.sec.gov', port=443): Max retries exceeded with url: /Archives/edgar/data/915912/000091591217000008/q12017earningsrelease8-k.htm (Caused by NameResolutionError("HTTPSConnection(host='www.sec.gov', port=443): Failed to resolve 'www.sec.gov' ([Errno 11001] getaddrinfo failed)"))
2026-08-17 21:21:32,161 [ERROR] Échec du téléchargement du filing https://www.sec.gov/Archives/edgar/data/915912/000091591217000008/q12017earningsrelease8-k.htm: https://www.sec.gov/Archives/edgar/data/915912/000091591217000008/q12017earningsrelease8-k.htm : HTTPSConnectionPool(host='www.sec.gov', port=443): Max retries exceeded with url: /Archives/edgar/data/915912/000091591217000008/q12017earningsrelease8-k.htm (Caused by NameResolutionError("HTTPSConnection(host='www.sec.gov', port=443): Failed to resolve 'www.sec.gov' ([Errno 11001] getaddrinfo failed)"))
2026-08-17 21:21:32,286 [WARNING] Requête https://www.sec.gov/Archives/edgar/data/915912/000110465917032217/a16-19130_38k.htm en échec (HTTPSConnectionPool(host='www.sec.gov', port=443): Max retries exceeded with url: /Archives/edgar/data/915912/000110465917032217/a16-19130_38k.htm (Caused by NameResolutionError("HTTPSConnection(host='www.sec.gov', port=443): Failed to resolve 'www.sec.gov' ([Errno 11001] getaddrinfo failed)"))), nouvelle tentative dans 2s.
2026-08-17 21:21:34,291 [WARNING] Requête https://www.sec.gov/Archives/edgar/data/915912/000110465917032217/a16-19130_38k.htm en échec (HTTPSConnectionPool(host='www.sec.gov', port=443): Max retries exceeded with url: /Archives/edgar/data/915912/000110465917032217/a16-19130_38k.htm (Caused by NameResolutionError("HTTPSConnection(host='www.sec.gov', port=443): Failed to resolve 'www.sec.gov' ([Errno 11001] getaddrinfo failed)"))), nouvelle tentative dans 4s.
2026-08-17 21:21:38,296 [WARNING] Requête https://www.sec.gov/Archives/edgar/data/915912/000110465917032217/a16-19130_38k.htm en échec (HTTPSConnectionPool(host='www.sec.gov', port=443): Max retries exceeded with url: /Archives/edgar/data/915912/000110465917032217/a16-19130_38k.htm (Caused by NameResolutionError("HTTPSConnection(host='www.sec.gov', port=443): Failed to resolve 'www.sec.gov' ([Errno 11001] getaddrinfo failed)"))), nouvelle tentative dans 8s.
2026-08-17 21:21:46,299 [ERROR] Échec de la requête https://www.sec.gov/Archives/edgar/data/915912/000110465917032217/a16-19130_38k.htm (4 tentatives) : HTTPSConnectionPool(host='www.sec.gov', port=443): Max retries exceeded with url: /Archives/edgar/data/915912/000110465917032217/a16-19130_38k.htm (Caused by NameResolutionError("HTTPSConnection(host='www.sec.gov', port=443): Failed to resolve 'www.sec.gov' ([Errno 11001] getaddrinfo failed)"))
2026-08-17 21:21:46,299 [ERROR] Échec du téléchargement du filing https://www.sec.gov/Archives/edgar/data/915912/000110465917032217/a16-19130_38k.htm: https://www.sec.gov/Archives/edgar/data/915912/000110465917032217/a16-19130_38k.htm : HTTPSConnectionPool(host='www.sec.gov', port=443): Max retries exceeded with url: /Archives/edgar/data/915912/000110465917032217/a16-19130_38k.htm (Caused by NameResolutionError("HTTPSConnection(host='www.sec.gov', port=443): Failed to resolve 'www.sec.gov' ([Errno 11001] getaddrinfo failed)"))
2026-08-17 21:21:46,426 [WARNING] Requête https://www.sec.gov/Archives/edgar/data/915912/000110465917034018/a17-13848_18k.htm en échec (HTTPSConnectionPool(host='www.sec.gov', port=443): Max retries exceeded with url: /Archives/edgar/data/915912/000110465917034018/a17-13848_18k.htm (Caused by NameResolutionError("HTTPSConnection(host='www.sec.gov', port=443): Failed to resolve 'www.sec.gov' ([Errno 11001] getaddrinfo failed)"))), nouvelle tentative dans 2s.
2026-08-17 21:21:48,431 [WARNING] Requête https://www.sec.gov/Archives/edgar/data/915912/000110465917034018/a17-13848_18k.htm en échec (HTTPSConnectionPool(host='www.sec.gov', port=443): Max retries exceeded with url: /Archives/edgar/data/915912/000110465917034018/a17-13848_18k.htm (Caused by NameResolutionError("HTTPSConnection(host='www.sec.gov', port=443): Failed to resolve 'www.sec.gov' ([Errno 11001] getaddrinfo failed)"))), nouvelle tentative dans 4s.
2026-08-17 21:21:52,435 [WARNING] Requête https://www.sec.gov/Archives/edgar/data/915912/000110465917034018/a17-13848_18k.htm en échec (HTTPSConnectionPool(host='www.sec.gov', port=443): Max retries exceeded with url: /Archives/edgar/data/915912/000110465917034018/a17-13848_18k.htm (Caused by NameResolutionError("HTTPSConnection(host='www.sec.gov', port=443): Failed to resolve 'www.sec.gov' ([Errno 11001] getaddrinfo failed)"))), nouvelle tentative dans 8s.
2026-08-17 21:22:00,440 [ERROR] Échec de la requête https://www.sec.gov/Archives/edgar/data/915912/000110465917034018/a17-13848_18k.htm (4 tentatives) : HTTPSConnectionPool(host='www.sec.gov', port=443): Max retries exceeded with url: /Archives/edgar/data/915912/000110465917034018/a17-13848_18k.htm (Caused by NameResolutionError("HTTPSConnection(host='www.sec.gov', port=443): Failed to resolve 'www.sec.gov' ([Errno 11001] getaddrinfo failed)"))
2026-08-17 21:22:00,440 [ERROR] Échec du téléchargement du filing https://www.sec.gov/Archives/edgar/data/915912/000110465917034018/a17-13848_18k.htm: https://www.sec.gov/Archives/edgar/data/915912/000110465917034018/a17-13848_18k.htm : HTTPSConnectionPool(host='www.sec.gov', port=443): Max retries exceeded with url: /Archives/edgar/data/915912/000110465917034018/a17-13848_18k.htm (Caused by NameResolutionError("HTTPSConnection(host='www.sec.gov', port=443): Failed to resolve 'www.sec.gov' ([Errno 11001] getaddrinfo failed)"))
2026-08-17 21:22:00,565 [WARNING] Requête https://www.sec.gov/Archives/edgar/data/915912/000110465917038592/a17-14928_38k.htm en échec (HTTPSConnectionPool(host='www.sec.gov', port=443): Max retries exceeded with url: /Archives/edgar/data/915912/000110465917038592/a17-14928_38k.htm (Caused by NameResolutionError("HTTPSConnection(host='www.sec.gov', port=443): Failed to resolve 'www.sec.gov' ([Errno 11001] getaddrinfo failed)"))), nouvelle tentative dans 2s.
2026-08-17 21:22:02,571 [WARNING] Requête https://www.sec.gov/Archives/edgar/data/915912/000110465917038592/a17-14928_38k.htm en échec (HTTPSConnectionPool(host='www.sec.gov', port=443): Max retries exceeded with url: /Archives/edgar/data/915912/000110465917038592/a17-14928_38k.htm (Caused by NameResolutionError("HTTPSConnection(host='www.sec.gov', port=443): Failed to resolve 'www.sec.gov' ([Errno 11001] getaddrinfo failed)"))), nouvelle tentative dans 4s.
2026-08-17 21:22:06,575 [WARNING] Requête https://www.sec.gov/Archives/edgar/data/915912/000110465917038592/a17-14928_38k.htm en échec (HTTPSConnectionPool(host='www.sec.gov', port=443): Max retries exceeded with url: /Archives/edgar/data/915912/000110465917038592/a17-14928_38k.htm (Caused by NameResolutionError("HTTPSConnection(host='www.sec.gov', port=443): Failed to resolve 'www.sec.gov' ([Errno 11001] getaddrinfo failed)"))), nouvelle tentative dans 8s.
2026-08-17 21:22:14,580 [ERROR] Échec de la requête https://www.sec.gov/Archives/edgar/data/915912/000110465917038592/a17-14928_38k.htm (4 tentatives) : HTTPSConnectionPool(host='www.sec.gov', port=443): Max retries exceeded with url: /Archives/edgar/data/915912/000110465917038592/a17-14928_38k.htm (Caused by NameResolutionError("HTTPSConnection(host='www.sec.gov', port=443): Failed to resolve 'www.sec.gov' ([Errno 11001] getaddrinfo failed)"))
2026-08-17 21:22:14,580 [ERROR] Échec du téléchargement du filing https://www.sec.gov/Archives/edgar/data/915912/000110465917038592/a17-14928_38k.htm: https://www.sec.gov/Archives/edgar/data/915912/000110465917038592/a17-14928_38k.htm : HTTPSConnectionPool(host='www.sec.gov', port=443): Max retries exceeded with url: /Archives/edgar/data/915912/000110465917038592/a17-14928_38k.htm (Caused by NameResolutionError("HTTPSConnection(host='www.sec.gov', port=443): Failed to resolve 'www.sec.gov' ([Errno 11001] getaddrinfo failed)"))
2026-08-17 21:22:14,704 [WARNING] Requête https://www.sec.gov/Archives/edgar/data/915912/000110465917040606/a17-14928_28k.htm en échec (HTTPSConnectionPool(host='www.sec.gov', port=443): Max retries exceeded with url: /Archives/edgar/data/915912/000110465917040606/a17-14928_28k.htm (Caused by NameResolutionError("HTTPSConnection(host='www.sec.gov', port=443): Failed to resolve 'www.sec.gov' ([Errno 11001] getaddrinfo failed)"))), nouvelle tentative dans 2s.
2026-08-17 21:22:16,708 [WARNING] Requête https://www.sec.gov/Archives/edgar/data/915912/000110465917040606/a17-14928_28k.htm en échec (HTTPSConnectionPool(host='www.sec.gov', port=443): Max retries exceeded with url: /Archives/edgar/data/915912/000110465917040606/a17-14928_28k.htm (Caused by NameResolutionError("HTTPSConnection(host='www.sec.gov', port=443): Failed to resolve 'www.sec.gov' ([Errno 11001] getaddrinfo failed)"))), nouvelle tentative dans 4s.
2026-08-17 21:22:20,717 [WARNING] Requête https://www.sec.gov/Archives/edgar/data/915912/000110465917040606/a17-14928_28k.htm en échec (HTTPSConnectionPool(host='www.sec.gov', port=443): Max retries exceeded with url: /Archives/edgar/data/915912/000110465917040606/a17-14928_28k.htm (Caused by NameResolutionError("HTTPSConnection(host='www.sec.gov', port=443): Failed to resolve 'www.sec.gov' ([Errno 11001] getaddrinfo failed)"))), nouvelle tentative dans 8s.
2026-08-17 21:22:28,723 [ERROR] Échec de la requête https://www.sec.gov/Archives/edgar/data/915912/000110465917040606/a17-14928_28k.htm (4 tentatives) : HTTPSConnectionPool(host='www.sec.gov', port=443): Max retries exceeded with url: /Archives/edgar/data/915912/000110465917040606/a17-14928_28k.htm (Caused by NameResolutionError("HTTPSConnection(host='www.sec.gov', port=443): Failed to resolve 'www.sec.gov' ([Errno 11001] getaddrinfo failed)"))
2026-08-17 21:22:28,724 [ERROR] Échec du téléchargement du filing https://www.sec.gov/Archives/edgar/data/915912/000110465917040606/a17-14928_28k.htm: https://www.sec.gov/Archives/edgar/data/915912/000110465917040606/a17-14928_28k.htm : HTTPSConnectionPool(host='www.sec.gov', port=443): Max retries exceeded with url: /Archives/edgar/data/915912/000110465917040606/a17-14928_28k.htm (Caused by NameResolutionError("HTTPSConnection(host='www.sec.gov', port=443): Failed to resolve 'www.sec.gov' ([Errno 11001] getaddrinfo failed)"))
2026-08-17 21:22:28,850 [WARNING] Requête https://www.sec.gov/Archives/edgar/data/915912/000110465917040938/a17-15546_18k.htm en échec (HTTPSConnectionPool(host='www.sec.gov', port=443): Max retries exceeded with url: /Archives/edgar/data/915912/000110465917040938/a17-15546_18k.htm (Caused by NameResolutionError("HTTPSConnection(host='www.sec.gov', port=443): Failed to resolve 'www.sec.gov' ([Errno 11001] getaddrinfo failed)"))), nouvelle tentative dans 2s.
2026-08-17 21:22:30,856 [WARNING] Requête https://www.sec.gov/Archives/edgar/data/915912/000110465917040938/a17-15546_18k.htm en échec (HTTPSConnectionPool(host='www.sec.gov', port=443): Max retries exceeded with url: /Archives/edgar/data/915912/000110465917040938/a17-15546_18k.htm (Caused by NameResolutionError("HTTPSConnection(host='www.sec.gov', port=443): Failed to resolve 'www.sec.gov' ([Errno 11001] getaddrinfo failed)"))), nouvelle tentative dans 4s.
2026-08-17 21:22:34,862 [WARNING] Requête https://www.sec.gov/Archives/edgar/data/915912/000110465917040938/a17-15546_18k.htm en échec (HTTPSConnectionPool(host='www.sec.gov', port=443): Max retries exceeded with url: /Archives/edgar/data/915912/000110465917040938/a17-15546_18k.htm (Caused by NameResolutionError("HTTPSConnection(host='www.sec.gov', port=443): Failed to resolve 'www.sec.gov' ([Errno 11001] getaddrinfo failed)"))), nouvelle tentative dans 8s.
2026-08-17 21:22:42,866 [ERROR] Échec de la requête https://www.sec.gov/Archives/edgar/data/915912/000110465917040938/a17-15546_18k.htm (4 tentatives) : HTTPSConnectionPool(host='www.sec.gov', port=443): Max retries exceeded with url: /Archives/edgar/data/915912/000110465917040938/a17-15546_18k.htm (Caused by NameResolutionError("HTTPSConnection(host='www.sec.gov', port=443): Failed to resolve 'www.sec.gov' ([Errno 11001] getaddrinfo failed)"))
2026-08-17 21:22:42,867 [ERROR] Échec du téléchargement du filing https://www.sec.gov/Archives/edgar/data/915912/000110465917040938/a17-15546_18k.htm: https://www.sec.gov/Archives/edgar/data/915912/000110465917040938/a17-15546_18k.htm : HTTPSConnectionPool(host='www.sec.gov', port=443): Max retries exceeded with url: /Archives/edgar/data/915912/000110465917040938/a17-15546_18k.htm (Caused by NameResolutionError("HTTPSConnection(host='www.sec.gov', port=443): Failed to resolve 'www.sec.gov' ([Errno 11001] getaddrinfo failed)"))
2026-08-17 21:22:42,992 [WARNING] Requête https://www.sec.gov/Archives/edgar/data/915912/000110465917046822/a17-15520_28k.htm en échec (HTTPSConnectionPool(host='www.sec.gov', port=443): Max retries exceeded with url: /Archives/edgar/data/915912/000110465917046822/a17-15520_28k.htm (Caused by NameResolutionError("HTTPSConnection(host='www.sec.gov', port=443): Failed to resolve 'www.sec.gov' ([Errno 11001] getaddrinfo failed)"))), nouvelle tentative dans 2s.
2026-08-17 21:22:44,996 [WARNING] Requête https://www.sec.gov/Archives/edgar/data/915912/000110465917046822/a17-15520_28k.htm en échec (HTTPSConnectionPool(host='www.sec.gov', port=443): Max retries exceeded with url: /Archives/edgar/data/915912/000110465917046822/a17-15520_28k.htm (Caused by NameResolutionError("HTTPSConnection(host='www.sec.gov', port=443): Failed to resolve 'www.sec.gov' ([Errno 11001] getaddrinfo failed)"))), nouvelle tentative dans 4s.
2026-08-17 21:22:49,001 [WARNING] Requête https://www.sec.gov/Archives/edgar/data/915912/000110465917046822/a17-15520_28k.htm en échec (HTTPSConnectionPool(host='www.sec.gov', port=443): Max retries exceeded with url: /Archives/edgar/data/915912/000110465917046822/a17-15520_28k.htm (Caused by NameResolutionError("HTTPSConnection(host='www.sec.gov', port=443): Failed to resolve 'www.sec.gov' ([Errno 11001] getaddrinfo failed)"))), nouvelle tentative dans 8s.
2026-08-17 21:22:57,005 [ERROR] Échec de la requête https://www.sec.gov/Archives/edgar/data/915912/000110465917046822/a17-15520_28k.htm (4 tentatives) : HTTPSConnectionPool(host='www.sec.gov', port=443): Max retries exceeded with url: /Archives/edgar/data/915912/000110465917046822/a17-15520_28k.htm (Caused by NameResolutionError("HTTPSConnection(host='www.sec.gov', port=443): Failed to resolve 'www.sec.gov' ([Errno 11001] getaddrinfo failed)"))
2026-08-17 21:22:57,006 [ERROR] Échec du téléchargement du filing https://www.sec.gov/Archives/edgar/data/915912/000110465917046822/a17-15520_28k.htm: https://www.sec.gov/Archives/edgar/data/915912/000110465917046822/a17-15520_28k.htm : HTTPSConnectionPool(host='www.sec.gov', port=443): Max retries exceeded with url: /Archives/edgar/data/915912/000110465917046822/a17-15520_28k.htm (Caused by NameResolutionError("HTTPSConnection(host='www.sec.gov', port=443): Failed to resolve 'www.sec.gov' ([Errno 11001] getaddrinfo failed)"))
2026-08-17 21:22:57,132 [WARNING] Requête https://www.sec.gov/Archives/edgar/data/915912/000091591217000012/q22017earningsrelease8-k.htm en échec (HTTPSConnectionPool(host='www.sec.gov', port=443): Max retries exceeded with url: /Archives/edgar/data/915912/000091591217000012/q22017earningsrelease8-k.htm (Caused by NameResolutionError("HTTPSConnection(host='www.sec.gov', port=443): Failed to resolve 'www.sec.gov' ([Errno 11001] getaddrinfo failed)"))), nouvelle tentative dans 2s.
2026-08-17 21:22:59,142 [WARNING] Requête https://www.sec.gov/Archives/edgar/data/915912/000091591217000012/q22017earningsrelease8-k.htm en échec (HTTPSConnectionPool(host='www.sec.gov', port=443): Max retries exceeded with url: /Archives/edgar/data/915912/000091591217000012/q22017earningsrelease8-k.htm (Caused by NameResolutionError("HTTPSConnection(host='www.sec.gov', port=443): Failed to resolve 'www.sec.gov' ([Errno 11001] getaddrinfo failed)"))), nouvelle tentative dans 4s.
2026-08-17 21:23:03,147 [WARNING] Requête https://www.sec.gov/Archives/edgar/data/915912/000091591217000012/q22017earningsrelease8-k.htm en échec (HTTPSConnectionPool(host='www.sec.gov', port=443): Max retries exceeded with url: /Archives/edgar/data/915912/000091591217000012/q22017earningsrelease8-k.htm (Caused by NameResolutionError("HTTPSConnection(host='www.sec.gov', port=443): Failed to resolve 'www.sec.gov' ([Errno 11001] getaddrinfo failed)"))), nouvelle tentative dans 8s.
2026-08-17 21:23:11,151 [ERROR] Échec de la requête https://www.sec.gov/Archives/edgar/data/915912/000091591217000012/q22017earningsrelease8-k.htm (4 tentatives) : HTTPSConnectionPool(host='www.sec.gov', port=443): Max retries exceeded with url: /Archives/edgar/data/915912/000091591217000012/q22017earningsrelease8-k.htm (Caused by NameResolutionError("HTTPSConnection(host='www.sec.gov', port=443): Failed to resolve 'www.sec.gov' ([Errno 11001] getaddrinfo failed)"))
2026-08-17 21:23:11,152 [ERROR] Échec du téléchargement du filing https://www.sec.gov/Archives/edgar/data/915912/000091591217000012/q22017earningsrelease8-k.htm: https://www.sec.gov/Archives/edgar/data/915912/000091591217000012/q22017earningsrelease8-k.htm : HTTPSConnectionPool(host='www.sec.gov', port=443): Max retries exceeded with url: /Archives/edgar/data/915912/000091591217000012/q22017earningsrelease8-k.htm (Caused by NameResolutionError("HTTPSConnection(host='www.sec.gov', port=443): Failed to resolve 'www.sec.gov' ([Errno 11001] getaddrinfo failed)"))
2026-08-17 21:23:11,277 [WARNING] Requête https://www.sec.gov/Archives/edgar/data/915912/000091591217000016/q32017earningsrelease8-k.htm en échec (HTTPSConnectionPool(host='www.sec.gov', port=443): Max retries exceeded with url: /Archives/edgar/data/915912/000091591217000016/q32017earningsrelease8-k.htm (Caused by NameResolutionError("HTTPSConnection(host='www.sec.gov', port=443): Failed to resolve 'www.sec.gov' ([Errno 11001] getaddrinfo failed)"))), nouvelle tentative dans 2s.
2026-08-17 21:23:13,281 [WARNING] Requête https://www.sec.gov/Archives/edgar/data/915912/000091591217000016/q32017earningsrelease8-k.htm en échec (HTTPSConnectionPool(host='www.sec.gov', port=443): Max retries exceeded with url: /Archives/edgar/data/915912/000091591217000016/q32017earningsrelease8-k.htm (Caused by NameResolutionError("HTTPSConnection(host='www.sec.gov', port=443): Failed to resolve 'www.sec.gov' ([Errno 11001] getaddrinfo failed)"))), nouvelle tentative dans 4s.
2026-08-17 21:23:17,286 [WARNING] Requête https://www.sec.gov/Archives/edgar/data/915912/000091591217000016/q32017earningsrelease8-k.htm en échec (HTTPSConnectionPool(host='www.sec.gov', port=443): Max retries exceeded with url: /Archives/edgar/data/915912/000091591217000016/q32017earningsrelease8-k.htm (Caused by NameResolutionError("HTTPSConnection(host='www.sec.gov', port=443): Failed to resolve 'www.sec.gov' ([Errno 11001] getaddrinfo failed)"))), nouvelle tentative dans 8s.
2026-08-17 21:23:25,290 [ERROR] Échec de la requête https://www.sec.gov/Archives/edgar/data/915912/000091591217000016/q32017earningsrelease8-k.htm (4 tentatives) : HTTPSConnectionPool(host='www.sec.gov', port=443): Max retries exceeded with url: /Archives/edgar/data/915912/000091591217000016/q32017earningsrelease8-k.htm (Caused by NameResolutionError("HTTPSConnection(host='www.sec.gov', port=443): Failed to resolve 'www.sec.gov' ([Errno 11001] getaddrinfo failed)"))
2026-08-17 21:23:25,291 [ERROR] Échec du téléchargement du filing https://www.sec.gov/Archives/edgar/data/915912/000091591217000016/q32017earningsrelease8-k.htm: https://www.sec.gov/Archives/edgar/data/915912/000091591217000016/q32017earningsrelease8-k.htm : HTTPSConnectionPool(host='www.sec.gov', port=443): Max retries exceeded with url: /Archives/edgar/data/915912/000091591217000016/q32017earningsrelease8-k.htm (Caused by NameResolutionError("HTTPSConnection(host='www.sec.gov', port=443): Failed to resolve 'www.sec.gov' ([Errno 11001] getaddrinfo failed)"))
2026-08-17 21:23:25,416 [WARNING] Requête https://www.sec.gov/Archives/edgar/data/915912/000110465917067936/a17-26097_18k.htm en échec (HTTPSConnectionPool(host='www.sec.gov', port=443): Max retries exceeded with url: /Archives/edgar/data/915912/000110465917067936/a17-26097_18k.htm (Caused by NameResolutionError("HTTPSConnection(host='www.sec.gov', port=443): Failed to resolve 'www.sec.gov' ([Errno 11001] getaddrinfo failed)"))), nouvelle tentative dans 2s.
2026-08-17 21:23:27,421 [WARNING] Requête https://www.sec.gov/Archives/edgar/data/915912/000110465917067936/a17-26097_18k.htm en échec (HTTPSConnectionPool(host='www.sec.gov', port=443): Max retries exceeded with url: /Archives/edgar/data/915912/000110465917067936/a17-26097_18k.htm (Caused by NameResolutionError("HTTPSConnection(host='www.sec.gov', port=443): Failed to resolve 'www.sec.gov' ([Errno 11001] getaddrinfo failed)"))), nouvelle tentative dans 4s.
2026-08-17 21:23:31,425 [WARNING] Requête https://www.sec.gov/Archives/edgar/data/915912/000110465917067936/a17-26097_18k.htm en échec (HTTPSConnectionPool(host='www.sec.gov', port=443): Max retries exceeded with url: /Archives/edgar/data/915912/000110465917067936/a17-26097_18k.htm (Caused by NameResolutionError("HTTPSConnection(host='www.sec.gov', port=443): Failed to resolve 'www.sec.gov' ([Errno 11001] getaddrinfo failed)"))), nouvelle tentative dans 8s.
2026-08-17 21:23:39,430 [ERROR] Échec de la requête https://www.sec.gov/Archives/edgar/data/915912/000110465917067936/a17-26097_18k.htm (4 tentatives) : HTTPSConnectionPool(host='www.sec.gov', port=443): Max retries exceeded with url: /Archives/edgar/data/915912/000110465917067936/a17-26097_18k.htm (Caused by NameResolutionError("HTTPSConnection(host='www.sec.gov', port=443): Failed to resolve 'www.sec.gov' ([Errno 11001] getaddrinfo failed)"))
2026-08-17 21:23:39,430 [ERROR] Échec du téléchargement du filing https://www.sec.gov/Archives/edgar/data/915912/000110465917067936/a17-26097_18k.htm: https://www.sec.gov/Archives/edgar/data/915912/000110465917067936/a17-26097_18k.htm : HTTPSConnectionPool(host='www.sec.gov', port=443): Max retries exceeded with url: /Archives/edgar/data/915912/000110465917067936/a17-26097_18k.htm (Caused by NameResolutionError("HTTPSConnection(host='www.sec.gov', port=443): Failed to resolve 'www.sec.gov' ([Errno 11001] getaddrinfo failed)"))
2026-08-17 21:23:39,555 [WARNING] Requête https://www.sec.gov/Archives/edgar/data/915912/000110465917068723/a17-24329_38k.htm en échec (HTTPSConnectionPool(host='www.sec.gov', port=443): Max retries exceeded with url: /Archives/edgar/data/915912/000110465917068723/a17-24329_38k.htm (Caused by NameResolutionError("HTTPSConnection(host='www.sec.gov', port=443): Failed to resolve 'www.sec.gov' ([Errno 11001] getaddrinfo failed)"))), nouvelle tentative dans 2s.
2026-08-17 21:23:41,560 [WARNING] Requête https://www.sec.gov/Archives/edgar/data/915912/000110465917068723/a17-24329_38k.htm en échec (HTTPSConnectionPool(host='www.sec.gov', port=443): Max retries exceeded with url: /Archives/edgar/data/915912/000110465917068723/a17-24329_38k.htm (Caused by NameResolutionError("HTTPSConnection(host='www.sec.gov', port=443): Failed to resolve 'www.sec.gov' ([Errno 11001] getaddrinfo failed)"))), nouvelle tentative dans 4s.
2026-08-17 21:23:45,564 [WARNING] Requête https://www.sec.gov/Archives/edgar/data/915912/000110465917068723/a17-24329_38k.htm en échec (HTTPSConnectionPool(host='www.sec.gov', port=443): Max retries exceeded with url: /Archives/edgar/data/915912/000110465917068723/a17-24329_38k.htm (Caused by NameResolutionError("HTTPSConnection(host='www.sec.gov', port=443): Failed to resolve 'www.sec.gov' ([Errno 11001] getaddrinfo failed)"))), nouvelle tentative dans 8s.
2026-08-17 21:23:53,569 [ERROR] Échec de la requête https://www.sec.gov/Archives/edgar/data/915912/000110465917068723/a17-24329_38k.htm (4 tentatives) : HTTPSConnectionPool(host='www.sec.gov', port=443): Max retries exceeded with url: /Archives/edgar/data/915912/000110465917068723/a17-24329_38k.htm (Caused by NameResolutionError("HTTPSConnection(host='www.sec.gov', port=443): Failed to resolve 'www.sec.gov' ([Errno 11001] getaddrinfo failed)"))
2026-08-17 21:23:53,570 [ERROR] Échec du téléchargement du filing https://www.sec.gov/Archives/edgar/data/915912/000110465917068723/a17-24329_38k.htm: https://www.sec.gov/Archives/edgar/data/915912/000110465917068723/a17-24329_38k.htm : HTTPSConnectionPool(host='www.sec.gov', port=443): Max retries exceeded with url: /Archives/edgar/data/915912/000110465917068723/a17-24329_38k.htm (Caused by NameResolutionError("HTTPSConnection(host='www.sec.gov', port=443): Failed to resolve 'www.sec.gov' ([Errno 11001] getaddrinfo failed)"))
2026-08-17 21:23:53,694 [WARNING] Requête https://www.sec.gov/Archives/edgar/data/915912/000091591218000002/q42017earningsrelease8-k.htm en échec (HTTPSConnectionPool(host='www.sec.gov', port=443): Max retries exceeded with url: /Archives/edgar/data/915912/000091591218000002/q42017earningsrelease8-k.htm (Caused by NameResolutionError("HTTPSConnection(host='www.sec.gov', port=443): Failed to resolve 'www.sec.gov' ([Errno 11001] getaddrinfo failed)"))), nouvelle tentative dans 2s.
2026-08-17 21:23:55,698 [WARNING] Requête https://www.sec.gov/Archives/edgar/data/915912/000091591218000002/q42017earningsrelease8-k.htm en échec (HTTPSConnectionPool(host='www.sec.gov', port=443): Max retries exceeded with url: /Archives/edgar/data/915912/000091591218000002/q42017earningsrelease8-k.htm (Caused by NameResolutionError("HTTPSConnection(host='www.sec.gov', port=443): Failed to resolve 'www.sec.gov' ([Errno 11001] getaddrinfo failed)"))), nouvelle tentative dans 4s.
2026-08-17 21:23:59,704 [WARNING] Requête https://www.sec.gov/Archives/edgar/data/915912/000091591218000002/q42017earningsrelease8-k.htm en échec (HTTPSConnectionPool(host='www.sec.gov', port=443): Max retries exceeded with url: /Archives/edgar/data/915912/000091591218000002/q42017earningsrelease8-k.htm (Caused by NameResolutionError("HTTPSConnection(host='www.sec.gov', port=443): Failed to resolve 'www.sec.gov' ([Errno 11001] getaddrinfo failed)"))), nouvelle tentative dans 8s.
2026-08-17 21:24:07,708 [ERROR] Échec de la requête https://www.sec.gov/Archives/edgar/data/915912/000091591218000002/q42017earningsrelease8-k.htm (4 tentatives) : HTTPSConnectionPool(host='www.sec.gov', port=443): Max retries exceeded with url: /Archives/edgar/data/915912/000091591218000002/q42017earningsrelease8-k.htm (Caused by NameResolutionError("HTTPSConnection(host='www.sec.gov', port=443): Failed to resolve 'www.sec.gov' ([Errno 11001] getaddrinfo failed)"))
2026-08-17 21:24:07,709 [ERROR] Échec du téléchargement du filing https://www.sec.gov/Archives/edgar/data/915912/000091591218000002/q42017earningsrelease8-k.htm: https://www.sec.gov/Archives/edgar/data/915912/000091591218000002/q42017earningsrelease8-k.htm : HTTPSConnectionPool(host='www.sec.gov', port=443): Max retries exceeded with url: /Archives/edgar/data/915912/000091591218000002/q42017earningsrelease8-k.htm (Caused by NameResolutionError("HTTPSConnection(host='www.sec.gov', port=443): Failed to resolve 'www.sec.gov' ([Errno 11001] getaddrinfo failed)"))
2026-08-17 21:24:07,833 [WARNING] Requête https://www.sec.gov/Archives/edgar/data/915912/000110465918011374/a18-6612_18k.htm en échec (HTTPSConnectionPool(host='www.sec.gov', port=443): Max retries exceeded with url: /Archives/edgar/data/915912/000110465918011374/a18-6612_18k.htm (Caused by NameResolutionError("HTTPSConnection(host='www.sec.gov', port=443): Failed to resolve 'www.sec.gov' ([Errno 11001] getaddrinfo failed)"))), nouvelle tentative dans 2s.
2026-08-17 21:24:09,838 [WARNING] Requête https://www.sec.gov/Archives/edgar/data/915912/000110465918011374/a18-6612_18k.htm en échec (HTTPSConnectionPool(host='www.sec.gov', port=443): Max retries exceeded with url: /Archives/edgar/data/915912/000110465918011374/a18-6612_18k.htm (Caused by NameResolutionError("HTTPSConnection(host='www.sec.gov', port=443): Failed to resolve 'www.sec.gov' ([Errno 11001] getaddrinfo failed)"))), nouvelle tentative dans 4s.
2026-08-17 21:24:13,842 [WARNING] Requête https://www.sec.gov/Archives/edgar/data/915912/000110465918011374/a18-6612_18k.htm en échec (HTTPSConnectionPool(host='www.sec.gov', port=443): Max retries exceeded with url: /Archives/edgar/data/915912/000110465918011374/a18-6612_18k.htm (Caused by NameResolutionError("HTTPSConnection(host='www.sec.gov', port=443): Failed to resolve 'www.sec.gov' ([Errno 11001] getaddrinfo failed)"))), nouvelle tentative dans 8s.
2026-08-17 21:24:21,846 [ERROR] Échec de la requête https://www.sec.gov/Archives/edgar/data/915912/000110465918011374/a18-6612_18k.htm (4 tentatives) : HTTPSConnectionPool(host='www.sec.gov', port=443): Max retries exceeded with url: /Archives/edgar/data/915912/000110465918011374/a18-6612_18k.htm (Caused by NameResolutionError("HTTPSConnection(host='www.sec.gov', port=443): Failed to resolve 'www.sec.gov' ([Errno 11001] getaddrinfo failed)"))
2026-08-17 21:24:21,847 [ERROR] Échec du téléchargement du filing https://www.sec.gov/Archives/edgar/data/915912/000110465918011374/a18-6612_18k.htm: https://www.sec.gov/Archives/edgar/data/915912/000110465918011374/a18-6612_18k.htm : HTTPSConnectionPool(host='www.sec.gov', port=443): Max retries exceeded with url: /Archives/edgar/data/915912/000110465918011374/a18-6612_18k.htm (Caused by NameResolutionError("HTTPSConnection(host='www.sec.gov', port=443): Failed to resolve 'www.sec.gov' ([Errno 11001] getaddrinfo failed)"))
2026-08-17 21:24:21,973 [WARNING] Requête https://www.sec.gov/Archives/edgar/data/915912/000110465918020027/a18-8082_18k.htm en échec (HTTPSConnectionPool(host='www.sec.gov', port=443): Max retries exceeded with url: /Archives/edgar/data/915912/000110465918020027/a18-8082_18k.htm (Caused by NameResolutionError("HTTPSConnection(host='www.sec.gov', port=443): Failed to resolve 'www.sec.gov' ([Errno 11001] getaddrinfo failed)"))), nouvelle tentative dans 2s.
2026-08-17 21:24:23,977 [WARNING] Requête https://www.sec.gov/Archives/edgar/data/915912/000110465918020027/a18-8082_18k.htm en échec (HTTPSConnectionPool(host='www.sec.gov', port=443): Max retries exceeded with url: /Archives/edgar/data/915912/000110465918020027/a18-8082_18k.htm (Caused by NameResolutionError("HTTPSConnection(host='www.sec.gov', port=443): Failed to resolve 'www.sec.gov' ([Errno 11001] getaddrinfo failed)"))), nouvelle tentative dans 4s.
2026-08-17 21:24:27,981 [WARNING] Requête https://www.sec.gov/Archives/edgar/data/915912/000110465918020027/a18-8082_18k.htm en échec (HTTPSConnectionPool(host='www.sec.gov', port=443): Max retries exceeded with url: /Archives/edgar/data/915912/000110465918020027/a18-8082_18k.htm (Caused by NameResolutionError("HTTPSConnection(host='www.sec.gov', port=443): Failed to resolve 'www.sec.gov' ([Errno 11001] getaddrinfo failed)"))), nouvelle tentative dans 8s.
2026-08-17 21:24:35,986 [ERROR] Échec de la requête https://www.sec.gov/Archives/edgar/data/915912/000110465918020027/a18-8082_18k.htm (4 tentatives) : HTTPSConnectionPool(host='www.sec.gov', port=443): Max retries exceeded with url: /Archives/edgar/data/915912/000110465918020027/a18-8082_18k.htm (Caused by NameResolutionError("HTTPSConnection(host='www.sec.gov', port=443): Failed to resolve 'www.sec.gov' ([Errno 11001] getaddrinfo failed)"))
2026-08-17 21:24:35,986 [ERROR] Échec du téléchargement du filing https://www.sec.gov/Archives/edgar/data/915912/000110465918020027/a18-8082_18k.htm: https://www.sec.gov/Archives/edgar/data/915912/000110465918020027/a18-8082_18k.htm : HTTPSConnectionPool(host='www.sec.gov', port=443): Max retries exceeded with url: /Archives/edgar/data/915912/000110465918020027/a18-8082_18k.htm (Caused by NameResolutionError("HTTPSConnection(host='www.sec.gov', port=443): Failed to resolve 'www.sec.gov' ([Errno 11001] getaddrinfo failed)"))
2026-08-17 21:24:36,111 [WARNING] Requête https://www.sec.gov/Archives/edgar/data/915912/000091591218000010/q12018earningsrelease8-k.htm en échec (HTTPSConnectionPool(host='www.sec.gov', port=443): Max retries exceeded with url: /Archives/edgar/data/915912/000091591218000010/q12018earningsrelease8-k.htm (Caused by NameResolutionError("HTTPSConnection(host='www.sec.gov', port=443): Failed to resolve 'www.sec.gov' ([Errno 11001] getaddrinfo failed)"))), nouvelle tentative dans 2s.
2026-08-17 21:24:38,119 [WARNING] Requête https://www.sec.gov/Archives/edgar/data/915912/000091591218000010/q12018earningsrelease8-k.htm en échec (HTTPSConnectionPool(host='www.sec.gov', port=443): Max retries exceeded with url: /Archives/edgar/data/915912/000091591218000010/q12018earningsrelease8-k.htm (Caused by NameResolutionError("HTTPSConnection(host='www.sec.gov', port=443): Failed to resolve 'www.sec.gov' ([Errno 11001] getaddrinfo failed)"))), nouvelle tentative dans 4s.
2026-08-17 21:24:42,123 [WARNING] Requête https://www.sec.gov/Archives/edgar/data/915912/000091591218000010/q12018earningsrelease8-k.htm en échec (HTTPSConnectionPool(host='www.sec.gov', port=443): Max retries exceeded with url: /Archives/edgar/data/915912/000091591218000010/q12018earningsrelease8-k.htm (Caused by NameResolutionError("HTTPSConnection(host='www.sec.gov', port=443): Failed to resolve 'www.sec.gov' ([Errno 11001] getaddrinfo failed)"))), nouvelle tentative dans 8s.
2026-08-17 21:24:50,127 [ERROR] Échec de la requête https://www.sec.gov/Archives/edgar/data/915912/000091591218000010/q12018earningsrelease8-k.htm (4 tentatives) : HTTPSConnectionPool(host='www.sec.gov', port=443): Max retries exceeded with url: /Archives/edgar/data/915912/000091591218000010/q12018earningsrelease8-k.htm (Caused by NameResolutionError("HTTPSConnection(host='www.sec.gov', port=443): Failed to resolve 'www.sec.gov' ([Errno 11001] getaddrinfo failed)"))
2026-08-17 21:24:50,127 [ERROR] Échec du téléchargement du filing https://www.sec.gov/Archives/edgar/data/915912/000091591218000010/q12018earningsrelease8-k.htm: https://www.sec.gov/Archives/edgar/data/915912/000091591218000010/q12018earningsrelease8-k.htm : HTTPSConnectionPool(host='www.sec.gov', port=443): Max retries exceeded with url: /Archives/edgar/data/915912/000091591218000010/q12018earningsrelease8-k.htm (Caused by NameResolutionError("HTTPSConnection(host='www.sec.gov', port=443): Failed to resolve 'www.sec.gov' ([Errno 11001] getaddrinfo failed)"))
2026-08-17 21:24:50,255 [WARNING] Requête https://www.sec.gov/Archives/edgar/data/915912/000110465918035721/a18-14277_18k.htm en échec (HTTPSConnectionPool(host='www.sec.gov', port=443): Max retries exceeded with url: /Archives/edgar/data/915912/000110465918035721/a18-14277_18k.htm (Caused by NameResolutionError("HTTPSConnection(host='www.sec.gov', port=443): Failed to resolve 'www.sec.gov' ([Errno 11001] getaddrinfo failed)"))), nouvelle tentative dans 2s.
2026-08-17 21:24:52,259 [WARNING] Requête https://www.sec.gov/Archives/edgar/data/915912/000110465918035721/a18-14277_18k.htm en échec (HTTPSConnectionPool(host='www.sec.gov', port=443): Max retries exceeded with url: /Archives/edgar/data/915912/000110465918035721/a18-14277_18k.htm (Caused by NameResolutionError("HTTPSConnection(host='www.sec.gov', port=443): Failed to resolve 'www.sec.gov' ([Errno 11001] getaddrinfo failed)"))), nouvelle tentative dans 4s.
2026-08-17 21:24:56,263 [WARNING] Requête https://www.sec.gov/Archives/edgar/data/915912/000110465918035721/a18-14277_18k.htm en échec (HTTPSConnectionPool(host='www.sec.gov', port=443): Max retries exceeded with url: /Archives/edgar/data/915912/000110465918035721/a18-14277_18k.htm (Caused by NameResolutionError("HTTPSConnection(host='www.sec.gov', port=443): Failed to resolve 'www.sec.gov' ([Errno 11001] getaddrinfo failed)"))), nouvelle tentative dans 8s.
2026-08-17 21:25:04,268 [ERROR] Échec de la requête https://www.sec.gov/Archives/edgar/data/915912/000110465918035721/a18-14277_18k.htm (4 tentatives) : HTTPSConnectionPool(host='www.sec.gov', port=443): Max retries exceeded with url: /Archives/edgar/data/915912/000110465918035721/a18-14277_18k.htm (Caused by NameResolutionError("HTTPSConnection(host='www.sec.gov', port=443): Failed to resolve 'www.sec.gov' ([Errno 11001] getaddrinfo failed)"))
2026-08-17 21:25:04,268 [ERROR] Échec du téléchargement du filing https://www.sec.gov/Archives/edgar/data/915912/000110465918035721/a18-14277_18k.htm: https://www.sec.gov/Archives/edgar/data/915912/000110465918035721/a18-14277_18k.htm : HTTPSConnectionPool(host='www.sec.gov', port=443): Max retries exceeded with url: /Archives/edgar/data/915912/000110465918035721/a18-14277_18k.htm (Caused by NameResolutionError("HTTPSConnection(host='www.sec.gov', port=443): Failed to resolve 'www.sec.gov' ([Errno 11001] getaddrinfo failed)"))
2026-08-17 21:25:04,393 [WARNING] Requête https://www.sec.gov/Archives/edgar/data/915912/000110465918036430/a18-14251_18k.htm en échec (HTTPSConnectionPool(host='www.sec.gov', port=443): Max retries exceeded with url: /Archives/edgar/data/915912/000110465918036430/a18-14251_18k.htm (Caused by NameResolutionError("HTTPSConnection(host='www.sec.gov', port=443): Failed to resolve 'www.sec.gov' ([Errno 11001] getaddrinfo failed)"))), nouvelle tentative dans 2s.
2026-08-17 21:25:06,397 [WARNING] Requête https://www.sec.gov/Archives/edgar/data/915912/000110465918036430/a18-14251_18k.htm en échec (HTTPSConnectionPool(host='www.sec.gov', port=443): Max retries exceeded with url: /Archives/edgar/data/915912/000110465918036430/a18-14251_18k.htm (Caused by NameResolutionError("HTTPSConnection(host='www.sec.gov', port=443): Failed to resolve 'www.sec.gov' ([Errno 11001] getaddrinfo failed)"))), nouvelle tentative dans 4s.
2026-08-17 21:25:10,403 [WARNING] Requête https://www.sec.gov/Archives/edgar/data/915912/000110465918036430/a18-14251_18k.htm en échec (HTTPSConnectionPool(host='www.sec.gov', port=443): Max retries exceeded with url: /Archives/edgar/data/915912/000110465918036430/a18-14251_18k.htm (Caused by NameResolutionError("HTTPSConnection(host='www.sec.gov', port=443): Failed to resolve 'www.sec.gov' ([Errno 11001] getaddrinfo failed)"))), nouvelle tentative dans 8s.
2026-08-17 21:25:18,407 [ERROR] Échec de la requête https://www.sec.gov/Archives/edgar/data/915912/000110465918036430/a18-14251_18k.htm (4 tentatives) : HTTPSConnectionPool(host='www.sec.gov', port=443): Max retries exceeded with url: /Archives/edgar/data/915912/000110465918036430/a18-14251_18k.htm (Caused by NameResolutionError("HTTPSConnection(host='www.sec.gov', port=443): Failed to resolve 'www.sec.gov' ([Errno 11001] getaddrinfo failed)"))
2026-08-17 21:25:18,408 [ERROR] Échec du téléchargement du filing https://www.sec.gov/Archives/edgar/data/915912/000110465918036430/a18-14251_18k.htm: https://www.sec.gov/Archives/edgar/data/915912/000110465918036430/a18-14251_18k.htm : HTTPSConnectionPool(host='www.sec.gov', port=443): Max retries exceeded with url: /Archives/edgar/data/915912/000110465918036430/a18-14251_18k.htm (Caused by NameResolutionError("HTTPSConnection(host='www.sec.gov', port=443): Failed to resolve 'www.sec.gov' ([Errno 11001] getaddrinfo failed)"))
2026-08-17 21:25:18,539 [WARNING] Requête https://www.sec.gov/Archives/edgar/data/915912/000091591218000014/q22018earningsrelease8-k.htm en échec (HTTPSConnectionPool(host='www.sec.gov', port=443): Max retries exceeded with url: /Archives/edgar/data/915912/000091591218000014/q22018earningsrelease8-k.htm (Caused by NameResolutionError("HTTPSConnection(host='www.sec.gov', port=443): Failed to resolve 'www.sec.gov' ([Errno 11001] getaddrinfo failed)"))), nouvelle tentative dans 2s.
2026-08-17 21:25:20,543 [WARNING] Requête https://www.sec.gov/Archives/edgar/data/915912/000091591218000014/q22018earningsrelease8-k.htm en échec (HTTPSConnectionPool(host='www.sec.gov', port=443): Max retries exceeded with url: /Archives/edgar/data/915912/000091591218000014/q22018earningsrelease8-k.htm (Caused by NameResolutionError("HTTPSConnection(host='www.sec.gov', port=443): Failed to resolve 'www.sec.gov' ([Errno 11001] getaddrinfo failed)"))), nouvelle tentative dans 4s.
2026-08-17 21:25:24,547 [WARNING] Requête https://www.sec.gov/Archives/edgar/data/915912/000091591218000014/q22018earningsrelease8-k.htm en échec (HTTPSConnectionPool(host='www.sec.gov', port=443): Max retries exceeded with url: /Archives/edgar/data/915912/000091591218000014/q22018earningsrelease8-k.htm (Caused by NameResolutionError("HTTPSConnection(host='www.sec.gov', port=443): Failed to resolve 'www.sec.gov' ([Errno 11001] getaddrinfo failed)"))), nouvelle tentative dans 8s.
2026-08-17 21:25:32,552 [ERROR] Échec de la requête https://www.sec.gov/Archives/edgar/data/915912/000091591218000014/q22018earningsrelease8-k.htm (4 tentatives) : HTTPSConnectionPool(host='www.sec.gov', port=443): Max retries exceeded with url: /Archives/edgar/data/915912/000091591218000014/q22018earningsrelease8-k.htm (Caused by NameResolutionError("HTTPSConnection(host='www.sec.gov', port=443): Failed to resolve 'www.sec.gov' ([Errno 11001] getaddrinfo failed)"))
2026-08-17 21:25:32,553 [ERROR] Échec du téléchargement du filing https://www.sec.gov/Archives/edgar/data/915912/000091591218000014/q22018earningsrelease8-k.htm: https://www.sec.gov/Archives/edgar/data/915912/000091591218000014/q22018earningsrelease8-k.htm : HTTPSConnectionPool(host='www.sec.gov', port=443): Max retries exceeded with url: /Archives/edgar/data/915912/000091591218000014/q22018earningsrelease8-k.htm (Caused by NameResolutionError("HTTPSConnection(host='www.sec.gov', port=443): Failed to resolve 'www.sec.gov' ([Errno 11001] getaddrinfo failed)"))
2026-08-17 21:25:32,678 [WARNING] Requête https://www.sec.gov/Archives/edgar/data/915912/000091591218000018/q32018earningsrelease8-k.htm en échec (HTTPSConnectionPool(host='www.sec.gov', port=443): Max retries exceeded with url: /Archives/edgar/data/915912/000091591218000018/q32018earningsrelease8-k.htm (Caused by NameResolutionError("HTTPSConnection(host='www.sec.gov', port=443): Failed to resolve 'www.sec.gov' ([Errno 11001] getaddrinfo failed)"))), nouvelle tentative dans 2s.
2026-08-17 21:25:34,683 [WARNING] Requête https://www.sec.gov/Archives/edgar/data/915912/000091591218000018/q32018earningsrelease8-k.htm en échec (HTTPSConnectionPool(host='www.sec.gov', port=443): Max retries exceeded with url: /Archives/edgar/data/915912/000091591218000018/q32018earningsrelease8-k.htm (Caused by NameResolutionError("HTTPSConnection(host='www.sec.gov', port=443): Failed to resolve 'www.sec.gov' ([Errno 11001] getaddrinfo failed)"))), nouvelle tentative dans 4s.
2026-08-17 21:25:38,688 [WARNING] Requête https://www.sec.gov/Archives/edgar/data/915912/000091591218000018/q32018earningsrelease8-k.htm en échec (HTTPSConnectionPool(host='www.sec.gov', port=443): Max retries exceeded with url: /Archives/edgar/data/915912/000091591218000018/q32018earningsrelease8-k.htm (Caused by NameResolutionError("HTTPSConnection(host='www.sec.gov', port=443): Failed to resolve 'www.sec.gov' ([Errno 11001] getaddrinfo failed)"))), nouvelle tentative dans 8s.
2026-08-17 21:25:46,693 [ERROR] Échec de la requête https://www.sec.gov/Archives/edgar/data/915912/000091591218000018/q32018earningsrelease8-k.htm (4 tentatives) : HTTPSConnectionPool(host='www.sec.gov', port=443): Max retries exceeded with url: /Archives/edgar/data/915912/000091591218000018/q32018earningsrelease8-k.htm (Caused by NameResolutionError("HTTPSConnection(host='www.sec.gov', port=443): Failed to resolve 'www.sec.gov' ([Errno 11001] getaddrinfo failed)"))
2026-08-17 21:25:46,693 [ERROR] Échec du téléchargement du filing https://www.sec.gov/Archives/edgar/data/915912/000091591218000018/q32018earningsrelease8-k.htm: https://www.sec.gov/Archives/edgar/data/915912/000091591218000018/q32018earningsrelease8-k.htm : HTTPSConnectionPool(host='www.sec.gov', port=443): Max retries exceeded with url: /Archives/edgar/data/915912/000091591218000018/q32018earningsrelease8-k.htm (Caused by NameResolutionError("HTTPSConnection(host='www.sec.gov', port=443): Failed to resolve 'www.sec.gov' ([Errno 11001] getaddrinfo failed)"))
2026-08-17 21:25:46,819 [WARNING] Requête https://www.sec.gov/Archives/edgar/data/915912/000110465919004960/a19-3608_18k.htm en échec (HTTPSConnectionPool(host='www.sec.gov', port=443): Max retries exceeded with url: /Archives/edgar/data/915912/000110465919004960/a19-3608_18k.htm (Caused by NameResolutionError("HTTPSConnection(host='www.sec.gov', port=443): Failed to resolve 'www.sec.gov' ([Errno 11001] getaddrinfo failed)"))), nouvelle tentative dans 2s.
2026-08-17 21:25:48,835 [WARNING] Requête https://www.sec.gov/Archives/edgar/data/915912/000110465919004960/a19-3608_18k.htm en échec (HTTPSConnectionPool(host='www.sec.gov', port=443): Max retries exceeded with url: /Archives/edgar/data/915912/000110465919004960/a19-3608_18k.htm (Caused by NameResolutionError("HTTPSConnection(host='www.sec.gov', port=443): Failed to resolve 'www.sec.gov' ([Errno 11001] getaddrinfo failed)"))), nouvelle tentative dans 4s.
2026-08-17 21:25:52,840 [WARNING] Requête https://www.sec.gov/Archives/edgar/data/915912/000110465919004960/a19-3608_18k.htm en échec (HTTPSConnectionPool(host='www.sec.gov', port=443): Max retries exceeded with url: /Archives/edgar/data/915912/000110465919004960/a19-3608_18k.htm (Caused by NameResolutionError("HTTPSConnection(host='www.sec.gov', port=443): Failed to resolve 'www.sec.gov' ([Errno 11001] getaddrinfo failed)"))), nouvelle tentative dans 8s.
2026-08-17 21:26:00,844 [ERROR] Échec de la requête https://www.sec.gov/Archives/edgar/data/915912/000110465919004960/a19-3608_18k.htm (4 tentatives) : HTTPSConnectionPool(host='www.sec.gov', port=443): Max retries exceeded with url: /Archives/edgar/data/915912/000110465919004960/a19-3608_18k.htm (Caused by NameResolutionError("HTTPSConnection(host='www.sec.gov', port=443): Failed to resolve 'www.sec.gov' ([Errno 11001] getaddrinfo failed)"))
2026-08-17 21:26:00,845 [ERROR] Échec du téléchargement du filing https://www.sec.gov/Archives/edgar/data/915912/000110465919004960/a19-3608_18k.htm: https://www.sec.gov/Archives/edgar/data/915912/000110465919004960/a19-3608_18k.htm : HTTPSConnectionPool(host='www.sec.gov', port=443): Max retries exceeded with url: /Archives/edgar/data/915912/000110465919004960/a19-3608_18k.htm (Caused by NameResolutionError("HTTPSConnection(host='www.sec.gov', port=443): Failed to resolve 'www.sec.gov' ([Errno 11001] getaddrinfo failed)"))
2026-08-17 21:26:00,970 [WARNING] Requête https://www.sec.gov/Archives/edgar/data/915912/000091591219000002/q42018earningsrelease8-k.htm en échec (HTTPSConnectionPool(host='www.sec.gov', port=443): Max retries exceeded with url: /Archives/edgar/data/915912/000091591219000002/q42018earningsrelease8-k.htm (Caused by NameResolutionError("HTTPSConnection(host='www.sec.gov', port=443): Failed to resolve 'www.sec.gov' ([Errno 11001] getaddrinfo failed)"))), nouvelle tentative dans 2s.
2026-08-17 21:26:02,974 [WARNING] Requête https://www.sec.gov/Archives/edgar/data/915912/000091591219000002/q42018earningsrelease8-k.htm en échec (HTTPSConnectionPool(host='www.sec.gov', port=443): Max retries exceeded with url: /Archives/edgar/data/915912/000091591219000002/q42018earningsrelease8-k.htm (Caused by NameResolutionError("HTTPSConnection(host='www.sec.gov', port=443): Failed to resolve 'www.sec.gov' ([Errno 11001] getaddrinfo failed)"))), nouvelle tentative dans 4s.
2026-08-17 21:26:06,979 [WARNING] Requête https://www.sec.gov/Archives/edgar/data/915912/000091591219000002/q42018earningsrelease8-k.htm en échec (HTTPSConnectionPool(host='www.sec.gov', port=443): Max retries exceeded with url: /Archives/edgar/data/915912/000091591219000002/q42018earningsrelease8-k.htm (Caused by NameResolutionError("HTTPSConnection(host='www.sec.gov', port=443): Failed to resolve 'www.sec.gov' ([Errno 11001] getaddrinfo failed)"))), nouvelle tentative dans 8s.
2026-08-17 21:26:14,982 [ERROR] Échec de la requête https://www.sec.gov/Archives/edgar/data/915912/000091591219000002/q42018earningsrelease8-k.htm (4 tentatives) : HTTPSConnectionPool(host='www.sec.gov', port=443): Max retries exceeded with url: /Archives/edgar/data/915912/000091591219000002/q42018earningsrelease8-k.htm (Caused by NameResolutionError("HTTPSConnection(host='www.sec.gov', port=443): Failed to resolve 'www.sec.gov' ([Errno 11001] getaddrinfo failed)"))
2026-08-17 21:26:14,983 [ERROR] Échec du téléchargement du filing https://www.sec.gov/Archives/edgar/data/915912/000091591219000002/q42018earningsrelease8-k.htm: https://www.sec.gov/Archives/edgar/data/915912/000091591219000002/q42018earningsrelease8-k.htm : HTTPSConnectionPool(host='www.sec.gov', port=443): Max retries exceeded with url: /Archives/edgar/data/915912/000091591219000002/q42018earningsrelease8-k.htm (Caused by NameResolutionError("HTTPSConnection(host='www.sec.gov', port=443): Failed to resolve 'www.sec.gov' ([Errno 11001] getaddrinfo failed)"))
2026-08-17 21:26:15,109 [WARNING] Requête https://www.sec.gov/Archives/edgar/data/915912/000110465919008704/a19-3608_28k.htm en échec (HTTPSConnectionPool(host='www.sec.gov', port=443): Max retries exceeded with url: /Archives/edgar/data/915912/000110465919008704/a19-3608_28k.htm (Caused by NameResolutionError("HTTPSConnection(host='www.sec.gov', port=443): Failed to resolve 'www.sec.gov' ([Errno 11001] getaddrinfo failed)"))), nouvelle tentative dans 2s.
2026-08-17 21:26:17,116 [WARNING] Requête https://www.sec.gov/Archives/edgar/data/915912/000110465919008704/a19-3608_28k.htm en échec (HTTPSConnectionPool(host='www.sec.gov', port=443): Max retries exceeded with url: /Archives/edgar/data/915912/000110465919008704/a19-3608_28k.htm (Caused by NameResolutionError("HTTPSConnection(host='www.sec.gov', port=443): Failed to resolve 'www.sec.gov' ([Errno 11001] getaddrinfo failed)"))), nouvelle tentative dans 4s.
2026-08-17 21:26:21,119 [WARNING] Requête https://www.sec.gov/Archives/edgar/data/915912/000110465919008704/a19-3608_28k.htm en échec (HTTPSConnectionPool(host='www.sec.gov', port=443): Max retries exceeded with url: /Archives/edgar/data/915912/000110465919008704/a19-3608_28k.htm (Caused by NameResolutionError("HTTPSConnection(host='www.sec.gov', port=443): Failed to resolve 'www.sec.gov' ([Errno 11001] getaddrinfo failed)"))), nouvelle tentative dans 8s.
2026-08-17 21:26:29,124 [ERROR] Échec de la requête https://www.sec.gov/Archives/edgar/data/915912/000110465919008704/a19-3608_28k.htm (4 tentatives) : HTTPSConnectionPool(host='www.sec.gov', port=443): Max retries exceeded with url: /Archives/edgar/data/915912/000110465919008704/a19-3608_28k.htm (Caused by NameResolutionError("HTTPSConnection(host='www.sec.gov', port=443): Failed to resolve 'www.sec.gov' ([Errno 11001] getaddrinfo failed)"))
2026-08-17 21:26:29,125 [ERROR] Échec du téléchargement du filing https://www.sec.gov/Archives/edgar/data/915912/000110465919008704/a19-3608_28k.htm: https://www.sec.gov/Archives/edgar/data/915912/000110465919008704/a19-3608_28k.htm : HTTPSConnectionPool(host='www.sec.gov', port=443): Max retries exceeded with url: /Archives/edgar/data/915912/000110465919008704/a19-3608_28k.htm (Caused by NameResolutionError("HTTPSConnection(host='www.sec.gov', port=443): Failed to resolve 'www.sec.gov' ([Errno 11001] getaddrinfo failed)"))
2026-08-17 21:26:29,249 [WARNING] Requête https://www.sec.gov/Archives/edgar/data/915912/000110465919011591/a19-5460_18k.htm en échec (HTTPSConnectionPool(host='www.sec.gov', port=443): Max retries exceeded with url: /Archives/edgar/data/915912/000110465919011591/a19-5460_18k.htm (Caused by NameResolutionError("HTTPSConnection(host='www.sec.gov', port=443): Failed to resolve 'www.sec.gov' ([Errno 11001] getaddrinfo failed)"))), nouvelle tentative dans 2s.
2026-08-17 21:26:31,255 [WARNING] Requête https://www.sec.gov/Archives/edgar/data/915912/000110465919011591/a19-5460_18k.htm en échec (HTTPSConnectionPool(host='www.sec.gov', port=443): Max retries exceeded with url: /Archives/edgar/data/915912/000110465919011591/a19-5460_18k.htm (Caused by NameResolutionError("HTTPSConnection(host='www.sec.gov', port=443): Failed to resolve 'www.sec.gov' ([Errno 11001] getaddrinfo failed)"))), nouvelle tentative dans 4s.
2026-08-17 21:26:35,260 [WARNING] Requête https://www.sec.gov/Archives/edgar/data/915912/000110465919011591/a19-5460_18k.htm en échec (HTTPSConnectionPool(host='www.sec.gov', port=443): Max retries exceeded with url: /Archives/edgar/data/915912/000110465919011591/a19-5460_18k.htm (Caused by NameResolutionError("HTTPSConnection(host='www.sec.gov', port=443): Failed to resolve 'www.sec.gov' ([Errno 11001] getaddrinfo failed)"))), nouvelle tentative dans 8s.
2026-08-17 21:26:43,264 [ERROR] Échec de la requête https://www.sec.gov/Archives/edgar/data/915912/000110465919011591/a19-5460_18k.htm (4 tentatives) : HTTPSConnectionPool(host='www.sec.gov', port=443): Max retries exceeded with url: /Archives/edgar/data/915912/000110465919011591/a19-5460_18k.htm (Caused by NameResolutionError("HTTPSConnection(host='www.sec.gov', port=443): Failed to resolve 'www.sec.gov' ([Errno 11001] getaddrinfo failed)"))
2026-08-17 21:26:43,264 [ERROR] Échec du téléchargement du filing https://www.sec.gov/Archives/edgar/data/915912/000110465919011591/a19-5460_18k.htm: https://www.sec.gov/Archives/edgar/data/915912/000110465919011591/a19-5460_18k.htm : HTTPSConnectionPool(host='www.sec.gov', port=443): Max retries exceeded with url: /Archives/edgar/data/915912/000110465919011591/a19-5460_18k.htm (Caused by NameResolutionError("HTTPSConnection(host='www.sec.gov', port=443): Failed to resolve 'www.sec.gov' ([Errno 11001] getaddrinfo failed)"))
2026-08-17 21:26:43,389 [WARNING] Requête https://www.sec.gov/Archives/edgar/data/915912/000091591219000012/q12019earningsrelease8-k.htm en échec (HTTPSConnectionPool(host='www.sec.gov', port=443): Max retries exceeded with url: /Archives/edgar/data/915912/000091591219000012/q12019earningsrelease8-k.htm (Caused by NameResolutionError("HTTPSConnection(host='www.sec.gov', port=443): Failed to resolve 'www.sec.gov' ([Errno 11001] getaddrinfo failed)"))), nouvelle tentative dans 2s.
2026-08-17 21:26:45,394 [WARNING] Requête https://www.sec.gov/Archives/edgar/data/915912/000091591219000012/q12019earningsrelease8-k.htm en échec (HTTPSConnectionPool(host='www.sec.gov', port=443): Max retries exceeded with url: /Archives/edgar/data/915912/000091591219000012/q12019earningsrelease8-k.htm (Caused by NameResolutionError("HTTPSConnection(host='www.sec.gov', port=443): Failed to resolve 'www.sec.gov' ([Errno 11001] getaddrinfo failed)"))), nouvelle tentative dans 4s.
2026-08-17 21:26:49,398 [WARNING] Requête https://www.sec.gov/Archives/edgar/data/915912/000091591219000012/q12019earningsrelease8-k.htm en échec (HTTPSConnectionPool(host='www.sec.gov', port=443): Max retries exceeded with url: /Archives/edgar/data/915912/000091591219000012/q12019earningsrelease8-k.htm (Caused by NameResolutionError("HTTPSConnection(host='www.sec.gov', port=443): Failed to resolve 'www.sec.gov' ([Errno 11001] getaddrinfo failed)"))), nouvelle tentative dans 8s.
2026-08-17 21:26:57,401 [ERROR] Échec de la requête https://www.sec.gov/Archives/edgar/data/915912/000091591219000012/q12019earningsrelease8-k.htm (4 tentatives) : HTTPSConnectionPool(host='www.sec.gov', port=443): Max retries exceeded with url: /Archives/edgar/data/915912/000091591219000012/q12019earningsrelease8-k.htm (Caused by NameResolutionError("HTTPSConnection(host='www.sec.gov', port=443): Failed to resolve 'www.sec.gov' ([Errno 11001] getaddrinfo failed)"))
2026-08-17 21:26:57,402 [ERROR] Échec du téléchargement du filing https://www.sec.gov/Archives/edgar/data/915912/000091591219000012/q12019earningsrelease8-k.htm: https://www.sec.gov/Archives/edgar/data/915912/000091591219000012/q12019earningsrelease8-k.htm : HTTPSConnectionPool(host='www.sec.gov', port=443): Max retries exceeded with url: /Archives/edgar/data/915912/000091591219000012/q12019earningsrelease8-k.htm (Caused by NameResolutionError("HTTPSConnection(host='www.sec.gov', port=443): Failed to resolve 'www.sec.gov' ([Errno 11001] getaddrinfo failed)"))
2026-08-17 21:26:57,527 [WARNING] Requête https://www.sec.gov/Archives/edgar/data/915912/000110465919026990/a19-6571_38k.htm en échec (HTTPSConnectionPool(host='www.sec.gov', port=443): Max retries exceeded with url: /Archives/edgar/data/915912/000110465919026990/a19-6571_38k.htm (Caused by NameResolutionError("HTTPSConnection(host='www.sec.gov', port=443): Failed to resolve 'www.sec.gov' ([Errno 11001] getaddrinfo failed)"))), nouvelle tentative dans 2s.
2026-08-17 21:26:59,531 [WARNING] Requête https://www.sec.gov/Archives/edgar/data/915912/000110465919026990/a19-6571_38k.htm en échec (HTTPSConnectionPool(host='www.sec.gov', port=443): Max retries exceeded with url: /Archives/edgar/data/915912/000110465919026990/a19-6571_38k.htm (Caused by NameResolutionError("HTTPSConnection(host='www.sec.gov', port=443): Failed to resolve 'www.sec.gov' ([Errno 11001] getaddrinfo failed)"))), nouvelle tentative dans 4s.
2026-08-17 21:27:03,546 [WARNING] Requête https://www.sec.gov/Archives/edgar/data/915912/000110465919026990/a19-6571_38k.htm en échec (HTTPSConnectionPool(host='www.sec.gov', port=443): Max retries exceeded with url: /Archives/edgar/data/915912/000110465919026990/a19-6571_38k.htm (Caused by NameResolutionError("HTTPSConnection(host='www.sec.gov', port=443): Failed to resolve 'www.sec.gov' ([Errno 11001] getaddrinfo failed)"))), nouvelle tentative dans 8s.
2026-08-17 21:27:11,551 [ERROR] Échec de la requête https://www.sec.gov/Archives/edgar/data/915912/000110465919026990/a19-6571_38k.htm (4 tentatives) : HTTPSConnectionPool(host='www.sec.gov', port=443): Max retries exceeded with url: /Archives/edgar/data/915912/000110465919026990/a19-6571_38k.htm (Caused by NameResolutionError("HTTPSConnection(host='www.sec.gov', port=443): Failed to resolve 'www.sec.gov' ([Errno 11001] getaddrinfo failed)"))
2026-08-17 21:27:11,551 [ERROR] Échec du téléchargement du filing https://www.sec.gov/Archives/edgar/data/915912/000110465919026990/a19-6571_38k.htm: https://www.sec.gov/Archives/edgar/data/915912/000110465919026990/a19-6571_38k.htm : HTTPSConnectionPool(host='www.sec.gov', port=443): Max retries exceeded with url: /Archives/edgar/data/915912/000110465919026990/a19-6571_38k.htm (Caused by NameResolutionError("HTTPSConnection(host='www.sec.gov', port=443): Failed to resolve 'www.sec.gov' ([Errno 11001] getaddrinfo failed)"))
2026-08-17 21:27:11,677 [WARNING] Requête https://www.sec.gov/Archives/edgar/data/915912/000110465919027393/a19-9538_18k.htm en échec (HTTPSConnectionPool(host='www.sec.gov', port=443): Max retries exceeded with url: /Archives/edgar/data/915912/000110465919027393/a19-9538_18k.htm (Caused by NameResolutionError("HTTPSConnection(host='www.sec.gov', port=443): Failed to resolve 'www.sec.gov' ([Errno 11001] getaddrinfo failed)"))), nouvelle tentative dans 2s.
2026-08-17 21:27:13,681 [WARNING] Requête https://www.sec.gov/Archives/edgar/data/915912/000110465919027393/a19-9538_18k.htm en échec (HTTPSConnectionPool(host='www.sec.gov', port=443): Max retries exceeded with url: /Archives/edgar/data/915912/000110465919027393/a19-9538_18k.htm (Caused by NameResolutionError("HTTPSConnection(host='www.sec.gov', port=443): Failed to resolve 'www.sec.gov' ([Errno 11001] getaddrinfo failed)"))), nouvelle tentative dans 4s.
2026-08-17 21:27:17,685 [WARNING] Requête https://www.sec.gov/Archives/edgar/data/915912/000110465919027393/a19-9538_18k.htm en échec (HTTPSConnectionPool(host='www.sec.gov', port=443): Max retries exceeded with url: /Archives/edgar/data/915912/000110465919027393/a19-9538_18k.htm (Caused by NameResolutionError("HTTPSConnection(host='www.sec.gov', port=443): Failed to resolve 'www.sec.gov' ([Errno 11001] getaddrinfo failed)"))), nouvelle tentative dans 8s.
2026-08-17 21:27:25,688 [ERROR] Échec de la requête https://www.sec.gov/Archives/edgar/data/915912/000110465919027393/a19-9538_18k.htm (4 tentatives) : HTTPSConnectionPool(host='www.sec.gov', port=443): Max retries exceeded with url: /Archives/edgar/data/915912/000110465919027393/a19-9538_18k.htm (Caused by NameResolutionError("HTTPSConnection(host='www.sec.gov', port=443): Failed to resolve 'www.sec.gov' ([Errno 11001] getaddrinfo failed)"))
2026-08-17 21:27:25,689 [ERROR] Échec du téléchargement du filing https://www.sec.gov/Archives/edgar/data/915912/000110465919027393/a19-9538_18k.htm: https://www.sec.gov/Archives/edgar/data/915912/000110465919027393/a19-9538_18k.htm : HTTPSConnectionPool(host='www.sec.gov', port=443): Max retries exceeded with url: /Archives/edgar/data/915912/000110465919027393/a19-9538_18k.htm (Caused by NameResolutionError("HTTPSConnection(host='www.sec.gov', port=443): Failed to resolve 'www.sec.gov' ([Errno 11001] getaddrinfo failed)"))
2026-08-17 21:27:25,816 [WARNING] Requête https://www.sec.gov/Archives/edgar/data/915912/000110465919029624/a19-10017_18k.htm en échec (HTTPSConnectionPool(host='www.sec.gov', port=443): Max retries exceeded with url: /Archives/edgar/data/915912/000110465919029624/a19-10017_18k.htm (Caused by NameResolutionError("HTTPSConnection(host='www.sec.gov', port=443): Failed to resolve 'www.sec.gov' ([Errno 11001] getaddrinfo failed)"))), nouvelle tentative dans 2s.
2026-08-17 21:27:27,821 [WARNING] Requête https://www.sec.gov/Archives/edgar/data/915912/000110465919029624/a19-10017_18k.htm en échec (HTTPSConnectionPool(host='www.sec.gov', port=443): Max retries exceeded with url: /Archives/edgar/data/915912/000110465919029624/a19-10017_18k.htm (Caused by NameResolutionError("HTTPSConnection(host='www.sec.gov', port=443): Failed to resolve 'www.sec.gov' ([Errno 11001] getaddrinfo failed)"))), nouvelle tentative dans 4s.
2026-08-17 21:27:31,825 [WARNING] Requête https://www.sec.gov/Archives/edgar/data/915912/000110465919029624/a19-10017_18k.htm en échec (HTTPSConnectionPool(host='www.sec.gov', port=443): Max retries exceeded with url: /Archives/edgar/data/915912/000110465919029624/a19-10017_18k.htm (Caused by NameResolutionError("HTTPSConnection(host='www.sec.gov', port=443): Failed to resolve 'www.sec.gov' ([Errno 11001] getaddrinfo failed)"))), nouvelle tentative dans 8s.
2026-08-17 21:27:39,830 [ERROR] Échec de la requête https://www.sec.gov/Archives/edgar/data/915912/000110465919029624/a19-10017_18k.htm (4 tentatives) : HTTPSConnectionPool(host='www.sec.gov', port=443): Max retries exceeded with url: /Archives/edgar/data/915912/000110465919029624/a19-10017_18k.htm (Caused by NameResolutionError("HTTPSConnection(host='www.sec.gov', port=443): Failed to resolve 'www.sec.gov' ([Errno 11001] getaddrinfo failed)"))
2026-08-17 21:27:39,830 [ERROR] Échec du téléchargement du filing https://www.sec.gov/Archives/edgar/data/915912/000110465919029624/a19-10017_18k.htm: https://www.sec.gov/Archives/edgar/data/915912/000110465919029624/a19-10017_18k.htm : HTTPSConnectionPool(host='www.sec.gov', port=443): Max retries exceeded with url: /Archives/edgar/data/915912/000110465919029624/a19-10017_18k.htm (Caused by NameResolutionError("HTTPSConnection(host='www.sec.gov', port=443): Failed to resolve 'www.sec.gov' ([Errno 11001] getaddrinfo failed)"))
2026-08-17 21:27:39,955 [WARNING] Requête https://www.sec.gov/Archives/edgar/data/915912/000110465919030539/a19-10247_18k.htm en échec (HTTPSConnectionPool(host='www.sec.gov', port=443): Max retries exceeded with url: /Archives/edgar/data/915912/000110465919030539/a19-10247_18k.htm (Caused by NameResolutionError("HTTPSConnection(host='www.sec.gov', port=443): Failed to resolve 'www.sec.gov' ([Errno 11001] getaddrinfo failed)"))), nouvelle tentative dans 2s.
2026-08-17 21:27:41,960 [WARNING] Requête https://www.sec.gov/Archives/edgar/data/915912/000110465919030539/a19-10247_18k.htm en échec (HTTPSConnectionPool(host='www.sec.gov', port=443): Max retries exceeded with url: /Archives/edgar/data/915912/000110465919030539/a19-10247_18k.htm (Caused by NameResolutionError("HTTPSConnection(host='www.sec.gov', port=443): Failed to resolve 'www.sec.gov' ([Errno 11001] getaddrinfo failed)"))), nouvelle tentative dans 4s.
2026-08-17 21:27:45,964 [WARNING] Requête https://www.sec.gov/Archives/edgar/data/915912/000110465919030539/a19-10247_18k.htm en échec (HTTPSConnectionPool(host='www.sec.gov', port=443): Max retries exceeded with url: /Archives/edgar/data/915912/000110465919030539/a19-10247_18k.htm (Caused by NameResolutionError("HTTPSConnection(host='www.sec.gov', port=443): Failed to resolve 'www.sec.gov' ([Errno 11001] getaddrinfo failed)"))), nouvelle tentative dans 8s.
2026-08-17 21:27:53,968 [ERROR] Échec de la requête https://www.sec.gov/Archives/edgar/data/915912/000110465919030539/a19-10247_18k.htm (4 tentatives) : HTTPSConnectionPool(host='www.sec.gov', port=443): Max retries exceeded with url: /Archives/edgar/data/915912/000110465919030539/a19-10247_18k.htm (Caused by NameResolutionError("HTTPSConnection(host='www.sec.gov', port=443): Failed to resolve 'www.sec.gov' ([Errno 11001] getaddrinfo failed)"))
2026-08-17 21:27:53,968 [ERROR] Échec du téléchargement du filing https://www.sec.gov/Archives/edgar/data/915912/000110465919030539/a19-10247_18k.htm: https://www.sec.gov/Archives/edgar/data/915912/000110465919030539/a19-10247_18k.htm : HTTPSConnectionPool(host='www.sec.gov', port=443): Max retries exceeded with url: /Archives/edgar/data/915912/000110465919030539/a19-10247_18k.htm (Caused by NameResolutionError("HTTPSConnection(host='www.sec.gov', port=443): Failed to resolve 'www.sec.gov' ([Errno 11001] getaddrinfo failed)"))
2026-08-17 21:27:54,094 [WARNING] Requête https://www.sec.gov/Archives/edgar/data/915912/000110465919038642/a19-11742_18k.htm en échec (HTTPSConnectionPool(host='www.sec.gov', port=443): Max retries exceeded with url: /Archives/edgar/data/915912/000110465919038642/a19-11742_18k.htm (Caused by NameResolutionError("HTTPSConnection(host='www.sec.gov', port=443): Failed to resolve 'www.sec.gov' ([Errno 11001] getaddrinfo failed)"))), nouvelle tentative dans 2s.
2026-08-17 21:27:56,099 [WARNING] Requête https://www.sec.gov/Archives/edgar/data/915912/000110465919038642/a19-11742_18k.htm en échec (HTTPSConnectionPool(host='www.sec.gov', port=443): Max retries exceeded with url: /Archives/edgar/data/915912/000110465919038642/a19-11742_18k.htm (Caused by NameResolutionError("HTTPSConnection(host='www.sec.gov', port=443): Failed to resolve 'www.sec.gov' ([Errno 11001] getaddrinfo failed)"))), nouvelle tentative dans 4s.
2026-08-17 21:28:00,103 [WARNING] Requête https://www.sec.gov/Archives/edgar/data/915912/000110465919038642/a19-11742_18k.htm en échec (HTTPSConnectionPool(host='www.sec.gov', port=443): Max retries exceeded with url: /Archives/edgar/data/915912/000110465919038642/a19-11742_18k.htm (Caused by NameResolutionError("HTTPSConnection(host='www.sec.gov', port=443): Failed to resolve 'www.sec.gov' ([Errno 11001] getaddrinfo failed)"))), nouvelle tentative dans 8s.
2026-08-17 21:28:08,108 [ERROR] Échec de la requête https://www.sec.gov/Archives/edgar/data/915912/000110465919038642/a19-11742_18k.htm (4 tentatives) : HTTPSConnectionPool(host='www.sec.gov', port=443): Max retries exceeded with url: /Archives/edgar/data/915912/000110465919038642/a19-11742_18k.htm (Caused by NameResolutionError("HTTPSConnection(host='www.sec.gov', port=443): Failed to resolve 'www.sec.gov' ([Errno 11001] getaddrinfo failed)"))
2026-08-17 21:28:08,108 [ERROR] Échec du téléchargement du filing https://www.sec.gov/Archives/edgar/data/915912/000110465919038642/a19-11742_18k.htm: https://www.sec.gov/Archives/edgar/data/915912/000110465919038642/a19-11742_18k.htm : HTTPSConnectionPool(host='www.sec.gov', port=443): Max retries exceeded with url: /Archives/edgar/data/915912/000110465919038642/a19-11742_18k.htm (Caused by NameResolutionError("HTTPSConnection(host='www.sec.gov', port=443): Failed to resolve 'www.sec.gov' ([Errno 11001] getaddrinfo failed)"))
2026-08-17 21:28:08,232 [WARNING] Requête https://www.sec.gov/Archives/edgar/data/915912/000110465919039949/a19-12682_18k.htm en échec (HTTPSConnectionPool(host='www.sec.gov', port=443): Max retries exceeded with url: /Archives/edgar/data/915912/000110465919039949/a19-12682_18k.htm (Caused by NameResolutionError("HTTPSConnection(host='www.sec.gov', port=443): Failed to resolve 'www.sec.gov' ([Errno 11001] getaddrinfo failed)"))), nouvelle tentative dans 2s.
2026-08-17 21:28:10,236 [WARNING] Requête https://www.sec.gov/Archives/edgar/data/915912/000110465919039949/a19-12682_18k.htm en échec (HTTPSConnectionPool(host='www.sec.gov', port=443): Max retries exceeded with url: /Archives/edgar/data/915912/000110465919039949/a19-12682_18k.htm (Caused by NameResolutionError("HTTPSConnection(host='www.sec.gov', port=443): Failed to resolve 'www.sec.gov' ([Errno 11001] getaddrinfo failed)"))), nouvelle tentative dans 4s.
2026-08-17 21:28:14,240 [WARNING] Requête https://www.sec.gov/Archives/edgar/data/915912/000110465919039949/a19-12682_18k.htm en échec (HTTPSConnectionPool(host='www.sec.gov', port=443): Max retries exceeded with url: /Archives/edgar/data/915912/000110465919039949/a19-12682_18k.htm (Caused by NameResolutionError("HTTPSConnection(host='www.sec.gov', port=443): Failed to resolve 'www.sec.gov' ([Errno 11001] getaddrinfo failed)"))), nouvelle tentative dans 8s.
2026-08-17 21:28:22,246 [ERROR] Échec de la requête https://www.sec.gov/Archives/edgar/data/915912/000110465919039949/a19-12682_18k.htm (4 tentatives) : HTTPSConnectionPool(host='www.sec.gov', port=443): Max retries exceeded with url: /Archives/edgar/data/915912/000110465919039949/a19-12682_18k.htm (Caused by NameResolutionError("HTTPSConnection(host='www.sec.gov', port=443): Failed to resolve 'www.sec.gov' ([Errno 11001] getaddrinfo failed)"))
2026-08-17 21:28:22,247 [ERROR] Échec du téléchargement du filing https://www.sec.gov/Archives/edgar/data/915912/000110465919039949/a19-12682_18k.htm: https://www.sec.gov/Archives/edgar/data/915912/000110465919039949/a19-12682_18k.htm : HTTPSConnectionPool(host='www.sec.gov', port=443): Max retries exceeded with url: /Archives/edgar/data/915912/000110465919039949/a19-12682_18k.htm (Caused by NameResolutionError("HTTPSConnection(host='www.sec.gov', port=443): Failed to resolve 'www.sec.gov' ([Errno 11001] getaddrinfo failed)"))
2026-08-17 21:28:22,370 [WARNING] Requête https://www.sec.gov/Archives/edgar/data/915912/000091591219000016/q22019earningsrelease8-k.htm en échec (HTTPSConnectionPool(host='www.sec.gov', port=443): Max retries exceeded with url: /Archives/edgar/data/915912/000091591219000016/q22019earningsrelease8-k.htm (Caused by NameResolutionError("HTTPSConnection(host='www.sec.gov', port=443): Failed to resolve 'www.sec.gov' ([Errno 11001] getaddrinfo failed)"))), nouvelle tentative dans 2s.
2026-08-17 21:28:24,374 [WARNING] Requête https://www.sec.gov/Archives/edgar/data/915912/000091591219000016/q22019earningsrelease8-k.htm en échec (HTTPSConnectionPool(host='www.sec.gov', port=443): Max retries exceeded with url: /Archives/edgar/data/915912/000091591219000016/q22019earningsrelease8-k.htm (Caused by NameResolutionError("HTTPSConnection(host='www.sec.gov', port=443): Failed to resolve 'www.sec.gov' ([Errno 11001] getaddrinfo failed)"))), nouvelle tentative dans 4s.
2026-08-17 21:28:28,379 [WARNING] Requête https://www.sec.gov/Archives/edgar/data/915912/000091591219000016/q22019earningsrelease8-k.htm en échec (HTTPSConnectionPool(host='www.sec.gov', port=443): Max retries exceeded with url: /Archives/edgar/data/915912/000091591219000016/q22019earningsrelease8-k.htm (Caused by NameResolutionError("HTTPSConnection(host='www.sec.gov', port=443): Failed to resolve 'www.sec.gov' ([Errno 11001] getaddrinfo failed)"))), nouvelle tentative dans 8s.
2026-08-17 21:28:36,383 [ERROR] Échec de la requête https://www.sec.gov/Archives/edgar/data/915912/000091591219000016/q22019earningsrelease8-k.htm (4 tentatives) : HTTPSConnectionPool(host='www.sec.gov', port=443): Max retries exceeded with url: /Archives/edgar/data/915912/000091591219000016/q22019earningsrelease8-k.htm (Caused by NameResolutionError("HTTPSConnection(host='www.sec.gov', port=443): Failed to resolve 'www.sec.gov' ([Errno 11001] getaddrinfo failed)"))
2026-08-17 21:28:36,383 [ERROR] Échec du téléchargement du filing https://www.sec.gov/Archives/edgar/data/915912/000091591219000016/q22019earningsrelease8-k.htm: https://www.sec.gov/Archives/edgar/data/915912/000091591219000016/q22019earningsrelease8-k.htm : HTTPSConnectionPool(host='www.sec.gov', port=443): Max retries exceeded with url: /Archives/edgar/data/915912/000091591219000016/q22019earningsrelease8-k.htm (Caused by NameResolutionError("HTTPSConnection(host='www.sec.gov', port=443): Failed to resolve 'www.sec.gov' ([Errno 11001] getaddrinfo failed)"))
2026-08-17 21:28:36,508 [WARNING] Requête https://www.sec.gov/Archives/edgar/data/915912/000091591219000020/q32019earningsrelease8.htm en échec (HTTPSConnectionPool(host='www.sec.gov', port=443): Max retries exceeded with url: /Archives/edgar/data/915912/000091591219000020/q32019earningsrelease8.htm (Caused by NameResolutionError("HTTPSConnection(host='www.sec.gov', port=443): Failed to resolve 'www.sec.gov' ([Errno 11001] getaddrinfo failed)"))), nouvelle tentative dans 2s.
2026-08-17 21:28:38,514 [WARNING] Requête https://www.sec.gov/Archives/edgar/data/915912/000091591219000020/q32019earningsrelease8.htm en échec (HTTPSConnectionPool(host='www.sec.gov', port=443): Max retries exceeded with url: /Archives/edgar/data/915912/000091591219000020/q32019earningsrelease8.htm (Caused by NameResolutionError("HTTPSConnection(host='www.sec.gov', port=443): Failed to resolve 'www.sec.gov' ([Errno 11001] getaddrinfo failed)"))), nouvelle tentative dans 4s.
2026-08-17 21:28:42,518 [WARNING] Requête https://www.sec.gov/Archives/edgar/data/915912/000091591219000020/q32019earningsrelease8.htm en échec (HTTPSConnectionPool(host='www.sec.gov', port=443): Max retries exceeded with url: /Archives/edgar/data/915912/000091591219000020/q32019earningsrelease8.htm (Caused by NameResolutionError("HTTPSConnection(host='www.sec.gov', port=443): Failed to resolve 'www.sec.gov' ([Errno 11001] getaddrinfo failed)"))), nouvelle tentative dans 8s.
2026-08-17 21:28:50,522 [ERROR] Échec de la requête https://www.sec.gov/Archives/edgar/data/915912/000091591219000020/q32019earningsrelease8.htm (4 tentatives) : HTTPSConnectionPool(host='www.sec.gov', port=443): Max retries exceeded with url: /Archives/edgar/data/915912/000091591219000020/q32019earningsrelease8.htm (Caused by NameResolutionError("HTTPSConnection(host='www.sec.gov', port=443): Failed to resolve 'www.sec.gov' ([Errno 11001] getaddrinfo failed)"))
2026-08-17 21:28:50,523 [ERROR] Échec du téléchargement du filing https://www.sec.gov/Archives/edgar/data/915912/000091591219000020/q32019earningsrelease8.htm: https://www.sec.gov/Archives/edgar/data/915912/000091591219000020/q32019earningsrelease8.htm : HTTPSConnectionPool(host='www.sec.gov', port=443): Max retries exceeded with url: /Archives/edgar/data/915912/000091591219000020/q32019earningsrelease8.htm (Caused by NameResolutionError("HTTPSConnection(host='www.sec.gov', port=443): Failed to resolve 'www.sec.gov' ([Errno 11001] getaddrinfo failed)"))
2026-08-17 21:28:50,648 [WARNING] Requête https://www.sec.gov/Archives/edgar/data/915912/000110465919073616/tm1925213-1_8k.htm en échec (HTTPSConnectionPool(host='www.sec.gov', port=443): Max retries exceeded with url: /Archives/edgar/data/915912/000110465919073616/tm1925213-1_8k.htm (Caused by NameResolutionError("HTTPSConnection(host='www.sec.gov', port=443): Failed to resolve 'www.sec.gov' ([Errno 11001] getaddrinfo failed)"))), nouvelle tentative dans 2s.
2026-08-17 21:28:52,653 [WARNING] Requête https://www.sec.gov/Archives/edgar/data/915912/000110465919073616/tm1925213-1_8k.htm en échec (HTTPSConnectionPool(host='www.sec.gov', port=443): Max retries exceeded with url: /Archives/edgar/data/915912/000110465919073616/tm1925213-1_8k.htm (Caused by NameResolutionError("HTTPSConnection(host='www.sec.gov', port=443): Failed to resolve 'www.sec.gov' ([Errno 11001] getaddrinfo failed)"))), nouvelle tentative dans 4s.
2026-08-17 21:28:56,657 [WARNING] Requête https://www.sec.gov/Archives/edgar/data/915912/000110465919073616/tm1925213-1_8k.htm en échec (HTTPSConnectionPool(host='www.sec.gov', port=443): Max retries exceeded with url: /Archives/edgar/data/915912/000110465919073616/tm1925213-1_8k.htm (Caused by NameResolutionError("HTTPSConnection(host='www.sec.gov', port=443): Failed to resolve 'www.sec.gov' ([Errno 11001] getaddrinfo failed)"))), nouvelle tentative dans 8s.
2026-08-17 21:29:04,662 [ERROR] Échec de la requête https://www.sec.gov/Archives/edgar/data/915912/000110465919073616/tm1925213-1_8k.htm (4 tentatives) : HTTPSConnectionPool(host='www.sec.gov', port=443): Max retries exceeded with url: /Archives/edgar/data/915912/000110465919073616/tm1925213-1_8k.htm (Caused by NameResolutionError("HTTPSConnection(host='www.sec.gov', port=443): Failed to resolve 'www.sec.gov' ([Errno 11001] getaddrinfo failed)"))
2026-08-17 21:29:04,662 [ERROR] Échec du téléchargement du filing https://www.sec.gov/Archives/edgar/data/915912/000110465919073616/tm1925213-1_8k.htm: https://www.sec.gov/Archives/edgar/data/915912/000110465919073616/tm1925213-1_8k.htm : HTTPSConnectionPool(host='www.sec.gov', port=443): Max retries exceeded with url: /Archives/edgar/data/915912/000110465919073616/tm1925213-1_8k.htm (Caused by NameResolutionError("HTTPSConnection(host='www.sec.gov', port=443): Failed to resolve 'www.sec.gov' ([Errno 11001] getaddrinfo failed)"))
2026-08-17 21:29:04,787 [WARNING] Requête https://www.sec.gov/Archives/edgar/data/915912/000091591220000002/q42019earningsrelease8.htm en échec (HTTPSConnectionPool(host='www.sec.gov', port=443): Max retries exceeded with url: /Archives/edgar/data/915912/000091591220000002/q42019earningsrelease8.htm (Caused by NameResolutionError("HTTPSConnection(host='www.sec.gov', port=443): Failed to resolve 'www.sec.gov' ([Errno 11001] getaddrinfo failed)"))), nouvelle tentative dans 2s.
2026-08-17 21:29:06,792 [WARNING] Requête https://www.sec.gov/Archives/edgar/data/915912/000091591220000002/q42019earningsrelease8.htm en échec (HTTPSConnectionPool(host='www.sec.gov', port=443): Max retries exceeded with url: /Archives/edgar/data/915912/000091591220000002/q42019earningsrelease8.htm (Caused by NameResolutionError("HTTPSConnection(host='www.sec.gov', port=443): Failed to resolve 'www.sec.gov' ([Errno 11001] getaddrinfo failed)"))), nouvelle tentative dans 4s.
2026-08-17 21:29:10,796 [WARNING] Requête https://www.sec.gov/Archives/edgar/data/915912/000091591220000002/q42019earningsrelease8.htm en échec (HTTPSConnectionPool(host='www.sec.gov', port=443): Max retries exceeded with url: /Archives/edgar/data/915912/000091591220000002/q42019earningsrelease8.htm (Caused by NameResolutionError("HTTPSConnection(host='www.sec.gov', port=443): Failed to resolve 'www.sec.gov' ([Errno 11001] getaddrinfo failed)"))), nouvelle tentative dans 8s.
2026-08-17 21:29:18,801 [ERROR] Échec de la requête https://www.sec.gov/Archives/edgar/data/915912/000091591220000002/q42019earningsrelease8.htm (4 tentatives) : HTTPSConnectionPool(host='www.sec.gov', port=443): Max retries exceeded with url: /Archives/edgar/data/915912/000091591220000002/q42019earningsrelease8.htm (Caused by NameResolutionError("HTTPSConnection(host='www.sec.gov', port=443): Failed to resolve 'www.sec.gov' ([Errno 11001] getaddrinfo failed)"))
2026-08-17 21:29:18,801 [ERROR] Échec du téléchargement du filing https://www.sec.gov/Archives/edgar/data/915912/000091591220000002/q42019earningsrelease8.htm: https://www.sec.gov/Archives/edgar/data/915912/000091591220000002/q42019earningsrelease8.htm : HTTPSConnectionPool(host='www.sec.gov', port=443): Max retries exceeded with url: /Archives/edgar/data/915912/000091591220000002/q42019earningsrelease8.htm (Caused by NameResolutionError("HTTPSConnection(host='www.sec.gov', port=443): Failed to resolve 'www.sec.gov' ([Errno 11001] getaddrinfo failed)"))
2026-08-17 21:29:18,926 [WARNING] Requête https://www.sec.gov/Archives/edgar/data/915912/000110465920024529/tm207258d1_8k.htm en échec (HTTPSConnectionPool(host='www.sec.gov', port=443): Max retries exceeded with url: /Archives/edgar/data/915912/000110465920024529/tm207258d1_8k.htm (Caused by NameResolutionError("HTTPSConnection(host='www.sec.gov', port=443): Failed to resolve 'www.sec.gov' ([Errno 11001] getaddrinfo failed)"))), nouvelle tentative dans 2s.
2026-08-17 21:29:20,931 [WARNING] Requête https://www.sec.gov/Archives/edgar/data/915912/000110465920024529/tm207258d1_8k.htm en échec (HTTPSConnectionPool(host='www.sec.gov', port=443): Max retries exceeded with url: /Archives/edgar/data/915912/000110465920024529/tm207258d1_8k.htm (Caused by NameResolutionError("HTTPSConnection(host='www.sec.gov', port=443): Failed to resolve 'www.sec.gov' ([Errno 11001] getaddrinfo failed)"))), nouvelle tentative dans 4s.
2026-08-17 21:29:24,935 [WARNING] Requête https://www.sec.gov/Archives/edgar/data/915912/000110465920024529/tm207258d1_8k.htm en échec (HTTPSConnectionPool(host='www.sec.gov', port=443): Max retries exceeded with url: /Archives/edgar/data/915912/000110465920024529/tm207258d1_8k.htm (Caused by NameResolutionError("HTTPSConnection(host='www.sec.gov', port=443): Failed to resolve 'www.sec.gov' ([Errno 11001] getaddrinfo failed)"))), nouvelle tentative dans 8s.
2026-08-17 21:29:32,939 [ERROR] Échec de la requête https://www.sec.gov/Archives/edgar/data/915912/000110465920024529/tm207258d1_8k.htm (4 tentatives) : HTTPSConnectionPool(host='www.sec.gov', port=443): Max retries exceeded with url: /Archives/edgar/data/915912/000110465920024529/tm207258d1_8k.htm (Caused by NameResolutionError("HTTPSConnection(host='www.sec.gov', port=443): Failed to resolve 'www.sec.gov' ([Errno 11001] getaddrinfo failed)"))
2026-08-17 21:29:32,939 [ERROR] Échec du téléchargement du filing https://www.sec.gov/Archives/edgar/data/915912/000110465920024529/tm207258d1_8k.htm: https://www.sec.gov/Archives/edgar/data/915912/000110465920024529/tm207258d1_8k.htm : HTTPSConnectionPool(host='www.sec.gov', port=443): Max retries exceeded with url: /Archives/edgar/data/915912/000110465920024529/tm207258d1_8k.htm (Caused by NameResolutionError("HTTPSConnection(host='www.sec.gov', port=443): Failed to resolve 'www.sec.gov' ([Errno 11001] getaddrinfo failed)"))
2026-08-17 21:29:33,067 [WARNING] Requête https://www.sec.gov/Archives/edgar/data/915912/000091591220000014/q12020earningsrelease8.htm en échec (HTTPSConnectionPool(host='www.sec.gov', port=443): Max retries exceeded with url: /Archives/edgar/data/915912/000091591220000014/q12020earningsrelease8.htm (Caused by NameResolutionError("HTTPSConnection(host='www.sec.gov', port=443): Failed to resolve 'www.sec.gov' ([Errno 11001] getaddrinfo failed)"))), nouvelle tentative dans 2s.
2026-08-17 21:29:35,071 [WARNING] Requête https://www.sec.gov/Archives/edgar/data/915912/000091591220000014/q12020earningsrelease8.htm en échec (HTTPSConnectionPool(host='www.sec.gov', port=443): Max retries exceeded with url: /Archives/edgar/data/915912/000091591220000014/q12020earningsrelease8.htm (Caused by NameResolutionError("HTTPSConnection(host='www.sec.gov', port=443): Failed to resolve 'www.sec.gov' ([Errno 11001] getaddrinfo failed)"))), nouvelle tentative dans 4s.
2026-08-17 21:29:39,076 [WARNING] Requête https://www.sec.gov/Archives/edgar/data/915912/000091591220000014/q12020earningsrelease8.htm en échec (HTTPSConnectionPool(host='www.sec.gov', port=443): Max retries exceeded with url: /Archives/edgar/data/915912/000091591220000014/q12020earningsrelease8.htm (Caused by NameResolutionError("HTTPSConnection(host='www.sec.gov', port=443): Failed to resolve 'www.sec.gov' ([Errno 11001] getaddrinfo failed)"))), nouvelle tentative dans 8s.
2026-08-17 21:29:47,080 [ERROR] Échec de la requête https://www.sec.gov/Archives/edgar/data/915912/000091591220000014/q12020earningsrelease8.htm (4 tentatives) : HTTPSConnectionPool(host='www.sec.gov', port=443): Max retries exceeded with url: /Archives/edgar/data/915912/000091591220000014/q12020earningsrelease8.htm (Caused by NameResolutionError("HTTPSConnection(host='www.sec.gov', port=443): Failed to resolve 'www.sec.gov' ([Errno 11001] getaddrinfo failed)"))
2026-08-17 21:29:47,080 [ERROR] Échec du téléchargement du filing https://www.sec.gov/Archives/edgar/data/915912/000091591220000014/q12020earningsrelease8.htm: https://www.sec.gov/Archives/edgar/data/915912/000091591220000014/q12020earningsrelease8.htm : HTTPSConnectionPool(host='www.sec.gov', port=443): Max retries exceeded with url: /Archives/edgar/data/915912/000091591220000014/q12020earningsrelease8.htm (Caused by NameResolutionError("HTTPSConnection(host='www.sec.gov', port=443): Failed to resolve 'www.sec.gov' ([Errno 11001] getaddrinfo failed)"))
2026-08-17 21:29:47,206 [WARNING] Requête https://www.sec.gov/Archives/edgar/data/915912/000110465920062596/tm2019667-1_8k.htm en échec (HTTPSConnectionPool(host='www.sec.gov', port=443): Max retries exceeded with url: /Archives/edgar/data/915912/000110465920062596/tm2019667-1_8k.htm (Caused by NameResolutionError("HTTPSConnection(host='www.sec.gov', port=443): Failed to resolve 'www.sec.gov' ([Errno 11001] getaddrinfo failed)"))), nouvelle tentative dans 2s.
2026-08-17 21:29:49,211 [WARNING] Requête https://www.sec.gov/Archives/edgar/data/915912/000110465920062596/tm2019667-1_8k.htm en échec (HTTPSConnectionPool(host='www.sec.gov', port=443): Max retries exceeded with url: /Archives/edgar/data/915912/000110465920062596/tm2019667-1_8k.htm (Caused by NameResolutionError("HTTPSConnection(host='www.sec.gov', port=443): Failed to resolve 'www.sec.gov' ([Errno 11001] getaddrinfo failed)"))), nouvelle tentative dans 4s.
2026-08-17 21:29:53,215 [WARNING] Requête https://www.sec.gov/Archives/edgar/data/915912/000110465920062596/tm2019667-1_8k.htm en échec (HTTPSConnectionPool(host='www.sec.gov', port=443): Max retries exceeded with url: /Archives/edgar/data/915912/000110465920062596/tm2019667-1_8k.htm (Caused by NameResolutionError("HTTPSConnection(host='www.sec.gov', port=443): Failed to resolve 'www.sec.gov' ([Errno 11001] getaddrinfo failed)"))), nouvelle tentative dans 8s.
2026-08-17 21:30:01,219 [ERROR] Échec de la requête https://www.sec.gov/Archives/edgar/data/915912/000110465920062596/tm2019667-1_8k.htm (4 tentatives) : HTTPSConnectionPool(host='www.sec.gov', port=443): Max retries exceeded with url: /Archives/edgar/data/915912/000110465920062596/tm2019667-1_8k.htm (Caused by NameResolutionError("HTTPSConnection(host='www.sec.gov', port=443): Failed to resolve 'www.sec.gov' ([Errno 11001] getaddrinfo failed)"))
2026-08-17 21:30:01,220 [ERROR] Échec du téléchargement du filing https://www.sec.gov/Archives/edgar/data/915912/000110465920062596/tm2019667-1_8k.htm: https://www.sec.gov/Archives/edgar/data/915912/000110465920062596/tm2019667-1_8k.htm : HTTPSConnectionPool(host='www.sec.gov', port=443): Max retries exceeded with url: /Archives/edgar/data/915912/000110465920062596/tm2019667-1_8k.htm (Caused by NameResolutionError("HTTPSConnection(host='www.sec.gov', port=443): Failed to resolve 'www.sec.gov' ([Errno 11001] getaddrinfo failed)"))
2026-08-17 21:30:01,346 [WARNING] Requête https://www.sec.gov/Archives/edgar/data/915912/000110465920065234/tm2018319-3_8k.htm en échec (HTTPSConnectionPool(host='www.sec.gov', port=443): Max retries exceeded with url: /Archives/edgar/data/915912/000110465920065234/tm2018319-3_8k.htm (Caused by NameResolutionError("HTTPSConnection(host='www.sec.gov', port=443): Failed to resolve 'www.sec.gov' ([Errno 11001] getaddrinfo failed)"))), nouvelle tentative dans 2s.
2026-08-17 21:30:03,352 [WARNING] Requête https://www.sec.gov/Archives/edgar/data/915912/000110465920065234/tm2018319-3_8k.htm en échec (HTTPSConnectionPool(host='www.sec.gov', port=443): Max retries exceeded with url: /Archives/edgar/data/915912/000110465920065234/tm2018319-3_8k.htm (Caused by NameResolutionError("HTTPSConnection(host='www.sec.gov', port=443): Failed to resolve 'www.sec.gov' ([Errno 11001] getaddrinfo failed)"))), nouvelle tentative dans 4s.
2026-08-17 21:30:07,356 [WARNING] Requête https://www.sec.gov/Archives/edgar/data/915912/000110465920065234/tm2018319-3_8k.htm en échec (HTTPSConnectionPool(host='www.sec.gov', port=443): Max retries exceeded with url: /Archives/edgar/data/915912/000110465920065234/tm2018319-3_8k.htm (Caused by NameResolutionError("HTTPSConnection(host='www.sec.gov', port=443): Failed to resolve 'www.sec.gov' ([Errno 11001] getaddrinfo failed)"))), nouvelle tentative dans 8s.
2026-08-17 21:30:15,362 [ERROR] Échec de la requête https://www.sec.gov/Archives/edgar/data/915912/000110465920065234/tm2018319-3_8k.htm (4 tentatives) : HTTPSConnectionPool(host='www.sec.gov', port=443): Max retries exceeded with url: /Archives/edgar/data/915912/000110465920065234/tm2018319-3_8k.htm (Caused by NameResolutionError("HTTPSConnection(host='www.sec.gov', port=443): Failed to resolve 'www.sec.gov' ([Errno 11001] getaddrinfo failed)"))
2026-08-17 21:30:15,362 [ERROR] Échec du téléchargement du filing https://www.sec.gov/Archives/edgar/data/915912/000110465920065234/tm2018319-3_8k.htm: https://www.sec.gov/Archives/edgar/data/915912/000110465920065234/tm2018319-3_8k.htm : HTTPSConnectionPool(host='www.sec.gov', port=443): Max retries exceeded with url: /Archives/edgar/data/915912/000110465920065234/tm2018319-3_8k.htm (Caused by NameResolutionError("HTTPSConnection(host='www.sec.gov', port=443): Failed to resolve 'www.sec.gov' ([Errno 11001] getaddrinfo failed)"))
2026-08-17 21:30:15,486 [WARNING] Requête https://www.sec.gov/Archives/edgar/data/915912/000091591220000020/q22020earningsrelease8.htm en échec (HTTPSConnectionPool(host='www.sec.gov', port=443): Max retries exceeded with url: /Archives/edgar/data/915912/000091591220000020/q22020earningsrelease8.htm (Caused by NameResolutionError("HTTPSConnection(host='www.sec.gov', port=443): Failed to resolve 'www.sec.gov' ([Errno 11001] getaddrinfo failed)"))), nouvelle tentative dans 2s.
2026-08-17 21:30:17,492 [WARNING] Requête https://www.sec.gov/Archives/edgar/data/915912/000091591220000020/q22020earningsrelease8.htm en échec (HTTPSConnectionPool(host='www.sec.gov', port=443): Max retries exceeded with url: /Archives/edgar/data/915912/000091591220000020/q22020earningsrelease8.htm (Caused by NameResolutionError("HTTPSConnection(host='www.sec.gov', port=443): Failed to resolve 'www.sec.gov' ([Errno 11001] getaddrinfo failed)"))), nouvelle tentative dans 4s.
2026-08-17 21:30:21,496 [WARNING] Requête https://www.sec.gov/Archives/edgar/data/915912/000091591220000020/q22020earningsrelease8.htm en échec (HTTPSConnectionPool(host='www.sec.gov', port=443): Max retries exceeded with url: /Archives/edgar/data/915912/000091591220000020/q22020earningsrelease8.htm (Caused by NameResolutionError("HTTPSConnection(host='www.sec.gov', port=443): Failed to resolve 'www.sec.gov' ([Errno 11001] getaddrinfo failed)"))), nouvelle tentative dans 8s.
2026-08-17 21:30:29,500 [ERROR] Échec de la requête https://www.sec.gov/Archives/edgar/data/915912/000091591220000020/q22020earningsrelease8.htm (4 tentatives) : HTTPSConnectionPool(host='www.sec.gov', port=443): Max retries exceeded with url: /Archives/edgar/data/915912/000091591220000020/q22020earningsrelease8.htm (Caused by NameResolutionError("HTTPSConnection(host='www.sec.gov', port=443): Failed to resolve 'www.sec.gov' ([Errno 11001] getaddrinfo failed)"))
2026-08-17 21:30:29,501 [ERROR] Échec du téléchargement du filing https://www.sec.gov/Archives/edgar/data/915912/000091591220000020/q22020earningsrelease8.htm: https://www.sec.gov/Archives/edgar/data/915912/000091591220000020/q22020earningsrelease8.htm : HTTPSConnectionPool(host='www.sec.gov', port=443): Max retries exceeded with url: /Archives/edgar/data/915912/000091591220000020/q22020earningsrelease8.htm (Caused by NameResolutionError("HTTPSConnection(host='www.sec.gov', port=443): Failed to resolve 'www.sec.gov' ([Errno 11001] getaddrinfo failed)"))
2026-08-17 21:30:29,626 [WARNING] Requête https://www.sec.gov/Archives/edgar/data/915912/000091591220000024/avb-20201028.htm en échec (HTTPSConnectionPool(host='www.sec.gov', port=443): Max retries exceeded with url: /Archives/edgar/data/915912/000091591220000024/avb-20201028.htm (Caused by NameResolutionError("HTTPSConnection(host='www.sec.gov', port=443): Failed to resolve 'www.sec.gov' ([Errno 11001] getaddrinfo failed)"))), nouvelle tentative dans 2s.
2026-08-17 21:30:31,630 [WARNING] Requête https://www.sec.gov/Archives/edgar/data/915912/000091591220000024/avb-20201028.htm en échec (HTTPSConnectionPool(host='www.sec.gov', port=443): Max retries exceeded with url: /Archives/edgar/data/915912/000091591220000024/avb-20201028.htm (Caused by NameResolutionError("HTTPSConnection(host='www.sec.gov', port=443): Failed to resolve 'www.sec.gov' ([Errno 11001] getaddrinfo failed)"))), nouvelle tentative dans 4s.
2026-08-17 21:30:35,634 [WARNING] Requête https://www.sec.gov/Archives/edgar/data/915912/000091591220000024/avb-20201028.htm en échec (HTTPSConnectionPool(host='www.sec.gov', port=443): Max retries exceeded with url: /Archives/edgar/data/915912/000091591220000024/avb-20201028.htm (Caused by NameResolutionError("HTTPSConnection(host='www.sec.gov', port=443): Failed to resolve 'www.sec.gov' ([Errno 11001] getaddrinfo failed)"))), nouvelle tentative dans 8s.
2026-08-17 21:30:43,638 [ERROR] Échec de la requête https://www.sec.gov/Archives/edgar/data/915912/000091591220000024/avb-20201028.htm (4 tentatives) : HTTPSConnectionPool(host='www.sec.gov', port=443): Max retries exceeded with url: /Archives/edgar/data/915912/000091591220000024/avb-20201028.htm (Caused by NameResolutionError("HTTPSConnection(host='www.sec.gov', port=443): Failed to resolve 'www.sec.gov' ([Errno 11001] getaddrinfo failed)"))
2026-08-17 21:30:43,638 [ERROR] Échec du téléchargement du filing https://www.sec.gov/Archives/edgar/data/915912/000091591220000024/avb-20201028.htm: https://www.sec.gov/Archives/edgar/data/915912/000091591220000024/avb-20201028.htm : HTTPSConnectionPool(host='www.sec.gov', port=443): Max retries exceeded with url: /Archives/edgar/data/915912/000091591220000024/avb-20201028.htm (Caused by NameResolutionError("HTTPSConnection(host='www.sec.gov', port=443): Failed to resolve 'www.sec.gov' ([Errno 11001] getaddrinfo failed)"))
2026-08-17 21:30:43,763 [WARNING] Requête https://www.sec.gov/Archives/edgar/data/915912/000110465920134210/tm2037654d1_8k.htm en échec (HTTPSConnectionPool(host='www.sec.gov', port=443): Max retries exceeded with url: /Archives/edgar/data/915912/000110465920134210/tm2037654d1_8k.htm (Caused by NameResolutionError("HTTPSConnection(host='www.sec.gov', port=443): Failed to resolve 'www.sec.gov' ([Errno 11001] getaddrinfo failed)"))), nouvelle tentative dans 2s.
2026-08-17 21:30:45,767 [WARNING] Requête https://www.sec.gov/Archives/edgar/data/915912/000110465920134210/tm2037654d1_8k.htm en échec (HTTPSConnectionPool(host='www.sec.gov', port=443): Max retries exceeded with url: /Archives/edgar/data/915912/000110465920134210/tm2037654d1_8k.htm (Caused by NameResolutionError("HTTPSConnection(host='www.sec.gov', port=443): Failed to resolve 'www.sec.gov' ([Errno 11001] getaddrinfo failed)"))), nouvelle tentative dans 4s.
2026-08-17 21:30:49,771 [WARNING] Requête https://www.sec.gov/Archives/edgar/data/915912/000110465920134210/tm2037654d1_8k.htm en échec (HTTPSConnectionPool(host='www.sec.gov', port=443): Max retries exceeded with url: /Archives/edgar/data/915912/000110465920134210/tm2037654d1_8k.htm (Caused by NameResolutionError("HTTPSConnection(host='www.sec.gov', port=443): Failed to resolve 'www.sec.gov' ([Errno 11001] getaddrinfo failed)"))), nouvelle tentative dans 8s.
2026-08-17 21:30:57,776 [ERROR] Échec de la requête https://www.sec.gov/Archives/edgar/data/915912/000110465920134210/tm2037654d1_8k.htm (4 tentatives) : HTTPSConnectionPool(host='www.sec.gov', port=443): Max retries exceeded with url: /Archives/edgar/data/915912/000110465920134210/tm2037654d1_8k.htm (Caused by NameResolutionError("HTTPSConnection(host='www.sec.gov', port=443): Failed to resolve 'www.sec.gov' ([Errno 11001] getaddrinfo failed)"))
2026-08-17 21:30:57,776 [ERROR] Échec du téléchargement du filing https://www.sec.gov/Archives/edgar/data/915912/000110465920134210/tm2037654d1_8k.htm: https://www.sec.gov/Archives/edgar/data/915912/000110465920134210/tm2037654d1_8k.htm : HTTPSConnectionPool(host='www.sec.gov', port=443): Max retries exceeded with url: /Archives/edgar/data/915912/000110465920134210/tm2037654d1_8k.htm (Caused by NameResolutionError("HTTPSConnection(host='www.sec.gov', port=443): Failed to resolve 'www.sec.gov' ([Errno 11001] getaddrinfo failed)"))
2026-08-17 21:30:57,901 [WARNING] Requête https://www.sec.gov/Archives/edgar/data/915912/000091591221000002/avb-20210203.htm en échec (HTTPSConnectionPool(host='www.sec.gov', port=443): Max retries exceeded with url: /Archives/edgar/data/915912/000091591221000002/avb-20210203.htm (Caused by NameResolutionError("HTTPSConnection(host='www.sec.gov', port=443): Failed to resolve 'www.sec.gov' ([Errno 11001] getaddrinfo failed)"))), nouvelle tentative dans 2s.
2026-08-17 21:30:59,905 [WARNING] Requête https://www.sec.gov/Archives/edgar/data/915912/000091591221000002/avb-20210203.htm en échec (HTTPSConnectionPool(host='www.sec.gov', port=443): Max retries exceeded with url: /Archives/edgar/data/915912/000091591221000002/avb-20210203.htm (Caused by NameResolutionError("HTTPSConnection(host='www.sec.gov', port=443): Failed to resolve 'www.sec.gov' ([Errno 11001] getaddrinfo failed)"))), nouvelle tentative dans 4s.
2026-08-17 21:31:03,910 [WARNING] Requête https://www.sec.gov/Archives/edgar/data/915912/000091591221000002/avb-20210203.htm en échec (HTTPSConnectionPool(host='www.sec.gov', port=443): Max retries exceeded with url: /Archives/edgar/data/915912/000091591221000002/avb-20210203.htm (Caused by NameResolutionError("HTTPSConnection(host='www.sec.gov', port=443): Failed to resolve 'www.sec.gov' ([Errno 11001] getaddrinfo failed)"))), nouvelle tentative dans 8s.
2026-08-17 21:31:11,914 [ERROR] Échec de la requête https://www.sec.gov/Archives/edgar/data/915912/000091591221000002/avb-20210203.htm (4 tentatives) : HTTPSConnectionPool(host='www.sec.gov', port=443): Max retries exceeded with url: /Archives/edgar/data/915912/000091591221000002/avb-20210203.htm (Caused by NameResolutionError("HTTPSConnection(host='www.sec.gov', port=443): Failed to resolve 'www.sec.gov' ([Errno 11001] getaddrinfo failed)"))
2026-08-17 21:31:11,914 [ERROR] Échec du téléchargement du filing https://www.sec.gov/Archives/edgar/data/915912/000091591221000002/avb-20210203.htm: https://www.sec.gov/Archives/edgar/data/915912/000091591221000002/avb-20210203.htm : HTTPSConnectionPool(host='www.sec.gov', port=443): Max retries exceeded with url: /Archives/edgar/data/915912/000091591221000002/avb-20210203.htm (Caused by NameResolutionError("HTTPSConnection(host='www.sec.gov', port=443): Failed to resolve 'www.sec.gov' ([Errno 11001] getaddrinfo failed)"))
2026-08-17 21:31:12,040 [WARNING] Requête https://www.sec.gov/Archives/edgar/data/915912/000110465921029172/tm217850d1_8k.htm en échec (HTTPSConnectionPool(host='www.sec.gov', port=443): Max retries exceeded with url: /Archives/edgar/data/915912/000110465921029172/tm217850d1_8k.htm (Caused by NameResolutionError("HTTPSConnection(host='www.sec.gov', port=443): Failed to resolve 'www.sec.gov' ([Errno 11001] getaddrinfo failed)"))), nouvelle tentative dans 2s.
2026-08-17 21:31:14,044 [WARNING] Requête https://www.sec.gov/Archives/edgar/data/915912/000110465921029172/tm217850d1_8k.htm en échec (HTTPSConnectionPool(host='www.sec.gov', port=443): Max retries exceeded with url: /Archives/edgar/data/915912/000110465921029172/tm217850d1_8k.htm (Caused by NameResolutionError("HTTPSConnection(host='www.sec.gov', port=443): Failed to resolve 'www.sec.gov' ([Errno 11001] getaddrinfo failed)"))), nouvelle tentative dans 4s.
2026-08-17 21:31:18,048 [WARNING] Requête https://www.sec.gov/Archives/edgar/data/915912/000110465921029172/tm217850d1_8k.htm en échec (HTTPSConnectionPool(host='www.sec.gov', port=443): Max retries exceeded with url: /Archives/edgar/data/915912/000110465921029172/tm217850d1_8k.htm (Caused by NameResolutionError("HTTPSConnection(host='www.sec.gov', port=443): Failed to resolve 'www.sec.gov' ([Errno 11001] getaddrinfo failed)"))), nouvelle tentative dans 8s.
2026-08-17 21:31:26,056 [ERROR] Échec de la requête https://www.sec.gov/Archives/edgar/data/915912/000110465921029172/tm217850d1_8k.htm (4 tentatives) : HTTPSConnectionPool(host='www.sec.gov', port=443): Max retries exceeded with url: /Archives/edgar/data/915912/000110465921029172/tm217850d1_8k.htm (Caused by NameResolutionError("HTTPSConnection(host='www.sec.gov', port=443): Failed to resolve 'www.sec.gov' ([Errno 11001] getaddrinfo failed)"))
2026-08-17 21:31:26,057 [ERROR] Échec du téléchargement du filing https://www.sec.gov/Archives/edgar/data/915912/000110465921029172/tm217850d1_8k.htm: https://www.sec.gov/Archives/edgar/data/915912/000110465921029172/tm217850d1_8k.htm : HTTPSConnectionPool(host='www.sec.gov', port=443): Max retries exceeded with url: /Archives/edgar/data/915912/000110465921029172/tm217850d1_8k.htm (Caused by NameResolutionError("HTTPSConnection(host='www.sec.gov', port=443): Failed to resolve 'www.sec.gov' ([Errno 11001] getaddrinfo failed)"))
2026-08-17 21:31:26,177 [WARNING] Requête https://www.sec.gov/Archives/edgar/data/915912/000091591221000013/avb-20210428.htm en échec (HTTPSConnectionPool(host='www.sec.gov', port=443): Max retries exceeded with url: /Archives/edgar/data/915912/000091591221000013/avb-20210428.htm (Caused by NameResolutionError("HTTPSConnection(host='www.sec.gov', port=443): Failed to resolve 'www.sec.gov' ([Errno 11001] getaddrinfo failed)"))), nouvelle tentative dans 2s.
2026-08-17 21:31:28,181 [WARNING] Requête https://www.sec.gov/Archives/edgar/data/915912/000091591221000013/avb-20210428.htm en échec (HTTPSConnectionPool(host='www.sec.gov', port=443): Max retries exceeded with url: /Archives/edgar/data/915912/000091591221000013/avb-20210428.htm (Caused by NameResolutionError("HTTPSConnection(host='www.sec.gov', port=443): Failed to resolve 'www.sec.gov' ([Errno 11001] getaddrinfo failed)"))), nouvelle tentative dans 4s.
2026-08-17 21:31:32,186 [WARNING] Requête https://www.sec.gov/Archives/edgar/data/915912/000091591221000013/avb-20210428.htm en échec (HTTPSConnectionPool(host='www.sec.gov', port=443): Max retries exceeded with url: /Archives/edgar/data/915912/000091591221000013/avb-20210428.htm (Caused by NameResolutionError("HTTPSConnection(host='www.sec.gov', port=443): Failed to resolve 'www.sec.gov' ([Errno 11001] getaddrinfo failed)"))), nouvelle tentative dans 8s.
2026-08-17 21:31:40,190 [ERROR] Échec de la requête https://www.sec.gov/Archives/edgar/data/915912/000091591221000013/avb-20210428.htm (4 tentatives) : HTTPSConnectionPool(host='www.sec.gov', port=443): Max retries exceeded with url: /Archives/edgar/data/915912/000091591221000013/avb-20210428.htm (Caused by NameResolutionError("HTTPSConnection(host='www.sec.gov', port=443): Failed to resolve 'www.sec.gov' ([Errno 11001] getaddrinfo failed)"))
2026-08-17 21:31:40,191 [ERROR] Échec du téléchargement du filing https://www.sec.gov/Archives/edgar/data/915912/000091591221000013/avb-20210428.htm: https://www.sec.gov/Archives/edgar/data/915912/000091591221000013/avb-20210428.htm : HTTPSConnectionPool(host='www.sec.gov', port=443): Max retries exceeded with url: /Archives/edgar/data/915912/000091591221000013/avb-20210428.htm (Caused by NameResolutionError("HTTPSConnection(host='www.sec.gov', port=443): Failed to resolve 'www.sec.gov' ([Errno 11001] getaddrinfo failed)"))
2026-08-17 21:31:40,316 [WARNING] Requête https://www.sec.gov/Archives/edgar/data/915912/000110465921071038/tm2117159d1_8k.htm en échec (HTTPSConnectionPool(host='www.sec.gov', port=443): Max retries exceeded with url: /Archives/edgar/data/915912/000110465921071038/tm2117159d1_8k.htm (Caused by NameResolutionError("HTTPSConnection(host='www.sec.gov', port=443): Failed to resolve 'www.sec.gov' ([Errno 11001] getaddrinfo failed)"))), nouvelle tentative dans 2s.
2026-08-17 21:31:42,321 [WARNING] Requête https://www.sec.gov/Archives/edgar/data/915912/000110465921071038/tm2117159d1_8k.htm en échec (HTTPSConnectionPool(host='www.sec.gov', port=443): Max retries exceeded with url: /Archives/edgar/data/915912/000110465921071038/tm2117159d1_8k.htm (Caused by NameResolutionError("HTTPSConnection(host='www.sec.gov', port=443): Failed to resolve 'www.sec.gov' ([Errno 11001] getaddrinfo failed)"))), nouvelle tentative dans 4s.
2026-08-17 21:31:46,326 [WARNING] Requête https://www.sec.gov/Archives/edgar/data/915912/000110465921071038/tm2117159d1_8k.htm en échec (HTTPSConnectionPool(host='www.sec.gov', port=443): Max retries exceeded with url: /Archives/edgar/data/915912/000110465921071038/tm2117159d1_8k.htm (Caused by NameResolutionError("HTTPSConnection(host='www.sec.gov', port=443): Failed to resolve 'www.sec.gov' ([Errno 11001] getaddrinfo failed)"))), nouvelle tentative dans 8s.
2026-08-17 21:31:54,331 [ERROR] Échec de la requête https://www.sec.gov/Archives/edgar/data/915912/000110465921071038/tm2117159d1_8k.htm (4 tentatives) : HTTPSConnectionPool(host='www.sec.gov', port=443): Max retries exceeded with url: /Archives/edgar/data/915912/000110465921071038/tm2117159d1_8k.htm (Caused by NameResolutionError("HTTPSConnection(host='www.sec.gov', port=443): Failed to resolve 'www.sec.gov' ([Errno 11001] getaddrinfo failed)"))
2026-08-17 21:31:54,332 [ERROR] Échec du téléchargement du filing https://www.sec.gov/Archives/edgar/data/915912/000110465921071038/tm2117159d1_8k.htm: https://www.sec.gov/Archives/edgar/data/915912/000110465921071038/tm2117159d1_8k.htm : HTTPSConnectionPool(host='www.sec.gov', port=443): Max retries exceeded with url: /Archives/edgar/data/915912/000110465921071038/tm2117159d1_8k.htm (Caused by NameResolutionError("HTTPSConnection(host='www.sec.gov', port=443): Failed to resolve 'www.sec.gov' ([Errno 11001] getaddrinfo failed)"))
2026-08-17 21:31:54,456 [WARNING] Requête https://www.sec.gov/Archives/edgar/data/915912/000110465921096965/tm2123246d1_8k.htm en échec (HTTPSConnectionPool(host='www.sec.gov', port=443): Max retries exceeded with url: /Archives/edgar/data/915912/000110465921096965/tm2123246d1_8k.htm (Caused by NameResolutionError("HTTPSConnection(host='www.sec.gov', port=443): Failed to resolve 'www.sec.gov' ([Errno 11001] getaddrinfo failed)"))), nouvelle tentative dans 2s.
2026-08-17 21:31:56,460 [WARNING] Requête https://www.sec.gov/Archives/edgar/data/915912/000110465921096965/tm2123246d1_8k.htm en échec (HTTPSConnectionPool(host='www.sec.gov', port=443): Max retries exceeded with url: /Archives/edgar/data/915912/000110465921096965/tm2123246d1_8k.htm (Caused by NameResolutionError("HTTPSConnection(host='www.sec.gov', port=443): Failed to resolve 'www.sec.gov' ([Errno 11001] getaddrinfo failed)"))), nouvelle tentative dans 4s.
2026-08-17 21:32:00,465 [WARNING] Requête https://www.sec.gov/Archives/edgar/data/915912/000110465921096965/tm2123246d1_8k.htm en échec (HTTPSConnectionPool(host='www.sec.gov', port=443): Max retries exceeded with url: /Archives/edgar/data/915912/000110465921096965/tm2123246d1_8k.htm (Caused by NameResolutionError("HTTPSConnection(host='www.sec.gov', port=443): Failed to resolve 'www.sec.gov' ([Errno 11001] getaddrinfo failed)"))), nouvelle tentative dans 8s.
2026-08-17 21:32:08,470 [ERROR] Échec de la requête https://www.sec.gov/Archives/edgar/data/915912/000110465921096965/tm2123246d1_8k.htm (4 tentatives) : HTTPSConnectionPool(host='www.sec.gov', port=443): Max retries exceeded with url: /Archives/edgar/data/915912/000110465921096965/tm2123246d1_8k.htm (Caused by NameResolutionError("HTTPSConnection(host='www.sec.gov', port=443): Failed to resolve 'www.sec.gov' ([Errno 11001] getaddrinfo failed)"))
2026-08-17 21:32:08,472 [ERROR] Échec du téléchargement du filing https://www.sec.gov/Archives/edgar/data/915912/000110465921096965/tm2123246d1_8k.htm: https://www.sec.gov/Archives/edgar/data/915912/000110465921096965/tm2123246d1_8k.htm : HTTPSConnectionPool(host='www.sec.gov', port=443): Max retries exceeded with url: /Archives/edgar/data/915912/000110465921096965/tm2123246d1_8k.htm (Caused by NameResolutionError("HTTPSConnection(host='www.sec.gov', port=443): Failed to resolve 'www.sec.gov' ([Errno 11001] getaddrinfo failed)"))
2026-08-17 21:32:08,594 [WARNING] Requête https://www.sec.gov/Archives/edgar/data/915912/000091591221000017/avb-20210728.htm en échec (HTTPSConnectionPool(host='www.sec.gov', port=443): Max retries exceeded with url: /Archives/edgar/data/915912/000091591221000017/avb-20210728.htm (Caused by NameResolutionError("HTTPSConnection(host='www.sec.gov', port=443): Failed to resolve 'www.sec.gov' ([Errno 11001] getaddrinfo failed)"))), nouvelle tentative dans 2s.
2026-08-17 21:32:10,598 [WARNING] Requête https://www.sec.gov/Archives/edgar/data/915912/000091591221000017/avb-20210728.htm en échec (HTTPSConnectionPool(host='www.sec.gov', port=443): Max retries exceeded with url: /Archives/edgar/data/915912/000091591221000017/avb-20210728.htm (Caused by NameResolutionError("HTTPSConnection(host='www.sec.gov', port=443): Failed to resolve 'www.sec.gov' ([Errno 11001] getaddrinfo failed)"))), nouvelle tentative dans 4s.
2026-08-17 21:32:14,604 [WARNING] Requête https://www.sec.gov/Archives/edgar/data/915912/000091591221000017/avb-20210728.htm en échec (HTTPSConnectionPool(host='www.sec.gov', port=443): Max retries exceeded with url: /Archives/edgar/data/915912/000091591221000017/avb-20210728.htm (Caused by NameResolutionError("HTTPSConnection(host='www.sec.gov', port=443): Failed to resolve 'www.sec.gov' ([Errno 11001] getaddrinfo failed)"))), nouvelle tentative dans 8s.
2026-08-17 21:32:22,609 [ERROR] Échec de la requête https://www.sec.gov/Archives/edgar/data/915912/000091591221000017/avb-20210728.htm (4 tentatives) : HTTPSConnectionPool(host='www.sec.gov', port=443): Max retries exceeded with url: /Archives/edgar/data/915912/000091591221000017/avb-20210728.htm (Caused by NameResolutionError("HTTPSConnection(host='www.sec.gov', port=443): Failed to resolve 'www.sec.gov' ([Errno 11001] getaddrinfo failed)"))
2026-08-17 21:32:22,609 [ERROR] Échec du téléchargement du filing https://www.sec.gov/Archives/edgar/data/915912/000091591221000017/avb-20210728.htm: https://www.sec.gov/Archives/edgar/data/915912/000091591221000017/avb-20210728.htm : HTTPSConnectionPool(host='www.sec.gov', port=443): Max retries exceeded with url: /Archives/edgar/data/915912/000091591221000017/avb-20210728.htm (Caused by NameResolutionError("HTTPSConnection(host='www.sec.gov', port=443): Failed to resolve 'www.sec.gov' ([Errno 11001] getaddrinfo failed)"))
2026-08-17 21:32:22,734 [WARNING] Requête https://www.sec.gov/Archives/edgar/data/915912/000110465921115983/tm2127019d4_8k.htm en échec (HTTPSConnectionPool(host='www.sec.gov', port=443): Max retries exceeded with url: /Archives/edgar/data/915912/000110465921115983/tm2127019d4_8k.htm (Caused by NameResolutionError("HTTPSConnection(host='www.sec.gov', port=443): Failed to resolve 'www.sec.gov' ([Errno 11001] getaddrinfo failed)"))), nouvelle tentative dans 2s.
2026-08-17 21:32:24,738 [WARNING] Requête https://www.sec.gov/Archives/edgar/data/915912/000110465921115983/tm2127019d4_8k.htm en échec (HTTPSConnectionPool(host='www.sec.gov', port=443): Max retries exceeded with url: /Archives/edgar/data/915912/000110465921115983/tm2127019d4_8k.htm (Caused by NameResolutionError("HTTPSConnection(host='www.sec.gov', port=443): Failed to resolve 'www.sec.gov' ([Errno 11001] getaddrinfo failed)"))), nouvelle tentative dans 4s.
2026-08-17 21:32:28,742 [WARNING] Requête https://www.sec.gov/Archives/edgar/data/915912/000110465921115983/tm2127019d4_8k.htm en échec (HTTPSConnectionPool(host='www.sec.gov', port=443): Max retries exceeded with url: /Archives/edgar/data/915912/000110465921115983/tm2127019d4_8k.htm (Caused by NameResolutionError("HTTPSConnection(host='www.sec.gov', port=443): Failed to resolve 'www.sec.gov' ([Errno 11001] getaddrinfo failed)"))), nouvelle tentative dans 8s.
2026-08-17 21:32:36,747 [ERROR] Échec de la requête https://www.sec.gov/Archives/edgar/data/915912/000110465921115983/tm2127019d4_8k.htm (4 tentatives) : HTTPSConnectionPool(host='www.sec.gov', port=443): Max retries exceeded with url: /Archives/edgar/data/915912/000110465921115983/tm2127019d4_8k.htm (Caused by NameResolutionError("HTTPSConnection(host='www.sec.gov', port=443): Failed to resolve 'www.sec.gov' ([Errno 11001] getaddrinfo failed)"))
2026-08-17 21:32:36,747 [ERROR] Échec du téléchargement du filing https://www.sec.gov/Archives/edgar/data/915912/000110465921115983/tm2127019d4_8k.htm: https://www.sec.gov/Archives/edgar/data/915912/000110465921115983/tm2127019d4_8k.htm : HTTPSConnectionPool(host='www.sec.gov', port=443): Max retries exceeded with url: /Archives/edgar/data/915912/000110465921115983/tm2127019d4_8k.htm (Caused by NameResolutionError("HTTPSConnection(host='www.sec.gov', port=443): Failed to resolve 'www.sec.gov' ([Errno 11001] getaddrinfo failed)"))
2026-08-17 21:32:36,871 [WARNING] Requête https://www.sec.gov/Archives/edgar/data/915912/000091591221000021/avb-20211027.htm en échec (HTTPSConnectionPool(host='www.sec.gov', port=443): Max retries exceeded with url: /Archives/edgar/data/915912/000091591221000021/avb-20211027.htm (Caused by NameResolutionError("HTTPSConnection(host='www.sec.gov', port=443): Failed to resolve 'www.sec.gov' ([Errno 11001] getaddrinfo failed)"))), nouvelle tentative dans 2s.
2026-08-17 21:32:38,879 [WARNING] Requête https://www.sec.gov/Archives/edgar/data/915912/000091591221000021/avb-20211027.htm en échec (HTTPSConnectionPool(host='www.sec.gov', port=443): Max retries exceeded with url: /Archives/edgar/data/915912/000091591221000021/avb-20211027.htm (Caused by NameResolutionError("HTTPSConnection(host='www.sec.gov', port=443): Failed to resolve 'www.sec.gov' ([Errno 11001] getaddrinfo failed)"))), nouvelle tentative dans 4s.
2026-08-17 21:32:42,883 [WARNING] Requête https://www.sec.gov/Archives/edgar/data/915912/000091591221000021/avb-20211027.htm en échec (HTTPSConnectionPool(host='www.sec.gov', port=443): Max retries exceeded with url: /Archives/edgar/data/915912/000091591221000021/avb-20211027.htm (Caused by NameResolutionError("HTTPSConnection(host='www.sec.gov', port=443): Failed to resolve 'www.sec.gov' ([Errno 11001] getaddrinfo failed)"))), nouvelle tentative dans 8s.
2026-08-17 21:32:50,887 [ERROR] Échec de la requête https://www.sec.gov/Archives/edgar/data/915912/000091591221000021/avb-20211027.htm (4 tentatives) : HTTPSConnectionPool(host='www.sec.gov', port=443): Max retries exceeded with url: /Archives/edgar/data/915912/000091591221000021/avb-20211027.htm (Caused by NameResolutionError("HTTPSConnection(host='www.sec.gov', port=443): Failed to resolve 'www.sec.gov' ([Errno 11001] getaddrinfo failed)"))
2026-08-17 21:32:50,888 [ERROR] Échec du téléchargement du filing https://www.sec.gov/Archives/edgar/data/915912/000091591221000021/avb-20211027.htm: https://www.sec.gov/Archives/edgar/data/915912/000091591221000021/avb-20211027.htm : HTTPSConnectionPool(host='www.sec.gov', port=443): Max retries exceeded with url: /Archives/edgar/data/915912/000091591221000021/avb-20211027.htm (Caused by NameResolutionError("HTTPSConnection(host='www.sec.gov', port=443): Failed to resolve 'www.sec.gov' ([Errno 11001] getaddrinfo failed)"))
2026-08-17 21:32:51,024 [WARNING] Requête https://www.sec.gov/Archives/edgar/data/915912/000110465921141251/tm2133217d1_8k.htm en échec (HTTPSConnectionPool(host='www.sec.gov', port=443): Max retries exceeded with url: /Archives/edgar/data/915912/000110465921141251/tm2133217d1_8k.htm (Caused by NameResolutionError("HTTPSConnection(host='www.sec.gov', port=443): Failed to resolve 'www.sec.gov' ([Errno 11001] getaddrinfo failed)"))), nouvelle tentative dans 2s.
2026-08-17 21:32:53,029 [WARNING] Requête https://www.sec.gov/Archives/edgar/data/915912/000110465921141251/tm2133217d1_8k.htm en échec (HTTPSConnectionPool(host='www.sec.gov', port=443): Max retries exceeded with url: /Archives/edgar/data/915912/000110465921141251/tm2133217d1_8k.htm (Caused by NameResolutionError("HTTPSConnection(host='www.sec.gov', port=443): Failed to resolve 'www.sec.gov' ([Errno 11001] getaddrinfo failed)"))), nouvelle tentative dans 4s.
2026-08-17 21:32:57,034 [WARNING] Requête https://www.sec.gov/Archives/edgar/data/915912/000110465921141251/tm2133217d1_8k.htm en échec (HTTPSConnectionPool(host='www.sec.gov', port=443): Max retries exceeded with url: /Archives/edgar/data/915912/000110465921141251/tm2133217d1_8k.htm (Caused by NameResolutionError("HTTPSConnection(host='www.sec.gov', port=443): Failed to resolve 'www.sec.gov' ([Errno 11001] getaddrinfo failed)"))), nouvelle tentative dans 8s.
2026-08-17 21:33:05,038 [ERROR] Échec de la requête https://www.sec.gov/Archives/edgar/data/915912/000110465921141251/tm2133217d1_8k.htm (4 tentatives) : HTTPSConnectionPool(host='www.sec.gov', port=443): Max retries exceeded with url: /Archives/edgar/data/915912/000110465921141251/tm2133217d1_8k.htm (Caused by NameResolutionError("HTTPSConnection(host='www.sec.gov', port=443): Failed to resolve 'www.sec.gov' ([Errno 11001] getaddrinfo failed)"))
2026-08-17 21:33:05,039 [ERROR] Échec du téléchargement du filing https://www.sec.gov/Archives/edgar/data/915912/000110465921141251/tm2133217d1_8k.htm: https://www.sec.gov/Archives/edgar/data/915912/000110465921141251/tm2133217d1_8k.htm : HTTPSConnectionPool(host='www.sec.gov', port=443): Max retries exceeded with url: /Archives/edgar/data/915912/000110465921141251/tm2133217d1_8k.htm (Caused by NameResolutionError("HTTPSConnection(host='www.sec.gov', port=443): Failed to resolve 'www.sec.gov' ([Errno 11001] getaddrinfo failed)"))
2026-08-17 21:33:05,164 [WARNING] Requête https://www.sec.gov/Archives/edgar/data/915912/000110465921142497/tm2133217d2_8k.htm en échec (HTTPSConnectionPool(host='www.sec.gov', port=443): Max retries exceeded with url: /Archives/edgar/data/915912/000110465921142497/tm2133217d2_8k.htm (Caused by NameResolutionError("HTTPSConnection(host='www.sec.gov', port=443): Failed to resolve 'www.sec.gov' ([Errno 11001] getaddrinfo failed)"))), nouvelle tentative dans 2s.
2026-08-17 21:33:07,169 [WARNING] Requête https://www.sec.gov/Archives/edgar/data/915912/000110465921142497/tm2133217d2_8k.htm en échec (HTTPSConnectionPool(host='www.sec.gov', port=443): Max retries exceeded with url: /Archives/edgar/data/915912/000110465921142497/tm2133217d2_8k.htm (Caused by NameResolutionError("HTTPSConnection(host='www.sec.gov', port=443): Failed to resolve 'www.sec.gov' ([Errno 11001] getaddrinfo failed)"))), nouvelle tentative dans 4s.
2026-08-17 21:33:11,173 [WARNING] Requête https://www.sec.gov/Archives/edgar/data/915912/000110465921142497/tm2133217d2_8k.htm en échec (HTTPSConnectionPool(host='www.sec.gov', port=443): Max retries exceeded with url: /Archives/edgar/data/915912/000110465921142497/tm2133217d2_8k.htm (Caused by NameResolutionError("HTTPSConnection(host='www.sec.gov', port=443): Failed to resolve 'www.sec.gov' ([Errno 11001] getaddrinfo failed)"))), nouvelle tentative dans 8s.
2026-08-17 21:33:19,178 [ERROR] Échec de la requête https://www.sec.gov/Archives/edgar/data/915912/000110465921142497/tm2133217d2_8k.htm (4 tentatives) : HTTPSConnectionPool(host='www.sec.gov', port=443): Max retries exceeded with url: /Archives/edgar/data/915912/000110465921142497/tm2133217d2_8k.htm (Caused by NameResolutionError("HTTPSConnection(host='www.sec.gov', port=443): Failed to resolve 'www.sec.gov' ([Errno 11001] getaddrinfo failed)"))
2026-08-17 21:33:19,179 [ERROR] Échec du téléchargement du filing https://www.sec.gov/Archives/edgar/data/915912/000110465921142497/tm2133217d2_8k.htm: https://www.sec.gov/Archives/edgar/data/915912/000110465921142497/tm2133217d2_8k.htm : HTTPSConnectionPool(host='www.sec.gov', port=443): Max retries exceeded with url: /Archives/edgar/data/915912/000110465921142497/tm2133217d2_8k.htm (Caused by NameResolutionError("HTTPSConnection(host='www.sec.gov', port=443): Failed to resolve 'www.sec.gov' ([Errno 11001] getaddrinfo failed)"))
2026-08-17 21:33:19,304 [WARNING] Requête https://www.sec.gov/Archives/edgar/data/915912/000110465921150559/tm2135400d1_8k.htm en échec (HTTPSConnectionPool(host='www.sec.gov', port=443): Max retries exceeded with url: /Archives/edgar/data/915912/000110465921150559/tm2135400d1_8k.htm (Caused by NameResolutionError("HTTPSConnection(host='www.sec.gov', port=443): Failed to resolve 'www.sec.gov' ([Errno 11001] getaddrinfo failed)"))), nouvelle tentative dans 2s.
2026-08-17 21:33:21,311 [WARNING] Requête https://www.sec.gov/Archives/edgar/data/915912/000110465921150559/tm2135400d1_8k.htm en échec (HTTPSConnectionPool(host='www.sec.gov', port=443): Max retries exceeded with url: /Archives/edgar/data/915912/000110465921150559/tm2135400d1_8k.htm (Caused by NameResolutionError("HTTPSConnection(host='www.sec.gov', port=443): Failed to resolve 'www.sec.gov' ([Errno 11001] getaddrinfo failed)"))), nouvelle tentative dans 4s.
2026-08-17 21:33:25,316 [WARNING] Requête https://www.sec.gov/Archives/edgar/data/915912/000110465921150559/tm2135400d1_8k.htm en échec (HTTPSConnectionPool(host='www.sec.gov', port=443): Max retries exceeded with url: /Archives/edgar/data/915912/000110465921150559/tm2135400d1_8k.htm (Caused by NameResolutionError("HTTPSConnection(host='www.sec.gov', port=443): Failed to resolve 'www.sec.gov' ([Errno 11001] getaddrinfo failed)"))), nouvelle tentative dans 8s.
2026-08-17 21:33:33,320 [ERROR] Échec de la requête https://www.sec.gov/Archives/edgar/data/915912/000110465921150559/tm2135400d1_8k.htm (4 tentatives) : HTTPSConnectionPool(host='www.sec.gov', port=443): Max retries exceeded with url: /Archives/edgar/data/915912/000110465921150559/tm2135400d1_8k.htm (Caused by NameResolutionError("HTTPSConnection(host='www.sec.gov', port=443): Failed to resolve 'www.sec.gov' ([Errno 11001] getaddrinfo failed)"))
2026-08-17 21:33:33,320 [ERROR] Échec du téléchargement du filing https://www.sec.gov/Archives/edgar/data/915912/000110465921150559/tm2135400d1_8k.htm: https://www.sec.gov/Archives/edgar/data/915912/000110465921150559/tm2135400d1_8k.htm : HTTPSConnectionPool(host='www.sec.gov', port=443): Max retries exceeded with url: /Archives/edgar/data/915912/000110465921150559/tm2135400d1_8k.htm (Caused by NameResolutionError("HTTPSConnection(host='www.sec.gov', port=443): Failed to resolve 'www.sec.gov' ([Errno 11001] getaddrinfo failed)"))
2026-08-17 21:33:33,446 [WARNING] Requête https://www.sec.gov/Archives/edgar/data/915912/000091591222000003/avb-20220202.htm en échec (HTTPSConnectionPool(host='www.sec.gov', port=443): Max retries exceeded with url: /Archives/edgar/data/915912/000091591222000003/avb-20220202.htm (Caused by NameResolutionError("HTTPSConnection(host='www.sec.gov', port=443): Failed to resolve 'www.sec.gov' ([Errno 11001] getaddrinfo failed)"))), nouvelle tentative dans 2s.
2026-08-17 21:33:35,450 [WARNING] Requête https://www.sec.gov/Archives/edgar/data/915912/000091591222000003/avb-20220202.htm en échec (HTTPSConnectionPool(host='www.sec.gov', port=443): Max retries exceeded with url: /Archives/edgar/data/915912/000091591222000003/avb-20220202.htm (Caused by NameResolutionError("HTTPSConnection(host='www.sec.gov', port=443): Failed to resolve 'www.sec.gov' ([Errno 11001] getaddrinfo failed)"))), nouvelle tentative dans 4s.
2026-08-17 21:33:39,455 [WARNING] Requête https://www.sec.gov/Archives/edgar/data/915912/000091591222000003/avb-20220202.htm en échec (HTTPSConnectionPool(host='www.sec.gov', port=443): Max retries exceeded with url: /Archives/edgar/data/915912/000091591222000003/avb-20220202.htm (Caused by NameResolutionError("HTTPSConnection(host='www.sec.gov', port=443): Failed to resolve 'www.sec.gov' ([Errno 11001] getaddrinfo failed)"))), nouvelle tentative dans 8s.
2026-08-17 21:33:47,459 [ERROR] Échec de la requête https://www.sec.gov/Archives/edgar/data/915912/000091591222000003/avb-20220202.htm (4 tentatives) : HTTPSConnectionPool(host='www.sec.gov', port=443): Max retries exceeded with url: /Archives/edgar/data/915912/000091591222000003/avb-20220202.htm (Caused by NameResolutionError("HTTPSConnection(host='www.sec.gov', port=443): Failed to resolve 'www.sec.gov' ([Errno 11001] getaddrinfo failed)"))
2026-08-17 21:33:47,459 [ERROR] Échec du téléchargement du filing https://www.sec.gov/Archives/edgar/data/915912/000091591222000003/avb-20220202.htm: https://www.sec.gov/Archives/edgar/data/915912/000091591222000003/avb-20220202.htm : HTTPSConnectionPool(host='www.sec.gov', port=443): Max retries exceeded with url: /Archives/edgar/data/915912/000091591222000003/avb-20220202.htm (Caused by NameResolutionError("HTTPSConnection(host='www.sec.gov', port=443): Failed to resolve 'www.sec.gov' ([Errno 11001] getaddrinfo failed)"))
2026-08-17 21:33:47,584 [WARNING] Requête https://www.sec.gov/Archives/edgar/data/915912/000110465922034016/tm229373d1_8k.htm en échec (HTTPSConnectionPool(host='www.sec.gov', port=443): Max retries exceeded with url: /Archives/edgar/data/915912/000110465922034016/tm229373d1_8k.htm (Caused by NameResolutionError("HTTPSConnection(host='www.sec.gov', port=443): Failed to resolve 'www.sec.gov' ([Errno 11001] getaddrinfo failed)"))), nouvelle tentative dans 2s.
2026-08-17 21:33:49,589 [WARNING] Requête https://www.sec.gov/Archives/edgar/data/915912/000110465922034016/tm229373d1_8k.htm en échec (HTTPSConnectionPool(host='www.sec.gov', port=443): Max retries exceeded with url: /Archives/edgar/data/915912/000110465922034016/tm229373d1_8k.htm (Caused by NameResolutionError("HTTPSConnection(host='www.sec.gov', port=443): Failed to resolve 'www.sec.gov' ([Errno 11001] getaddrinfo failed)"))), nouvelle tentative dans 4s.
2026-08-17 21:33:53,593 [WARNING] Requête https://www.sec.gov/Archives/edgar/data/915912/000110465922034016/tm229373d1_8k.htm en échec (HTTPSConnectionPool(host='www.sec.gov', port=443): Max retries exceeded with url: /Archives/edgar/data/915912/000110465922034016/tm229373d1_8k.htm (Caused by NameResolutionError("HTTPSConnection(host='www.sec.gov', port=443): Failed to resolve 'www.sec.gov' ([Errno 11001] getaddrinfo failed)"))), nouvelle tentative dans 8s.
2026-08-17 21:34:01,597 [ERROR] Échec de la requête https://www.sec.gov/Archives/edgar/data/915912/000110465922034016/tm229373d1_8k.htm (4 tentatives) : HTTPSConnectionPool(host='www.sec.gov', port=443): Max retries exceeded with url: /Archives/edgar/data/915912/000110465922034016/tm229373d1_8k.htm (Caused by NameResolutionError("HTTPSConnection(host='www.sec.gov', port=443): Failed to resolve 'www.sec.gov' ([Errno 11001] getaddrinfo failed)"))
2026-08-17 21:34:01,597 [ERROR] Échec du téléchargement du filing https://www.sec.gov/Archives/edgar/data/915912/000110465922034016/tm229373d1_8k.htm: https://www.sec.gov/Archives/edgar/data/915912/000110465922034016/tm229373d1_8k.htm : HTTPSConnectionPool(host='www.sec.gov', port=443): Max retries exceeded with url: /Archives/edgar/data/915912/000110465922034016/tm229373d1_8k.htm (Caused by NameResolutionError("HTTPSConnection(host='www.sec.gov', port=443): Failed to resolve 'www.sec.gov' ([Errno 11001] getaddrinfo failed)"))
2026-08-17 21:34:01,724 [WARNING] Requête https://www.sec.gov/Archives/edgar/data/915912/000110465922044739/tm2212386d1_8k.htm en échec (HTTPSConnectionPool(host='www.sec.gov', port=443): Max retries exceeded with url: /Archives/edgar/data/915912/000110465922044739/tm2212386d1_8k.htm (Caused by NameResolutionError("HTTPSConnection(host='www.sec.gov', port=443): Failed to resolve 'www.sec.gov' ([Errno 11001] getaddrinfo failed)"))), nouvelle tentative dans 2s.
2026-08-17 21:34:03,739 [WARNING] Requête https://www.sec.gov/Archives/edgar/data/915912/000110465922044739/tm2212386d1_8k.htm en échec (HTTPSConnectionPool(host='www.sec.gov', port=443): Max retries exceeded with url: /Archives/edgar/data/915912/000110465922044739/tm2212386d1_8k.htm (Caused by NameResolutionError("HTTPSConnection(host='www.sec.gov', port=443): Failed to resolve 'www.sec.gov' ([Errno 11001] getaddrinfo failed)"))), nouvelle tentative dans 4s.
2026-08-17 21:34:07,743 [WARNING] Requête https://www.sec.gov/Archives/edgar/data/915912/000110465922044739/tm2212386d1_8k.htm en échec (HTTPSConnectionPool(host='www.sec.gov', port=443): Max retries exceeded with url: /Archives/edgar/data/915912/000110465922044739/tm2212386d1_8k.htm (Caused by NameResolutionError("HTTPSConnection(host='www.sec.gov', port=443): Failed to resolve 'www.sec.gov' ([Errno 11001] getaddrinfo failed)"))), nouvelle tentative dans 8s.
2026-08-17 21:34:15,754 [ERROR] Échec de la requête https://www.sec.gov/Archives/edgar/data/915912/000110465922044739/tm2212386d1_8k.htm (4 tentatives) : HTTPSConnectionPool(host='www.sec.gov', port=443): Max retries exceeded with url: /Archives/edgar/data/915912/000110465922044739/tm2212386d1_8k.htm (Caused by NameResolutionError("HTTPSConnection(host='www.sec.gov', port=443): Failed to resolve 'www.sec.gov' ([Errno 11001] getaddrinfo failed)"))
2026-08-17 21:34:15,755 [ERROR] Échec du téléchargement du filing https://www.sec.gov/Archives/edgar/data/915912/000110465922044739/tm2212386d1_8k.htm: https://www.sec.gov/Archives/edgar/data/915912/000110465922044739/tm2212386d1_8k.htm : HTTPSConnectionPool(host='www.sec.gov', port=443): Max retries exceeded with url: /Archives/edgar/data/915912/000110465922044739/tm2212386d1_8k.htm (Caused by NameResolutionError("HTTPSConnection(host='www.sec.gov', port=443): Failed to resolve 'www.sec.gov' ([Errno 11001] getaddrinfo failed)"))
2026-08-17 21:34:15,878 [WARNING] Requête https://www.sec.gov/Archives/edgar/data/915912/000091591222000009/avb-20220427.htm en échec (HTTPSConnectionPool(host='www.sec.gov', port=443): Max retries exceeded with url: /Archives/edgar/data/915912/000091591222000009/avb-20220427.htm (Caused by NameResolutionError("HTTPSConnection(host='www.sec.gov', port=443): Failed to resolve 'www.sec.gov' ([Errno 11001] getaddrinfo failed)"))), nouvelle tentative dans 2s.
2026-08-17 21:34:17,881 [WARNING] Requête https://www.sec.gov/Archives/edgar/data/915912/000091591222000009/avb-20220427.htm en échec (HTTPSConnectionPool(host='www.sec.gov', port=443): Max retries exceeded with url: /Archives/edgar/data/915912/000091591222000009/avb-20220427.htm (Caused by NameResolutionError("HTTPSConnection(host='www.sec.gov', port=443): Failed to resolve 'www.sec.gov' ([Errno 11001] getaddrinfo failed)"))), nouvelle tentative dans 4s.
2026-08-17 21:34:21,886 [WARNING] Requête https://www.sec.gov/Archives/edgar/data/915912/000091591222000009/avb-20220427.htm en échec (HTTPSConnectionPool(host='www.sec.gov', port=443): Max retries exceeded with url: /Archives/edgar/data/915912/000091591222000009/avb-20220427.htm (Caused by NameResolutionError("HTTPSConnection(host='www.sec.gov', port=443): Failed to resolve 'www.sec.gov' ([Errno 11001] getaddrinfo failed)"))), nouvelle tentative dans 8s.
2026-08-17 21:34:29,890 [ERROR] Échec de la requête https://www.sec.gov/Archives/edgar/data/915912/000091591222000009/avb-20220427.htm (4 tentatives) : HTTPSConnectionPool(host='www.sec.gov', port=443): Max retries exceeded with url: /Archives/edgar/data/915912/000091591222000009/avb-20220427.htm (Caused by NameResolutionError("HTTPSConnection(host='www.sec.gov', port=443): Failed to resolve 'www.sec.gov' ([Errno 11001] getaddrinfo failed)"))
2026-08-17 21:34:29,890 [ERROR] Échec du téléchargement du filing https://www.sec.gov/Archives/edgar/data/915912/000091591222000009/avb-20220427.htm: https://www.sec.gov/Archives/edgar/data/915912/000091591222000009/avb-20220427.htm : HTTPSConnectionPool(host='www.sec.gov', port=443): Max retries exceeded with url: /Archives/edgar/data/915912/000091591222000009/avb-20220427.htm (Caused by NameResolutionError("HTTPSConnection(host='www.sec.gov', port=443): Failed to resolve 'www.sec.gov' ([Errno 11001] getaddrinfo failed)"))
2026-08-17 21:34:30,015 [WARNING] Requête https://www.sec.gov/Archives/edgar/data/915912/000110465922063378/tm2215271d1_8k.htm en échec (HTTPSConnectionPool(host='www.sec.gov', port=443): Max retries exceeded with url: /Archives/edgar/data/915912/000110465922063378/tm2215271d1_8k.htm (Caused by NameResolutionError("HTTPSConnection(host='www.sec.gov', port=443): Failed to resolve 'www.sec.gov' ([Errno 11001] getaddrinfo failed)"))), nouvelle tentative dans 2s.
2026-08-17 21:34:32,024 [WARNING] Requête https://www.sec.gov/Archives/edgar/data/915912/000110465922063378/tm2215271d1_8k.htm en échec (HTTPSConnectionPool(host='www.sec.gov', port=443): Max retries exceeded with url: /Archives/edgar/data/915912/000110465922063378/tm2215271d1_8k.htm (Caused by NameResolutionError("HTTPSConnection(host='www.sec.gov', port=443): Failed to resolve 'www.sec.gov' ([Errno 11001] getaddrinfo failed)"))), nouvelle tentative dans 4s.
2026-08-17 21:34:36,029 [WARNING] Requête https://www.sec.gov/Archives/edgar/data/915912/000110465922063378/tm2215271d1_8k.htm en échec (HTTPSConnectionPool(host='www.sec.gov', port=443): Max retries exceeded with url: /Archives/edgar/data/915912/000110465922063378/tm2215271d1_8k.htm (Caused by NameResolutionError("HTTPSConnection(host='www.sec.gov', port=443): Failed to resolve 'www.sec.gov' ([Errno 11001] getaddrinfo failed)"))), nouvelle tentative dans 8s.
2026-08-17 21:34:44,034 [ERROR] Échec de la requête https://www.sec.gov/Archives/edgar/data/915912/000110465922063378/tm2215271d1_8k.htm (4 tentatives) : HTTPSConnectionPool(host='www.sec.gov', port=443): Max retries exceeded with url: /Archives/edgar/data/915912/000110465922063378/tm2215271d1_8k.htm (Caused by NameResolutionError("HTTPSConnection(host='www.sec.gov', port=443): Failed to resolve 'www.sec.gov' ([Errno 11001] getaddrinfo failed)"))
2026-08-17 21:34:44,035 [ERROR] Échec du téléchargement du filing https://www.sec.gov/Archives/edgar/data/915912/000110465922063378/tm2215271d1_8k.htm: https://www.sec.gov/Archives/edgar/data/915912/000110465922063378/tm2215271d1_8k.htm : HTTPSConnectionPool(host='www.sec.gov', port=443): Max retries exceeded with url: /Archives/edgar/data/915912/000110465922063378/tm2215271d1_8k.htm (Caused by NameResolutionError("HTTPSConnection(host='www.sec.gov', port=443): Failed to resolve 'www.sec.gov' ([Errno 11001] getaddrinfo failed)"))
2026-08-17 21:34:44,160 [WARNING] Requête https://www.sec.gov/Archives/edgar/data/915912/000091591222000013/avb-20220727.htm en échec (HTTPSConnectionPool(host='www.sec.gov', port=443): Max retries exceeded with url: /Archives/edgar/data/915912/000091591222000013/avb-20220727.htm (Caused by NameResolutionError("HTTPSConnection(host='www.sec.gov', port=443): Failed to resolve 'www.sec.gov' ([Errno 11001] getaddrinfo failed)"))), nouvelle tentative dans 2s.
2026-08-17 21:34:46,164 [WARNING] Requête https://www.sec.gov/Archives/edgar/data/915912/000091591222000013/avb-20220727.htm en échec (HTTPSConnectionPool(host='www.sec.gov', port=443): Max retries exceeded with url: /Archives/edgar/data/915912/000091591222000013/avb-20220727.htm (Caused by NameResolutionError("HTTPSConnection(host='www.sec.gov', port=443): Failed to resolve 'www.sec.gov' ([Errno 11001] getaddrinfo failed)"))), nouvelle tentative dans 4s.
2026-08-17 21:34:50,168 [WARNING] Requête https://www.sec.gov/Archives/edgar/data/915912/000091591222000013/avb-20220727.htm en échec (HTTPSConnectionPool(host='www.sec.gov', port=443): Max retries exceeded with url: /Archives/edgar/data/915912/000091591222000013/avb-20220727.htm (Caused by NameResolutionError("HTTPSConnection(host='www.sec.gov', port=443): Failed to resolve 'www.sec.gov' ([Errno 11001] getaddrinfo failed)"))), nouvelle tentative dans 8s.
2026-08-17 21:34:58,171 [ERROR] Échec de la requête https://www.sec.gov/Archives/edgar/data/915912/000091591222000013/avb-20220727.htm (4 tentatives) : HTTPSConnectionPool(host='www.sec.gov', port=443): Max retries exceeded with url: /Archives/edgar/data/915912/000091591222000013/avb-20220727.htm (Caused by NameResolutionError("HTTPSConnection(host='www.sec.gov', port=443): Failed to resolve 'www.sec.gov' ([Errno 11001] getaddrinfo failed)"))
2026-08-17 21:34:58,171 [ERROR] Échec du téléchargement du filing https://www.sec.gov/Archives/edgar/data/915912/000091591222000013/avb-20220727.htm: https://www.sec.gov/Archives/edgar/data/915912/000091591222000013/avb-20220727.htm : HTTPSConnectionPool(host='www.sec.gov', port=443): Max retries exceeded with url: /Archives/edgar/data/915912/000091591222000013/avb-20220727.htm (Caused by NameResolutionError("HTTPSConnection(host='www.sec.gov', port=443): Failed to resolve 'www.sec.gov' ([Errno 11001] getaddrinfo failed)"))
2026-08-17 21:34:58,296 [WARNING] Requête https://www.sec.gov/Archives/edgar/data/915912/000110465922104180/tm2226851d1_8k.htm en échec (HTTPSConnectionPool(host='www.sec.gov', port=443): Max retries exceeded with url: /Archives/edgar/data/915912/000110465922104180/tm2226851d1_8k.htm (Caused by NameResolutionError("HTTPSConnection(host='www.sec.gov', port=443): Failed to resolve 'www.sec.gov' ([Errno 11001] getaddrinfo failed)"))), nouvelle tentative dans 2s.
2026-08-17 21:35:00,300 [WARNING] Requête https://www.sec.gov/Archives/edgar/data/915912/000110465922104180/tm2226851d1_8k.htm en échec (HTTPSConnectionPool(host='www.sec.gov', port=443): Max retries exceeded with url: /Archives/edgar/data/915912/000110465922104180/tm2226851d1_8k.htm (Caused by NameResolutionError("HTTPSConnection(host='www.sec.gov', port=443): Failed to resolve 'www.sec.gov' ([Errno 11001] getaddrinfo failed)"))), nouvelle tentative dans 4s.
2026-08-17 21:35:04,314 [WARNING] Requête https://www.sec.gov/Archives/edgar/data/915912/000110465922104180/tm2226851d1_8k.htm en échec (HTTPSConnectionPool(host='www.sec.gov', port=443): Max retries exceeded with url: /Archives/edgar/data/915912/000110465922104180/tm2226851d1_8k.htm (Caused by NameResolutionError("HTTPSConnection(host='www.sec.gov', port=443): Failed to resolve 'www.sec.gov' ([Errno 11001] getaddrinfo failed)"))), nouvelle tentative dans 8s.
2026-08-17 21:35:12,318 [ERROR] Échec de la requête https://www.sec.gov/Archives/edgar/data/915912/000110465922104180/tm2226851d1_8k.htm (4 tentatives) : HTTPSConnectionPool(host='www.sec.gov', port=443): Max retries exceeded with url: /Archives/edgar/data/915912/000110465922104180/tm2226851d1_8k.htm (Caused by NameResolutionError("HTTPSConnection(host='www.sec.gov', port=443): Failed to resolve 'www.sec.gov' ([Errno 11001] getaddrinfo failed)"))
2026-08-17 21:35:12,319 [ERROR] Échec du téléchargement du filing https://www.sec.gov/Archives/edgar/data/915912/000110465922104180/tm2226851d1_8k.htm: https://www.sec.gov/Archives/edgar/data/915912/000110465922104180/tm2226851d1_8k.htm : HTTPSConnectionPool(host='www.sec.gov', port=443): Max retries exceeded with url: /Archives/edgar/data/915912/000110465922104180/tm2226851d1_8k.htm (Caused by NameResolutionError("HTTPSConnection(host='www.sec.gov', port=443): Failed to resolve 'www.sec.gov' ([Errno 11001] getaddrinfo failed)"))
2026-08-17 21:35:12,444 [WARNING] Requête https://www.sec.gov/Archives/edgar/data/915912/000110465922109384/tm2228366d1_8k.htm en échec (HTTPSConnectionPool(host='www.sec.gov', port=443): Max retries exceeded with url: /Archives/edgar/data/915912/000110465922109384/tm2228366d1_8k.htm (Caused by NameResolutionError("HTTPSConnection(host='www.sec.gov', port=443): Failed to resolve 'www.sec.gov' ([Errno 11001] getaddrinfo failed)"))), nouvelle tentative dans 2s.
2026-08-17 21:35:14,448 [WARNING] Requête https://www.sec.gov/Archives/edgar/data/915912/000110465922109384/tm2228366d1_8k.htm en échec (HTTPSConnectionPool(host='www.sec.gov', port=443): Max retries exceeded with url: /Archives/edgar/data/915912/000110465922109384/tm2228366d1_8k.htm (Caused by NameResolutionError("HTTPSConnection(host='www.sec.gov', port=443): Failed to resolve 'www.sec.gov' ([Errno 11001] getaddrinfo failed)"))), nouvelle tentative dans 4s.
2026-08-17 21:35:18,453 [WARNING] Requête https://www.sec.gov/Archives/edgar/data/915912/000110465922109384/tm2228366d1_8k.htm en échec (HTTPSConnectionPool(host='www.sec.gov', port=443): Max retries exceeded with url: /Archives/edgar/data/915912/000110465922109384/tm2228366d1_8k.htm (Caused by NameResolutionError("HTTPSConnection(host='www.sec.gov', port=443): Failed to resolve 'www.sec.gov' ([Errno 11001] getaddrinfo failed)"))), nouvelle tentative dans 8s.
2026-08-17 21:35:26,457 [ERROR] Échec de la requête https://www.sec.gov/Archives/edgar/data/915912/000110465922109384/tm2228366d1_8k.htm (4 tentatives) : HTTPSConnectionPool(host='www.sec.gov', port=443): Max retries exceeded with url: /Archives/edgar/data/915912/000110465922109384/tm2228366d1_8k.htm (Caused by NameResolutionError("HTTPSConnection(host='www.sec.gov', port=443): Failed to resolve 'www.sec.gov' ([Errno 11001] getaddrinfo failed)"))
2026-08-17 21:35:26,457 [ERROR] Échec du téléchargement du filing https://www.sec.gov/Archives/edgar/data/915912/000110465922109384/tm2228366d1_8k.htm: https://www.sec.gov/Archives/edgar/data/915912/000110465922109384/tm2228366d1_8k.htm : HTTPSConnectionPool(host='www.sec.gov', port=443): Max retries exceeded with url: /Archives/edgar/data/915912/000110465922109384/tm2228366d1_8k.htm (Caused by NameResolutionError("HTTPSConnection(host='www.sec.gov', port=443): Failed to resolve 'www.sec.gov' ([Errno 11001] getaddrinfo failed)"))
2026-08-17 21:35:26,582 [WARNING] Requête https://www.sec.gov/Archives/edgar/data/915912/000091591222000017/avb-20221103.htm en échec (HTTPSConnectionPool(host='www.sec.gov', port=443): Max retries exceeded with url: /Archives/edgar/data/915912/000091591222000017/avb-20221103.htm (Caused by NameResolutionError("HTTPSConnection(host='www.sec.gov', port=443): Failed to resolve 'www.sec.gov' ([Errno 11001] getaddrinfo failed)"))), nouvelle tentative dans 2s.
2026-08-17 21:35:28,587 [WARNING] Requête https://www.sec.gov/Archives/edgar/data/915912/000091591222000017/avb-20221103.htm en échec (HTTPSConnectionPool(host='www.sec.gov', port=443): Max retries exceeded with url: /Archives/edgar/data/915912/000091591222000017/avb-20221103.htm (Caused by NameResolutionError("HTTPSConnection(host='www.sec.gov', port=443): Failed to resolve 'www.sec.gov' ([Errno 11001] getaddrinfo failed)"))), nouvelle tentative dans 4s.
2026-08-17 21:35:32,591 [WARNING] Requête https://www.sec.gov/Archives/edgar/data/915912/000091591222000017/avb-20221103.htm en échec (HTTPSConnectionPool(host='www.sec.gov', port=443): Max retries exceeded with url: /Archives/edgar/data/915912/000091591222000017/avb-20221103.htm (Caused by NameResolutionError("HTTPSConnection(host='www.sec.gov', port=443): Failed to resolve 'www.sec.gov' ([Errno 11001] getaddrinfo failed)"))), nouvelle tentative dans 8s.
2026-08-17 21:35:40,596 [ERROR] Échec de la requête https://www.sec.gov/Archives/edgar/data/915912/000091591222000017/avb-20221103.htm (4 tentatives) : HTTPSConnectionPool(host='www.sec.gov', port=443): Max retries exceeded with url: /Archives/edgar/data/915912/000091591222000017/avb-20221103.htm (Caused by NameResolutionError("HTTPSConnection(host='www.sec.gov', port=443): Failed to resolve 'www.sec.gov' ([Errno 11001] getaddrinfo failed)"))
2026-08-17 21:35:40,596 [ERROR] Échec du téléchargement du filing https://www.sec.gov/Archives/edgar/data/915912/000091591222000017/avb-20221103.htm: https://www.sec.gov/Archives/edgar/data/915912/000091591222000017/avb-20221103.htm : HTTPSConnectionPool(host='www.sec.gov', port=443): Max retries exceeded with url: /Archives/edgar/data/915912/000091591222000017/avb-20221103.htm (Caused by NameResolutionError("HTTPSConnection(host='www.sec.gov', port=443): Failed to resolve 'www.sec.gov' ([Errno 11001] getaddrinfo failed)"))
2026-08-17 21:35:40,720 [WARNING] Requête https://www.sec.gov/Archives/edgar/data/915912/000110465922117110/tm2229895d1_8k.htm en échec (HTTPSConnectionPool(host='www.sec.gov', port=443): Max retries exceeded with url: /Archives/edgar/data/915912/000110465922117110/tm2229895d1_8k.htm (Caused by NameResolutionError("HTTPSConnection(host='www.sec.gov', port=443): Failed to resolve 'www.sec.gov' ([Errno 11001] getaddrinfo failed)"))), nouvelle tentative dans 2s.
2026-08-17 21:35:42,725 [WARNING] Requête https://www.sec.gov/Archives/edgar/data/915912/000110465922117110/tm2229895d1_8k.htm en échec (HTTPSConnectionPool(host='www.sec.gov', port=443): Max retries exceeded with url: /Archives/edgar/data/915912/000110465922117110/tm2229895d1_8k.htm (Caused by NameResolutionError("HTTPSConnection(host='www.sec.gov', port=443): Failed to resolve 'www.sec.gov' ([Errno 11001] getaddrinfo failed)"))), nouvelle tentative dans 4s.
2026-08-17 21:35:46,728 [WARNING] Requête https://www.sec.gov/Archives/edgar/data/915912/000110465922117110/tm2229895d1_8k.htm en échec (HTTPSConnectionPool(host='www.sec.gov', port=443): Max retries exceeded with url: /Archives/edgar/data/915912/000110465922117110/tm2229895d1_8k.htm (Caused by NameResolutionError("HTTPSConnection(host='www.sec.gov', port=443): Failed to resolve 'www.sec.gov' ([Errno 11001] getaddrinfo failed)"))), nouvelle tentative dans 8s.
2026-08-17 21:35:54,733 [ERROR] Échec de la requête https://www.sec.gov/Archives/edgar/data/915912/000110465922117110/tm2229895d1_8k.htm (4 tentatives) : HTTPSConnectionPool(host='www.sec.gov', port=443): Max retries exceeded with url: /Archives/edgar/data/915912/000110465922117110/tm2229895d1_8k.htm (Caused by NameResolutionError("HTTPSConnection(host='www.sec.gov', port=443): Failed to resolve 'www.sec.gov' ([Errno 11001] getaddrinfo failed)"))
2026-08-17 21:35:54,734 [ERROR] Échec du téléchargement du filing https://www.sec.gov/Archives/edgar/data/915912/000110465922117110/tm2229895d1_8k.htm: https://www.sec.gov/Archives/edgar/data/915912/000110465922117110/tm2229895d1_8k.htm : HTTPSConnectionPool(host='www.sec.gov', port=443): Max retries exceeded with url: /Archives/edgar/data/915912/000110465922117110/tm2229895d1_8k.htm (Caused by NameResolutionError("HTTPSConnection(host='www.sec.gov', port=443): Failed to resolve 'www.sec.gov' ([Errno 11001] getaddrinfo failed)"))
2026-08-17 21:35:54,858 [WARNING] Requête https://www.sec.gov/Archives/edgar/data/915912/000110465922125200/tm2232070d1_8k.htm en échec (HTTPSConnectionPool(host='www.sec.gov', port=443): Max retries exceeded with url: /Archives/edgar/data/915912/000110465922125200/tm2232070d1_8k.htm (Caused by NameResolutionError("HTTPSConnection(host='www.sec.gov', port=443): Failed to resolve 'www.sec.gov' ([Errno 11001] getaddrinfo failed)"))), nouvelle tentative dans 2s.
2026-08-17 21:35:56,863 [WARNING] Requête https://www.sec.gov/Archives/edgar/data/915912/000110465922125200/tm2232070d1_8k.htm en échec (HTTPSConnectionPool(host='www.sec.gov', port=443): Max retries exceeded with url: /Archives/edgar/data/915912/000110465922125200/tm2232070d1_8k.htm (Caused by NameResolutionError("HTTPSConnection(host='www.sec.gov', port=443): Failed to resolve 'www.sec.gov' ([Errno 11001] getaddrinfo failed)"))), nouvelle tentative dans 4s.
2026-08-17 21:36:00,877 [WARNING] Requête https://www.sec.gov/Archives/edgar/data/915912/000110465922125200/tm2232070d1_8k.htm en échec (HTTPSConnectionPool(host='www.sec.gov', port=443): Max retries exceeded with url: /Archives/edgar/data/915912/000110465922125200/tm2232070d1_8k.htm (Caused by NameResolutionError("HTTPSConnection(host='www.sec.gov', port=443): Failed to resolve 'www.sec.gov' ([Errno 11001] getaddrinfo failed)"))), nouvelle tentative dans 8s.
2026-08-17 21:36:08,882 [ERROR] Échec de la requête https://www.sec.gov/Archives/edgar/data/915912/000110465922125200/tm2232070d1_8k.htm (4 tentatives) : HTTPSConnectionPool(host='www.sec.gov', port=443): Max retries exceeded with url: /Archives/edgar/data/915912/000110465922125200/tm2232070d1_8k.htm (Caused by NameResolutionError("HTTPSConnection(host='www.sec.gov', port=443): Failed to resolve 'www.sec.gov' ([Errno 11001] getaddrinfo failed)"))
2026-08-17 21:36:08,882 [ERROR] Échec du téléchargement du filing https://www.sec.gov/Archives/edgar/data/915912/000110465922125200/tm2232070d1_8k.htm: https://www.sec.gov/Archives/edgar/data/915912/000110465922125200/tm2232070d1_8k.htm : HTTPSConnectionPool(host='www.sec.gov', port=443): Max retries exceeded with url: /Archives/edgar/data/915912/000110465922125200/tm2232070d1_8k.htm (Caused by NameResolutionError("HTTPSConnection(host='www.sec.gov', port=443): Failed to resolve 'www.sec.gov' ([Errno 11001] getaddrinfo failed)"))
2026-08-17 21:36:09,007 [WARNING] Requête https://www.sec.gov/Archives/edgar/data/915912/000110465923004307/tm233367d1_8k.htm en échec (HTTPSConnectionPool(host='www.sec.gov', port=443): Max retries exceeded with url: /Archives/edgar/data/915912/000110465923004307/tm233367d1_8k.htm (Caused by NameResolutionError("HTTPSConnection(host='www.sec.gov', port=443): Failed to resolve 'www.sec.gov' ([Errno 11001] getaddrinfo failed)"))), nouvelle tentative dans 2s.
2026-08-17 21:36:11,011 [WARNING] Requête https://www.sec.gov/Archives/edgar/data/915912/000110465923004307/tm233367d1_8k.htm en échec (HTTPSConnectionPool(host='www.sec.gov', port=443): Max retries exceeded with url: /Archives/edgar/data/915912/000110465923004307/tm233367d1_8k.htm (Caused by NameResolutionError("HTTPSConnection(host='www.sec.gov', port=443): Failed to resolve 'www.sec.gov' ([Errno 11001] getaddrinfo failed)"))), nouvelle tentative dans 4s.
2026-08-17 21:36:15,020 [WARNING] Requête https://www.sec.gov/Archives/edgar/data/915912/000110465923004307/tm233367d1_8k.htm en échec (HTTPSConnectionPool(host='www.sec.gov', port=443): Max retries exceeded with url: /Archives/edgar/data/915912/000110465923004307/tm233367d1_8k.htm (Caused by NameResolutionError("HTTPSConnection(host='www.sec.gov', port=443): Failed to resolve 'www.sec.gov' ([Errno 11001] getaddrinfo failed)"))), nouvelle tentative dans 8s.
2026-08-17 21:36:23,024 [ERROR] Échec de la requête https://www.sec.gov/Archives/edgar/data/915912/000110465923004307/tm233367d1_8k.htm (4 tentatives) : HTTPSConnectionPool(host='www.sec.gov', port=443): Max retries exceeded with url: /Archives/edgar/data/915912/000110465923004307/tm233367d1_8k.htm (Caused by NameResolutionError("HTTPSConnection(host='www.sec.gov', port=443): Failed to resolve 'www.sec.gov' ([Errno 11001] getaddrinfo failed)"))
2026-08-17 21:36:23,025 [ERROR] Échec du téléchargement du filing https://www.sec.gov/Archives/edgar/data/915912/000110465923004307/tm233367d1_8k.htm: https://www.sec.gov/Archives/edgar/data/915912/000110465923004307/tm233367d1_8k.htm : HTTPSConnectionPool(host='www.sec.gov', port=443): Max retries exceeded with url: /Archives/edgar/data/915912/000110465923004307/tm233367d1_8k.htm (Caused by NameResolutionError("HTTPSConnection(host='www.sec.gov', port=443): Failed to resolve 'www.sec.gov' ([Errno 11001] getaddrinfo failed)"))
2026-08-17 21:36:23,150 [WARNING] Requête https://www.sec.gov/Archives/edgar/data/915912/000091591223000002/avb-20230208.htm en échec (HTTPSConnectionPool(host='www.sec.gov', port=443): Max retries exceeded with url: /Archives/edgar/data/915912/000091591223000002/avb-20230208.htm (Caused by NameResolutionError("HTTPSConnection(host='www.sec.gov', port=443): Failed to resolve 'www.sec.gov' ([Errno 11001] getaddrinfo failed)"))), nouvelle tentative dans 2s.
2026-08-17 21:36:25,154 [WARNING] Requête https://www.sec.gov/Archives/edgar/data/915912/000091591223000002/avb-20230208.htm en échec (HTTPSConnectionPool(host='www.sec.gov', port=443): Max retries exceeded with url: /Archives/edgar/data/915912/000091591223000002/avb-20230208.htm (Caused by NameResolutionError("HTTPSConnection(host='www.sec.gov', port=443): Failed to resolve 'www.sec.gov' ([Errno 11001] getaddrinfo failed)"))), nouvelle tentative dans 4s.
2026-08-17 21:36:29,159 [WARNING] Requête https://www.sec.gov/Archives/edgar/data/915912/000091591223000002/avb-20230208.htm en échec (HTTPSConnectionPool(host='www.sec.gov', port=443): Max retries exceeded with url: /Archives/edgar/data/915912/000091591223000002/avb-20230208.htm (Caused by NameResolutionError("HTTPSConnection(host='www.sec.gov', port=443): Failed to resolve 'www.sec.gov' ([Errno 11001] getaddrinfo failed)"))), nouvelle tentative dans 8s.
2026-08-17 21:36:37,163 [ERROR] Échec de la requête https://www.sec.gov/Archives/edgar/data/915912/000091591223000002/avb-20230208.htm (4 tentatives) : HTTPSConnectionPool(host='www.sec.gov', port=443): Max retries exceeded with url: /Archives/edgar/data/915912/000091591223000002/avb-20230208.htm (Caused by NameResolutionError("HTTPSConnection(host='www.sec.gov', port=443): Failed to resolve 'www.sec.gov' ([Errno 11001] getaddrinfo failed)"))
2026-08-17 21:36:37,163 [ERROR] Échec du téléchargement du filing https://www.sec.gov/Archives/edgar/data/915912/000091591223000002/avb-20230208.htm: https://www.sec.gov/Archives/edgar/data/915912/000091591223000002/avb-20230208.htm : HTTPSConnectionPool(host='www.sec.gov', port=443): Max retries exceeded with url: /Archives/edgar/data/915912/000091591223000002/avb-20230208.htm (Caused by NameResolutionError("HTTPSConnection(host='www.sec.gov', port=443): Failed to resolve 'www.sec.gov' ([Errno 11001] getaddrinfo failed)"))
2026-08-17 21:36:37,289 [WARNING] Requête https://www.sec.gov/Archives/edgar/data/915912/000162828023013351/avb-20230426.htm en échec (HTTPSConnectionPool(host='www.sec.gov', port=443): Max retries exceeded with url: /Archives/edgar/data/915912/000162828023013351/avb-20230426.htm (Caused by NameResolutionError("HTTPSConnection(host='www.sec.gov', port=443): Failed to resolve 'www.sec.gov' ([Errno 11001] getaddrinfo failed)"))), nouvelle tentative dans 2s.
2026-08-17 21:36:39,294 [WARNING] Requête https://www.sec.gov/Archives/edgar/data/915912/000162828023013351/avb-20230426.htm en échec (HTTPSConnectionPool(host='www.sec.gov', port=443): Max retries exceeded with url: /Archives/edgar/data/915912/000162828023013351/avb-20230426.htm (Caused by NameResolutionError("HTTPSConnection(host='www.sec.gov', port=443): Failed to resolve 'www.sec.gov' ([Errno 11001] getaddrinfo failed)"))), nouvelle tentative dans 4s.
2026-08-17 21:36:43,300 [WARNING] Requête https://www.sec.gov/Archives/edgar/data/915912/000162828023013351/avb-20230426.htm en échec (HTTPSConnectionPool(host='www.sec.gov', port=443): Max retries exceeded with url: /Archives/edgar/data/915912/000162828023013351/avb-20230426.htm (Caused by NameResolutionError("HTTPSConnection(host='www.sec.gov', port=443): Failed to resolve 'www.sec.gov' ([Errno 11001] getaddrinfo failed)"))), nouvelle tentative dans 8s.
2026-08-17 21:36:51,304 [ERROR] Échec de la requête https://www.sec.gov/Archives/edgar/data/915912/000162828023013351/avb-20230426.htm (4 tentatives) : HTTPSConnectionPool(host='www.sec.gov', port=443): Max retries exceeded with url: /Archives/edgar/data/915912/000162828023013351/avb-20230426.htm (Caused by NameResolutionError("HTTPSConnection(host='www.sec.gov', port=443): Failed to resolve 'www.sec.gov' ([Errno 11001] getaddrinfo failed)"))
2026-08-17 21:36:51,305 [ERROR] Échec du téléchargement du filing https://www.sec.gov/Archives/edgar/data/915912/000162828023013351/avb-20230426.htm: https://www.sec.gov/Archives/edgar/data/915912/000162828023013351/avb-20230426.htm : HTTPSConnectionPool(host='www.sec.gov', port=443): Max retries exceeded with url: /Archives/edgar/data/915912/000162828023013351/avb-20230426.htm (Caused by NameResolutionError("HTTPSConnection(host='www.sec.gov', port=443): Failed to resolve 'www.sec.gov' ([Errno 11001] getaddrinfo failed)"))
2026-08-17 21:36:51,429 [WARNING] Requête https://www.sec.gov/Archives/edgar/data/915912/000110465923064823/tm2316141d1_8k.htm en échec (HTTPSConnectionPool(host='www.sec.gov', port=443): Max retries exceeded with url: /Archives/edgar/data/915912/000110465923064823/tm2316141d1_8k.htm (Caused by NameResolutionError("HTTPSConnection(host='www.sec.gov', port=443): Failed to resolve 'www.sec.gov' ([Errno 11001] getaddrinfo failed)"))), nouvelle tentative dans 2s.
2026-08-17 21:36:53,434 [WARNING] Requête https://www.sec.gov/Archives/edgar/data/915912/000110465923064823/tm2316141d1_8k.htm en échec (HTTPSConnectionPool(host='www.sec.gov', port=443): Max retries exceeded with url: /Archives/edgar/data/915912/000110465923064823/tm2316141d1_8k.htm (Caused by NameResolutionError("HTTPSConnection(host='www.sec.gov', port=443): Failed to resolve 'www.sec.gov' ([Errno 11001] getaddrinfo failed)"))), nouvelle tentative dans 4s.
2026-08-17 21:36:57,438 [WARNING] Requête https://www.sec.gov/Archives/edgar/data/915912/000110465923064823/tm2316141d1_8k.htm en échec (HTTPSConnectionPool(host='www.sec.gov', port=443): Max retries exceeded with url: /Archives/edgar/data/915912/000110465923064823/tm2316141d1_8k.htm (Caused by NameResolutionError("HTTPSConnection(host='www.sec.gov', port=443): Failed to resolve 'www.sec.gov' ([Errno 11001] getaddrinfo failed)"))), nouvelle tentative dans 8s.
2026-08-17 21:37:05,445 [ERROR] Échec de la requête https://www.sec.gov/Archives/edgar/data/915912/000110465923064823/tm2316141d1_8k.htm (4 tentatives) : HTTPSConnectionPool(host='www.sec.gov', port=443): Max retries exceeded with url: /Archives/edgar/data/915912/000110465923064823/tm2316141d1_8k.htm (Caused by NameResolutionError("HTTPSConnection(host='www.sec.gov', port=443): Failed to resolve 'www.sec.gov' ([Errno 11001] getaddrinfo failed)"))
2026-08-17 21:37:05,447 [ERROR] Échec du téléchargement du filing https://www.sec.gov/Archives/edgar/data/915912/000110465923064823/tm2316141d1_8k.htm: https://www.sec.gov/Archives/edgar/data/915912/000110465923064823/tm2316141d1_8k.htm : HTTPSConnectionPool(host='www.sec.gov', port=443): Max retries exceeded with url: /Archives/edgar/data/915912/000110465923064823/tm2316141d1_8k.htm (Caused by NameResolutionError("HTTPSConnection(host='www.sec.gov', port=443): Failed to resolve 'www.sec.gov' ([Errno 11001] getaddrinfo failed)"))
2026-08-17 21:37:05,569 [WARNING] Requête https://www.sec.gov/Archives/edgar/data/915912/000091591223000012/avb-20230731.htm en échec (HTTPSConnectionPool(host='www.sec.gov', port=443): Max retries exceeded with url: /Archives/edgar/data/915912/000091591223000012/avb-20230731.htm (Caused by NameResolutionError("HTTPSConnection(host='www.sec.gov', port=443): Failed to resolve 'www.sec.gov' ([Errno 11001] getaddrinfo failed)"))), nouvelle tentative dans 2s.
2026-08-17 21:37:07,573 [WARNING] Requête https://www.sec.gov/Archives/edgar/data/915912/000091591223000012/avb-20230731.htm en échec (HTTPSConnectionPool(host='www.sec.gov', port=443): Max retries exceeded with url: /Archives/edgar/data/915912/000091591223000012/avb-20230731.htm (Caused by NameResolutionError("HTTPSConnection(host='www.sec.gov', port=443): Failed to resolve 'www.sec.gov' ([Errno 11001] getaddrinfo failed)"))), nouvelle tentative dans 4s.
2026-08-17 21:37:11,577 [WARNING] Requête https://www.sec.gov/Archives/edgar/data/915912/000091591223000012/avb-20230731.htm en échec (HTTPSConnectionPool(host='www.sec.gov', port=443): Max retries exceeded with url: /Archives/edgar/data/915912/000091591223000012/avb-20230731.htm (Caused by NameResolutionError("HTTPSConnection(host='www.sec.gov', port=443): Failed to resolve 'www.sec.gov' ([Errno 11001] getaddrinfo failed)"))), nouvelle tentative dans 8s.
2026-08-17 21:37:19,582 [ERROR] Échec de la requête https://www.sec.gov/Archives/edgar/data/915912/000091591223000012/avb-20230731.htm (4 tentatives) : HTTPSConnectionPool(host='www.sec.gov', port=443): Max retries exceeded with url: /Archives/edgar/data/915912/000091591223000012/avb-20230731.htm (Caused by NameResolutionError("HTTPSConnection(host='www.sec.gov', port=443): Failed to resolve 'www.sec.gov' ([Errno 11001] getaddrinfo failed)"))
2026-08-17 21:37:19,583 [ERROR] Échec du téléchargement du filing https://www.sec.gov/Archives/edgar/data/915912/000091591223000012/avb-20230731.htm: https://www.sec.gov/Archives/edgar/data/915912/000091591223000012/avb-20230731.htm : HTTPSConnectionPool(host='www.sec.gov', port=443): Max retries exceeded with url: /Archives/edgar/data/915912/000091591223000012/avb-20230731.htm (Caused by NameResolutionError("HTTPSConnection(host='www.sec.gov', port=443): Failed to resolve 'www.sec.gov' ([Errno 11001] getaddrinfo failed)"))
2026-08-17 21:37:19,706 [WARNING] Requête https://www.sec.gov/Archives/edgar/data/915912/000091591223000016/avb-20231025.htm en échec (HTTPSConnectionPool(host='www.sec.gov', port=443): Max retries exceeded with url: /Archives/edgar/data/915912/000091591223000016/avb-20231025.htm (Caused by NameResolutionError("HTTPSConnection(host='www.sec.gov', port=443): Failed to resolve 'www.sec.gov' ([Errno 11001] getaddrinfo failed)"))), nouvelle tentative dans 2s.
2026-08-17 21:37:21,712 [WARNING] Requête https://www.sec.gov/Archives/edgar/data/915912/000091591223000016/avb-20231025.htm en échec (HTTPSConnectionPool(host='www.sec.gov', port=443): Max retries exceeded with url: /Archives/edgar/data/915912/000091591223000016/avb-20231025.htm (Caused by NameResolutionError("HTTPSConnection(host='www.sec.gov', port=443): Failed to resolve 'www.sec.gov' ([Errno 11001] getaddrinfo failed)"))), nouvelle tentative dans 4s.
2026-08-17 21:37:25,716 [WARNING] Requête https://www.sec.gov/Archives/edgar/data/915912/000091591223000016/avb-20231025.htm en échec (HTTPSConnectionPool(host='www.sec.gov', port=443): Max retries exceeded with url: /Archives/edgar/data/915912/000091591223000016/avb-20231025.htm (Caused by NameResolutionError("HTTPSConnection(host='www.sec.gov', port=443): Failed to resolve 'www.sec.gov' ([Errno 11001] getaddrinfo failed)"))), nouvelle tentative dans 8s.
2026-08-17 21:37:33,720 [ERROR] Échec de la requête https://www.sec.gov/Archives/edgar/data/915912/000091591223000016/avb-20231025.htm (4 tentatives) : HTTPSConnectionPool(host='www.sec.gov', port=443): Max retries exceeded with url: /Archives/edgar/data/915912/000091591223000016/avb-20231025.htm (Caused by NameResolutionError("HTTPSConnection(host='www.sec.gov', port=443): Failed to resolve 'www.sec.gov' ([Errno 11001] getaddrinfo failed)"))
2026-08-17 21:37:33,721 [ERROR] Échec du téléchargement du filing https://www.sec.gov/Archives/edgar/data/915912/000091591223000016/avb-20231025.htm: https://www.sec.gov/Archives/edgar/data/915912/000091591223000016/avb-20231025.htm : HTTPSConnectionPool(host='www.sec.gov', port=443): Max retries exceeded with url: /Archives/edgar/data/915912/000091591223000016/avb-20231025.htm (Caused by NameResolutionError("HTTPSConnection(host='www.sec.gov', port=443): Failed to resolve 'www.sec.gov' ([Errno 11001] getaddrinfo failed)"))
2026-08-17 21:37:33,846 [WARNING] Requête https://www.sec.gov/Archives/edgar/data/915912/000110465923112594/tm2329082d1_8k.htm en échec (HTTPSConnectionPool(host='www.sec.gov', port=443): Max retries exceeded with url: /Archives/edgar/data/915912/000110465923112594/tm2329082d1_8k.htm (Caused by NameResolutionError("HTTPSConnection(host='www.sec.gov', port=443): Failed to resolve 'www.sec.gov' ([Errno 11001] getaddrinfo failed)"))), nouvelle tentative dans 2s.
2026-08-17 21:37:35,852 [WARNING] Requête https://www.sec.gov/Archives/edgar/data/915912/000110465923112594/tm2329082d1_8k.htm en échec (HTTPSConnectionPool(host='www.sec.gov', port=443): Max retries exceeded with url: /Archives/edgar/data/915912/000110465923112594/tm2329082d1_8k.htm (Caused by NameResolutionError("HTTPSConnection(host='www.sec.gov', port=443): Failed to resolve 'www.sec.gov' ([Errno 11001] getaddrinfo failed)"))), nouvelle tentative dans 4s.
2026-08-17 21:37:39,856 [WARNING] Requête https://www.sec.gov/Archives/edgar/data/915912/000110465923112594/tm2329082d1_8k.htm en échec (HTTPSConnectionPool(host='www.sec.gov', port=443): Max retries exceeded with url: /Archives/edgar/data/915912/000110465923112594/tm2329082d1_8k.htm (Caused by NameResolutionError("HTTPSConnection(host='www.sec.gov', port=443): Failed to resolve 'www.sec.gov' ([Errno 11001] getaddrinfo failed)"))), nouvelle tentative dans 8s.
2026-08-17 21:37:47,861 [ERROR] Échec de la requête https://www.sec.gov/Archives/edgar/data/915912/000110465923112594/tm2329082d1_8k.htm (4 tentatives) : HTTPSConnectionPool(host='www.sec.gov', port=443): Max retries exceeded with url: /Archives/edgar/data/915912/000110465923112594/tm2329082d1_8k.htm (Caused by NameResolutionError("HTTPSConnection(host='www.sec.gov', port=443): Failed to resolve 'www.sec.gov' ([Errno 11001] getaddrinfo failed)"))
2026-08-17 21:37:47,862 [ERROR] Échec du téléchargement du filing https://www.sec.gov/Archives/edgar/data/915912/000110465923112594/tm2329082d1_8k.htm: https://www.sec.gov/Archives/edgar/data/915912/000110465923112594/tm2329082d1_8k.htm : HTTPSConnectionPool(host='www.sec.gov', port=443): Max retries exceeded with url: /Archives/edgar/data/915912/000110465923112594/tm2329082d1_8k.htm (Caused by NameResolutionError("HTTPSConnection(host='www.sec.gov', port=443): Failed to resolve 'www.sec.gov' ([Errno 11001] getaddrinfo failed)"))
2026-08-17 21:37:47,986 [WARNING] Requête https://www.sec.gov/Archives/edgar/data/915912/000110465923124341/tm2332384d1_8k.htm en échec (HTTPSConnectionPool(host='www.sec.gov', port=443): Max retries exceeded with url: /Archives/edgar/data/915912/000110465923124341/tm2332384d1_8k.htm (Caused by NameResolutionError("HTTPSConnection(host='www.sec.gov', port=443): Failed to resolve 'www.sec.gov' ([Errno 11001] getaddrinfo failed)"))), nouvelle tentative dans 2s.
2026-08-17 21:37:49,990 [WARNING] Requête https://www.sec.gov/Archives/edgar/data/915912/000110465923124341/tm2332384d1_8k.htm en échec (HTTPSConnectionPool(host='www.sec.gov', port=443): Max retries exceeded with url: /Archives/edgar/data/915912/000110465923124341/tm2332384d1_8k.htm (Caused by NameResolutionError("HTTPSConnection(host='www.sec.gov', port=443): Failed to resolve 'www.sec.gov' ([Errno 11001] getaddrinfo failed)"))), nouvelle tentative dans 4s.
2026-08-17 21:37:53,994 [WARNING] Requête https://www.sec.gov/Archives/edgar/data/915912/000110465923124341/tm2332384d1_8k.htm en échec (HTTPSConnectionPool(host='www.sec.gov', port=443): Max retries exceeded with url: /Archives/edgar/data/915912/000110465923124341/tm2332384d1_8k.htm (Caused by NameResolutionError("HTTPSConnection(host='www.sec.gov', port=443): Failed to resolve 'www.sec.gov' ([Errno 11001] getaddrinfo failed)"))), nouvelle tentative dans 8s.
2026-08-17 21:38:01,999 [ERROR] Échec de la requête https://www.sec.gov/Archives/edgar/data/915912/000110465923124341/tm2332384d1_8k.htm (4 tentatives) : HTTPSConnectionPool(host='www.sec.gov', port=443): Max retries exceeded with url: /Archives/edgar/data/915912/000110465923124341/tm2332384d1_8k.htm (Caused by NameResolutionError("HTTPSConnection(host='www.sec.gov', port=443): Failed to resolve 'www.sec.gov' ([Errno 11001] getaddrinfo failed)"))
2026-08-17 21:38:01,999 [ERROR] Échec du téléchargement du filing https://www.sec.gov/Archives/edgar/data/915912/000110465923124341/tm2332384d1_8k.htm: https://www.sec.gov/Archives/edgar/data/915912/000110465923124341/tm2332384d1_8k.htm : HTTPSConnectionPool(host='www.sec.gov', port=443): Max retries exceeded with url: /Archives/edgar/data/915912/000110465923124341/tm2332384d1_8k.htm (Caused by NameResolutionError("HTTPSConnection(host='www.sec.gov', port=443): Failed to resolve 'www.sec.gov' ([Errno 11001] getaddrinfo failed)"))
2026-08-17 21:38:02,125 [WARNING] Requête https://www.sec.gov/Archives/edgar/data/915912/000110465924007739/tm243925d1_8k.htm en échec (HTTPSConnectionPool(host='www.sec.gov', port=443): Max retries exceeded with url: /Archives/edgar/data/915912/000110465924007739/tm243925d1_8k.htm (Caused by NameResolutionError("HTTPSConnection(host='www.sec.gov', port=443): Failed to resolve 'www.sec.gov' ([Errno 11001] getaddrinfo failed)"))), nouvelle tentative dans 2s.
2026-08-17 21:38:04,130 [WARNING] Requête https://www.sec.gov/Archives/edgar/data/915912/000110465924007739/tm243925d1_8k.htm en échec (HTTPSConnectionPool(host='www.sec.gov', port=443): Max retries exceeded with url: /Archives/edgar/data/915912/000110465924007739/tm243925d1_8k.htm (Caused by NameResolutionError("HTTPSConnection(host='www.sec.gov', port=443): Failed to resolve 'www.sec.gov' ([Errno 11001] getaddrinfo failed)"))), nouvelle tentative dans 4s.
2026-08-17 21:38:08,135 [WARNING] Requête https://www.sec.gov/Archives/edgar/data/915912/000110465924007739/tm243925d1_8k.htm en échec (HTTPSConnectionPool(host='www.sec.gov', port=443): Max retries exceeded with url: /Archives/edgar/data/915912/000110465924007739/tm243925d1_8k.htm (Caused by NameResolutionError("HTTPSConnection(host='www.sec.gov', port=443): Failed to resolve 'www.sec.gov' ([Errno 11001] getaddrinfo failed)"))), nouvelle tentative dans 8s.
2026-08-17 21:38:16,139 [ERROR] Échec de la requête https://www.sec.gov/Archives/edgar/data/915912/000110465924007739/tm243925d1_8k.htm (4 tentatives) : HTTPSConnectionPool(host='www.sec.gov', port=443): Max retries exceeded with url: /Archives/edgar/data/915912/000110465924007739/tm243925d1_8k.htm (Caused by NameResolutionError("HTTPSConnection(host='www.sec.gov', port=443): Failed to resolve 'www.sec.gov' ([Errno 11001] getaddrinfo failed)"))
2026-08-17 21:38:16,140 [ERROR] Échec du téléchargement du filing https://www.sec.gov/Archives/edgar/data/915912/000110465924007739/tm243925d1_8k.htm: https://www.sec.gov/Archives/edgar/data/915912/000110465924007739/tm243925d1_8k.htm : HTTPSConnectionPool(host='www.sec.gov', port=443): Max retries exceeded with url: /Archives/edgar/data/915912/000110465924007739/tm243925d1_8k.htm (Caused by NameResolutionError("HTTPSConnection(host='www.sec.gov', port=443): Failed to resolve 'www.sec.gov' ([Errno 11001] getaddrinfo failed)"))
2026-08-17 21:38:16,266 [WARNING] Requête https://www.sec.gov/Archives/edgar/data/915912/000091591224000002/avb-20240131.htm en échec (HTTPSConnectionPool(host='www.sec.gov', port=443): Max retries exceeded with url: /Archives/edgar/data/915912/000091591224000002/avb-20240131.htm (Caused by NameResolutionError("HTTPSConnection(host='www.sec.gov', port=443): Failed to resolve 'www.sec.gov' ([Errno 11001] getaddrinfo failed)"))), nouvelle tentative dans 2s.
2026-08-17 21:38:18,270 [WARNING] Requête https://www.sec.gov/Archives/edgar/data/915912/000091591224000002/avb-20240131.htm en échec (HTTPSConnectionPool(host='www.sec.gov', port=443): Max retries exceeded with url: /Archives/edgar/data/915912/000091591224000002/avb-20240131.htm (Caused by NameResolutionError("HTTPSConnection(host='www.sec.gov', port=443): Failed to resolve 'www.sec.gov' ([Errno 11001] getaddrinfo failed)"))), nouvelle tentative dans 4s.
2026-08-17 21:38:22,275 [WARNING] Requête https://www.sec.gov/Archives/edgar/data/915912/000091591224000002/avb-20240131.htm en échec (HTTPSConnectionPool(host='www.sec.gov', port=443): Max retries exceeded with url: /Archives/edgar/data/915912/000091591224000002/avb-20240131.htm (Caused by NameResolutionError("HTTPSConnection(host='www.sec.gov', port=443): Failed to resolve 'www.sec.gov' ([Errno 11001] getaddrinfo failed)"))), nouvelle tentative dans 8s.
2026-08-17 21:38:30,279 [ERROR] Échec de la requête https://www.sec.gov/Archives/edgar/data/915912/000091591224000002/avb-20240131.htm (4 tentatives) : HTTPSConnectionPool(host='www.sec.gov', port=443): Max retries exceeded with url: /Archives/edgar/data/915912/000091591224000002/avb-20240131.htm (Caused by NameResolutionError("HTTPSConnection(host='www.sec.gov', port=443): Failed to resolve 'www.sec.gov' ([Errno 11001] getaddrinfo failed)"))
2026-08-17 21:38:30,280 [ERROR] Échec du téléchargement du filing https://www.sec.gov/Archives/edgar/data/915912/000091591224000002/avb-20240131.htm: https://www.sec.gov/Archives/edgar/data/915912/000091591224000002/avb-20240131.htm : HTTPSConnectionPool(host='www.sec.gov', port=443): Max retries exceeded with url: /Archives/edgar/data/915912/000091591224000002/avb-20240131.htm (Caused by NameResolutionError("HTTPSConnection(host='www.sec.gov', port=443): Failed to resolve 'www.sec.gov' ([Errno 11001] getaddrinfo failed)"))
2026-08-17 21:38:30,404 [WARNING] Requête https://www.sec.gov/Archives/edgar/data/915912/000110465924016943/tm245539d1_8k.htm en échec (HTTPSConnectionPool(host='www.sec.gov', port=443): Max retries exceeded with url: /Archives/edgar/data/915912/000110465924016943/tm245539d1_8k.htm (Caused by NameResolutionError("HTTPSConnection(host='www.sec.gov', port=443): Failed to resolve 'www.sec.gov' ([Errno 11001] getaddrinfo failed)"))), nouvelle tentative dans 2s.
2026-08-17 21:38:32,408 [WARNING] Requête https://www.sec.gov/Archives/edgar/data/915912/000110465924016943/tm245539d1_8k.htm en échec (HTTPSConnectionPool(host='www.sec.gov', port=443): Max retries exceeded with url: /Archives/edgar/data/915912/000110465924016943/tm245539d1_8k.htm (Caused by NameResolutionError("HTTPSConnection(host='www.sec.gov', port=443): Failed to resolve 'www.sec.gov' ([Errno 11001] getaddrinfo failed)"))), nouvelle tentative dans 4s.
2026-08-17 21:38:36,411 [WARNING] Requête https://www.sec.gov/Archives/edgar/data/915912/000110465924016943/tm245539d1_8k.htm en échec (HTTPSConnectionPool(host='www.sec.gov', port=443): Max retries exceeded with url: /Archives/edgar/data/915912/000110465924016943/tm245539d1_8k.htm (Caused by NameResolutionError("HTTPSConnection(host='www.sec.gov', port=443): Failed to resolve 'www.sec.gov' ([Errno 11001] getaddrinfo failed)"))), nouvelle tentative dans 8s.
2026-08-17 21:38:44,413 [ERROR] Échec de la requête https://www.sec.gov/Archives/edgar/data/915912/000110465924016943/tm245539d1_8k.htm (4 tentatives) : HTTPSConnectionPool(host='www.sec.gov', port=443): Max retries exceeded with url: /Archives/edgar/data/915912/000110465924016943/tm245539d1_8k.htm (Caused by NameResolutionError("HTTPSConnection(host='www.sec.gov', port=443): Failed to resolve 'www.sec.gov' ([Errno 11001] getaddrinfo failed)"))
2026-08-17 21:38:44,413 [ERROR] Échec du téléchargement du filing https://www.sec.gov/Archives/edgar/data/915912/000110465924016943/tm245539d1_8k.htm: https://www.sec.gov/Archives/edgar/data/915912/000110465924016943/tm245539d1_8k.htm : HTTPSConnectionPool(host='www.sec.gov', port=443): Max retries exceeded with url: /Archives/edgar/data/915912/000110465924016943/tm245539d1_8k.htm (Caused by NameResolutionError("HTTPSConnection(host='www.sec.gov', port=443): Failed to resolve 'www.sec.gov' ([Errno 11001] getaddrinfo failed)"))
2026-08-17 21:38:44,539 [WARNING] Requête https://www.sec.gov/Archives/edgar/data/915912/000110465924027117/tm247099d1_8k.htm en échec (HTTPSConnectionPool(host='www.sec.gov', port=443): Max retries exceeded with url: /Archives/edgar/data/915912/000110465924027117/tm247099d1_8k.htm (Caused by NameResolutionError("HTTPSConnection(host='www.sec.gov', port=443): Failed to resolve 'www.sec.gov' ([Errno 11001] getaddrinfo failed)"))), nouvelle tentative dans 2s.
2026-08-17 21:38:46,542 [WARNING] Requête https://www.sec.gov/Archives/edgar/data/915912/000110465924027117/tm247099d1_8k.htm en échec (HTTPSConnectionPool(host='www.sec.gov', port=443): Max retries exceeded with url: /Archives/edgar/data/915912/000110465924027117/tm247099d1_8k.htm (Caused by NameResolutionError("HTTPSConnection(host='www.sec.gov', port=443): Failed to resolve 'www.sec.gov' ([Errno 11001] getaddrinfo failed)"))), nouvelle tentative dans 4s.
2026-08-17 21:38:50,544 [WARNING] Requête https://www.sec.gov/Archives/edgar/data/915912/000110465924027117/tm247099d1_8k.htm en échec (HTTPSConnectionPool(host='www.sec.gov', port=443): Max retries exceeded with url: /Archives/edgar/data/915912/000110465924027117/tm247099d1_8k.htm (Caused by NameResolutionError("HTTPSConnection(host='www.sec.gov', port=443): Failed to resolve 'www.sec.gov' ([Errno 11001] getaddrinfo failed)"))), nouvelle tentative dans 8s.
2026-08-17 21:38:58,547 [ERROR] Échec de la requête https://www.sec.gov/Archives/edgar/data/915912/000110465924027117/tm247099d1_8k.htm (4 tentatives) : HTTPSConnectionPool(host='www.sec.gov', port=443): Max retries exceeded with url: /Archives/edgar/data/915912/000110465924027117/tm247099d1_8k.htm (Caused by NameResolutionError("HTTPSConnection(host='www.sec.gov', port=443): Failed to resolve 'www.sec.gov' ([Errno 11001] getaddrinfo failed)"))
2026-08-17 21:38:58,547 [ERROR] Échec du téléchargement du filing https://www.sec.gov/Archives/edgar/data/915912/000110465924027117/tm247099d1_8k.htm: https://www.sec.gov/Archives/edgar/data/915912/000110465924027117/tm247099d1_8k.htm : HTTPSConnectionPool(host='www.sec.gov', port=443): Max retries exceeded with url: /Archives/edgar/data/915912/000110465924027117/tm247099d1_8k.htm (Caused by NameResolutionError("HTTPSConnection(host='www.sec.gov', port=443): Failed to resolve 'www.sec.gov' ([Errno 11001] getaddrinfo failed)"))
2026-08-17 21:38:58,672 [WARNING] Requête https://www.sec.gov/Archives/edgar/data/915912/000091591224000009/avb-20240425.htm en échec (HTTPSConnectionPool(host='www.sec.gov', port=443): Max retries exceeded with url: /Archives/edgar/data/915912/000091591224000009/avb-20240425.htm (Caused by NameResolutionError("HTTPSConnection(host='www.sec.gov', port=443): Failed to resolve 'www.sec.gov' ([Errno 11001] getaddrinfo failed)"))), nouvelle tentative dans 2s.
2026-08-17 21:39:00,679 [WARNING] Requête https://www.sec.gov/Archives/edgar/data/915912/000091591224000009/avb-20240425.htm en échec (HTTPSConnectionPool(host='www.sec.gov', port=443): Max retries exceeded with url: /Archives/edgar/data/915912/000091591224000009/avb-20240425.htm (Caused by NameResolutionError("HTTPSConnection(host='www.sec.gov', port=443): Failed to resolve 'www.sec.gov' ([Errno 11001] getaddrinfo failed)"))), nouvelle tentative dans 4s.
2026-08-17 21:39:04,681 [WARNING] Requête https://www.sec.gov/Archives/edgar/data/915912/000091591224000009/avb-20240425.htm en échec (HTTPSConnectionPool(host='www.sec.gov', port=443): Max retries exceeded with url: /Archives/edgar/data/915912/000091591224000009/avb-20240425.htm (Caused by NameResolutionError("HTTPSConnection(host='www.sec.gov', port=443): Failed to resolve 'www.sec.gov' ([Errno 11001] getaddrinfo failed)"))), nouvelle tentative dans 8s.
2026-08-17 21:39:12,683 [ERROR] Échec de la requête https://www.sec.gov/Archives/edgar/data/915912/000091591224000009/avb-20240425.htm (4 tentatives) : HTTPSConnectionPool(host='www.sec.gov', port=443): Max retries exceeded with url: /Archives/edgar/data/915912/000091591224000009/avb-20240425.htm (Caused by NameResolutionError("HTTPSConnection(host='www.sec.gov', port=443): Failed to resolve 'www.sec.gov' ([Errno 11001] getaddrinfo failed)"))
2026-08-17 21:39:12,683 [ERROR] Échec du téléchargement du filing https://www.sec.gov/Archives/edgar/data/915912/000091591224000009/avb-20240425.htm: https://www.sec.gov/Archives/edgar/data/915912/000091591224000009/avb-20240425.htm : HTTPSConnectionPool(host='www.sec.gov', port=443): Max retries exceeded with url: /Archives/edgar/data/915912/000091591224000009/avb-20240425.htm (Caused by NameResolutionError("HTTPSConnection(host='www.sec.gov', port=443): Failed to resolve 'www.sec.gov' ([Errno 11001] getaddrinfo failed)"))
2026-08-17 21:39:12,809 [WARNING] Requête https://www.sec.gov/Archives/edgar/data/915912/000110465924061178/tm2414397d1_8k.htm en échec (HTTPSConnectionPool(host='www.sec.gov', port=443): Max retries exceeded with url: /Archives/edgar/data/915912/000110465924061178/tm2414397d1_8k.htm (Caused by NameResolutionError("HTTPSConnection(host='www.sec.gov', port=443): Failed to resolve 'www.sec.gov' ([Errno 11001] getaddrinfo failed)"))), nouvelle tentative dans 2s.
2026-08-17 21:39:14,812 [WARNING] Requête https://www.sec.gov/Archives/edgar/data/915912/000110465924061178/tm2414397d1_8k.htm en échec (HTTPSConnectionPool(host='www.sec.gov', port=443): Max retries exceeded with url: /Archives/edgar/data/915912/000110465924061178/tm2414397d1_8k.htm (Caused by NameResolutionError("HTTPSConnection(host='www.sec.gov', port=443): Failed to resolve 'www.sec.gov' ([Errno 11001] getaddrinfo failed)"))), nouvelle tentative dans 4s.
2026-08-17 21:39:18,815 [WARNING] Requête https://www.sec.gov/Archives/edgar/data/915912/000110465924061178/tm2414397d1_8k.htm en échec (HTTPSConnectionPool(host='www.sec.gov', port=443): Max retries exceeded with url: /Archives/edgar/data/915912/000110465924061178/tm2414397d1_8k.htm (Caused by NameResolutionError("HTTPSConnection(host='www.sec.gov', port=443): Failed to resolve 'www.sec.gov' ([Errno 11001] getaddrinfo failed)"))), nouvelle tentative dans 8s.
2026-08-17 21:39:26,817 [ERROR] Échec de la requête https://www.sec.gov/Archives/edgar/data/915912/000110465924061178/tm2414397d1_8k.htm (4 tentatives) : HTTPSConnectionPool(host='www.sec.gov', port=443): Max retries exceeded with url: /Archives/edgar/data/915912/000110465924061178/tm2414397d1_8k.htm (Caused by NameResolutionError("HTTPSConnection(host='www.sec.gov', port=443): Failed to resolve 'www.sec.gov' ([Errno 11001] getaddrinfo failed)"))
2026-08-17 21:39:26,817 [ERROR] Échec du téléchargement du filing https://www.sec.gov/Archives/edgar/data/915912/000110465924061178/tm2414397d1_8k.htm: https://www.sec.gov/Archives/edgar/data/915912/000110465924061178/tm2414397d1_8k.htm : HTTPSConnectionPool(host='www.sec.gov', port=443): Max retries exceeded with url: /Archives/edgar/data/915912/000110465924061178/tm2414397d1_8k.htm (Caused by NameResolutionError("HTTPSConnection(host='www.sec.gov', port=443): Failed to resolve 'www.sec.gov' ([Errno 11001] getaddrinfo failed)"))
2026-08-17 21:39:26,943 [WARNING] Requête https://www.sec.gov/Archives/edgar/data/915912/000110465924063013/tm2414780d1_8k.htm en échec (HTTPSConnectionPool(host='www.sec.gov', port=443): Max retries exceeded with url: /Archives/edgar/data/915912/000110465924063013/tm2414780d1_8k.htm (Caused by NameResolutionError("HTTPSConnection(host='www.sec.gov', port=443): Failed to resolve 'www.sec.gov' ([Errno 11001] getaddrinfo failed)"))), nouvelle tentative dans 2s.
2026-08-17 21:39:28,946 [WARNING] Requête https://www.sec.gov/Archives/edgar/data/915912/000110465924063013/tm2414780d1_8k.htm en échec (HTTPSConnectionPool(host='www.sec.gov', port=443): Max retries exceeded with url: /Archives/edgar/data/915912/000110465924063013/tm2414780d1_8k.htm (Caused by NameResolutionError("HTTPSConnection(host='www.sec.gov', port=443): Failed to resolve 'www.sec.gov' ([Errno 11001] getaddrinfo failed)"))), nouvelle tentative dans 4s.
2026-08-17 21:39:32,948 [WARNING] Requête https://www.sec.gov/Archives/edgar/data/915912/000110465924063013/tm2414780d1_8k.htm en échec (HTTPSConnectionPool(host='www.sec.gov', port=443): Max retries exceeded with url: /Archives/edgar/data/915912/000110465924063013/tm2414780d1_8k.htm (Caused by NameResolutionError("HTTPSConnection(host='www.sec.gov', port=443): Failed to resolve 'www.sec.gov' ([Errno 11001] getaddrinfo failed)"))), nouvelle tentative dans 8s.
2026-08-17 21:39:40,950 [ERROR] Échec de la requête https://www.sec.gov/Archives/edgar/data/915912/000110465924063013/tm2414780d1_8k.htm (4 tentatives) : HTTPSConnectionPool(host='www.sec.gov', port=443): Max retries exceeded with url: /Archives/edgar/data/915912/000110465924063013/tm2414780d1_8k.htm (Caused by NameResolutionError("HTTPSConnection(host='www.sec.gov', port=443): Failed to resolve 'www.sec.gov' ([Errno 11001] getaddrinfo failed)"))
2026-08-17 21:39:40,951 [ERROR] Échec du téléchargement du filing https://www.sec.gov/Archives/edgar/data/915912/000110465924063013/tm2414780d1_8k.htm: https://www.sec.gov/Archives/edgar/data/915912/000110465924063013/tm2414780d1_8k.htm : HTTPSConnectionPool(host='www.sec.gov', port=443): Max retries exceeded with url: /Archives/edgar/data/915912/000110465924063013/tm2414780d1_8k.htm (Caused by NameResolutionError("HTTPSConnection(host='www.sec.gov', port=443): Failed to resolve 'www.sec.gov' ([Errno 11001] getaddrinfo failed)"))
2026-08-17 21:39:41,076 [WARNING] Requête https://www.sec.gov/Archives/edgar/data/915912/000110465924068690/tm2416408d1_8k.htm en échec (HTTPSConnectionPool(host='www.sec.gov', port=443): Max retries exceeded with url: /Archives/edgar/data/915912/000110465924068690/tm2416408d1_8k.htm (Caused by NameResolutionError("HTTPSConnection(host='www.sec.gov', port=443): Failed to resolve 'www.sec.gov' ([Errno 11001] getaddrinfo failed)"))), nouvelle tentative dans 2s.
2026-08-17 21:39:43,078 [WARNING] Requête https://www.sec.gov/Archives/edgar/data/915912/000110465924068690/tm2416408d1_8k.htm en échec (HTTPSConnectionPool(host='www.sec.gov', port=443): Max retries exceeded with url: /Archives/edgar/data/915912/000110465924068690/tm2416408d1_8k.htm (Caused by NameResolutionError("HTTPSConnection(host='www.sec.gov', port=443): Failed to resolve 'www.sec.gov' ([Errno 11001] getaddrinfo failed)"))), nouvelle tentative dans 4s.
2026-08-17 21:39:47,081 [WARNING] Requête https://www.sec.gov/Archives/edgar/data/915912/000110465924068690/tm2416408d1_8k.htm en échec (HTTPSConnectionPool(host='www.sec.gov', port=443): Max retries exceeded with url: /Archives/edgar/data/915912/000110465924068690/tm2416408d1_8k.htm (Caused by NameResolutionError("HTTPSConnection(host='www.sec.gov', port=443): Failed to resolve 'www.sec.gov' ([Errno 11001] getaddrinfo failed)"))), nouvelle tentative dans 8s.
2026-08-17 21:39:55,084 [ERROR] Échec de la requête https://www.sec.gov/Archives/edgar/data/915912/000110465924068690/tm2416408d1_8k.htm (4 tentatives) : HTTPSConnectionPool(host='www.sec.gov', port=443): Max retries exceeded with url: /Archives/edgar/data/915912/000110465924068690/tm2416408d1_8k.htm (Caused by NameResolutionError("HTTPSConnection(host='www.sec.gov', port=443): Failed to resolve 'www.sec.gov' ([Errno 11001] getaddrinfo failed)"))
2026-08-17 21:39:55,084 [ERROR] Échec du téléchargement du filing https://www.sec.gov/Archives/edgar/data/915912/000110465924068690/tm2416408d1_8k.htm: https://www.sec.gov/Archives/edgar/data/915912/000110465924068690/tm2416408d1_8k.htm : HTTPSConnectionPool(host='www.sec.gov', port=443): Max retries exceeded with url: /Archives/edgar/data/915912/000110465924068690/tm2416408d1_8k.htm (Caused by NameResolutionError("HTTPSConnection(host='www.sec.gov', port=443): Failed to resolve 'www.sec.gov' ([Errno 11001] getaddrinfo failed)"))
2026-08-17 21:39:55,209 [WARNING] Requête https://www.sec.gov/Archives/edgar/data/915912/000091591224000013/avb-20240731.htm en échec (HTTPSConnectionPool(host='www.sec.gov', port=443): Max retries exceeded with url: /Archives/edgar/data/915912/000091591224000013/avb-20240731.htm (Caused by NameResolutionError("HTTPSConnection(host='www.sec.gov', port=443): Failed to resolve 'www.sec.gov' ([Errno 11001] getaddrinfo failed)"))), nouvelle tentative dans 2s.
2026-08-17 21:39:57,211 [WARNING] Requête https://www.sec.gov/Archives/edgar/data/915912/000091591224000013/avb-20240731.htm en échec (HTTPSConnectionPool(host='www.sec.gov', port=443): Max retries exceeded with url: /Archives/edgar/data/915912/000091591224000013/avb-20240731.htm (Caused by NameResolutionError("HTTPSConnection(host='www.sec.gov', port=443): Failed to resolve 'www.sec.gov' ([Errno 11001] getaddrinfo failed)"))), nouvelle tentative dans 4s.
2026-08-17 21:40:01,214 [WARNING] Requête https://www.sec.gov/Archives/edgar/data/915912/000091591224000013/avb-20240731.htm en échec (HTTPSConnectionPool(host='www.sec.gov', port=443): Max retries exceeded with url: /Archives/edgar/data/915912/000091591224000013/avb-20240731.htm (Caused by NameResolutionError("HTTPSConnection(host='www.sec.gov', port=443): Failed to resolve 'www.sec.gov' ([Errno 11001] getaddrinfo failed)"))), nouvelle tentative dans 8s.
2026-08-17 21:40:09,216 [ERROR] Échec de la requête https://www.sec.gov/Archives/edgar/data/915912/000091591224000013/avb-20240731.htm (4 tentatives) : HTTPSConnectionPool(host='www.sec.gov', port=443): Max retries exceeded with url: /Archives/edgar/data/915912/000091591224000013/avb-20240731.htm (Caused by NameResolutionError("HTTPSConnection(host='www.sec.gov', port=443): Failed to resolve 'www.sec.gov' ([Errno 11001] getaddrinfo failed)"))
2026-08-17 21:40:09,216 [ERROR] Échec du téléchargement du filing https://www.sec.gov/Archives/edgar/data/915912/000091591224000013/avb-20240731.htm: https://www.sec.gov/Archives/edgar/data/915912/000091591224000013/avb-20240731.htm : HTTPSConnectionPool(host='www.sec.gov', port=443): Max retries exceeded with url: /Archives/edgar/data/915912/000091591224000013/avb-20240731.htm (Caused by NameResolutionError("HTTPSConnection(host='www.sec.gov', port=443): Failed to resolve 'www.sec.gov' ([Errno 11001] getaddrinfo failed)"))
2026-08-17 21:40:09,341 [WARNING] Requête https://www.sec.gov/Archives/edgar/data/915912/000110465924098171/tm2423578d1_8k.htm en échec (HTTPSConnectionPool(host='www.sec.gov', port=443): Max retries exceeded with url: /Archives/edgar/data/915912/000110465924098171/tm2423578d1_8k.htm (Caused by NameResolutionError("HTTPSConnection(host='www.sec.gov', port=443): Failed to resolve 'www.sec.gov' ([Errno 11001] getaddrinfo failed)"))), nouvelle tentative dans 2s.
2026-08-17 21:40:11,343 [WARNING] Requête https://www.sec.gov/Archives/edgar/data/915912/000110465924098171/tm2423578d1_8k.htm en échec (HTTPSConnectionPool(host='www.sec.gov', port=443): Max retries exceeded with url: /Archives/edgar/data/915912/000110465924098171/tm2423578d1_8k.htm (Caused by NameResolutionError("HTTPSConnection(host='www.sec.gov', port=443): Failed to resolve 'www.sec.gov' ([Errno 11001] getaddrinfo failed)"))), nouvelle tentative dans 4s.
2026-08-17 21:40:15,346 [WARNING] Requête https://www.sec.gov/Archives/edgar/data/915912/000110465924098171/tm2423578d1_8k.htm en échec (HTTPSConnectionPool(host='www.sec.gov', port=443): Max retries exceeded with url: /Archives/edgar/data/915912/000110465924098171/tm2423578d1_8k.htm (Caused by NameResolutionError("HTTPSConnection(host='www.sec.gov', port=443): Failed to resolve 'www.sec.gov' ([Errno 11001] getaddrinfo failed)"))), nouvelle tentative dans 8s.
2026-08-17 21:40:23,348 [ERROR] Échec de la requête https://www.sec.gov/Archives/edgar/data/915912/000110465924098171/tm2423578d1_8k.htm (4 tentatives) : HTTPSConnectionPool(host='www.sec.gov', port=443): Max retries exceeded with url: /Archives/edgar/data/915912/000110465924098171/tm2423578d1_8k.htm (Caused by NameResolutionError("HTTPSConnection(host='www.sec.gov', port=443): Failed to resolve 'www.sec.gov' ([Errno 11001] getaddrinfo failed)"))
2026-08-17 21:40:23,348 [ERROR] Échec du téléchargement du filing https://www.sec.gov/Archives/edgar/data/915912/000110465924098171/tm2423578d1_8k.htm: https://www.sec.gov/Archives/edgar/data/915912/000110465924098171/tm2423578d1_8k.htm : HTTPSConnectionPool(host='www.sec.gov', port=443): Max retries exceeded with url: /Archives/edgar/data/915912/000110465924098171/tm2423578d1_8k.htm (Caused by NameResolutionError("HTTPSConnection(host='www.sec.gov', port=443): Failed to resolve 'www.sec.gov' ([Errno 11001] getaddrinfo failed)"))
2026-08-17 21:40:23,474 [WARNING] Requête https://www.sec.gov/Archives/edgar/data/915912/000091591224000019/avb-20241104.htm en échec (HTTPSConnectionPool(host='www.sec.gov', port=443): Max retries exceeded with url: /Archives/edgar/data/915912/000091591224000019/avb-20241104.htm (Caused by NameResolutionError("HTTPSConnection(host='www.sec.gov', port=443): Failed to resolve 'www.sec.gov' ([Errno 11001] getaddrinfo failed)"))), nouvelle tentative dans 2s.
2026-08-17 21:40:25,476 [WARNING] Requête https://www.sec.gov/Archives/edgar/data/915912/000091591224000019/avb-20241104.htm en échec (HTTPSConnectionPool(host='www.sec.gov', port=443): Max retries exceeded with url: /Archives/edgar/data/915912/000091591224000019/avb-20241104.htm (Caused by NameResolutionError("HTTPSConnection(host='www.sec.gov', port=443): Failed to resolve 'www.sec.gov' ([Errno 11001] getaddrinfo failed)"))), nouvelle tentative dans 4s.
2026-08-17 21:40:29,479 [WARNING] Requête https://www.sec.gov/Archives/edgar/data/915912/000091591224000019/avb-20241104.htm en échec (HTTPSConnectionPool(host='www.sec.gov', port=443): Max retries exceeded with url: /Archives/edgar/data/915912/000091591224000019/avb-20241104.htm (Caused by NameResolutionError("HTTPSConnection(host='www.sec.gov', port=443): Failed to resolve 'www.sec.gov' ([Errno 11001] getaddrinfo failed)"))), nouvelle tentative dans 8s.
2026-08-17 21:40:37,481 [ERROR] Échec de la requête https://www.sec.gov/Archives/edgar/data/915912/000091591224000019/avb-20241104.htm (4 tentatives) : HTTPSConnectionPool(host='www.sec.gov', port=443): Max retries exceeded with url: /Archives/edgar/data/915912/000091591224000019/avb-20241104.htm (Caused by NameResolutionError("HTTPSConnection(host='www.sec.gov', port=443): Failed to resolve 'www.sec.gov' ([Errno 11001] getaddrinfo failed)"))
2026-08-17 21:40:37,481 [ERROR] Échec du téléchargement du filing https://www.sec.gov/Archives/edgar/data/915912/000091591224000019/avb-20241104.htm: https://www.sec.gov/Archives/edgar/data/915912/000091591224000019/avb-20241104.htm : HTTPSConnectionPool(host='www.sec.gov', port=443): Max retries exceeded with url: /Archives/edgar/data/915912/000091591224000019/avb-20241104.htm (Caused by NameResolutionError("HTTPSConnection(host='www.sec.gov', port=443): Failed to resolve 'www.sec.gov' ([Errno 11001] getaddrinfo failed)"))
2026-08-17 21:40:37,607 [WARNING] Requête https://www.sec.gov/Archives/edgar/data/915912/000091591225000003/avb-20250205.htm en échec (HTTPSConnectionPool(host='www.sec.gov', port=443): Max retries exceeded with url: /Archives/edgar/data/915912/000091591225000003/avb-20250205.htm (Caused by NameResolutionError("HTTPSConnection(host='www.sec.gov', port=443): Failed to resolve 'www.sec.gov' ([Errno 11001] getaddrinfo failed)"))), nouvelle tentative dans 2s.
2026-08-17 21:40:39,609 [WARNING] Requête https://www.sec.gov/Archives/edgar/data/915912/000091591225000003/avb-20250205.htm en échec (HTTPSConnectionPool(host='www.sec.gov', port=443): Max retries exceeded with url: /Archives/edgar/data/915912/000091591225000003/avb-20250205.htm (Caused by NameResolutionError("HTTPSConnection(host='www.sec.gov', port=443): Failed to resolve 'www.sec.gov' ([Errno 11001] getaddrinfo failed)"))), nouvelle tentative dans 4s.
2026-08-17 21:40:43,611 [WARNING] Requête https://www.sec.gov/Archives/edgar/data/915912/000091591225000003/avb-20250205.htm en échec (HTTPSConnectionPool(host='www.sec.gov', port=443): Max retries exceeded with url: /Archives/edgar/data/915912/000091591225000003/avb-20250205.htm (Caused by NameResolutionError("HTTPSConnection(host='www.sec.gov', port=443): Failed to resolve 'www.sec.gov' ([Errno 11001] getaddrinfo failed)"))), nouvelle tentative dans 8s.
2026-08-17 21:40:51,613 [ERROR] Échec de la requête https://www.sec.gov/Archives/edgar/data/915912/000091591225000003/avb-20250205.htm (4 tentatives) : HTTPSConnectionPool(host='www.sec.gov', port=443): Max retries exceeded with url: /Archives/edgar/data/915912/000091591225000003/avb-20250205.htm (Caused by NameResolutionError("HTTPSConnection(host='www.sec.gov', port=443): Failed to resolve 'www.sec.gov' ([Errno 11001] getaddrinfo failed)"))
2026-08-17 21:40:51,613 [ERROR] Échec du téléchargement du filing https://www.sec.gov/Archives/edgar/data/915912/000091591225000003/avb-20250205.htm: https://www.sec.gov/Archives/edgar/data/915912/000091591225000003/avb-20250205.htm : HTTPSConnectionPool(host='www.sec.gov', port=443): Max retries exceeded with url: /Archives/edgar/data/915912/000091591225000003/avb-20250205.htm (Caused by NameResolutionError("HTTPSConnection(host='www.sec.gov', port=443): Failed to resolve 'www.sec.gov' ([Errno 11001] getaddrinfo failed)"))
2026-08-17 21:40:51,739 [WARNING] Requête https://www.sec.gov/Archives/edgar/data/915912/000110465925032276/tm2511411d1_8k.htm en échec (HTTPSConnectionPool(host='www.sec.gov', port=443): Max retries exceeded with url: /Archives/edgar/data/915912/000110465925032276/tm2511411d1_8k.htm (Caused by NameResolutionError("HTTPSConnection(host='www.sec.gov', port=443): Failed to resolve 'www.sec.gov' ([Errno 11001] getaddrinfo failed)"))), nouvelle tentative dans 2s.
2026-08-17 21:40:53,741 [WARNING] Requête https://www.sec.gov/Archives/edgar/data/915912/000110465925032276/tm2511411d1_8k.htm en échec (HTTPSConnectionPool(host='www.sec.gov', port=443): Max retries exceeded with url: /Archives/edgar/data/915912/000110465925032276/tm2511411d1_8k.htm (Caused by NameResolutionError("HTTPSConnection(host='www.sec.gov', port=443): Failed to resolve 'www.sec.gov' ([Errno 11001] getaddrinfo failed)"))), nouvelle tentative dans 4s.
2026-08-17 21:40:57,744 [WARNING] Requête https://www.sec.gov/Archives/edgar/data/915912/000110465925032276/tm2511411d1_8k.htm en échec (HTTPSConnectionPool(host='www.sec.gov', port=443): Max retries exceeded with url: /Archives/edgar/data/915912/000110465925032276/tm2511411d1_8k.htm (Caused by NameResolutionError("HTTPSConnection(host='www.sec.gov', port=443): Failed to resolve 'www.sec.gov' ([Errno 11001] getaddrinfo failed)"))), nouvelle tentative dans 8s.
2026-08-17 21:41:05,746 [ERROR] Échec de la requête https://www.sec.gov/Archives/edgar/data/915912/000110465925032276/tm2511411d1_8k.htm (4 tentatives) : HTTPSConnectionPool(host='www.sec.gov', port=443): Max retries exceeded with url: /Archives/edgar/data/915912/000110465925032276/tm2511411d1_8k.htm (Caused by NameResolutionError("HTTPSConnection(host='www.sec.gov', port=443): Failed to resolve 'www.sec.gov' ([Errno 11001] getaddrinfo failed)"))
2026-08-17 21:41:05,746 [ERROR] Échec du téléchargement du filing https://www.sec.gov/Archives/edgar/data/915912/000110465925032276/tm2511411d1_8k.htm: https://www.sec.gov/Archives/edgar/data/915912/000110465925032276/tm2511411d1_8k.htm : HTTPSConnectionPool(host='www.sec.gov', port=443): Max retries exceeded with url: /Archives/edgar/data/915912/000110465925032276/tm2511411d1_8k.htm (Caused by NameResolutionError("HTTPSConnection(host='www.sec.gov', port=443): Failed to resolve 'www.sec.gov' ([Errno 11001] getaddrinfo failed)"))
2026-08-17 21:41:05,875 [WARNING] Requête https://www.sec.gov/Archives/edgar/data/915912/000091591225000010/avb-20250430.htm en échec (HTTPSConnectionPool(host='www.sec.gov', port=443): Max retries exceeded with url: /Archives/edgar/data/915912/000091591225000010/avb-20250430.htm (Caused by NameResolutionError("HTTPSConnection(host='www.sec.gov', port=443): Failed to resolve 'www.sec.gov' ([Errno 11001] getaddrinfo failed)"))), nouvelle tentative dans 2s.
2026-08-17 21:41:07,878 [WARNING] Requête https://www.sec.gov/Archives/edgar/data/915912/000091591225000010/avb-20250430.htm en échec (HTTPSConnectionPool(host='www.sec.gov', port=443): Max retries exceeded with url: /Archives/edgar/data/915912/000091591225000010/avb-20250430.htm (Caused by NameResolutionError("HTTPSConnection(host='www.sec.gov', port=443): Failed to resolve 'www.sec.gov' ([Errno 11001] getaddrinfo failed)"))), nouvelle tentative dans 4s.
2026-08-17 21:41:11,881 [WARNING] Requête https://www.sec.gov/Archives/edgar/data/915912/000091591225000010/avb-20250430.htm en échec (HTTPSConnectionPool(host='www.sec.gov', port=443): Max retries exceeded with url: /Archives/edgar/data/915912/000091591225000010/avb-20250430.htm (Caused by NameResolutionError("HTTPSConnection(host='www.sec.gov', port=443): Failed to resolve 'www.sec.gov' ([Errno 11001] getaddrinfo failed)"))), nouvelle tentative dans 8s.
2026-08-17 21:41:19,883 [ERROR] Échec de la requête https://www.sec.gov/Archives/edgar/data/915912/000091591225000010/avb-20250430.htm (4 tentatives) : HTTPSConnectionPool(host='www.sec.gov', port=443): Max retries exceeded with url: /Archives/edgar/data/915912/000091591225000010/avb-20250430.htm (Caused by NameResolutionError("HTTPSConnection(host='www.sec.gov', port=443): Failed to resolve 'www.sec.gov' ([Errno 11001] getaddrinfo failed)"))
2026-08-17 21:41:19,883 [ERROR] Échec du téléchargement du filing https://www.sec.gov/Archives/edgar/data/915912/000091591225000010/avb-20250430.htm: https://www.sec.gov/Archives/edgar/data/915912/000091591225000010/avb-20250430.htm : HTTPSConnectionPool(host='www.sec.gov', port=443): Max retries exceeded with url: /Archives/edgar/data/915912/000091591225000010/avb-20250430.htm (Caused by NameResolutionError("HTTPSConnection(host='www.sec.gov', port=443): Failed to resolve 'www.sec.gov' ([Errno 11001] getaddrinfo failed)"))
2026-08-17 21:41:20,008 [WARNING] Requête https://www.sec.gov/Archives/edgar/data/915912/000110465925051999/tm2515869d1_8k.htm en échec (HTTPSConnectionPool(host='www.sec.gov', port=443): Max retries exceeded with url: /Archives/edgar/data/915912/000110465925051999/tm2515869d1_8k.htm (Caused by NameResolutionError("HTTPSConnection(host='www.sec.gov', port=443): Failed to resolve 'www.sec.gov' ([Errno 11001] getaddrinfo failed)"))), nouvelle tentative dans 2s.
2026-08-17 21:41:22,010 [WARNING] Requête https://www.sec.gov/Archives/edgar/data/915912/000110465925051999/tm2515869d1_8k.htm en échec (HTTPSConnectionPool(host='www.sec.gov', port=443): Max retries exceeded with url: /Archives/edgar/data/915912/000110465925051999/tm2515869d1_8k.htm (Caused by NameResolutionError("HTTPSConnection(host='www.sec.gov', port=443): Failed to resolve 'www.sec.gov' ([Errno 11001] getaddrinfo failed)"))), nouvelle tentative dans 4s.
2026-08-17 21:41:26,013 [WARNING] Requête https://www.sec.gov/Archives/edgar/data/915912/000110465925051999/tm2515869d1_8k.htm en échec (HTTPSConnectionPool(host='www.sec.gov', port=443): Max retries exceeded with url: /Archives/edgar/data/915912/000110465925051999/tm2515869d1_8k.htm (Caused by NameResolutionError("HTTPSConnection(host='www.sec.gov', port=443): Failed to resolve 'www.sec.gov' ([Errno 11001] getaddrinfo failed)"))), nouvelle tentative dans 8s.
2026-08-17 21:41:34,016 [ERROR] Échec de la requête https://www.sec.gov/Archives/edgar/data/915912/000110465925051999/tm2515869d1_8k.htm (4 tentatives) : HTTPSConnectionPool(host='www.sec.gov', port=443): Max retries exceeded with url: /Archives/edgar/data/915912/000110465925051999/tm2515869d1_8k.htm (Caused by NameResolutionError("HTTPSConnection(host='www.sec.gov', port=443): Failed to resolve 'www.sec.gov' ([Errno 11001] getaddrinfo failed)"))
2026-08-17 21:41:34,016 [ERROR] Échec du téléchargement du filing https://www.sec.gov/Archives/edgar/data/915912/000110465925051999/tm2515869d1_8k.htm: https://www.sec.gov/Archives/edgar/data/915912/000110465925051999/tm2515869d1_8k.htm : HTTPSConnectionPool(host='www.sec.gov', port=443): Max retries exceeded with url: /Archives/edgar/data/915912/000110465925051999/tm2515869d1_8k.htm (Caused by NameResolutionError("HTTPSConnection(host='www.sec.gov', port=443): Failed to resolve 'www.sec.gov' ([Errno 11001] getaddrinfo failed)"))
2026-08-17 21:41:34,141 [WARNING] Requête https://www.sec.gov/Archives/edgar/data/915912/000110465925067013/tm2520069d1_8k.htm en échec (HTTPSConnectionPool(host='www.sec.gov', port=443): Max retries exceeded with url: /Archives/edgar/data/915912/000110465925067013/tm2520069d1_8k.htm (Caused by NameResolutionError("HTTPSConnection(host='www.sec.gov', port=443): Failed to resolve 'www.sec.gov' ([Errno 11001] getaddrinfo failed)"))), nouvelle tentative dans 2s.
2026-08-17 21:41:36,143 [WARNING] Requête https://www.sec.gov/Archives/edgar/data/915912/000110465925067013/tm2520069d1_8k.htm en échec (HTTPSConnectionPool(host='www.sec.gov', port=443): Max retries exceeded with url: /Archives/edgar/data/915912/000110465925067013/tm2520069d1_8k.htm (Caused by NameResolutionError("HTTPSConnection(host='www.sec.gov', port=443): Failed to resolve 'www.sec.gov' ([Errno 11001] getaddrinfo failed)"))), nouvelle tentative dans 4s.
2026-08-17 21:41:40,145 [WARNING] Requête https://www.sec.gov/Archives/edgar/data/915912/000110465925067013/tm2520069d1_8k.htm en échec (HTTPSConnectionPool(host='www.sec.gov', port=443): Max retries exceeded with url: /Archives/edgar/data/915912/000110465925067013/tm2520069d1_8k.htm (Caused by NameResolutionError("HTTPSConnection(host='www.sec.gov', port=443): Failed to resolve 'www.sec.gov' ([Errno 11001] getaddrinfo failed)"))), nouvelle tentative dans 8s.
2026-08-17 21:41:48,148 [ERROR] Échec de la requête https://www.sec.gov/Archives/edgar/data/915912/000110465925067013/tm2520069d1_8k.htm (4 tentatives) : HTTPSConnectionPool(host='www.sec.gov', port=443): Max retries exceeded with url: /Archives/edgar/data/915912/000110465925067013/tm2520069d1_8k.htm (Caused by NameResolutionError("HTTPSConnection(host='www.sec.gov', port=443): Failed to resolve 'www.sec.gov' ([Errno 11001] getaddrinfo failed)"))
2026-08-17 21:41:48,148 [ERROR] Échec du téléchargement du filing https://www.sec.gov/Archives/edgar/data/915912/000110465925067013/tm2520069d1_8k.htm: https://www.sec.gov/Archives/edgar/data/915912/000110465925067013/tm2520069d1_8k.htm : HTTPSConnectionPool(host='www.sec.gov', port=443): Max retries exceeded with url: /Archives/edgar/data/915912/000110465925067013/tm2520069d1_8k.htm (Caused by NameResolutionError("HTTPSConnection(host='www.sec.gov', port=443): Failed to resolve 'www.sec.gov' ([Errno 11001] getaddrinfo failed)"))
2026-08-17 21:41:48,274 [WARNING] Requête https://www.sec.gov/Archives/edgar/data/915912/000091591225000016/avb-20250730.htm en échec (HTTPSConnectionPool(host='www.sec.gov', port=443): Max retries exceeded with url: /Archives/edgar/data/915912/000091591225000016/avb-20250730.htm (Caused by NameResolutionError("HTTPSConnection(host='www.sec.gov', port=443): Failed to resolve 'www.sec.gov' ([Errno 11001] getaddrinfo failed)"))), nouvelle tentative dans 2s.
2026-08-17 21:41:50,276 [WARNING] Requête https://www.sec.gov/Archives/edgar/data/915912/000091591225000016/avb-20250730.htm en échec (HTTPSConnectionPool(host='www.sec.gov', port=443): Max retries exceeded with url: /Archives/edgar/data/915912/000091591225000016/avb-20250730.htm (Caused by NameResolutionError("HTTPSConnection(host='www.sec.gov', port=443): Failed to resolve 'www.sec.gov' ([Errno 11001] getaddrinfo failed)"))), nouvelle tentative dans 4s.
2026-08-17 21:41:54,279 [WARNING] Requête https://www.sec.gov/Archives/edgar/data/915912/000091591225000016/avb-20250730.htm en échec (HTTPSConnectionPool(host='www.sec.gov', port=443): Max retries exceeded with url: /Archives/edgar/data/915912/000091591225000016/avb-20250730.htm (Caused by NameResolutionError("HTTPSConnection(host='www.sec.gov', port=443): Failed to resolve 'www.sec.gov' ([Errno 11001] getaddrinfo failed)"))), nouvelle tentative dans 8s.
2026-08-17 21:42:02,281 [ERROR] Échec de la requête https://www.sec.gov/Archives/edgar/data/915912/000091591225000016/avb-20250730.htm (4 tentatives) : HTTPSConnectionPool(host='www.sec.gov', port=443): Max retries exceeded with url: /Archives/edgar/data/915912/000091591225000016/avb-20250730.htm (Caused by NameResolutionError("HTTPSConnection(host='www.sec.gov', port=443): Failed to resolve 'www.sec.gov' ([Errno 11001] getaddrinfo failed)"))
2026-08-17 21:42:02,281 [ERROR] Échec du téléchargement du filing https://www.sec.gov/Archives/edgar/data/915912/000091591225000016/avb-20250730.htm: https://www.sec.gov/Archives/edgar/data/915912/000091591225000016/avb-20250730.htm : HTTPSConnectionPool(host='www.sec.gov', port=443): Max retries exceeded with url: /Archives/edgar/data/915912/000091591225000016/avb-20250730.htm (Caused by NameResolutionError("HTTPSConnection(host='www.sec.gov', port=443): Failed to resolve 'www.sec.gov' ([Errno 11001] getaddrinfo failed)"))
2026-08-17 21:42:02,407 [WARNING] Requête https://www.sec.gov/Archives/edgar/data/915912/000091591225000022/avb-20251029.htm en échec (HTTPSConnectionPool(host='www.sec.gov', port=443): Max retries exceeded with url: /Archives/edgar/data/915912/000091591225000022/avb-20251029.htm (Caused by NameResolutionError("HTTPSConnection(host='www.sec.gov', port=443): Failed to resolve 'www.sec.gov' ([Errno 11001] getaddrinfo failed)"))), nouvelle tentative dans 2s.
2026-08-17 21:42:04,410 [WARNING] Requête https://www.sec.gov/Archives/edgar/data/915912/000091591225000022/avb-20251029.htm en échec (HTTPSConnectionPool(host='www.sec.gov', port=443): Max retries exceeded with url: /Archives/edgar/data/915912/000091591225000022/avb-20251029.htm (Caused by NameResolutionError("HTTPSConnection(host='www.sec.gov', port=443): Failed to resolve 'www.sec.gov' ([Errno 11001] getaddrinfo failed)"))), nouvelle tentative dans 4s.
2026-08-17 21:42:08,412 [WARNING] Requête https://www.sec.gov/Archives/edgar/data/915912/000091591225000022/avb-20251029.htm en échec (HTTPSConnectionPool(host='www.sec.gov', port=443): Max retries exceeded with url: /Archives/edgar/data/915912/000091591225000022/avb-20251029.htm (Caused by NameResolutionError("HTTPSConnection(host='www.sec.gov', port=443): Failed to resolve 'www.sec.gov' ([Errno 11001] getaddrinfo failed)"))), nouvelle tentative dans 8s.
2026-08-17 21:42:16,415 [ERROR] Échec de la requête https://www.sec.gov/Archives/edgar/data/915912/000091591225000022/avb-20251029.htm (4 tentatives) : HTTPSConnectionPool(host='www.sec.gov', port=443): Max retries exceeded with url: /Archives/edgar/data/915912/000091591225000022/avb-20251029.htm (Caused by NameResolutionError("HTTPSConnection(host='www.sec.gov', port=443): Failed to resolve 'www.sec.gov' ([Errno 11001] getaddrinfo failed)"))
2026-08-17 21:42:16,415 [ERROR] Échec du téléchargement du filing https://www.sec.gov/Archives/edgar/data/915912/000091591225000022/avb-20251029.htm: https://www.sec.gov/Archives/edgar/data/915912/000091591225000022/avb-20251029.htm : HTTPSConnectionPool(host='www.sec.gov', port=443): Max retries exceeded with url: /Archives/edgar/data/915912/000091591225000022/avb-20251029.htm (Caused by NameResolutionError("HTTPSConnection(host='www.sec.gov', port=443): Failed to resolve 'www.sec.gov' ([Errno 11001] getaddrinfo failed)"))
2026-08-17 21:42:16,545 [WARNING] Requête https://www.sec.gov/Archives/edgar/data/915912/000110465925109176/tm2530386d1_8k.htm en échec (HTTPSConnectionPool(host='www.sec.gov', port=443): Max retries exceeded with url: /Archives/edgar/data/915912/000110465925109176/tm2530386d1_8k.htm (Caused by NameResolutionError("HTTPSConnection(host='www.sec.gov', port=443): Failed to resolve 'www.sec.gov' ([Errno 11001] getaddrinfo failed)"))), nouvelle tentative dans 2s.
2026-08-17 21:42:18,547 [WARNING] Requête https://www.sec.gov/Archives/edgar/data/915912/000110465925109176/tm2530386d1_8k.htm en échec (HTTPSConnectionPool(host='www.sec.gov', port=443): Max retries exceeded with url: /Archives/edgar/data/915912/000110465925109176/tm2530386d1_8k.htm (Caused by NameResolutionError("HTTPSConnection(host='www.sec.gov', port=443): Failed to resolve 'www.sec.gov' ([Errno 11001] getaddrinfo failed)"))), nouvelle tentative dans 4s.
2026-08-17 21:42:22,549 [WARNING] Requête https://www.sec.gov/Archives/edgar/data/915912/000110465925109176/tm2530386d1_8k.htm en échec (HTTPSConnectionPool(host='www.sec.gov', port=443): Max retries exceeded with url: /Archives/edgar/data/915912/000110465925109176/tm2530386d1_8k.htm (Caused by NameResolutionError("HTTPSConnection(host='www.sec.gov', port=443): Failed to resolve 'www.sec.gov' ([Errno 11001] getaddrinfo failed)"))), nouvelle tentative dans 8s.
2026-08-17 21:42:30,552 [ERROR] Échec de la requête https://www.sec.gov/Archives/edgar/data/915912/000110465925109176/tm2530386d1_8k.htm (4 tentatives) : HTTPSConnectionPool(host='www.sec.gov', port=443): Max retries exceeded with url: /Archives/edgar/data/915912/000110465925109176/tm2530386d1_8k.htm (Caused by NameResolutionError("HTTPSConnection(host='www.sec.gov', port=443): Failed to resolve 'www.sec.gov' ([Errno 11001] getaddrinfo failed)"))
2026-08-17 21:42:30,552 [ERROR] Échec du téléchargement du filing https://www.sec.gov/Archives/edgar/data/915912/000110465925109176/tm2530386d1_8k.htm: https://www.sec.gov/Archives/edgar/data/915912/000110465925109176/tm2530386d1_8k.htm : HTTPSConnectionPool(host='www.sec.gov', port=443): Max retries exceeded with url: /Archives/edgar/data/915912/000110465925109176/tm2530386d1_8k.htm (Caused by NameResolutionError("HTTPSConnection(host='www.sec.gov', port=443): Failed to resolve 'www.sec.gov' ([Errno 11001] getaddrinfo failed)"))
2026-08-17 21:42:30,677 [WARNING] Requête https://www.sec.gov/Archives/edgar/data/915912/000110465925117327/tm2532421d1_8k.htm en échec (HTTPSConnectionPool(host='www.sec.gov', port=443): Max retries exceeded with url: /Archives/edgar/data/915912/000110465925117327/tm2532421d1_8k.htm (Caused by NameResolutionError("HTTPSConnection(host='www.sec.gov', port=443): Failed to resolve 'www.sec.gov' ([Errno 11001] getaddrinfo failed)"))), nouvelle tentative dans 2s.
2026-08-17 21:42:32,683 [WARNING] Requête https://www.sec.gov/Archives/edgar/data/915912/000110465925117327/tm2532421d1_8k.htm en échec (HTTPSConnectionPool(host='www.sec.gov', port=443): Max retries exceeded with url: /Archives/edgar/data/915912/000110465925117327/tm2532421d1_8k.htm (Caused by NameResolutionError("HTTPSConnection(host='www.sec.gov', port=443): Failed to resolve 'www.sec.gov' ([Errno 11001] getaddrinfo failed)"))), nouvelle tentative dans 4s.
2026-08-17 21:42:36,687 [WARNING] Requête https://www.sec.gov/Archives/edgar/data/915912/000110465925117327/tm2532421d1_8k.htm en échec (HTTPSConnectionPool(host='www.sec.gov', port=443): Max retries exceeded with url: /Archives/edgar/data/915912/000110465925117327/tm2532421d1_8k.htm (Caused by NameResolutionError("HTTPSConnection(host='www.sec.gov', port=443): Failed to resolve 'www.sec.gov' ([Errno 11001] getaddrinfo failed)"))), nouvelle tentative dans 8s.
2026-08-17 21:42:44,690 [ERROR] Échec de la requête https://www.sec.gov/Archives/edgar/data/915912/000110465925117327/tm2532421d1_8k.htm (4 tentatives) : HTTPSConnectionPool(host='www.sec.gov', port=443): Max retries exceeded with url: /Archives/edgar/data/915912/000110465925117327/tm2532421d1_8k.htm (Caused by NameResolutionError("HTTPSConnection(host='www.sec.gov', port=443): Failed to resolve 'www.sec.gov' ([Errno 11001] getaddrinfo failed)"))
2026-08-17 21:42:44,690 [ERROR] Échec du téléchargement du filing https://www.sec.gov/Archives/edgar/data/915912/000110465925117327/tm2532421d1_8k.htm: https://www.sec.gov/Archives/edgar/data/915912/000110465925117327/tm2532421d1_8k.htm : HTTPSConnectionPool(host='www.sec.gov', port=443): Max retries exceeded with url: /Archives/edgar/data/915912/000110465925117327/tm2532421d1_8k.htm (Caused by NameResolutionError("HTTPSConnection(host='www.sec.gov', port=443): Failed to resolve 'www.sec.gov' ([Errno 11001] getaddrinfo failed)"))
2026-08-17 21:42:44,815 [WARNING] Requête https://www.sec.gov/Archives/edgar/data/915912/000091591226000002/avb-20260204.htm en échec (HTTPSConnectionPool(host='www.sec.gov', port=443): Max retries exceeded with url: /Archives/edgar/data/915912/000091591226000002/avb-20260204.htm (Caused by NameResolutionError("HTTPSConnection(host='www.sec.gov', port=443): Failed to resolve 'www.sec.gov' ([Errno 11001] getaddrinfo failed)"))), nouvelle tentative dans 2s.
2026-08-17 21:42:46,817 [WARNING] Requête https://www.sec.gov/Archives/edgar/data/915912/000091591226000002/avb-20260204.htm en échec (HTTPSConnectionPool(host='www.sec.gov', port=443): Max retries exceeded with url: /Archives/edgar/data/915912/000091591226000002/avb-20260204.htm (Caused by NameResolutionError("HTTPSConnection(host='www.sec.gov', port=443): Failed to resolve 'www.sec.gov' ([Errno 11001] getaddrinfo failed)"))), nouvelle tentative dans 4s.
2026-08-17 21:42:50,820 [WARNING] Requête https://www.sec.gov/Archives/edgar/data/915912/000091591226000002/avb-20260204.htm en échec (HTTPSConnectionPool(host='www.sec.gov', port=443): Max retries exceeded with url: /Archives/edgar/data/915912/000091591226000002/avb-20260204.htm (Caused by NameResolutionError("HTTPSConnection(host='www.sec.gov', port=443): Failed to resolve 'www.sec.gov' ([Errno 11001] getaddrinfo failed)"))), nouvelle tentative dans 8s.
2026-08-17 21:42:58,823 [ERROR] Échec de la requête https://www.sec.gov/Archives/edgar/data/915912/000091591226000002/avb-20260204.htm (4 tentatives) : HTTPSConnectionPool(host='www.sec.gov', port=443): Max retries exceeded with url: /Archives/edgar/data/915912/000091591226000002/avb-20260204.htm (Caused by NameResolutionError("HTTPSConnection(host='www.sec.gov', port=443): Failed to resolve 'www.sec.gov' ([Errno 11001] getaddrinfo failed)"))
2026-08-17 21:42:58,823 [ERROR] Échec du téléchargement du filing https://www.sec.gov/Archives/edgar/data/915912/000091591226000002/avb-20260204.htm: https://www.sec.gov/Archives/edgar/data/915912/000091591226000002/avb-20260204.htm : HTTPSConnectionPool(host='www.sec.gov', port=443): Max retries exceeded with url: /Archives/edgar/data/915912/000091591226000002/avb-20260204.htm (Caused by NameResolutionError("HTTPSConnection(host='www.sec.gov', port=443): Failed to resolve 'www.sec.gov' ([Errno 11001] getaddrinfo failed)"))
2026-08-17 21:42:58,947 [WARNING] Requête https://www.sec.gov/Archives/edgar/data/915912/000091591226000010/avb-20260427.htm en échec (HTTPSConnectionPool(host='www.sec.gov', port=443): Max retries exceeded with url: /Archives/edgar/data/915912/000091591226000010/avb-20260427.htm (Caused by NameResolutionError("HTTPSConnection(host='www.sec.gov', port=443): Failed to resolve 'www.sec.gov' ([Errno 11001] getaddrinfo failed)"))), nouvelle tentative dans 2s.
2026-08-17 21:43:00,951 [WARNING] Requête https://www.sec.gov/Archives/edgar/data/915912/000091591226000010/avb-20260427.htm en échec (HTTPSConnectionPool(host='www.sec.gov', port=443): Max retries exceeded with url: /Archives/edgar/data/915912/000091591226000010/avb-20260427.htm (Caused by NameResolutionError("HTTPSConnection(host='www.sec.gov', port=443): Failed to resolve 'www.sec.gov' ([Errno 11001] getaddrinfo failed)"))), nouvelle tentative dans 4s.
2026-08-17 21:43:04,955 [WARNING] Requête https://www.sec.gov/Archives/edgar/data/915912/000091591226000010/avb-20260427.htm en échec (HTTPSConnectionPool(host='www.sec.gov', port=443): Max retries exceeded with url: /Archives/edgar/data/915912/000091591226000010/avb-20260427.htm (Caused by NameResolutionError("HTTPSConnection(host='www.sec.gov', port=443): Failed to resolve 'www.sec.gov' ([Errno 11001] getaddrinfo failed)"))), nouvelle tentative dans 8s.
2026-08-17 21:43:12,957 [ERROR] Échec de la requête https://www.sec.gov/Archives/edgar/data/915912/000091591226000010/avb-20260427.htm (4 tentatives) : HTTPSConnectionPool(host='www.sec.gov', port=443): Max retries exceeded with url: /Archives/edgar/data/915912/000091591226000010/avb-20260427.htm (Caused by NameResolutionError("HTTPSConnection(host='www.sec.gov', port=443): Failed to resolve 'www.sec.gov' ([Errno 11001] getaddrinfo failed)"))
2026-08-17 21:43:12,957 [ERROR] Échec du téléchargement du filing https://www.sec.gov/Archives/edgar/data/915912/000091591226000010/avb-20260427.htm: https://www.sec.gov/Archives/edgar/data/915912/000091591226000010/avb-20260427.htm : HTTPSConnectionPool(host='www.sec.gov', port=443): Max retries exceeded with url: /Archives/edgar/data/915912/000091591226000010/avb-20260427.htm (Caused by NameResolutionError("HTTPSConnection(host='www.sec.gov', port=443): Failed to resolve 'www.sec.gov' ([Errno 11001] getaddrinfo failed)"))
2026-08-17 21:43:13,082 [WARNING] Requête https://www.sec.gov/Archives/edgar/data/915912/000110465926064781/tm2615292d1_8k.htm en échec (HTTPSConnectionPool(host='www.sec.gov', port=443): Max retries exceeded with url: /Archives/edgar/data/915912/000110465926064781/tm2615292d1_8k.htm (Caused by NameResolutionError("HTTPSConnection(host='www.sec.gov', port=443): Failed to resolve 'www.sec.gov' ([Errno 11001] getaddrinfo failed)"))), nouvelle tentative dans 2s.
2026-08-17 21:43:15,085 [WARNING] Requête https://www.sec.gov/Archives/edgar/data/915912/000110465926064781/tm2615292d1_8k.htm en échec (HTTPSConnectionPool(host='www.sec.gov', port=443): Max retries exceeded with url: /Archives/edgar/data/915912/000110465926064781/tm2615292d1_8k.htm (Caused by NameResolutionError("HTTPSConnection(host='www.sec.gov', port=443): Failed to resolve 'www.sec.gov' ([Errno 11001] getaddrinfo failed)"))), nouvelle tentative dans 4s.
2026-08-17 21:43:19,092 [WARNING] Requête https://www.sec.gov/Archives/edgar/data/915912/000110465926064781/tm2615292d1_8k.htm en échec (HTTPSConnectionPool(host='www.sec.gov', port=443): Max retries exceeded with url: /Archives/edgar/data/915912/000110465926064781/tm2615292d1_8k.htm (Caused by NameResolutionError("HTTPSConnection(host='www.sec.gov', port=443): Failed to resolve 'www.sec.gov' ([Errno 11001] getaddrinfo failed)"))), nouvelle tentative dans 8s.
2026-08-17 21:43:27,095 [ERROR] Échec de la requête https://www.sec.gov/Archives/edgar/data/915912/000110465926064781/tm2615292d1_8k.htm (4 tentatives) : HTTPSConnectionPool(host='www.sec.gov', port=443): Max retries exceeded with url: /Archives/edgar/data/915912/000110465926064781/tm2615292d1_8k.htm (Caused by NameResolutionError("HTTPSConnection(host='www.sec.gov', port=443): Failed to resolve 'www.sec.gov' ([Errno 11001] getaddrinfo failed)"))
2026-08-17 21:43:27,095 [ERROR] Échec du téléchargement du filing https://www.sec.gov/Archives/edgar/data/915912/000110465926064781/tm2615292d1_8k.htm: https://www.sec.gov/Archives/edgar/data/915912/000110465926064781/tm2615292d1_8k.htm : HTTPSConnectionPool(host='www.sec.gov', port=443): Max retries exceeded with url: /Archives/edgar/data/915912/000110465926064781/tm2615292d1_8k.htm (Caused by NameResolutionError("HTTPSConnection(host='www.sec.gov', port=443): Failed to resolve 'www.sec.gov' ([Errno 11001] getaddrinfo failed)"))
2026-08-17 21:43:27,222 [WARNING] Requête https://www.sec.gov/Archives/edgar/data/915912/000110465926065770/tm2615343d5_8k.htm en échec (HTTPSConnectionPool(host='www.sec.gov', port=443): Max retries exceeded with url: /Archives/edgar/data/915912/000110465926065770/tm2615343d5_8k.htm (Caused by NameResolutionError("HTTPSConnection(host='www.sec.gov', port=443): Failed to resolve 'www.sec.gov' ([Errno 11001] getaddrinfo failed)"))), nouvelle tentative dans 2s.
2026-08-17 21:43:29,224 [WARNING] Requête https://www.sec.gov/Archives/edgar/data/915912/000110465926065770/tm2615343d5_8k.htm en échec (HTTPSConnectionPool(host='www.sec.gov', port=443): Max retries exceeded with url: /Archives/edgar/data/915912/000110465926065770/tm2615343d5_8k.htm (Caused by NameResolutionError("HTTPSConnection(host='www.sec.gov', port=443): Failed to resolve 'www.sec.gov' ([Errno 11001] getaddrinfo failed)"))), nouvelle tentative dans 4s.
2026-08-17 21:43:33,227 [WARNING] Requête https://www.sec.gov/Archives/edgar/data/915912/000110465926065770/tm2615343d5_8k.htm en échec (HTTPSConnectionPool(host='www.sec.gov', port=443): Max retries exceeded with url: /Archives/edgar/data/915912/000110465926065770/tm2615343d5_8k.htm (Caused by NameResolutionError("HTTPSConnection(host='www.sec.gov', port=443): Failed to resolve 'www.sec.gov' ([Errno 11001] getaddrinfo failed)"))), nouvelle tentative dans 8s.
2026-08-17 21:43:41,231 [ERROR] Échec de la requête https://www.sec.gov/Archives/edgar/data/915912/000110465926065770/tm2615343d5_8k.htm (4 tentatives) : HTTPSConnectionPool(host='www.sec.gov', port=443): Max retries exceeded with url: /Archives/edgar/data/915912/000110465926065770/tm2615343d5_8k.htm (Caused by NameResolutionError("HTTPSConnection(host='www.sec.gov', port=443): Failed to resolve 'www.sec.gov' ([Errno 11001] getaddrinfo failed)"))
2026-08-17 21:43:41,231 [ERROR] Échec du téléchargement du filing https://www.sec.gov/Archives/edgar/data/915912/000110465926065770/tm2615343d5_8k.htm: https://www.sec.gov/Archives/edgar/data/915912/000110465926065770/tm2615343d5_8k.htm : HTTPSConnectionPool(host='www.sec.gov', port=443): Max retries exceeded with url: /Archives/edgar/data/915912/000110465926065770/tm2615343d5_8k.htm (Caused by NameResolutionError("HTTPSConnection(host='www.sec.gov', port=443): Failed to resolve 'www.sec.gov' ([Errno 11001] getaddrinfo failed)"))
2026-08-17 21:43:41,356 [WARNING] Requête https://www.sec.gov/Archives/edgar/data/915912/000110465926071367/tm2617115d1_8k.htm en échec (HTTPSConnectionPool(host='www.sec.gov', port=443): Max retries exceeded with url: /Archives/edgar/data/915912/000110465926071367/tm2617115d1_8k.htm (Caused by NameResolutionError("HTTPSConnection(host='www.sec.gov', port=443): Failed to resolve 'www.sec.gov' ([Errno 11001] getaddrinfo failed)"))), nouvelle tentative dans 2s.
2026-08-17 21:43:43,359 [WARNING] Requête https://www.sec.gov/Archives/edgar/data/915912/000110465926071367/tm2617115d1_8k.htm en échec (HTTPSConnectionPool(host='www.sec.gov', port=443): Max retries exceeded with url: /Archives/edgar/data/915912/000110465926071367/tm2617115d1_8k.htm (Caused by NameResolutionError("HTTPSConnection(host='www.sec.gov', port=443): Failed to resolve 'www.sec.gov' ([Errno 11001] getaddrinfo failed)"))), nouvelle tentative dans 4s.
2026-08-17 21:43:47,361 [WARNING] Requête https://www.sec.gov/Archives/edgar/data/915912/000110465926071367/tm2617115d1_8k.htm en échec (HTTPSConnectionPool(host='www.sec.gov', port=443): Max retries exceeded with url: /Archives/edgar/data/915912/000110465926071367/tm2617115d1_8k.htm (Caused by NameResolutionError("HTTPSConnection(host='www.sec.gov', port=443): Failed to resolve 'www.sec.gov' ([Errno 11001] getaddrinfo failed)"))), nouvelle tentative dans 8s.
2026-08-17 21:43:55,364 [ERROR] Échec de la requête https://www.sec.gov/Archives/edgar/data/915912/000110465926071367/tm2617115d1_8k.htm (4 tentatives) : HTTPSConnectionPool(host='www.sec.gov', port=443): Max retries exceeded with url: /Archives/edgar/data/915912/000110465926071367/tm2617115d1_8k.htm (Caused by NameResolutionError("HTTPSConnection(host='www.sec.gov', port=443): Failed to resolve 'www.sec.gov' ([Errno 11001] getaddrinfo failed)"))
2026-08-17 21:43:55,364 [ERROR] Échec du téléchargement du filing https://www.sec.gov/Archives/edgar/data/915912/000110465926071367/tm2617115d1_8k.htm: https://www.sec.gov/Archives/edgar/data/915912/000110465926071367/tm2617115d1_8k.htm : HTTPSConnectionPool(host='www.sec.gov', port=443): Max retries exceeded with url: /Archives/edgar/data/915912/000110465926071367/tm2617115d1_8k.htm (Caused by NameResolutionError("HTTPSConnection(host='www.sec.gov', port=443): Failed to resolve 'www.sec.gov' ([Errno 11001] getaddrinfo failed)"))
2026-08-17 21:43:55,489 [WARNING] Requête https://www.sec.gov/Archives/edgar/data/915912/000091591226000018/avb-20260722.htm en échec (HTTPSConnectionPool(host='www.sec.gov', port=443): Max retries exceeded with url: /Archives/edgar/data/915912/000091591226000018/avb-20260722.htm (Caused by NameResolutionError("HTTPSConnection(host='www.sec.gov', port=443): Failed to resolve 'www.sec.gov' ([Errno 11001] getaddrinfo failed)"))), nouvelle tentative dans 2s.
2026-08-17 21:43:57,491 [WARNING] Requête https://www.sec.gov/Archives/edgar/data/915912/000091591226000018/avb-20260722.htm en échec (HTTPSConnectionPool(host='www.sec.gov', port=443): Max retries exceeded with url: /Archives/edgar/data/915912/000091591226000018/avb-20260722.htm (Caused by NameResolutionError("HTTPSConnection(host='www.sec.gov', port=443): Failed to resolve 'www.sec.gov' ([Errno 11001] getaddrinfo failed)"))), nouvelle tentative dans 4s.
2026-08-17 21:44:01,495 [WARNING] Requête https://www.sec.gov/Archives/edgar/data/915912/000091591226000018/avb-20260722.htm en échec (HTTPSConnectionPool(host='www.sec.gov', port=443): Max retries exceeded with url: /Archives/edgar/data/915912/000091591226000018/avb-20260722.htm (Caused by NameResolutionError("HTTPSConnection(host='www.sec.gov', port=443): Failed to resolve 'www.sec.gov' ([Errno 11001] getaddrinfo failed)"))), nouvelle tentative dans 8s.
2026-08-17 21:44:09,498 [ERROR] Échec de la requête https://www.sec.gov/Archives/edgar/data/915912/000091591226000018/avb-20260722.htm (4 tentatives) : HTTPSConnectionPool(host='www.sec.gov', port=443): Max retries exceeded with url: /Archives/edgar/data/915912/000091591226000018/avb-20260722.htm (Caused by NameResolutionError("HTTPSConnection(host='www.sec.gov', port=443): Failed to resolve 'www.sec.gov' ([Errno 11001] getaddrinfo failed)"))
2026-08-17 21:44:09,498 [ERROR] Échec du téléchargement du filing https://www.sec.gov/Archives/edgar/data/915912/000091591226000018/avb-20260722.htm: https://www.sec.gov/Archives/edgar/data/915912/000091591226000018/avb-20260722.htm : HTTPSConnectionPool(host='www.sec.gov', port=443): Max retries exceeded with url: /Archives/edgar/data/915912/000091591226000018/avb-20260722.htm (Caused by NameResolutionError("HTTPSConnection(host='www.sec.gov', port=443): Failed to resolve 'www.sec.gov' ([Errno 11001] getaddrinfo failed)"))
2026-08-17 21:44:09,623 [WARNING] Requête https://www.sec.gov/Archives/edgar/data/915912/000110465926089277/tm2621824d1_8k.htm en échec (HTTPSConnectionPool(host='www.sec.gov', port=443): Max retries exceeded with url: /Archives/edgar/data/915912/000110465926089277/tm2621824d1_8k.htm (Caused by NameResolutionError("HTTPSConnection(host='www.sec.gov', port=443): Failed to resolve 'www.sec.gov' ([Errno 11001] getaddrinfo failed)"))), nouvelle tentative dans 2s.
2026-08-17 21:44:11,625 [WARNING] Requête https://www.sec.gov/Archives/edgar/data/915912/000110465926089277/tm2621824d1_8k.htm en échec (HTTPSConnectionPool(host='www.sec.gov', port=443): Max retries exceeded with url: /Archives/edgar/data/915912/000110465926089277/tm2621824d1_8k.htm (Caused by NameResolutionError("HTTPSConnection(host='www.sec.gov', port=443): Failed to resolve 'www.sec.gov' ([Errno 11001] getaddrinfo failed)"))), nouvelle tentative dans 4s.
2026-08-17 21:44:15,628 [WARNING] Requête https://www.sec.gov/Archives/edgar/data/915912/000110465926089277/tm2621824d1_8k.htm en échec (HTTPSConnectionPool(host='www.sec.gov', port=443): Max retries exceeded with url: /Archives/edgar/data/915912/000110465926089277/tm2621824d1_8k.htm (Caused by NameResolutionError("HTTPSConnection(host='www.sec.gov', port=443): Failed to resolve 'www.sec.gov' ([Errno 11001] getaddrinfo failed)"))), nouvelle tentative dans 8s.
2026-08-17 21:44:23,632 [ERROR] Échec de la requête https://www.sec.gov/Archives/edgar/data/915912/000110465926089277/tm2621824d1_8k.htm (4 tentatives) : HTTPSConnectionPool(host='www.sec.gov', port=443): Max retries exceeded with url: /Archives/edgar/data/915912/000110465926089277/tm2621824d1_8k.htm (Caused by NameResolutionError("HTTPSConnection(host='www.sec.gov', port=443): Failed to resolve 'www.sec.gov' ([Errno 11001] getaddrinfo failed)"))
2026-08-17 21:44:23,632 [ERROR] Échec du téléchargement du filing https://www.sec.gov/Archives/edgar/data/915912/000110465926089277/tm2621824d1_8k.htm: https://www.sec.gov/Archives/edgar/data/915912/000110465926089277/tm2621824d1_8k.htm : HTTPSConnectionPool(host='www.sec.gov', port=443): Max retries exceeded with url: /Archives/edgar/data/915912/000110465926089277/tm2621824d1_8k.htm (Caused by NameResolutionError("HTTPSConnection(host='www.sec.gov', port=443): Failed to resolve 'www.sec.gov' ([Errno 11001] getaddrinfo failed)"))
2026-08-17 21:44:23,757 [WARNING] Requête https://www.sec.gov/Archives/edgar/data/915912/000110465926094930/tm2622947d1_8k.htm en échec (HTTPSConnectionPool(host='www.sec.gov', port=443): Max retries exceeded with url: /Archives/edgar/data/915912/000110465926094930/tm2622947d1_8k.htm (Caused by NameResolutionError("HTTPSConnection(host='www.sec.gov', port=443): Failed to resolve 'www.sec.gov' ([Errno 11001] getaddrinfo failed)"))), nouvelle tentative dans 2s.
2026-08-17 21:44:25,760 [WARNING] Requête https://www.sec.gov/Archives/edgar/data/915912/000110465926094930/tm2622947d1_8k.htm en échec (HTTPSConnectionPool(host='www.sec.gov', port=443): Max retries exceeded with url: /Archives/edgar/data/915912/000110465926094930/tm2622947d1_8k.htm (Caused by NameResolutionError("HTTPSConnection(host='www.sec.gov', port=443): Failed to resolve 'www.sec.gov' ([Errno 11001] getaddrinfo failed)"))), nouvelle tentative dans 4s.
2026-08-17 21:44:29,762 [WARNING] Requête https://www.sec.gov/Archives/edgar/data/915912/000110465926094930/tm2622947d1_8k.htm en échec (HTTPSConnectionPool(host='www.sec.gov', port=443): Max retries exceeded with url: /Archives/edgar/data/915912/000110465926094930/tm2622947d1_8k.htm (Caused by NameResolutionError("HTTPSConnection(host='www.sec.gov', port=443): Failed to resolve 'www.sec.gov' ([Errno 11001] getaddrinfo failed)"))), nouvelle tentative dans 8s.
2026-08-17 21:44:37,764 [ERROR] Échec de la requête https://www.sec.gov/Archives/edgar/data/915912/000110465926094930/tm2622947d1_8k.htm (4 tentatives) : HTTPSConnectionPool(host='www.sec.gov', port=443): Max retries exceeded with url: /Archives/edgar/data/915912/000110465926094930/tm2622947d1_8k.htm (Caused by NameResolutionError("HTTPSConnection(host='www.sec.gov', port=443): Failed to resolve 'www.sec.gov' ([Errno 11001] getaddrinfo failed)"))
2026-08-17 21:44:37,764 [ERROR] Échec du téléchargement du filing https://www.sec.gov/Archives/edgar/data/915912/000110465926094930/tm2622947d1_8k.htm: https://www.sec.gov/Archives/edgar/data/915912/000110465926094930/tm2622947d1_8k.htm : HTTPSConnectionPool(host='www.sec.gov', port=443): Max retries exceeded with url: /Archives/edgar/data/915912/000110465926094930/tm2622947d1_8k.htm (Caused by NameResolutionError("HTTPSConnection(host='www.sec.gov', port=443): Failed to resolve 'www.sec.gov' ([Errno 11001] getaddrinfo failed)"))
2026-08-17 21:44:37,769 [INFO] [55/498] AVY (CIK 0000008818, 62 fenêtre(s))...
2026-08-17 21:44:37,889 [WARNING] Requête https://www.sec.gov/Archives/edgar/data/8818/000129993311001973/htm_42202.htm en échec (HTTPSConnectionPool(host='www.sec.gov', port=443): Max retries exceeded with url: /Archives/edgar/data/8818/000129993311001973/htm_42202.htm (Caused by NameResolutionError("HTTPSConnection(host='www.sec.gov', port=443): Failed to resolve 'www.sec.gov' ([Errno 11001] getaddrinfo failed)"))), nouvelle tentative dans 2s.
2026-08-17 21:44:39,891 [WARNING] Requête https://www.sec.gov/Archives/edgar/data/8818/000129993311001973/htm_42202.htm en échec (HTTPSConnectionPool(host='www.sec.gov', port=443): Max retries exceeded with url: /Archives/edgar/data/8818/000129993311001973/htm_42202.htm (Caused by NameResolutionError("HTTPSConnection(host='www.sec.gov', port=443): Failed to resolve 'www.sec.gov' ([Errno 11001] getaddrinfo failed)"))), nouvelle tentative dans 4s.
2026-08-17 21:44:43,893 [WARNING] Requête https://www.sec.gov/Archives/edgar/data/8818/000129993311001973/htm_42202.htm en échec (HTTPSConnectionPool(host='www.sec.gov', port=443): Max retries exceeded with url: /Archives/edgar/data/8818/000129993311001973/htm_42202.htm (Caused by NameResolutionError("HTTPSConnection(host='www.sec.gov', port=443): Failed to resolve 'www.sec.gov' ([Errno 11001] getaddrinfo failed)"))), nouvelle tentative dans 8s.
2026-08-17 21:44:51,895 [ERROR] Échec de la requête https://www.sec.gov/Archives/edgar/data/8818/000129993311001973/htm_42202.htm (4 tentatives) : HTTPSConnectionPool(host='www.sec.gov', port=443): Max retries exceeded with url: /Archives/edgar/data/8818/000129993311001973/htm_42202.htm (Caused by NameResolutionError("HTTPSConnection(host='www.sec.gov', port=443): Failed to resolve 'www.sec.gov' ([Errno 11001] getaddrinfo failed)"))
2026-08-17 21:44:51,896 [ERROR] Échec du téléchargement du filing https://www.sec.gov/Archives/edgar/data/8818/000129993311001973/htm_42202.htm: https://www.sec.gov/Archives/edgar/data/8818/000129993311001973/htm_42202.htm : HTTPSConnectionPool(host='www.sec.gov', port=443): Max retries exceeded with url: /Archives/edgar/data/8818/000129993311001973/htm_42202.htm (Caused by NameResolutionError("HTTPSConnection(host='www.sec.gov', port=443): Failed to resolve 'www.sec.gov' ([Errno 11001] getaddrinfo failed)"))
2026-08-17 21:44:52,022 [WARNING] Requête https://www.sec.gov/Archives/edgar/data/8818/000129993311002178/htm_42358.htm en échec (HTTPSConnectionPool(host='www.sec.gov', port=443): Max retries exceeded with url: /Archives/edgar/data/8818/000129993311002178/htm_42358.htm (Caused by NameResolutionError("HTTPSConnection(host='www.sec.gov', port=443): Failed to resolve 'www.sec.gov' ([Errno 11001] getaddrinfo failed)"))), nouvelle tentative dans 2s.
2026-08-17 21:44:54,024 [WARNING] Requête https://www.sec.gov/Archives/edgar/data/8818/000129993311002178/htm_42358.htm en échec (HTTPSConnectionPool(host='www.sec.gov', port=443): Max retries exceeded with url: /Archives/edgar/data/8818/000129993311002178/htm_42358.htm (Caused by NameResolutionError("HTTPSConnection(host='www.sec.gov', port=443): Failed to resolve 'www.sec.gov' ([Errno 11001] getaddrinfo failed)"))), nouvelle tentative dans 4s.
2026-08-17 21:44:58,031 [WARNING] Requête https://www.sec.gov/Archives/edgar/data/8818/000129993311002178/htm_42358.htm en échec (HTTPSConnectionPool(host='www.sec.gov', port=443): Max retries exceeded with url: /Archives/edgar/data/8818/000129993311002178/htm_42358.htm (Caused by NameResolutionError("HTTPSConnection(host='www.sec.gov', port=443): Failed to resolve 'www.sec.gov' ([Errno 11001] getaddrinfo failed)"))), nouvelle tentative dans 8s.
2026-08-17 21:45:06,033 [ERROR] Échec de la requête https://www.sec.gov/Archives/edgar/data/8818/000129993311002178/htm_42358.htm (4 tentatives) : HTTPSConnectionPool(host='www.sec.gov', port=443): Max retries exceeded with url: /Archives/edgar/data/8818/000129993311002178/htm_42358.htm (Caused by NameResolutionError("HTTPSConnection(host='www.sec.gov', port=443): Failed to resolve 'www.sec.gov' ([Errno 11001] getaddrinfo failed)"))
2026-08-17 21:45:06,033 [ERROR] Échec du téléchargement du filing https://www.sec.gov/Archives/edgar/data/8818/000129993311002178/htm_42358.htm: https://www.sec.gov/Archives/edgar/data/8818/000129993311002178/htm_42358.htm : HTTPSConnectionPool(host='www.sec.gov', port=443): Max retries exceeded with url: /Archives/edgar/data/8818/000129993311002178/htm_42358.htm (Caused by NameResolutionError("HTTPSConnection(host='www.sec.gov', port=443): Failed to resolve 'www.sec.gov' ([Errno 11001] getaddrinfo failed)"))
2026-08-17 21:45:06,158 [WARNING] Requête https://www.sec.gov/Archives/edgar/data/8818/000119312511196864/d8k.htm en échec (HTTPSConnectionPool(host='www.sec.gov', port=443): Max retries exceeded with url: /Archives/edgar/data/8818/000119312511196864/d8k.htm (Caused by NameResolutionError("HTTPSConnection(host='www.sec.gov', port=443): Failed to resolve 'www.sec.gov' ([Errno 11001] getaddrinfo failed)"))), nouvelle tentative dans 2s.
2026-08-17 21:45:08,160 [WARNING] Requête https://www.sec.gov/Archives/edgar/data/8818/000119312511196864/d8k.htm en échec (HTTPSConnectionPool(host='www.sec.gov', port=443): Max retries exceeded with url: /Archives/edgar/data/8818/000119312511196864/d8k.htm (Caused by NameResolutionError("HTTPSConnection(host='www.sec.gov', port=443): Failed to resolve 'www.sec.gov' ([Errno 11001] getaddrinfo failed)"))), nouvelle tentative dans 4s.
2026-08-17 21:45:12,163 [WARNING] Requête https://www.sec.gov/Archives/edgar/data/8818/000119312511196864/d8k.htm en échec (HTTPSConnectionPool(host='www.sec.gov', port=443): Max retries exceeded with url: /Archives/edgar/data/8818/000119312511196864/d8k.htm (Caused by NameResolutionError("HTTPSConnection(host='www.sec.gov', port=443): Failed to resolve 'www.sec.gov' ([Errno 11001] getaddrinfo failed)"))), nouvelle tentative dans 8s.
2026-08-17 21:45:20,165 [ERROR] Échec de la requête https://www.sec.gov/Archives/edgar/data/8818/000119312511196864/d8k.htm (4 tentatives) : HTTPSConnectionPool(host='www.sec.gov', port=443): Max retries exceeded with url: /Archives/edgar/data/8818/000119312511196864/d8k.htm (Caused by NameResolutionError("HTTPSConnection(host='www.sec.gov', port=443): Failed to resolve 'www.sec.gov' ([Errno 11001] getaddrinfo failed)"))
2026-08-17 21:45:20,165 [ERROR] Échec du téléchargement du filing https://www.sec.gov/Archives/edgar/data/8818/000119312511196864/d8k.htm: https://www.sec.gov/Archives/edgar/data/8818/000119312511196864/d8k.htm : HTTPSConnectionPool(host='www.sec.gov', port=443): Max retries exceeded with url: /Archives/edgar/data/8818/000119312511196864/d8k.htm (Caused by NameResolutionError("HTTPSConnection(host='www.sec.gov', port=443): Failed to resolve 'www.sec.gov' ([Errno 11001] getaddrinfo failed)"))
2026-08-17 21:45:20,293 [WARNING] Requête https://www.sec.gov/Archives/edgar/data/8818/000119312511281287/d247281d8k.htm en échec (HTTPSConnectionPool(host='www.sec.gov', port=443): Max retries exceeded with url: /Archives/edgar/data/8818/000119312511281287/d247281d8k.htm (Caused by NameResolutionError("HTTPSConnection(host='www.sec.gov', port=443): Failed to resolve 'www.sec.gov' ([Errno 11001] getaddrinfo failed)"))), nouvelle tentative dans 2s.
2026-08-17 21:45:22,295 [WARNING] Requête https://www.sec.gov/Archives/edgar/data/8818/000119312511281287/d247281d8k.htm en échec (HTTPSConnectionPool(host='www.sec.gov', port=443): Max retries exceeded with url: /Archives/edgar/data/8818/000119312511281287/d247281d8k.htm (Caused by NameResolutionError("HTTPSConnection(host='www.sec.gov', port=443): Failed to resolve 'www.sec.gov' ([Errno 11001] getaddrinfo failed)"))), nouvelle tentative dans 4s.
2026-08-17 21:45:26,298 [WARNING] Requête https://www.sec.gov/Archives/edgar/data/8818/000119312511281287/d247281d8k.htm en échec (HTTPSConnectionPool(host='www.sec.gov', port=443): Max retries exceeded with url: /Archives/edgar/data/8818/000119312511281287/d247281d8k.htm (Caused by NameResolutionError("HTTPSConnection(host='www.sec.gov', port=443): Failed to resolve 'www.sec.gov' ([Errno 11001] getaddrinfo failed)"))), nouvelle tentative dans 8s.
2026-08-17 21:45:34,300 [ERROR] Échec de la requête https://www.sec.gov/Archives/edgar/data/8818/000119312511281287/d247281d8k.htm (4 tentatives) : HTTPSConnectionPool(host='www.sec.gov', port=443): Max retries exceeded with url: /Archives/edgar/data/8818/000119312511281287/d247281d8k.htm (Caused by NameResolutionError("HTTPSConnection(host='www.sec.gov', port=443): Failed to resolve 'www.sec.gov' ([Errno 11001] getaddrinfo failed)"))
2026-08-17 21:45:34,300 [ERROR] Échec du téléchargement du filing https://www.sec.gov/Archives/edgar/data/8818/000119312511281287/d247281d8k.htm: https://www.sec.gov/Archives/edgar/data/8818/000119312511281287/d247281d8k.htm : HTTPSConnectionPool(host='www.sec.gov', port=443): Max retries exceeded with url: /Archives/edgar/data/8818/000119312511281287/d247281d8k.htm (Caused by NameResolutionError("HTTPSConnection(host='www.sec.gov', port=443): Failed to resolve 'www.sec.gov' ([Errno 11001] getaddrinfo failed)"))
2026-08-17 21:45:34,426 [WARNING] Requête https://www.sec.gov/Archives/edgar/data/8818/000129993311003340/htm_43517.htm en échec (HTTPSConnectionPool(host='www.sec.gov', port=443): Max retries exceeded with url: /Archives/edgar/data/8818/000129993311003340/htm_43517.htm (Caused by NameResolutionError("HTTPSConnection(host='www.sec.gov', port=443): Failed to resolve 'www.sec.gov' ([Errno 11001] getaddrinfo failed)"))), nouvelle tentative dans 2s.
2026-08-17 21:45:36,428 [WARNING] Requête https://www.sec.gov/Archives/edgar/data/8818/000129993311003340/htm_43517.htm en échec (HTTPSConnectionPool(host='www.sec.gov', port=443): Max retries exceeded with url: /Archives/edgar/data/8818/000129993311003340/htm_43517.htm (Caused by NameResolutionError("HTTPSConnection(host='www.sec.gov', port=443): Failed to resolve 'www.sec.gov' ([Errno 11001] getaddrinfo failed)"))), nouvelle tentative dans 4s.
2026-08-17 21:45:40,431 [WARNING] Requête https://www.sec.gov/Archives/edgar/data/8818/000129993311003340/htm_43517.htm en échec (HTTPSConnectionPool(host='www.sec.gov', port=443): Max retries exceeded with url: /Archives/edgar/data/8818/000129993311003340/htm_43517.htm (Caused by NameResolutionError("HTTPSConnection(host='www.sec.gov', port=443): Failed to resolve 'www.sec.gov' ([Errno 11001] getaddrinfo failed)"))), nouvelle tentative dans 8s.
2026-08-17 21:45:48,433 [ERROR] Échec de la requête https://www.sec.gov/Archives/edgar/data/8818/000129993311003340/htm_43517.htm (4 tentatives) : HTTPSConnectionPool(host='www.sec.gov', port=443): Max retries exceeded with url: /Archives/edgar/data/8818/000129993311003340/htm_43517.htm (Caused by NameResolutionError("HTTPSConnection(host='www.sec.gov', port=443): Failed to resolve 'www.sec.gov' ([Errno 11001] getaddrinfo failed)"))
2026-08-17 21:45:48,433 [ERROR] Échec du téléchargement du filing https://www.sec.gov/Archives/edgar/data/8818/000129993311003340/htm_43517.htm: https://www.sec.gov/Archives/edgar/data/8818/000129993311003340/htm_43517.htm : HTTPSConnectionPool(host='www.sec.gov', port=443): Max retries exceeded with url: /Archives/edgar/data/8818/000129993311003340/htm_43517.htm (Caused by NameResolutionError("HTTPSConnection(host='www.sec.gov', port=443): Failed to resolve 'www.sec.gov' ([Errno 11001] getaddrinfo failed)"))
2026-08-17 21:45:48,559 [WARNING] Requête https://www.sec.gov/Archives/edgar/data/8818/000119312511351872/d273482d8k.htm en échec (HTTPSConnectionPool(host='www.sec.gov', port=443): Max retries exceeded with url: /Archives/edgar/data/8818/000119312511351872/d273482d8k.htm (Caused by NameResolutionError("HTTPSConnection(host='www.sec.gov', port=443): Failed to resolve 'www.sec.gov' ([Errno 11001] getaddrinfo failed)"))), nouvelle tentative dans 2s.
2026-08-17 21:45:50,562 [WARNING] Requête https://www.sec.gov/Archives/edgar/data/8818/000119312511351872/d273482d8k.htm en échec (HTTPSConnectionPool(host='www.sec.gov', port=443): Max retries exceeded with url: /Archives/edgar/data/8818/000119312511351872/d273482d8k.htm (Caused by NameResolutionError("HTTPSConnection(host='www.sec.gov', port=443): Failed to resolve 'www.sec.gov' ([Errno 11001] getaddrinfo failed)"))), nouvelle tentative dans 4s.
2026-08-17 21:45:54,564 [WARNING] Requête https://www.sec.gov/Archives/edgar/data/8818/000119312511351872/d273482d8k.htm en échec (HTTPSConnectionPool(host='www.sec.gov', port=443): Max retries exceeded with url: /Archives/edgar/data/8818/000119312511351872/d273482d8k.htm (Caused by NameResolutionError("HTTPSConnection(host='www.sec.gov', port=443): Failed to resolve 'www.sec.gov' ([Errno 11001] getaddrinfo failed)"))), nouvelle tentative dans 8s.
2026-08-17 21:46:02,566 [ERROR] Échec de la requête https://www.sec.gov/Archives/edgar/data/8818/000119312511351872/d273482d8k.htm (4 tentatives) : HTTPSConnectionPool(host='www.sec.gov', port=443): Max retries exceeded with url: /Archives/edgar/data/8818/000119312511351872/d273482d8k.htm (Caused by NameResolutionError("HTTPSConnection(host='www.sec.gov', port=443): Failed to resolve 'www.sec.gov' ([Errno 11001] getaddrinfo failed)"))
2026-08-17 21:46:02,566 [ERROR] Échec du téléchargement du filing https://www.sec.gov/Archives/edgar/data/8818/000119312511351872/d273482d8k.htm: https://www.sec.gov/Archives/edgar/data/8818/000119312511351872/d273482d8k.htm : HTTPSConnectionPool(host='www.sec.gov', port=443): Max retries exceeded with url: /Archives/edgar/data/8818/000119312511351872/d273482d8k.htm (Caused by NameResolutionError("HTTPSConnection(host='www.sec.gov', port=443): Failed to resolve 'www.sec.gov' ([Errno 11001] getaddrinfo failed)"))
2026-08-17 21:46:02,692 [WARNING] Requête https://www.sec.gov/Archives/edgar/data/8818/000119312512000105/d276021d8k.htm en échec (HTTPSConnectionPool(host='www.sec.gov', port=443): Max retries exceeded with url: /Archives/edgar/data/8818/000119312512000105/d276021d8k.htm (Caused by NameResolutionError("HTTPSConnection(host='www.sec.gov', port=443): Failed to resolve 'www.sec.gov' ([Errno 11001] getaddrinfo failed)"))), nouvelle tentative dans 2s.
2026-08-17 21:46:04,698 [WARNING] Requête https://www.sec.gov/Archives/edgar/data/8818/000119312512000105/d276021d8k.htm en échec (HTTPSConnectionPool(host='www.sec.gov', port=443): Max retries exceeded with url: /Archives/edgar/data/8818/000119312512000105/d276021d8k.htm (Caused by NameResolutionError("HTTPSConnection(host='www.sec.gov', port=443): Failed to resolve 'www.sec.gov' ([Errno 11001] getaddrinfo failed)"))), nouvelle tentative dans 4s.
2026-08-17 21:46:08,701 [WARNING] Requête https://www.sec.gov/Archives/edgar/data/8818/000119312512000105/d276021d8k.htm en échec (HTTPSConnectionPool(host='www.sec.gov', port=443): Max retries exceeded with url: /Archives/edgar/data/8818/000119312512000105/d276021d8k.htm (Caused by NameResolutionError("HTTPSConnection(host='www.sec.gov', port=443): Failed to resolve 'www.sec.gov' ([Errno 11001] getaddrinfo failed)"))), nouvelle tentative dans 8s.
2026-08-17 21:46:16,703 [ERROR] Échec de la requête https://www.sec.gov/Archives/edgar/data/8818/000119312512000105/d276021d8k.htm (4 tentatives) : HTTPSConnectionPool(host='www.sec.gov', port=443): Max retries exceeded with url: /Archives/edgar/data/8818/000119312512000105/d276021d8k.htm (Caused by NameResolutionError("HTTPSConnection(host='www.sec.gov', port=443): Failed to resolve 'www.sec.gov' ([Errno 11001] getaddrinfo failed)"))
2026-08-17 21:46:16,704 [ERROR] Échec du téléchargement du filing https://www.sec.gov/Archives/edgar/data/8818/000119312512000105/d276021d8k.htm: https://www.sec.gov/Archives/edgar/data/8818/000119312512000105/d276021d8k.htm : HTTPSConnectionPool(host='www.sec.gov', port=443): Max retries exceeded with url: /Archives/edgar/data/8818/000119312512000105/d276021d8k.htm (Caused by NameResolutionError("HTTPSConnection(host='www.sec.gov', port=443): Failed to resolve 'www.sec.gov' ([Errno 11001] getaddrinfo failed)"))
2026-08-17 21:46:16,828 [WARNING] Requête https://www.sec.gov/Archives/edgar/data/8818/000119312512030907/d291211d8k.htm en échec (HTTPSConnectionPool(host='www.sec.gov', port=443): Max retries exceeded with url: /Archives/edgar/data/8818/000119312512030907/d291211d8k.htm (Caused by NameResolutionError("HTTPSConnection(host='www.sec.gov', port=443): Failed to resolve 'www.sec.gov' ([Errno 11001] getaddrinfo failed)"))), nouvelle tentative dans 2s.
2026-08-17 21:46:18,830 [WARNING] Requête https://www.sec.gov/Archives/edgar/data/8818/000119312512030907/d291211d8k.htm en échec (HTTPSConnectionPool(host='www.sec.gov', port=443): Max retries exceeded with url: /Archives/edgar/data/8818/000119312512030907/d291211d8k.htm (Caused by NameResolutionError("HTTPSConnection(host='www.sec.gov', port=443): Failed to resolve 'www.sec.gov' ([Errno 11001] getaddrinfo failed)"))), nouvelle tentative dans 4s.
2026-08-17 21:46:22,833 [WARNING] Requête https://www.sec.gov/Archives/edgar/data/8818/000119312512030907/d291211d8k.htm en échec (HTTPSConnectionPool(host='www.sec.gov', port=443): Max retries exceeded with url: /Archives/edgar/data/8818/000119312512030907/d291211d8k.htm (Caused by NameResolutionError("HTTPSConnection(host='www.sec.gov', port=443): Failed to resolve 'www.sec.gov' ([Errno 11001] getaddrinfo failed)"))), nouvelle tentative dans 8s.
2026-08-17 21:46:30,837 [ERROR] Échec de la requête https://www.sec.gov/Archives/edgar/data/8818/000119312512030907/d291211d8k.htm (4 tentatives) : HTTPSConnectionPool(host='www.sec.gov', port=443): Max retries exceeded with url: /Archives/edgar/data/8818/000119312512030907/d291211d8k.htm (Caused by NameResolutionError("HTTPSConnection(host='www.sec.gov', port=443): Failed to resolve 'www.sec.gov' ([Errno 11001] getaddrinfo failed)"))
2026-08-17 21:46:30,837 [ERROR] Échec du téléchargement du filing https://www.sec.gov/Archives/edgar/data/8818/000119312512030907/d291211d8k.htm: https://www.sec.gov/Archives/edgar/data/8818/000119312512030907/d291211d8k.htm : HTTPSConnectionPool(host='www.sec.gov', port=443): Max retries exceeded with url: /Archives/edgar/data/8818/000119312512030907/d291211d8k.htm (Caused by NameResolutionError("HTTPSConnection(host='www.sec.gov', port=443): Failed to resolve 'www.sec.gov' ([Errno 11001] getaddrinfo failed)"))
2026-08-17 21:46:30,966 [WARNING] Requête https://www.sec.gov/Archives/edgar/data/8818/000119312512180542/d339409d8k.htm en échec (HTTPSConnectionPool(host='www.sec.gov', port=443): Max retries exceeded with url: /Archives/edgar/data/8818/000119312512180542/d339409d8k.htm (Caused by NameResolutionError("HTTPSConnection(host='www.sec.gov', port=443): Failed to resolve 'www.sec.gov' ([Errno 11001] getaddrinfo failed)"))), nouvelle tentative dans 2s.
2026-08-17 21:46:32,970 [WARNING] Requête https://www.sec.gov/Archives/edgar/data/8818/000119312512180542/d339409d8k.htm en échec (HTTPSConnectionPool(host='www.sec.gov', port=443): Max retries exceeded with url: /Archives/edgar/data/8818/000119312512180542/d339409d8k.htm (Caused by NameResolutionError("HTTPSConnection(host='www.sec.gov', port=443): Failed to resolve 'www.sec.gov' ([Errno 11001] getaddrinfo failed)"))), nouvelle tentative dans 4s.
2026-08-17 21:46:36,973 [WARNING] Requête https://www.sec.gov/Archives/edgar/data/8818/000119312512180542/d339409d8k.htm en échec (HTTPSConnectionPool(host='www.sec.gov', port=443): Max retries exceeded with url: /Archives/edgar/data/8818/000119312512180542/d339409d8k.htm (Caused by NameResolutionError("HTTPSConnection(host='www.sec.gov', port=443): Failed to resolve 'www.sec.gov' ([Errno 11001] getaddrinfo failed)"))), nouvelle tentative dans 8s.
2026-08-17 21:46:44,975 [ERROR] Échec de la requête https://www.sec.gov/Archives/edgar/data/8818/000119312512180542/d339409d8k.htm (4 tentatives) : HTTPSConnectionPool(host='www.sec.gov', port=443): Max retries exceeded with url: /Archives/edgar/data/8818/000119312512180542/d339409d8k.htm (Caused by NameResolutionError("HTTPSConnection(host='www.sec.gov', port=443): Failed to resolve 'www.sec.gov' ([Errno 11001] getaddrinfo failed)"))
2026-08-17 21:46:44,975 [ERROR] Échec du téléchargement du filing https://www.sec.gov/Archives/edgar/data/8818/000119312512180542/d339409d8k.htm: https://www.sec.gov/Archives/edgar/data/8818/000119312512180542/d339409d8k.htm : HTTPSConnectionPool(host='www.sec.gov', port=443): Max retries exceeded with url: /Archives/edgar/data/8818/000119312512180542/d339409d8k.htm (Caused by NameResolutionError("HTTPSConnection(host='www.sec.gov', port=443): Failed to resolve 'www.sec.gov' ([Errno 11001] getaddrinfo failed)"))
2026-08-17 21:46:45,100 [WARNING] Requête https://www.sec.gov/Archives/edgar/data/8818/000119312512195571/d343404d8k.htm en échec (HTTPSConnectionPool(host='www.sec.gov', port=443): Max retries exceeded with url: /Archives/edgar/data/8818/000119312512195571/d343404d8k.htm (Caused by NameResolutionError("HTTPSConnection(host='www.sec.gov', port=443): Failed to resolve 'www.sec.gov' ([Errno 11001] getaddrinfo failed)"))), nouvelle tentative dans 2s.
2026-08-17 21:46:47,103 [WARNING] Requête https://www.sec.gov/Archives/edgar/data/8818/000119312512195571/d343404d8k.htm en échec (HTTPSConnectionPool(host='www.sec.gov', port=443): Max retries exceeded with url: /Archives/edgar/data/8818/000119312512195571/d343404d8k.htm (Caused by NameResolutionError("HTTPSConnection(host='www.sec.gov', port=443): Failed to resolve 'www.sec.gov' ([Errno 11001] getaddrinfo failed)"))), nouvelle tentative dans 4s.
2026-08-17 21:46:51,105 [WARNING] Requête https://www.sec.gov/Archives/edgar/data/8818/000119312512195571/d343404d8k.htm en échec (HTTPSConnectionPool(host='www.sec.gov', port=443): Max retries exceeded with url: /Archives/edgar/data/8818/000119312512195571/d343404d8k.htm (Caused by NameResolutionError("HTTPSConnection(host='www.sec.gov', port=443): Failed to resolve 'www.sec.gov' ([Errno 11001] getaddrinfo failed)"))), nouvelle tentative dans 8s.
2026-08-17 21:46:59,107 [ERROR] Échec de la requête https://www.sec.gov/Archives/edgar/data/8818/000119312512195571/d343404d8k.htm (4 tentatives) : HTTPSConnectionPool(host='www.sec.gov', port=443): Max retries exceeded with url: /Archives/edgar/data/8818/000119312512195571/d343404d8k.htm (Caused by NameResolutionError("HTTPSConnection(host='www.sec.gov', port=443): Failed to resolve 'www.sec.gov' ([Errno 11001] getaddrinfo failed)"))
2026-08-17 21:46:59,107 [ERROR] Échec du téléchargement du filing https://www.sec.gov/Archives/edgar/data/8818/000119312512195571/d343404d8k.htm: https://www.sec.gov/Archives/edgar/data/8818/000119312512195571/d343404d8k.htm : HTTPSConnectionPool(host='www.sec.gov', port=443): Max retries exceeded with url: /Archives/edgar/data/8818/000119312512195571/d343404d8k.htm (Caused by NameResolutionError("HTTPSConnection(host='www.sec.gov', port=443): Failed to resolve 'www.sec.gov' ([Errno 11001] getaddrinfo failed)"))
2026-08-17 21:46:59,232 [WARNING] Requête https://www.sec.gov/Archives/edgar/data/8818/000119312512311420/d383476d8k.htm en échec (HTTPSConnectionPool(host='www.sec.gov', port=443): Max retries exceeded with url: /Archives/edgar/data/8818/000119312512311420/d383476d8k.htm (Caused by NameResolutionError("HTTPSConnection(host='www.sec.gov', port=443): Failed to resolve 'www.sec.gov' ([Errno 11001] getaddrinfo failed)"))), nouvelle tentative dans 2s.
2026-08-17 21:47:01,234 [WARNING] Requête https://www.sec.gov/Archives/edgar/data/8818/000119312512311420/d383476d8k.htm en échec (HTTPSConnectionPool(host='www.sec.gov', port=443): Max retries exceeded with url: /Archives/edgar/data/8818/000119312512311420/d383476d8k.htm (Caused by NameResolutionError("HTTPSConnection(host='www.sec.gov', port=443): Failed to resolve 'www.sec.gov' ([Errno 11001] getaddrinfo failed)"))), nouvelle tentative dans 4s.
2026-08-17 21:47:05,243 [WARNING] Requête https://www.sec.gov/Archives/edgar/data/8818/000119312512311420/d383476d8k.htm en échec (HTTPSConnectionPool(host='www.sec.gov', port=443): Max retries exceeded with url: /Archives/edgar/data/8818/000119312512311420/d383476d8k.htm (Caused by NameResolutionError("HTTPSConnection(host='www.sec.gov', port=443): Failed to resolve 'www.sec.gov' ([Errno 11001] getaddrinfo failed)"))), nouvelle tentative dans 8s.
2026-08-17 21:47:13,245 [ERROR] Échec de la requête https://www.sec.gov/Archives/edgar/data/8818/000119312512311420/d383476d8k.htm (4 tentatives) : HTTPSConnectionPool(host='www.sec.gov', port=443): Max retries exceeded with url: /Archives/edgar/data/8818/000119312512311420/d383476d8k.htm (Caused by NameResolutionError("HTTPSConnection(host='www.sec.gov', port=443): Failed to resolve 'www.sec.gov' ([Errno 11001] getaddrinfo failed)"))
2026-08-17 21:47:13,245 [ERROR] Échec du téléchargement du filing https://www.sec.gov/Archives/edgar/data/8818/000119312512311420/d383476d8k.htm: https://www.sec.gov/Archives/edgar/data/8818/000119312512311420/d383476d8k.htm : HTTPSConnectionPool(host='www.sec.gov', port=443): Max retries exceeded with url: /Archives/edgar/data/8818/000119312512311420/d383476d8k.htm (Caused by NameResolutionError("HTTPSConnection(host='www.sec.gov', port=443): Failed to resolve 'www.sec.gov' ([Errno 11001] getaddrinfo failed)"))
2026-08-17 21:47:13,370 [WARNING] Requête https://www.sec.gov/Archives/edgar/data/8818/000129993312001749/htm_45633.htm en échec (HTTPSConnectionPool(host='www.sec.gov', port=443): Max retries exceeded with url: /Archives/edgar/data/8818/000129993312001749/htm_45633.htm (Caused by NameResolutionError("HTTPSConnection(host='www.sec.gov', port=443): Failed to resolve 'www.sec.gov' ([Errno 11001] getaddrinfo failed)"))), nouvelle tentative dans 2s.
2026-08-17 21:47:15,373 [WARNING] Requête https://www.sec.gov/Archives/edgar/data/8818/000129993312001749/htm_45633.htm en échec (HTTPSConnectionPool(host='www.sec.gov', port=443): Max retries exceeded with url: /Archives/edgar/data/8818/000129993312001749/htm_45633.htm (Caused by NameResolutionError("HTTPSConnection(host='www.sec.gov', port=443): Failed to resolve 'www.sec.gov' ([Errno 11001] getaddrinfo failed)"))), nouvelle tentative dans 4s.
2026-08-17 21:47:19,375 [WARNING] Requête https://www.sec.gov/Archives/edgar/data/8818/000129993312001749/htm_45633.htm en échec (HTTPSConnectionPool(host='www.sec.gov', port=443): Max retries exceeded with url: /Archives/edgar/data/8818/000129993312001749/htm_45633.htm (Caused by NameResolutionError("HTTPSConnection(host='www.sec.gov', port=443): Failed to resolve 'www.sec.gov' ([Errno 11001] getaddrinfo failed)"))), nouvelle tentative dans 8s.
2026-08-17 21:47:27,377 [ERROR] Échec de la requête https://www.sec.gov/Archives/edgar/data/8818/000129993312001749/htm_45633.htm (4 tentatives) : HTTPSConnectionPool(host='www.sec.gov', port=443): Max retries exceeded with url: /Archives/edgar/data/8818/000129993312001749/htm_45633.htm (Caused by NameResolutionError("HTTPSConnection(host='www.sec.gov', port=443): Failed to resolve 'www.sec.gov' ([Errno 11001] getaddrinfo failed)"))
2026-08-17 21:47:27,377 [ERROR] Échec du téléchargement du filing https://www.sec.gov/Archives/edgar/data/8818/000129993312001749/htm_45633.htm: https://www.sec.gov/Archives/edgar/data/8818/000129993312001749/htm_45633.htm : HTTPSConnectionPool(host='www.sec.gov', port=443): Max retries exceeded with url: /Archives/edgar/data/8818/000129993312001749/htm_45633.htm (Caused by NameResolutionError("HTTPSConnection(host='www.sec.gov', port=443): Failed to resolve 'www.sec.gov' ([Errno 11001] getaddrinfo failed)"))
2026-08-17 21:47:27,503 [WARNING] Requête https://www.sec.gov/Archives/edgar/data/8818/000129993312002075/htm_45962.htm en échec (HTTPSConnectionPool(host='www.sec.gov', port=443): Max retries exceeded with url: /Archives/edgar/data/8818/000129993312002075/htm_45962.htm (Caused by NameResolutionError("HTTPSConnection(host='www.sec.gov', port=443): Failed to resolve 'www.sec.gov' ([Errno 11001] getaddrinfo failed)"))), nouvelle tentative dans 2s.
2026-08-17 21:47:29,506 [WARNING] Requête https://www.sec.gov/Archives/edgar/data/8818/000129993312002075/htm_45962.htm en échec (HTTPSConnectionPool(host='www.sec.gov', port=443): Max retries exceeded with url: /Archives/edgar/data/8818/000129993312002075/htm_45962.htm (Caused by NameResolutionError("HTTPSConnection(host='www.sec.gov', port=443): Failed to resolve 'www.sec.gov' ([Errno 11001] getaddrinfo failed)"))), nouvelle tentative dans 4s.
2026-08-17 21:47:33,508 [WARNING] Requête https://www.sec.gov/Archives/edgar/data/8818/000129993312002075/htm_45962.htm en échec (HTTPSConnectionPool(host='www.sec.gov', port=443): Max retries exceeded with url: /Archives/edgar/data/8818/000129993312002075/htm_45962.htm (Caused by NameResolutionError("HTTPSConnection(host='www.sec.gov', port=443): Failed to resolve 'www.sec.gov' ([Errno 11001] getaddrinfo failed)"))), nouvelle tentative dans 8s.
2026-08-17 21:47:41,514 [ERROR] Échec de la requête https://www.sec.gov/Archives/edgar/data/8818/000129993312002075/htm_45962.htm (4 tentatives) : HTTPSConnectionPool(host='www.sec.gov', port=443): Max retries exceeded with url: /Archives/edgar/data/8818/000129993312002075/htm_45962.htm (Caused by NameResolutionError("HTTPSConnection(host='www.sec.gov', port=443): Failed to resolve 'www.sec.gov' ([Errno 11001] getaddrinfo failed)"))
2026-08-17 21:47:41,514 [ERROR] Échec du téléchargement du filing https://www.sec.gov/Archives/edgar/data/8818/000129993312002075/htm_45962.htm: https://www.sec.gov/Archives/edgar/data/8818/000129993312002075/htm_45962.htm : HTTPSConnectionPool(host='www.sec.gov', port=443): Max retries exceeded with url: /Archives/edgar/data/8818/000129993312002075/htm_45962.htm (Caused by NameResolutionError("HTTPSConnection(host='www.sec.gov', port=443): Failed to resolve 'www.sec.gov' ([Errno 11001] getaddrinfo failed)"))
2026-08-17 21:47:41,639 [WARNING] Requête https://www.sec.gov/Archives/edgar/data/8818/000110465912067765/a12-22880_18k.htm en échec (HTTPSConnectionPool(host='www.sec.gov', port=443): Max retries exceeded with url: /Archives/edgar/data/8818/000110465912067765/a12-22880_18k.htm (Caused by NameResolutionError("HTTPSConnection(host='www.sec.gov', port=443): Failed to resolve 'www.sec.gov' ([Errno 11001] getaddrinfo failed)"))), nouvelle tentative dans 2s.
2026-08-17 21:47:43,642 [WARNING] Requête https://www.sec.gov/Archives/edgar/data/8818/000110465912067765/a12-22880_18k.htm en échec (HTTPSConnectionPool(host='www.sec.gov', port=443): Max retries exceeded with url: /Archives/edgar/data/8818/000110465912067765/a12-22880_18k.htm (Caused by NameResolutionError("HTTPSConnection(host='www.sec.gov', port=443): Failed to resolve 'www.sec.gov' ([Errno 11001] getaddrinfo failed)"))), nouvelle tentative dans 4s.
2026-08-17 21:47:47,646 [WARNING] Requête https://www.sec.gov/Archives/edgar/data/8818/000110465912067765/a12-22880_18k.htm en échec (HTTPSConnectionPool(host='www.sec.gov', port=443): Max retries exceeded with url: /Archives/edgar/data/8818/000110465912067765/a12-22880_18k.htm (Caused by NameResolutionError("HTTPSConnection(host='www.sec.gov', port=443): Failed to resolve 'www.sec.gov' ([Errno 11001] getaddrinfo failed)"))), nouvelle tentative dans 8s.
2026-08-17 21:47:55,649 [ERROR] Échec de la requête https://www.sec.gov/Archives/edgar/data/8818/000110465912067765/a12-22880_18k.htm (4 tentatives) : HTTPSConnectionPool(host='www.sec.gov', port=443): Max retries exceeded with url: /Archives/edgar/data/8818/000110465912067765/a12-22880_18k.htm (Caused by NameResolutionError("HTTPSConnection(host='www.sec.gov', port=443): Failed to resolve 'www.sec.gov' ([Errno 11001] getaddrinfo failed)"))
2026-08-17 21:47:55,649 [ERROR] Échec du téléchargement du filing https://www.sec.gov/Archives/edgar/data/8818/000110465912067765/a12-22880_18k.htm: https://www.sec.gov/Archives/edgar/data/8818/000110465912067765/a12-22880_18k.htm : HTTPSConnectionPool(host='www.sec.gov', port=443): Max retries exceeded with url: /Archives/edgar/data/8818/000110465912067765/a12-22880_18k.htm (Caused by NameResolutionError("HTTPSConnection(host='www.sec.gov', port=443): Failed to resolve 'www.sec.gov' ([Errno 11001] getaddrinfo failed)"))
2026-08-17 21:47:55,775 [WARNING] Requête https://www.sec.gov/Archives/edgar/data/8818/000110465912070704/a12-24781_18k.htm en échec (HTTPSConnectionPool(host='www.sec.gov', port=443): Max retries exceeded with url: /Archives/edgar/data/8818/000110465912070704/a12-24781_18k.htm (Caused by NameResolutionError("HTTPSConnection(host='www.sec.gov', port=443): Failed to resolve 'www.sec.gov' ([Errno 11001] getaddrinfo failed)"))), nouvelle tentative dans 2s.
2026-08-17 21:47:57,777 [WARNING] Requête https://www.sec.gov/Archives/edgar/data/8818/000110465912070704/a12-24781_18k.htm en échec (HTTPSConnectionPool(host='www.sec.gov', port=443): Max retries exceeded with url: /Archives/edgar/data/8818/000110465912070704/a12-24781_18k.htm (Caused by NameResolutionError("HTTPSConnection(host='www.sec.gov', port=443): Failed to resolve 'www.sec.gov' ([Errno 11001] getaddrinfo failed)"))), nouvelle tentative dans 4s.
2026-08-17 21:48:01,780 [WARNING] Requête https://www.sec.gov/Archives/edgar/data/8818/000110465912070704/a12-24781_18k.htm en échec (HTTPSConnectionPool(host='www.sec.gov', port=443): Max retries exceeded with url: /Archives/edgar/data/8818/000110465912070704/a12-24781_18k.htm (Caused by NameResolutionError("HTTPSConnection(host='www.sec.gov', port=443): Failed to resolve 'www.sec.gov' ([Errno 11001] getaddrinfo failed)"))), nouvelle tentative dans 8s.
2026-08-17 21:48:09,783 [ERROR] Échec de la requête https://www.sec.gov/Archives/edgar/data/8818/000110465912070704/a12-24781_18k.htm (4 tentatives) : HTTPSConnectionPool(host='www.sec.gov', port=443): Max retries exceeded with url: /Archives/edgar/data/8818/000110465912070704/a12-24781_18k.htm (Caused by NameResolutionError("HTTPSConnection(host='www.sec.gov', port=443): Failed to resolve 'www.sec.gov' ([Errno 11001] getaddrinfo failed)"))
2026-08-17 21:48:09,784 [ERROR] Échec du téléchargement du filing https://www.sec.gov/Archives/edgar/data/8818/000110465912070704/a12-24781_18k.htm: https://www.sec.gov/Archives/edgar/data/8818/000110465912070704/a12-24781_18k.htm : HTTPSConnectionPool(host='www.sec.gov', port=443): Max retries exceeded with url: /Archives/edgar/data/8818/000110465912070704/a12-24781_18k.htm (Caused by NameResolutionError("HTTPSConnection(host='www.sec.gov', port=443): Failed to resolve 'www.sec.gov' ([Errno 11001] getaddrinfo failed)"))
2026-08-17 21:48:09,908 [WARNING] Requête https://www.sec.gov/Archives/edgar/data/8818/000110465912073020/a12-25683_18k.htm en échec (HTTPSConnectionPool(host='www.sec.gov', port=443): Max retries exceeded with url: /Archives/edgar/data/8818/000110465912073020/a12-25683_18k.htm (Caused by NameResolutionError("HTTPSConnection(host='www.sec.gov', port=443): Failed to resolve 'www.sec.gov' ([Errno 11001] getaddrinfo failed)"))), nouvelle tentative dans 2s.
2026-08-17 21:48:11,910 [WARNING] Requête https://www.sec.gov/Archives/edgar/data/8818/000110465912073020/a12-25683_18k.htm en échec (HTTPSConnectionPool(host='www.sec.gov', port=443): Max retries exceeded with url: /Archives/edgar/data/8818/000110465912073020/a12-25683_18k.htm (Caused by NameResolutionError("HTTPSConnection(host='www.sec.gov', port=443): Failed to resolve 'www.sec.gov' ([Errno 11001] getaddrinfo failed)"))), nouvelle tentative dans 4s.
2026-08-17 21:48:15,912 [WARNING] Requête https://www.sec.gov/Archives/edgar/data/8818/000110465912073020/a12-25683_18k.htm en échec (HTTPSConnectionPool(host='www.sec.gov', port=443): Max retries exceeded with url: /Archives/edgar/data/8818/000110465912073020/a12-25683_18k.htm (Caused by NameResolutionError("HTTPSConnection(host='www.sec.gov', port=443): Failed to resolve 'www.sec.gov' ([Errno 11001] getaddrinfo failed)"))), nouvelle tentative dans 8s.
2026-08-17 21:48:23,915 [ERROR] Échec de la requête https://www.sec.gov/Archives/edgar/data/8818/000110465912073020/a12-25683_18k.htm (4 tentatives) : HTTPSConnectionPool(host='www.sec.gov', port=443): Max retries exceeded with url: /Archives/edgar/data/8818/000110465912073020/a12-25683_18k.htm (Caused by NameResolutionError("HTTPSConnection(host='www.sec.gov', port=443): Failed to resolve 'www.sec.gov' ([Errno 11001] getaddrinfo failed)"))
2026-08-17 21:48:23,915 [ERROR] Échec du téléchargement du filing https://www.sec.gov/Archives/edgar/data/8818/000110465912073020/a12-25683_18k.htm: https://www.sec.gov/Archives/edgar/data/8818/000110465912073020/a12-25683_18k.htm : HTTPSConnectionPool(host='www.sec.gov', port=443): Max retries exceeded with url: /Archives/edgar/data/8818/000110465912073020/a12-25683_18k.htm (Caused by NameResolutionError("HTTPSConnection(host='www.sec.gov', port=443): Failed to resolve 'www.sec.gov' ([Errno 11001] getaddrinfo failed)"))
2026-08-17 21:48:24,039 [WARNING] Requête https://www.sec.gov/Archives/edgar/data/8818/000110465912082642/a12-28900_18k.htm en échec (HTTPSConnectionPool(host='www.sec.gov', port=443): Max retries exceeded with url: /Archives/edgar/data/8818/000110465912082642/a12-28900_18k.htm (Caused by NameResolutionError("HTTPSConnection(host='www.sec.gov', port=443): Failed to resolve 'www.sec.gov' ([Errno 11001] getaddrinfo failed)"))), nouvelle tentative dans 2s.
2026-08-17 21:48:26,042 [WARNING] Requête https://www.sec.gov/Archives/edgar/data/8818/000110465912082642/a12-28900_18k.htm en échec (HTTPSConnectionPool(host='www.sec.gov', port=443): Max retries exceeded with url: /Archives/edgar/data/8818/000110465912082642/a12-28900_18k.htm (Caused by NameResolutionError("HTTPSConnection(host='www.sec.gov', port=443): Failed to resolve 'www.sec.gov' ([Errno 11001] getaddrinfo failed)"))), nouvelle tentative dans 4s.
2026-08-17 21:48:30,045 [WARNING] Requête https://www.sec.gov/Archives/edgar/data/8818/000110465912082642/a12-28900_18k.htm en échec (HTTPSConnectionPool(host='www.sec.gov', port=443): Max retries exceeded with url: /Archives/edgar/data/8818/000110465912082642/a12-28900_18k.htm (Caused by NameResolutionError("HTTPSConnection(host='www.sec.gov', port=443): Failed to resolve 'www.sec.gov' ([Errno 11001] getaddrinfo failed)"))), nouvelle tentative dans 8s.
2026-08-17 21:48:38,049 [ERROR] Échec de la requête https://www.sec.gov/Archives/edgar/data/8818/000110465912082642/a12-28900_18k.htm (4 tentatives) : HTTPSConnectionPool(host='www.sec.gov', port=443): Max retries exceeded with url: /Archives/edgar/data/8818/000110465912082642/a12-28900_18k.htm (Caused by NameResolutionError("HTTPSConnection(host='www.sec.gov', port=443): Failed to resolve 'www.sec.gov' ([Errno 11001] getaddrinfo failed)"))
2026-08-17 21:48:38,049 [ERROR] Échec du téléchargement du filing https://www.sec.gov/Archives/edgar/data/8818/000110465912082642/a12-28900_18k.htm: https://www.sec.gov/Archives/edgar/data/8818/000110465912082642/a12-28900_18k.htm : HTTPSConnectionPool(host='www.sec.gov', port=443): Max retries exceeded with url: /Archives/edgar/data/8818/000110465912082642/a12-28900_18k.htm (Caused by NameResolutionError("HTTPSConnection(host='www.sec.gov', port=443): Failed to resolve 'www.sec.gov' ([Errno 11001] getaddrinfo failed)"))
2026-08-17 21:48:38,173 [WARNING] Requête https://www.sec.gov/Archives/edgar/data/8818/000110465913005940/a13-3979_18k.htm en échec (HTTPSConnectionPool(host='www.sec.gov', port=443): Max retries exceeded with url: /Archives/edgar/data/8818/000110465913005940/a13-3979_18k.htm (Caused by NameResolutionError("HTTPSConnection(host='www.sec.gov', port=443): Failed to resolve 'www.sec.gov' ([Errno 11001] getaddrinfo failed)"))), nouvelle tentative dans 2s.
2026-08-17 21:48:40,176 [WARNING] Requête https://www.sec.gov/Archives/edgar/data/8818/000110465913005940/a13-3979_18k.htm en échec (HTTPSConnectionPool(host='www.sec.gov', port=443): Max retries exceeded with url: /Archives/edgar/data/8818/000110465913005940/a13-3979_18k.htm (Caused by NameResolutionError("HTTPSConnection(host='www.sec.gov', port=443): Failed to resolve 'www.sec.gov' ([Errno 11001] getaddrinfo failed)"))), nouvelle tentative dans 4s.
2026-08-17 21:48:44,179 [WARNING] Requête https://www.sec.gov/Archives/edgar/data/8818/000110465913005940/a13-3979_18k.htm en échec (HTTPSConnectionPool(host='www.sec.gov', port=443): Max retries exceeded with url: /Archives/edgar/data/8818/000110465913005940/a13-3979_18k.htm (Caused by NameResolutionError("HTTPSConnection(host='www.sec.gov', port=443): Failed to resolve 'www.sec.gov' ([Errno 11001] getaddrinfo failed)"))), nouvelle tentative dans 8s.
2026-08-17 21:48:52,182 [ERROR] Échec de la requête https://www.sec.gov/Archives/edgar/data/8818/000110465913005940/a13-3979_18k.htm (4 tentatives) : HTTPSConnectionPool(host='www.sec.gov', port=443): Max retries exceeded with url: /Archives/edgar/data/8818/000110465913005940/a13-3979_18k.htm (Caused by NameResolutionError("HTTPSConnection(host='www.sec.gov', port=443): Failed to resolve 'www.sec.gov' ([Errno 11001] getaddrinfo failed)"))
2026-08-17 21:48:52,182 [ERROR] Échec du téléchargement du filing https://www.sec.gov/Archives/edgar/data/8818/000110465913005940/a13-3979_18k.htm: https://www.sec.gov/Archives/edgar/data/8818/000110465913005940/a13-3979_18k.htm : HTTPSConnectionPool(host='www.sec.gov', port=443): Max retries exceeded with url: /Archives/edgar/data/8818/000110465913005940/a13-3979_18k.htm (Caused by NameResolutionError("HTTPSConnection(host='www.sec.gov', port=443): Failed to resolve 'www.sec.gov' ([Errno 11001] getaddrinfo failed)"))
2026-08-17 21:48:52,307 [WARNING] Requête https://www.sec.gov/Archives/edgar/data/8818/000110465913005801/a12-29662_18k.htm en échec (HTTPSConnectionPool(host='www.sec.gov', port=443): Max retries exceeded with url: /Archives/edgar/data/8818/000110465913005801/a12-29662_18k.htm (Caused by NameResolutionError("HTTPSConnection(host='www.sec.gov', port=443): Failed to resolve 'www.sec.gov' ([Errno 11001] getaddrinfo failed)"))), nouvelle tentative dans 2s.
2026-08-17 21:48:54,309 [WARNING] Requête https://www.sec.gov/Archives/edgar/data/8818/000110465913005801/a12-29662_18k.htm en échec (HTTPSConnectionPool(host='www.sec.gov', port=443): Max retries exceeded with url: /Archives/edgar/data/8818/000110465913005801/a12-29662_18k.htm (Caused by NameResolutionError("HTTPSConnection(host='www.sec.gov', port=443): Failed to resolve 'www.sec.gov' ([Errno 11001] getaddrinfo failed)"))), nouvelle tentative dans 4s.
2026-08-17 21:48:58,311 [WARNING] Requête https://www.sec.gov/Archives/edgar/data/8818/000110465913005801/a12-29662_18k.htm en échec (HTTPSConnectionPool(host='www.sec.gov', port=443): Max retries exceeded with url: /Archives/edgar/data/8818/000110465913005801/a12-29662_18k.htm (Caused by NameResolutionError("HTTPSConnection(host='www.sec.gov', port=443): Failed to resolve 'www.sec.gov' ([Errno 11001] getaddrinfo failed)"))), nouvelle tentative dans 8s.
2026-08-17 21:49:06,314 [ERROR] Échec de la requête https://www.sec.gov/Archives/edgar/data/8818/000110465913005801/a12-29662_18k.htm (4 tentatives) : HTTPSConnectionPool(host='www.sec.gov', port=443): Max retries exceeded with url: /Archives/edgar/data/8818/000110465913005801/a12-29662_18k.htm (Caused by NameResolutionError("HTTPSConnection(host='www.sec.gov', port=443): Failed to resolve 'www.sec.gov' ([Errno 11001] getaddrinfo failed)"))
2026-08-17 21:49:06,314 [ERROR] Échec du téléchargement du filing https://www.sec.gov/Archives/edgar/data/8818/000110465913005801/a12-29662_18k.htm: https://www.sec.gov/Archives/edgar/data/8818/000110465913005801/a12-29662_18k.htm : HTTPSConnectionPool(host='www.sec.gov', port=443): Max retries exceeded with url: /Archives/edgar/data/8818/000110465913005801/a12-29662_18k.htm (Caused by NameResolutionError("HTTPSConnection(host='www.sec.gov', port=443): Failed to resolve 'www.sec.gov' ([Errno 11001] getaddrinfo failed)"))
2026-08-17 21:49:06,439 [WARNING] Requête https://www.sec.gov/Archives/edgar/data/8818/000110465913015774/a13-6262_18k.htm en échec (HTTPSConnectionPool(host='www.sec.gov', port=443): Max retries exceeded with url: /Archives/edgar/data/8818/000110465913015774/a13-6262_18k.htm (Caused by NameResolutionError("HTTPSConnection(host='www.sec.gov', port=443): Failed to resolve 'www.sec.gov' ([Errno 11001] getaddrinfo failed)"))), nouvelle tentative dans 2s.
2026-08-17 21:49:08,443 [WARNING] Requête https://www.sec.gov/Archives/edgar/data/8818/000110465913015774/a13-6262_18k.htm en échec (HTTPSConnectionPool(host='www.sec.gov', port=443): Max retries exceeded with url: /Archives/edgar/data/8818/000110465913015774/a13-6262_18k.htm (Caused by NameResolutionError("HTTPSConnection(host='www.sec.gov', port=443): Failed to resolve 'www.sec.gov' ([Errno 11001] getaddrinfo failed)"))), nouvelle tentative dans 4s.
2026-08-17 21:49:12,445 [WARNING] Requête https://www.sec.gov/Archives/edgar/data/8818/000110465913015774/a13-6262_18k.htm en échec (HTTPSConnectionPool(host='www.sec.gov', port=443): Max retries exceeded with url: /Archives/edgar/data/8818/000110465913015774/a13-6262_18k.htm (Caused by NameResolutionError("HTTPSConnection(host='www.sec.gov', port=443): Failed to resolve 'www.sec.gov' ([Errno 11001] getaddrinfo failed)"))), nouvelle tentative dans 8s.
2026-08-17 21:49:20,448 [ERROR] Échec de la requête https://www.sec.gov/Archives/edgar/data/8818/000110465913015774/a13-6262_18k.htm (4 tentatives) : HTTPSConnectionPool(host='www.sec.gov', port=443): Max retries exceeded with url: /Archives/edgar/data/8818/000110465913015774/a13-6262_18k.htm (Caused by NameResolutionError("HTTPSConnection(host='www.sec.gov', port=443): Failed to resolve 'www.sec.gov' ([Errno 11001] getaddrinfo failed)"))
2026-08-17 21:49:20,448 [ERROR] Échec du téléchargement du filing https://www.sec.gov/Archives/edgar/data/8818/000110465913015774/a13-6262_18k.htm: https://www.sec.gov/Archives/edgar/data/8818/000110465913015774/a13-6262_18k.htm : HTTPSConnectionPool(host='www.sec.gov', port=443): Max retries exceeded with url: /Archives/edgar/data/8818/000110465913015774/a13-6262_18k.htm (Caused by NameResolutionError("HTTPSConnection(host='www.sec.gov', port=443): Failed to resolve 'www.sec.gov' ([Errno 11001] getaddrinfo failed)"))
2026-08-17 21:49:20,573 [WARNING] Requête https://www.sec.gov/Archives/edgar/data/8818/000110465913025858/a13-9144_18k.htm en échec (HTTPSConnectionPool(host='www.sec.gov', port=443): Max retries exceeded with url: /Archives/edgar/data/8818/000110465913025858/a13-9144_18k.htm (Caused by NameResolutionError("HTTPSConnection(host='www.sec.gov', port=443): Failed to resolve 'www.sec.gov' ([Errno 11001] getaddrinfo failed)"))), nouvelle tentative dans 2s.
2026-08-17 21:49:22,576 [WARNING] Requête https://www.sec.gov/Archives/edgar/data/8818/000110465913025858/a13-9144_18k.htm en échec (HTTPSConnectionPool(host='www.sec.gov', port=443): Max retries exceeded with url: /Archives/edgar/data/8818/000110465913025858/a13-9144_18k.htm (Caused by NameResolutionError("HTTPSConnection(host='www.sec.gov', port=443): Failed to resolve 'www.sec.gov' ([Errno 11001] getaddrinfo failed)"))), nouvelle tentative dans 4s.
2026-08-17 21:49:26,579 [WARNING] Requête https://www.sec.gov/Archives/edgar/data/8818/000110465913025858/a13-9144_18k.htm en échec (HTTPSConnectionPool(host='www.sec.gov', port=443): Max retries exceeded with url: /Archives/edgar/data/8818/000110465913025858/a13-9144_18k.htm (Caused by NameResolutionError("HTTPSConnection(host='www.sec.gov', port=443): Failed to resolve 'www.sec.gov' ([Errno 11001] getaddrinfo failed)"))), nouvelle tentative dans 8s.
2026-08-17 21:49:34,583 [ERROR] Échec de la requête https://www.sec.gov/Archives/edgar/data/8818/000110465913025858/a13-9144_18k.htm (4 tentatives) : HTTPSConnectionPool(host='www.sec.gov', port=443): Max retries exceeded with url: /Archives/edgar/data/8818/000110465913025858/a13-9144_18k.htm (Caused by NameResolutionError("HTTPSConnection(host='www.sec.gov', port=443): Failed to resolve 'www.sec.gov' ([Errno 11001] getaddrinfo failed)"))
2026-08-17 21:49:34,583 [ERROR] Échec du téléchargement du filing https://www.sec.gov/Archives/edgar/data/8818/000110465913025858/a13-9144_18k.htm: https://www.sec.gov/Archives/edgar/data/8818/000110465913025858/a13-9144_18k.htm : HTTPSConnectionPool(host='www.sec.gov', port=443): Max retries exceeded with url: /Archives/edgar/data/8818/000110465913025858/a13-9144_18k.htm (Caused by NameResolutionError("HTTPSConnection(host='www.sec.gov', port=443): Failed to resolve 'www.sec.gov' ([Errno 11001] getaddrinfo failed)"))
2026-08-17 21:49:34,708 [WARNING] Requête https://www.sec.gov/Archives/edgar/data/8818/000110465913027681/a13-9684_18k.htm en échec (HTTPSConnectionPool(host='www.sec.gov', port=443): Max retries exceeded with url: /Archives/edgar/data/8818/000110465913027681/a13-9684_18k.htm (Caused by NameResolutionError("HTTPSConnection(host='www.sec.gov', port=443): Failed to resolve 'www.sec.gov' ([Errno 11001] getaddrinfo failed)"))), nouvelle tentative dans 2s.
2026-08-17 21:49:36,711 [WARNING] Requête https://www.sec.gov/Archives/edgar/data/8818/000110465913027681/a13-9684_18k.htm en échec (HTTPSConnectionPool(host='www.sec.gov', port=443): Max retries exceeded with url: /Archives/edgar/data/8818/000110465913027681/a13-9684_18k.htm (Caused by NameResolutionError("HTTPSConnection(host='www.sec.gov', port=443): Failed to resolve 'www.sec.gov' ([Errno 11001] getaddrinfo failed)"))), nouvelle tentative dans 4s.
2026-08-17 21:49:40,714 [WARNING] Requête https://www.sec.gov/Archives/edgar/data/8818/000110465913027681/a13-9684_18k.htm en échec (HTTPSConnectionPool(host='www.sec.gov', port=443): Max retries exceeded with url: /Archives/edgar/data/8818/000110465913027681/a13-9684_18k.htm (Caused by NameResolutionError("HTTPSConnection(host='www.sec.gov', port=443): Failed to resolve 'www.sec.gov' ([Errno 11001] getaddrinfo failed)"))), nouvelle tentative dans 8s.
2026-08-17 21:49:48,717 [ERROR] Échec de la requête https://www.sec.gov/Archives/edgar/data/8818/000110465913027681/a13-9684_18k.htm (4 tentatives) : HTTPSConnectionPool(host='www.sec.gov', port=443): Max retries exceeded with url: /Archives/edgar/data/8818/000110465913027681/a13-9684_18k.htm (Caused by NameResolutionError("HTTPSConnection(host='www.sec.gov', port=443): Failed to resolve 'www.sec.gov' ([Errno 11001] getaddrinfo failed)"))
2026-08-17 21:49:48,717 [ERROR] Échec du téléchargement du filing https://www.sec.gov/Archives/edgar/data/8818/000110465913027681/a13-9684_18k.htm: https://www.sec.gov/Archives/edgar/data/8818/000110465913027681/a13-9684_18k.htm : HTTPSConnectionPool(host='www.sec.gov', port=443): Max retries exceeded with url: /Archives/edgar/data/8818/000110465913027681/a13-9684_18k.htm (Caused by NameResolutionError("HTTPSConnection(host='www.sec.gov', port=443): Failed to resolve 'www.sec.gov' ([Errno 11001] getaddrinfo failed)"))
2026-08-17 21:49:48,842 [WARNING] Requête https://www.sec.gov/Archives/edgar/data/8818/000110465913031968/a13-10597_18k.htm en échec (HTTPSConnectionPool(host='www.sec.gov', port=443): Max retries exceeded with url: /Archives/edgar/data/8818/000110465913031968/a13-10597_18k.htm (Caused by NameResolutionError("HTTPSConnection(host='www.sec.gov', port=443): Failed to resolve 'www.sec.gov' ([Errno 11001] getaddrinfo failed)"))), nouvelle tentative dans 2s.
2026-08-17 21:49:50,851 [WARNING] Requête https://www.sec.gov/Archives/edgar/data/8818/000110465913031968/a13-10597_18k.htm en échec (HTTPSConnectionPool(host='www.sec.gov', port=443): Max retries exceeded with url: /Archives/edgar/data/8818/000110465913031968/a13-10597_18k.htm (Caused by NameResolutionError("HTTPSConnection(host='www.sec.gov', port=443): Failed to resolve 'www.sec.gov' ([Errno 11001] getaddrinfo failed)"))), nouvelle tentative dans 4s.
2026-08-17 21:49:54,853 [WARNING] Requête https://www.sec.gov/Archives/edgar/data/8818/000110465913031968/a13-10597_18k.htm en échec (HTTPSConnectionPool(host='www.sec.gov', port=443): Max retries exceeded with url: /Archives/edgar/data/8818/000110465913031968/a13-10597_18k.htm (Caused by NameResolutionError("HTTPSConnection(host='www.sec.gov', port=443): Failed to resolve 'www.sec.gov' ([Errno 11001] getaddrinfo failed)"))), nouvelle tentative dans 8s.
2026-08-17 21:50:02,856 [ERROR] Échec de la requête https://www.sec.gov/Archives/edgar/data/8818/000110465913031968/a13-10597_18k.htm (4 tentatives) : HTTPSConnectionPool(host='www.sec.gov', port=443): Max retries exceeded with url: /Archives/edgar/data/8818/000110465913031968/a13-10597_18k.htm (Caused by NameResolutionError("HTTPSConnection(host='www.sec.gov', port=443): Failed to resolve 'www.sec.gov' ([Errno 11001] getaddrinfo failed)"))
2026-08-17 21:50:02,856 [ERROR] Échec du téléchargement du filing https://www.sec.gov/Archives/edgar/data/8818/000110465913031968/a13-10597_18k.htm: https://www.sec.gov/Archives/edgar/data/8818/000110465913031968/a13-10597_18k.htm : HTTPSConnectionPool(host='www.sec.gov', port=443): Max retries exceeded with url: /Archives/edgar/data/8818/000110465913031968/a13-10597_18k.htm (Caused by NameResolutionError("HTTPSConnection(host='www.sec.gov', port=443): Failed to resolve 'www.sec.gov' ([Errno 11001] getaddrinfo failed)"))
2026-08-17 21:50:02,981 [WARNING] Requête https://www.sec.gov/Archives/edgar/data/8818/000110465913033399/a13-10906_18k.htm en échec (HTTPSConnectionPool(host='www.sec.gov', port=443): Max retries exceeded with url: /Archives/edgar/data/8818/000110465913033399/a13-10906_18k.htm (Caused by NameResolutionError("HTTPSConnection(host='www.sec.gov', port=443): Failed to resolve 'www.sec.gov' ([Errno 11001] getaddrinfo failed)"))), nouvelle tentative dans 2s.
2026-08-17 21:50:04,985 [WARNING] Requête https://www.sec.gov/Archives/edgar/data/8818/000110465913033399/a13-10906_18k.htm en échec (HTTPSConnectionPool(host='www.sec.gov', port=443): Max retries exceeded with url: /Archives/edgar/data/8818/000110465913033399/a13-10906_18k.htm (Caused by NameResolutionError("HTTPSConnection(host='www.sec.gov', port=443): Failed to resolve 'www.sec.gov' ([Errno 11001] getaddrinfo failed)"))), nouvelle tentative dans 4s.
2026-08-17 21:50:08,988 [WARNING] Requête https://www.sec.gov/Archives/edgar/data/8818/000110465913033399/a13-10906_18k.htm en échec (HTTPSConnectionPool(host='www.sec.gov', port=443): Max retries exceeded with url: /Archives/edgar/data/8818/000110465913033399/a13-10906_18k.htm (Caused by NameResolutionError("HTTPSConnection(host='www.sec.gov', port=443): Failed to resolve 'www.sec.gov' ([Errno 11001] getaddrinfo failed)"))), nouvelle tentative dans 8s.
2026-08-17 21:50:16,990 [ERROR] Échec de la requête https://www.sec.gov/Archives/edgar/data/8818/000110465913033399/a13-10906_18k.htm (4 tentatives) : HTTPSConnectionPool(host='www.sec.gov', port=443): Max retries exceeded with url: /Archives/edgar/data/8818/000110465913033399/a13-10906_18k.htm (Caused by NameResolutionError("HTTPSConnection(host='www.sec.gov', port=443): Failed to resolve 'www.sec.gov' ([Errno 11001] getaddrinfo failed)"))
2026-08-17 21:50:16,991 [ERROR] Échec du téléchargement du filing https://www.sec.gov/Archives/edgar/data/8818/000110465913033399/a13-10906_18k.htm: https://www.sec.gov/Archives/edgar/data/8818/000110465913033399/a13-10906_18k.htm : HTTPSConnectionPool(host='www.sec.gov', port=443): Max retries exceeded with url: /Archives/edgar/data/8818/000110465913033399/a13-10906_18k.htm (Caused by NameResolutionError("HTTPSConnection(host='www.sec.gov', port=443): Failed to resolve 'www.sec.gov' ([Errno 11001] getaddrinfo failed)"))
2026-08-17 21:50:17,116 [WARNING] Requête https://www.sec.gov/Archives/edgar/data/8818/000110465913052549/a13-15888_18k.htm en échec (HTTPSConnectionPool(host='www.sec.gov', port=443): Max retries exceeded with url: /Archives/edgar/data/8818/000110465913052549/a13-15888_18k.htm (Caused by NameResolutionError("HTTPSConnection(host='www.sec.gov', port=443): Failed to resolve 'www.sec.gov' ([Errno 11001] getaddrinfo failed)"))), nouvelle tentative dans 2s.
2026-08-17 21:50:19,119 [WARNING] Requête https://www.sec.gov/Archives/edgar/data/8818/000110465913052549/a13-15888_18k.htm en échec (HTTPSConnectionPool(host='www.sec.gov', port=443): Max retries exceeded with url: /Archives/edgar/data/8818/000110465913052549/a13-15888_18k.htm (Caused by NameResolutionError("HTTPSConnection(host='www.sec.gov', port=443): Failed to resolve 'www.sec.gov' ([Errno 11001] getaddrinfo failed)"))), nouvelle tentative dans 4s.
2026-08-17 21:50:23,121 [WARNING] Requête https://www.sec.gov/Archives/edgar/data/8818/000110465913052549/a13-15888_18k.htm en échec (HTTPSConnectionPool(host='www.sec.gov', port=443): Max retries exceeded with url: /Archives/edgar/data/8818/000110465913052549/a13-15888_18k.htm (Caused by NameResolutionError("HTTPSConnection(host='www.sec.gov', port=443): Failed to resolve 'www.sec.gov' ([Errno 11001] getaddrinfo failed)"))), nouvelle tentative dans 8s.
2026-08-17 21:50:31,134 [ERROR] Échec de la requête https://www.sec.gov/Archives/edgar/data/8818/000110465913052549/a13-15888_18k.htm (4 tentatives) : HTTPSConnectionPool(host='www.sec.gov', port=443): Max retries exceeded with url: /Archives/edgar/data/8818/000110465913052549/a13-15888_18k.htm (Caused by NameResolutionError("HTTPSConnection(host='www.sec.gov', port=443): Failed to resolve 'www.sec.gov' ([Errno 11001] getaddrinfo failed)"))
2026-08-17 21:50:31,134 [ERROR] Échec du téléchargement du filing https://www.sec.gov/Archives/edgar/data/8818/000110465913052549/a13-15888_18k.htm: https://www.sec.gov/Archives/edgar/data/8818/000110465913052549/a13-15888_18k.htm : HTTPSConnectionPool(host='www.sec.gov', port=443): Max retries exceeded with url: /Archives/edgar/data/8818/000110465913052549/a13-15888_18k.htm (Caused by NameResolutionError("HTTPSConnection(host='www.sec.gov', port=443): Failed to resolve 'www.sec.gov' ([Errno 11001] getaddrinfo failed)"))
2026-08-17 21:50:31,260 [WARNING] Requête https://www.sec.gov/Archives/edgar/data/8818/000110465913055775/a13-16929_18k.htm en échec (HTTPSConnectionPool(host='www.sec.gov', port=443): Max retries exceeded with url: /Archives/edgar/data/8818/000110465913055775/a13-16929_18k.htm (Caused by NameResolutionError("HTTPSConnection(host='www.sec.gov', port=443): Failed to resolve 'www.sec.gov' ([Errno 11001] getaddrinfo failed)"))), nouvelle tentative dans 2s.
2026-08-17 21:50:33,264 [WARNING] Requête https://www.sec.gov/Archives/edgar/data/8818/000110465913055775/a13-16929_18k.htm en échec (HTTPSConnectionPool(host='www.sec.gov', port=443): Max retries exceeded with url: /Archives/edgar/data/8818/000110465913055775/a13-16929_18k.htm (Caused by NameResolutionError("HTTPSConnection(host='www.sec.gov', port=443): Failed to resolve 'www.sec.gov' ([Errno 11001] getaddrinfo failed)"))), nouvelle tentative dans 4s.
2026-08-17 21:50:37,267 [WARNING] Requête https://www.sec.gov/Archives/edgar/data/8818/000110465913055775/a13-16929_18k.htm en échec (HTTPSConnectionPool(host='www.sec.gov', port=443): Max retries exceeded with url: /Archives/edgar/data/8818/000110465913055775/a13-16929_18k.htm (Caused by NameResolutionError("HTTPSConnection(host='www.sec.gov', port=443): Failed to resolve 'www.sec.gov' ([Errno 11001] getaddrinfo failed)"))), nouvelle tentative dans 8s.
2026-08-17 21:50:45,270 [ERROR] Échec de la requête https://www.sec.gov/Archives/edgar/data/8818/000110465913055775/a13-16929_18k.htm (4 tentatives) : HTTPSConnectionPool(host='www.sec.gov', port=443): Max retries exceeded with url: /Archives/edgar/data/8818/000110465913055775/a13-16929_18k.htm (Caused by NameResolutionError("HTTPSConnection(host='www.sec.gov', port=443): Failed to resolve 'www.sec.gov' ([Errno 11001] getaddrinfo failed)"))
2026-08-17 21:50:45,270 [ERROR] Échec du téléchargement du filing https://www.sec.gov/Archives/edgar/data/8818/000110465913055775/a13-16929_18k.htm: https://www.sec.gov/Archives/edgar/data/8818/000110465913055775/a13-16929_18k.htm : HTTPSConnectionPool(host='www.sec.gov', port=443): Max retries exceeded with url: /Archives/edgar/data/8818/000110465913055775/a13-16929_18k.htm (Caused by NameResolutionError("HTTPSConnection(host='www.sec.gov', port=443): Failed to resolve 'www.sec.gov' ([Errno 11001] getaddrinfo failed)"))
2026-08-17 21:50:45,395 [WARNING] Requête https://www.sec.gov/Archives/edgar/data/8818/000110465913058242/a13-17620_18k.htm en échec (HTTPSConnectionPool(host='www.sec.gov', port=443): Max retries exceeded with url: /Archives/edgar/data/8818/000110465913058242/a13-17620_18k.htm (Caused by NameResolutionError("HTTPSConnection(host='www.sec.gov', port=443): Failed to resolve 'www.sec.gov' ([Errno 11001] getaddrinfo failed)"))), nouvelle tentative dans 2s.
2026-08-17 21:50:47,399 [WARNING] Requête https://www.sec.gov/Archives/edgar/data/8818/000110465913058242/a13-17620_18k.htm en échec (HTTPSConnectionPool(host='www.sec.gov', port=443): Max retries exceeded with url: /Archives/edgar/data/8818/000110465913058242/a13-17620_18k.htm (Caused by NameResolutionError("HTTPSConnection(host='www.sec.gov', port=443): Failed to resolve 'www.sec.gov' ([Errno 11001] getaddrinfo failed)"))), nouvelle tentative dans 4s.
2026-08-17 21:50:51,401 [WARNING] Requête https://www.sec.gov/Archives/edgar/data/8818/000110465913058242/a13-17620_18k.htm en échec (HTTPSConnectionPool(host='www.sec.gov', port=443): Max retries exceeded with url: /Archives/edgar/data/8818/000110465913058242/a13-17620_18k.htm (Caused by NameResolutionError("HTTPSConnection(host='www.sec.gov', port=443): Failed to resolve 'www.sec.gov' ([Errno 11001] getaddrinfo failed)"))), nouvelle tentative dans 8s.
2026-08-17 21:50:59,403 [ERROR] Échec de la requête https://www.sec.gov/Archives/edgar/data/8818/000110465913058242/a13-17620_18k.htm (4 tentatives) : HTTPSConnectionPool(host='www.sec.gov', port=443): Max retries exceeded with url: /Archives/edgar/data/8818/000110465913058242/a13-17620_18k.htm (Caused by NameResolutionError("HTTPSConnection(host='www.sec.gov', port=443): Failed to resolve 'www.sec.gov' ([Errno 11001] getaddrinfo failed)"))
2026-08-17 21:50:59,403 [ERROR] Échec du téléchargement du filing https://www.sec.gov/Archives/edgar/data/8818/000110465913058242/a13-17620_18k.htm: https://www.sec.gov/Archives/edgar/data/8818/000110465913058242/a13-17620_18k.htm : HTTPSConnectionPool(host='www.sec.gov', port=443): Max retries exceeded with url: /Archives/edgar/data/8818/000110465913058242/a13-17620_18k.htm (Caused by NameResolutionError("HTTPSConnection(host='www.sec.gov', port=443): Failed to resolve 'www.sec.gov' ([Errno 11001] getaddrinfo failed)"))
2026-08-17 21:50:59,529 [WARNING] Requête https://www.sec.gov/Archives/edgar/data/8818/000110465913067477/a13-19962_18k.htm en échec (HTTPSConnectionPool(host='www.sec.gov', port=443): Max retries exceeded with url: /Archives/edgar/data/8818/000110465913067477/a13-19962_18k.htm (Caused by NameResolutionError("HTTPSConnection(host='www.sec.gov', port=443): Failed to resolve 'www.sec.gov' ([Errno 11001] getaddrinfo failed)"))), nouvelle tentative dans 2s.
2026-08-17 21:51:01,532 [WARNING] Requête https://www.sec.gov/Archives/edgar/data/8818/000110465913067477/a13-19962_18k.htm en échec (HTTPSConnectionPool(host='www.sec.gov', port=443): Max retries exceeded with url: /Archives/edgar/data/8818/000110465913067477/a13-19962_18k.htm (Caused by NameResolutionError("HTTPSConnection(host='www.sec.gov', port=443): Failed to resolve 'www.sec.gov' ([Errno 11001] getaddrinfo failed)"))), nouvelle tentative dans 4s.
2026-08-17 21:51:05,541 [WARNING] Requête https://www.sec.gov/Archives/edgar/data/8818/000110465913067477/a13-19962_18k.htm en échec (HTTPSConnectionPool(host='www.sec.gov', port=443): Max retries exceeded with url: /Archives/edgar/data/8818/000110465913067477/a13-19962_18k.htm (Caused by NameResolutionError("HTTPSConnection(host='www.sec.gov', port=443): Failed to resolve 'www.sec.gov' ([Errno 11001] getaddrinfo failed)"))), nouvelle tentative dans 8s.
2026-08-17 21:51:13,543 [ERROR] Échec de la requête https://www.sec.gov/Archives/edgar/data/8818/000110465913067477/a13-19962_18k.htm (4 tentatives) : HTTPSConnectionPool(host='www.sec.gov', port=443): Max retries exceeded with url: /Archives/edgar/data/8818/000110465913067477/a13-19962_18k.htm (Caused by NameResolutionError("HTTPSConnection(host='www.sec.gov', port=443): Failed to resolve 'www.sec.gov' ([Errno 11001] getaddrinfo failed)"))
2026-08-17 21:51:13,543 [ERROR] Échec du téléchargement du filing https://www.sec.gov/Archives/edgar/data/8818/000110465913067477/a13-19962_18k.htm: https://www.sec.gov/Archives/edgar/data/8818/000110465913067477/a13-19962_18k.htm : HTTPSConnectionPool(host='www.sec.gov', port=443): Max retries exceeded with url: /Archives/edgar/data/8818/000110465913067477/a13-19962_18k.htm (Caused by NameResolutionError("HTTPSConnection(host='www.sec.gov', port=443): Failed to resolve 'www.sec.gov' ([Errno 11001] getaddrinfo failed)"))
2026-08-17 21:51:13,669 [WARNING] Requête https://www.sec.gov/Archives/edgar/data/8818/000110465913070718/a13-20755_28k.htm en échec (HTTPSConnectionPool(host='www.sec.gov', port=443): Max retries exceeded with url: /Archives/edgar/data/8818/000110465913070718/a13-20755_28k.htm (Caused by NameResolutionError("HTTPSConnection(host='www.sec.gov', port=443): Failed to resolve 'www.sec.gov' ([Errno 11001] getaddrinfo failed)"))), nouvelle tentative dans 2s.
2026-08-17 21:51:15,671 [WARNING] Requête https://www.sec.gov/Archives/edgar/data/8818/000110465913070718/a13-20755_28k.htm en échec (HTTPSConnectionPool(host='www.sec.gov', port=443): Max retries exceeded with url: /Archives/edgar/data/8818/000110465913070718/a13-20755_28k.htm (Caused by NameResolutionError("HTTPSConnection(host='www.sec.gov', port=443): Failed to resolve 'www.sec.gov' ([Errno 11001] getaddrinfo failed)"))), nouvelle tentative dans 4s.
2026-08-17 21:51:19,674 [WARNING] Requête https://www.sec.gov/Archives/edgar/data/8818/000110465913070718/a13-20755_28k.htm en échec (HTTPSConnectionPool(host='www.sec.gov', port=443): Max retries exceeded with url: /Archives/edgar/data/8818/000110465913070718/a13-20755_28k.htm (Caused by NameResolutionError("HTTPSConnection(host='www.sec.gov', port=443): Failed to resolve 'www.sec.gov' ([Errno 11001] getaddrinfo failed)"))), nouvelle tentative dans 8s.
2026-08-17 21:51:27,678 [ERROR] Échec de la requête https://www.sec.gov/Archives/edgar/data/8818/000110465913070718/a13-20755_28k.htm (4 tentatives) : HTTPSConnectionPool(host='www.sec.gov', port=443): Max retries exceeded with url: /Archives/edgar/data/8818/000110465913070718/a13-20755_28k.htm (Caused by NameResolutionError("HTTPSConnection(host='www.sec.gov', port=443): Failed to resolve 'www.sec.gov' ([Errno 11001] getaddrinfo failed)"))
2026-08-17 21:51:27,678 [ERROR] Échec du téléchargement du filing https://www.sec.gov/Archives/edgar/data/8818/000110465913070718/a13-20755_28k.htm: https://www.sec.gov/Archives/edgar/data/8818/000110465913070718/a13-20755_28k.htm : HTTPSConnectionPool(host='www.sec.gov', port=443): Max retries exceeded with url: /Archives/edgar/data/8818/000110465913070718/a13-20755_28k.htm (Caused by NameResolutionError("HTTPSConnection(host='www.sec.gov', port=443): Failed to resolve 'www.sec.gov' ([Errno 11001] getaddrinfo failed)"))
2026-08-17 21:51:27,802 [WARNING] Requête https://www.sec.gov/Archives/edgar/data/8818/000110465913077826/a13-22811_18k.htm en échec (HTTPSConnectionPool(host='www.sec.gov', port=443): Max retries exceeded with url: /Archives/edgar/data/8818/000110465913077826/a13-22811_18k.htm (Caused by NameResolutionError("HTTPSConnection(host='www.sec.gov', port=443): Failed to resolve 'www.sec.gov' ([Errno 11001] getaddrinfo failed)"))), nouvelle tentative dans 2s.
2026-08-17 21:51:29,805 [WARNING] Requête https://www.sec.gov/Archives/edgar/data/8818/000110465913077826/a13-22811_18k.htm en échec (HTTPSConnectionPool(host='www.sec.gov', port=443): Max retries exceeded with url: /Archives/edgar/data/8818/000110465913077826/a13-22811_18k.htm (Caused by NameResolutionError("HTTPSConnection(host='www.sec.gov', port=443): Failed to resolve 'www.sec.gov' ([Errno 11001] getaddrinfo failed)"))), nouvelle tentative dans 4s.
2026-08-17 21:51:33,807 [WARNING] Requête https://www.sec.gov/Archives/edgar/data/8818/000110465913077826/a13-22811_18k.htm en échec (HTTPSConnectionPool(host='www.sec.gov', port=443): Max retries exceeded with url: /Archives/edgar/data/8818/000110465913077826/a13-22811_18k.htm (Caused by NameResolutionError("HTTPSConnection(host='www.sec.gov', port=443): Failed to resolve 'www.sec.gov' ([Errno 11001] getaddrinfo failed)"))), nouvelle tentative dans 8s.
2026-08-17 21:51:41,810 [ERROR] Échec de la requête https://www.sec.gov/Archives/edgar/data/8818/000110465913077826/a13-22811_18k.htm (4 tentatives) : HTTPSConnectionPool(host='www.sec.gov', port=443): Max retries exceeded with url: /Archives/edgar/data/8818/000110465913077826/a13-22811_18k.htm (Caused by NameResolutionError("HTTPSConnection(host='www.sec.gov', port=443): Failed to resolve 'www.sec.gov' ([Errno 11001] getaddrinfo failed)"))
2026-08-17 21:51:41,810 [ERROR] Échec du téléchargement du filing https://www.sec.gov/Archives/edgar/data/8818/000110465913077826/a13-22811_18k.htm: https://www.sec.gov/Archives/edgar/data/8818/000110465913077826/a13-22811_18k.htm : HTTPSConnectionPool(host='www.sec.gov', port=443): Max retries exceeded with url: /Archives/edgar/data/8818/000110465913077826/a13-22811_18k.htm (Caused by NameResolutionError("HTTPSConnection(host='www.sec.gov', port=443): Failed to resolve 'www.sec.gov' ([Errno 11001] getaddrinfo failed)"))
2026-08-17 21:51:41,935 [WARNING] Requête https://www.sec.gov/Archives/edgar/data/8818/000110465913088845/a13-25842_18k.htm en échec (HTTPSConnectionPool(host='www.sec.gov', port=443): Max retries exceeded with url: /Archives/edgar/data/8818/000110465913088845/a13-25842_18k.htm (Caused by NameResolutionError("HTTPSConnection(host='www.sec.gov', port=443): Failed to resolve 'www.sec.gov' ([Errno 11001] getaddrinfo failed)"))), nouvelle tentative dans 2s.
2026-08-17 21:51:43,937 [WARNING] Requête https://www.sec.gov/Archives/edgar/data/8818/000110465913088845/a13-25842_18k.htm en échec (HTTPSConnectionPool(host='www.sec.gov', port=443): Max retries exceeded with url: /Archives/edgar/data/8818/000110465913088845/a13-25842_18k.htm (Caused by NameResolutionError("HTTPSConnection(host='www.sec.gov', port=443): Failed to resolve 'www.sec.gov' ([Errno 11001] getaddrinfo failed)"))), nouvelle tentative dans 4s.
2026-08-17 21:51:47,940 [WARNING] Requête https://www.sec.gov/Archives/edgar/data/8818/000110465913088845/a13-25842_18k.htm en échec (HTTPSConnectionPool(host='www.sec.gov', port=443): Max retries exceeded with url: /Archives/edgar/data/8818/000110465913088845/a13-25842_18k.htm (Caused by NameResolutionError("HTTPSConnection(host='www.sec.gov', port=443): Failed to resolve 'www.sec.gov' ([Errno 11001] getaddrinfo failed)"))), nouvelle tentative dans 8s.
2026-08-17 21:51:55,943 [ERROR] Échec de la requête https://www.sec.gov/Archives/edgar/data/8818/000110465913088845/a13-25842_18k.htm (4 tentatives) : HTTPSConnectionPool(host='www.sec.gov', port=443): Max retries exceeded with url: /Archives/edgar/data/8818/000110465913088845/a13-25842_18k.htm (Caused by NameResolutionError("HTTPSConnection(host='www.sec.gov', port=443): Failed to resolve 'www.sec.gov' ([Errno 11001] getaddrinfo failed)"))
2026-08-17 21:51:55,943 [ERROR] Échec du téléchargement du filing https://www.sec.gov/Archives/edgar/data/8818/000110465913088845/a13-25842_18k.htm: https://www.sec.gov/Archives/edgar/data/8818/000110465913088845/a13-25842_18k.htm : HTTPSConnectionPool(host='www.sec.gov', port=443): Max retries exceeded with url: /Archives/edgar/data/8818/000110465913088845/a13-25842_18k.htm (Caused by NameResolutionError("HTTPSConnection(host='www.sec.gov', port=443): Failed to resolve 'www.sec.gov' ([Errno 11001] getaddrinfo failed)"))
2026-08-17 21:51:56,068 [WARNING] Requête https://www.sec.gov/Archives/edgar/data/8818/000110465914005527/a14-4693_18k.htm en échec (HTTPSConnectionPool(host='www.sec.gov', port=443): Max retries exceeded with url: /Archives/edgar/data/8818/000110465914005527/a14-4693_18k.htm (Caused by NameResolutionError("HTTPSConnection(host='www.sec.gov', port=443): Failed to resolve 'www.sec.gov' ([Errno 11001] getaddrinfo failed)"))), nouvelle tentative dans 2s.
2026-08-17 21:51:58,071 [WARNING] Requête https://www.sec.gov/Archives/edgar/data/8818/000110465914005527/a14-4693_18k.htm en échec (HTTPSConnectionPool(host='www.sec.gov', port=443): Max retries exceeded with url: /Archives/edgar/data/8818/000110465914005527/a14-4693_18k.htm (Caused by NameResolutionError("HTTPSConnection(host='www.sec.gov', port=443): Failed to resolve 'www.sec.gov' ([Errno 11001] getaddrinfo failed)"))), nouvelle tentative dans 4s.
2026-08-17 21:52:02,074 [WARNING] Requête https://www.sec.gov/Archives/edgar/data/8818/000110465914005527/a14-4693_18k.htm en échec (HTTPSConnectionPool(host='www.sec.gov', port=443): Max retries exceeded with url: /Archives/edgar/data/8818/000110465914005527/a14-4693_18k.htm (Caused by NameResolutionError("HTTPSConnection(host='www.sec.gov', port=443): Failed to resolve 'www.sec.gov' ([Errno 11001] getaddrinfo failed)"))), nouvelle tentative dans 8s.
2026-08-17 21:52:10,077 [ERROR] Échec de la requête https://www.sec.gov/Archives/edgar/data/8818/000110465914005527/a14-4693_18k.htm (4 tentatives) : HTTPSConnectionPool(host='www.sec.gov', port=443): Max retries exceeded with url: /Archives/edgar/data/8818/000110465914005527/a14-4693_18k.htm (Caused by NameResolutionError("HTTPSConnection(host='www.sec.gov', port=443): Failed to resolve 'www.sec.gov' ([Errno 11001] getaddrinfo failed)"))
2026-08-17 21:52:10,077 [ERROR] Échec du téléchargement du filing https://www.sec.gov/Archives/edgar/data/8818/000110465914005527/a14-4693_18k.htm: https://www.sec.gov/Archives/edgar/data/8818/000110465914005527/a14-4693_18k.htm : HTTPSConnectionPool(host='www.sec.gov', port=443): Max retries exceeded with url: /Archives/edgar/data/8818/000110465914005527/a14-4693_18k.htm (Caused by NameResolutionError("HTTPSConnection(host='www.sec.gov', port=443): Failed to resolve 'www.sec.gov' ([Errno 11001] getaddrinfo failed)"))
2026-08-17 21:52:10,201 [WARNING] Requête https://www.sec.gov/Archives/edgar/data/8818/000110465914029314/a14-10920_18k.htm en échec (HTTPSConnectionPool(host='www.sec.gov', port=443): Max retries exceeded with url: /Archives/edgar/data/8818/000110465914029314/a14-10920_18k.htm (Caused by NameResolutionError("HTTPSConnection(host='www.sec.gov', port=443): Failed to resolve 'www.sec.gov' ([Errno 11001] getaddrinfo failed)"))), nouvelle tentative dans 2s.
2026-08-17 21:52:12,204 [WARNING] Requête https://www.sec.gov/Archives/edgar/data/8818/000110465914029314/a14-10920_18k.htm en échec (HTTPSConnectionPool(host='www.sec.gov', port=443): Max retries exceeded with url: /Archives/edgar/data/8818/000110465914029314/a14-10920_18k.htm (Caused by NameResolutionError("HTTPSConnection(host='www.sec.gov', port=443): Failed to resolve 'www.sec.gov' ([Errno 11001] getaddrinfo failed)"))), nouvelle tentative dans 4s.
2026-08-17 21:52:16,206 [WARNING] Requête https://www.sec.gov/Archives/edgar/data/8818/000110465914029314/a14-10920_18k.htm en échec (HTTPSConnectionPool(host='www.sec.gov', port=443): Max retries exceeded with url: /Archives/edgar/data/8818/000110465914029314/a14-10920_18k.htm (Caused by NameResolutionError("HTTPSConnection(host='www.sec.gov', port=443): Failed to resolve 'www.sec.gov' ([Errno 11001] getaddrinfo failed)"))), nouvelle tentative dans 8s.
2026-08-17 21:52:24,208 [ERROR] Échec de la requête https://www.sec.gov/Archives/edgar/data/8818/000110465914029314/a14-10920_18k.htm (4 tentatives) : HTTPSConnectionPool(host='www.sec.gov', port=443): Max retries exceeded with url: /Archives/edgar/data/8818/000110465914029314/a14-10920_18k.htm (Caused by NameResolutionError("HTTPSConnection(host='www.sec.gov', port=443): Failed to resolve 'www.sec.gov' ([Errno 11001] getaddrinfo failed)"))
2026-08-17 21:52:24,209 [ERROR] Échec du téléchargement du filing https://www.sec.gov/Archives/edgar/data/8818/000110465914029314/a14-10920_18k.htm: https://www.sec.gov/Archives/edgar/data/8818/000110465914029314/a14-10920_18k.htm : HTTPSConnectionPool(host='www.sec.gov', port=443): Max retries exceeded with url: /Archives/edgar/data/8818/000110465914029314/a14-10920_18k.htm (Caused by NameResolutionError("HTTPSConnection(host='www.sec.gov', port=443): Failed to resolve 'www.sec.gov' ([Errno 11001] getaddrinfo failed)"))
2026-08-17 21:52:24,334 [WARNING] Requête https://www.sec.gov/Archives/edgar/data/8818/000110465914030533/a14-10174_38k.htm en échec (HTTPSConnectionPool(host='www.sec.gov', port=443): Max retries exceeded with url: /Archives/edgar/data/8818/000110465914030533/a14-10174_38k.htm (Caused by NameResolutionError("HTTPSConnection(host='www.sec.gov', port=443): Failed to resolve 'www.sec.gov' ([Errno 11001] getaddrinfo failed)"))), nouvelle tentative dans 2s.
2026-08-17 21:52:26,336 [WARNING] Requête https://www.sec.gov/Archives/edgar/data/8818/000110465914030533/a14-10174_38k.htm en échec (HTTPSConnectionPool(host='www.sec.gov', port=443): Max retries exceeded with url: /Archives/edgar/data/8818/000110465914030533/a14-10174_38k.htm (Caused by NameResolutionError("HTTPSConnection(host='www.sec.gov', port=443): Failed to resolve 'www.sec.gov' ([Errno 11001] getaddrinfo failed)"))), nouvelle tentative dans 4s.
2026-08-17 21:52:30,339 [WARNING] Requête https://www.sec.gov/Archives/edgar/data/8818/000110465914030533/a14-10174_38k.htm en échec (HTTPSConnectionPool(host='www.sec.gov', port=443): Max retries exceeded with url: /Archives/edgar/data/8818/000110465914030533/a14-10174_38k.htm (Caused by NameResolutionError("HTTPSConnection(host='www.sec.gov', port=443): Failed to resolve 'www.sec.gov' ([Errno 11001] getaddrinfo failed)"))), nouvelle tentative dans 8s.
2026-08-17 21:52:38,341 [ERROR] Échec de la requête https://www.sec.gov/Archives/edgar/data/8818/000110465914030533/a14-10174_38k.htm (4 tentatives) : HTTPSConnectionPool(host='www.sec.gov', port=443): Max retries exceeded with url: /Archives/edgar/data/8818/000110465914030533/a14-10174_38k.htm (Caused by NameResolutionError("HTTPSConnection(host='www.sec.gov', port=443): Failed to resolve 'www.sec.gov' ([Errno 11001] getaddrinfo failed)"))
2026-08-17 21:52:38,342 [ERROR] Échec du téléchargement du filing https://www.sec.gov/Archives/edgar/data/8818/000110465914030533/a14-10174_38k.htm: https://www.sec.gov/Archives/edgar/data/8818/000110465914030533/a14-10174_38k.htm : HTTPSConnectionPool(host='www.sec.gov', port=443): Max retries exceeded with url: /Archives/edgar/data/8818/000110465914030533/a14-10174_38k.htm (Caused by NameResolutionError("HTTPSConnection(host='www.sec.gov', port=443): Failed to resolve 'www.sec.gov' ([Errno 11001] getaddrinfo failed)"))
2026-08-17 21:52:38,466 [WARNING] Requête https://www.sec.gov/Archives/edgar/data/8818/000110465914053452/a14-17682_18k.htm en échec (HTTPSConnectionPool(host='www.sec.gov', port=443): Max retries exceeded with url: /Archives/edgar/data/8818/000110465914053452/a14-17682_18k.htm (Caused by NameResolutionError("HTTPSConnection(host='www.sec.gov', port=443): Failed to resolve 'www.sec.gov' ([Errno 11001] getaddrinfo failed)"))), nouvelle tentative dans 2s.
2026-08-17 21:52:40,469 [WARNING] Requête https://www.sec.gov/Archives/edgar/data/8818/000110465914053452/a14-17682_18k.htm en échec (HTTPSConnectionPool(host='www.sec.gov', port=443): Max retries exceeded with url: /Archives/edgar/data/8818/000110465914053452/a14-17682_18k.htm (Caused by NameResolutionError("HTTPSConnection(host='www.sec.gov', port=443): Failed to resolve 'www.sec.gov' ([Errno 11001] getaddrinfo failed)"))), nouvelle tentative dans 4s.
2026-08-17 21:52:44,472 [WARNING] Requête https://www.sec.gov/Archives/edgar/data/8818/000110465914053452/a14-17682_18k.htm en échec (HTTPSConnectionPool(host='www.sec.gov', port=443): Max retries exceeded with url: /Archives/edgar/data/8818/000110465914053452/a14-17682_18k.htm (Caused by NameResolutionError("HTTPSConnection(host='www.sec.gov', port=443): Failed to resolve 'www.sec.gov' ([Errno 11001] getaddrinfo failed)"))), nouvelle tentative dans 8s.
2026-08-17 21:52:52,475 [ERROR] Échec de la requête https://www.sec.gov/Archives/edgar/data/8818/000110465914053452/a14-17682_18k.htm (4 tentatives) : HTTPSConnectionPool(host='www.sec.gov', port=443): Max retries exceeded with url: /Archives/edgar/data/8818/000110465914053452/a14-17682_18k.htm (Caused by NameResolutionError("HTTPSConnection(host='www.sec.gov', port=443): Failed to resolve 'www.sec.gov' ([Errno 11001] getaddrinfo failed)"))
2026-08-17 21:52:52,476 [ERROR] Échec du téléchargement du filing https://www.sec.gov/Archives/edgar/data/8818/000110465914053452/a14-17682_18k.htm: https://www.sec.gov/Archives/edgar/data/8818/000110465914053452/a14-17682_18k.htm : HTTPSConnectionPool(host='www.sec.gov', port=443): Max retries exceeded with url: /Archives/edgar/data/8818/000110465914053452/a14-17682_18k.htm (Caused by NameResolutionError("HTTPSConnection(host='www.sec.gov', port=443): Failed to resolve 'www.sec.gov' ([Errno 11001] getaddrinfo failed)"))
2026-08-17 21:52:52,600 [WARNING] Requête https://www.sec.gov/Archives/edgar/data/8818/000110465914056073/a14-18230_18k.htm en échec (HTTPSConnectionPool(host='www.sec.gov', port=443): Max retries exceeded with url: /Archives/edgar/data/8818/000110465914056073/a14-18230_18k.htm (Caused by NameResolutionError("HTTPSConnection(host='www.sec.gov', port=443): Failed to resolve 'www.sec.gov' ([Errno 11001] getaddrinfo failed)"))), nouvelle tentative dans 2s.
2026-08-17 21:52:54,603 [WARNING] Requête https://www.sec.gov/Archives/edgar/data/8818/000110465914056073/a14-18230_18k.htm en échec (HTTPSConnectionPool(host='www.sec.gov', port=443): Max retries exceeded with url: /Archives/edgar/data/8818/000110465914056073/a14-18230_18k.htm (Caused by NameResolutionError("HTTPSConnection(host='www.sec.gov', port=443): Failed to resolve 'www.sec.gov' ([Errno 11001] getaddrinfo failed)"))), nouvelle tentative dans 4s.
2026-08-17 21:52:58,606 [WARNING] Requête https://www.sec.gov/Archives/edgar/data/8818/000110465914056073/a14-18230_18k.htm en échec (HTTPSConnectionPool(host='www.sec.gov', port=443): Max retries exceeded with url: /Archives/edgar/data/8818/000110465914056073/a14-18230_18k.htm (Caused by NameResolutionError("HTTPSConnection(host='www.sec.gov', port=443): Failed to resolve 'www.sec.gov' ([Errno 11001] getaddrinfo failed)"))), nouvelle tentative dans 8s.
2026-08-17 21:53:06,608 [ERROR] Échec de la requête https://www.sec.gov/Archives/edgar/data/8818/000110465914056073/a14-18230_18k.htm (4 tentatives) : HTTPSConnectionPool(host='www.sec.gov', port=443): Max retries exceeded with url: /Archives/edgar/data/8818/000110465914056073/a14-18230_18k.htm (Caused by NameResolutionError("HTTPSConnection(host='www.sec.gov', port=443): Failed to resolve 'www.sec.gov' ([Errno 11001] getaddrinfo failed)"))
2026-08-17 21:53:06,608 [ERROR] Échec du téléchargement du filing https://www.sec.gov/Archives/edgar/data/8818/000110465914056073/a14-18230_18k.htm: https://www.sec.gov/Archives/edgar/data/8818/000110465914056073/a14-18230_18k.htm : HTTPSConnectionPool(host='www.sec.gov', port=443): Max retries exceeded with url: /Archives/edgar/data/8818/000110465914056073/a14-18230_18k.htm (Caused by NameResolutionError("HTTPSConnection(host='www.sec.gov', port=443): Failed to resolve 'www.sec.gov' ([Errno 11001] getaddrinfo failed)"))
2026-08-17 21:53:06,734 [WARNING] Requête https://www.sec.gov/Archives/edgar/data/8818/000110465914062724/a14-19499_18k.htm en échec (HTTPSConnectionPool(host='www.sec.gov', port=443): Max retries exceeded with url: /Archives/edgar/data/8818/000110465914062724/a14-19499_18k.htm (Caused by NameResolutionError("HTTPSConnection(host='www.sec.gov', port=443): Failed to resolve 'www.sec.gov' ([Errno 11001] getaddrinfo failed)"))), nouvelle tentative dans 2s.
2026-08-17 21:53:08,736 [WARNING] Requête https://www.sec.gov/Archives/edgar/data/8818/000110465914062724/a14-19499_18k.htm en échec (HTTPSConnectionPool(host='www.sec.gov', port=443): Max retries exceeded with url: /Archives/edgar/data/8818/000110465914062724/a14-19499_18k.htm (Caused by NameResolutionError("HTTPSConnection(host='www.sec.gov', port=443): Failed to resolve 'www.sec.gov' ([Errno 11001] getaddrinfo failed)"))), nouvelle tentative dans 4s.
2026-08-17 21:53:12,739 [WARNING] Requête https://www.sec.gov/Archives/edgar/data/8818/000110465914062724/a14-19499_18k.htm en échec (HTTPSConnectionPool(host='www.sec.gov', port=443): Max retries exceeded with url: /Archives/edgar/data/8818/000110465914062724/a14-19499_18k.htm (Caused by NameResolutionError("HTTPSConnection(host='www.sec.gov', port=443): Failed to resolve 'www.sec.gov' ([Errno 11001] getaddrinfo failed)"))), nouvelle tentative dans 8s.
2026-08-17 21:53:20,748 [ERROR] Échec de la requête https://www.sec.gov/Archives/edgar/data/8818/000110465914062724/a14-19499_18k.htm (4 tentatives) : HTTPSConnectionPool(host='www.sec.gov', port=443): Max retries exceeded with url: /Archives/edgar/data/8818/000110465914062724/a14-19499_18k.htm (Caused by NameResolutionError("HTTPSConnection(host='www.sec.gov', port=443): Failed to resolve 'www.sec.gov' ([Errno 11001] getaddrinfo failed)"))
2026-08-17 21:53:20,748 [ERROR] Échec du téléchargement du filing https://www.sec.gov/Archives/edgar/data/8818/000110465914062724/a14-19499_18k.htm: https://www.sec.gov/Archives/edgar/data/8818/000110465914062724/a14-19499_18k.htm : HTTPSConnectionPool(host='www.sec.gov', port=443): Max retries exceeded with url: /Archives/edgar/data/8818/000110465914062724/a14-19499_18k.htm (Caused by NameResolutionError("HTTPSConnection(host='www.sec.gov', port=443): Failed to resolve 'www.sec.gov' ([Errno 11001] getaddrinfo failed)"))
2026-08-17 21:53:20,867 [WARNING] Requête https://www.sec.gov/Archives/edgar/data/8818/000110465914069993/a14-21906_18k.htm en échec (HTTPSConnectionPool(host='www.sec.gov', port=443): Max retries exceeded with url: /Archives/edgar/data/8818/000110465914069993/a14-21906_18k.htm (Caused by NameResolutionError("HTTPSConnection(host='www.sec.gov', port=443): Failed to resolve 'www.sec.gov' ([Errno 11001] getaddrinfo failed)"))), nouvelle tentative dans 2s.
2026-08-17 21:53:22,870 [WARNING] Requête https://www.sec.gov/Archives/edgar/data/8818/000110465914069993/a14-21906_18k.htm en échec (HTTPSConnectionPool(host='www.sec.gov', port=443): Max retries exceeded with url: /Archives/edgar/data/8818/000110465914069993/a14-21906_18k.htm (Caused by NameResolutionError("HTTPSConnection(host='www.sec.gov', port=443): Failed to resolve 'www.sec.gov' ([Errno 11001] getaddrinfo failed)"))), nouvelle tentative dans 4s.
2026-08-17 21:53:26,873 [WARNING] Requête https://www.sec.gov/Archives/edgar/data/8818/000110465914069993/a14-21906_18k.htm en échec (HTTPSConnectionPool(host='www.sec.gov', port=443): Max retries exceeded with url: /Archives/edgar/data/8818/000110465914069993/a14-21906_18k.htm (Caused by NameResolutionError("HTTPSConnection(host='www.sec.gov', port=443): Failed to resolve 'www.sec.gov' ([Errno 11001] getaddrinfo failed)"))), nouvelle tentative dans 8s.
2026-08-17 21:53:34,876 [ERROR] Échec de la requête https://www.sec.gov/Archives/edgar/data/8818/000110465914069993/a14-21906_18k.htm (4 tentatives) : HTTPSConnectionPool(host='www.sec.gov', port=443): Max retries exceeded with url: /Archives/edgar/data/8818/000110465914069993/a14-21906_18k.htm (Caused by NameResolutionError("HTTPSConnection(host='www.sec.gov', port=443): Failed to resolve 'www.sec.gov' ([Errno 11001] getaddrinfo failed)"))
2026-08-17 21:53:34,876 [ERROR] Échec du téléchargement du filing https://www.sec.gov/Archives/edgar/data/8818/000110465914069993/a14-21906_18k.htm: https://www.sec.gov/Archives/edgar/data/8818/000110465914069993/a14-21906_18k.htm : HTTPSConnectionPool(host='www.sec.gov', port=443): Max retries exceeded with url: /Archives/edgar/data/8818/000110465914069993/a14-21906_18k.htm (Caused by NameResolutionError("HTTPSConnection(host='www.sec.gov', port=443): Failed to resolve 'www.sec.gov' ([Errno 11001] getaddrinfo failed)"))
2026-08-17 21:53:35,001 [WARNING] Requête https://www.sec.gov/Archives/edgar/data/8818/000110465914073712/a14-22970_18k.htm en échec (HTTPSConnectionPool(host='www.sec.gov', port=443): Max retries exceeded with url: /Archives/edgar/data/8818/000110465914073712/a14-22970_18k.htm (Caused by NameResolutionError("HTTPSConnection(host='www.sec.gov', port=443): Failed to resolve 'www.sec.gov' ([Errno 11001] getaddrinfo failed)"))), nouvelle tentative dans 2s.
2026-08-17 21:53:37,003 [WARNING] Requête https://www.sec.gov/Archives/edgar/data/8818/000110465914073712/a14-22970_18k.htm en échec (HTTPSConnectionPool(host='www.sec.gov', port=443): Max retries exceeded with url: /Archives/edgar/data/8818/000110465914073712/a14-22970_18k.htm (Caused by NameResolutionError("HTTPSConnection(host='www.sec.gov', port=443): Failed to resolve 'www.sec.gov' ([Errno 11001] getaddrinfo failed)"))), nouvelle tentative dans 4s.
2026-08-17 21:53:41,006 [WARNING] Requête https://www.sec.gov/Archives/edgar/data/8818/000110465914073712/a14-22970_18k.htm en échec (HTTPSConnectionPool(host='www.sec.gov', port=443): Max retries exceeded with url: /Archives/edgar/data/8818/000110465914073712/a14-22970_18k.htm (Caused by NameResolutionError("HTTPSConnection(host='www.sec.gov', port=443): Failed to resolve 'www.sec.gov' ([Errno 11001] getaddrinfo failed)"))), nouvelle tentative dans 8s.
2026-08-17 21:53:49,009 [ERROR] Échec de la requête https://www.sec.gov/Archives/edgar/data/8818/000110465914073712/a14-22970_18k.htm (4 tentatives) : HTTPSConnectionPool(host='www.sec.gov', port=443): Max retries exceeded with url: /Archives/edgar/data/8818/000110465914073712/a14-22970_18k.htm (Caused by NameResolutionError("HTTPSConnection(host='www.sec.gov', port=443): Failed to resolve 'www.sec.gov' ([Errno 11001] getaddrinfo failed)"))
2026-08-17 21:53:49,009 [ERROR] Échec du téléchargement du filing https://www.sec.gov/Archives/edgar/data/8818/000110465914073712/a14-22970_18k.htm: https://www.sec.gov/Archives/edgar/data/8818/000110465914073712/a14-22970_18k.htm : HTTPSConnectionPool(host='www.sec.gov', port=443): Max retries exceeded with url: /Archives/edgar/data/8818/000110465914073712/a14-22970_18k.htm (Caused by NameResolutionError("HTTPSConnection(host='www.sec.gov', port=443): Failed to resolve 'www.sec.gov' ([Errno 11001] getaddrinfo failed)"))
2026-08-17 21:53:49,134 [WARNING] Requête https://www.sec.gov/Archives/edgar/data/8818/000110465914073547/a14-22907_18k.htm en échec (HTTPSConnectionPool(host='www.sec.gov', port=443): Max retries exceeded with url: /Archives/edgar/data/8818/000110465914073547/a14-22907_18k.htm (Caused by NameResolutionError("HTTPSConnection(host='www.sec.gov', port=443): Failed to resolve 'www.sec.gov' ([Errno 11001] getaddrinfo failed)"))), nouvelle tentative dans 2s.
2026-08-17 21:53:51,136 [WARNING] Requête https://www.sec.gov/Archives/edgar/data/8818/000110465914073547/a14-22907_18k.htm en échec (HTTPSConnectionPool(host='www.sec.gov', port=443): Max retries exceeded with url: /Archives/edgar/data/8818/000110465914073547/a14-22907_18k.htm (Caused by NameResolutionError("HTTPSConnection(host='www.sec.gov', port=443): Failed to resolve 'www.sec.gov' ([Errno 11001] getaddrinfo failed)"))), nouvelle tentative dans 4s.
2026-08-17 21:53:55,139 [WARNING] Requête https://www.sec.gov/Archives/edgar/data/8818/000110465914073547/a14-22907_18k.htm en échec (HTTPSConnectionPool(host='www.sec.gov', port=443): Max retries exceeded with url: /Archives/edgar/data/8818/000110465914073547/a14-22907_18k.htm (Caused by NameResolutionError("HTTPSConnection(host='www.sec.gov', port=443): Failed to resolve 'www.sec.gov' ([Errno 11001] getaddrinfo failed)"))), nouvelle tentative dans 8s.
2026-08-17 21:54:03,144 [ERROR] Échec de la requête https://www.sec.gov/Archives/edgar/data/8818/000110465914073547/a14-22907_18k.htm (4 tentatives) : HTTPSConnectionPool(host='www.sec.gov', port=443): Max retries exceeded with url: /Archives/edgar/data/8818/000110465914073547/a14-22907_18k.htm (Caused by NameResolutionError("HTTPSConnection(host='www.sec.gov', port=443): Failed to resolve 'www.sec.gov' ([Errno 11001] getaddrinfo failed)"))
2026-08-17 21:54:03,144 [ERROR] Échec du téléchargement du filing https://www.sec.gov/Archives/edgar/data/8818/000110465914073547/a14-22907_18k.htm: https://www.sec.gov/Archives/edgar/data/8818/000110465914073547/a14-22907_18k.htm : HTTPSConnectionPool(host='www.sec.gov', port=443): Max retries exceeded with url: /Archives/edgar/data/8818/000110465914073547/a14-22907_18k.htm (Caused by NameResolutionError("HTTPSConnection(host='www.sec.gov', port=443): Failed to resolve 'www.sec.gov' ([Errno 11001] getaddrinfo failed)"))
2026-08-17 21:54:03,268 [WARNING] Requête https://www.sec.gov/Archives/edgar/data/8818/000110465914085616/a14-25805_18k.htm en échec (HTTPSConnectionPool(host='www.sec.gov', port=443): Max retries exceeded with url: /Archives/edgar/data/8818/000110465914085616/a14-25805_18k.htm (Caused by NameResolutionError("HTTPSConnection(host='www.sec.gov', port=443): Failed to resolve 'www.sec.gov' ([Errno 11001] getaddrinfo failed)"))), nouvelle tentative dans 2s.
2026-08-17 21:54:05,271 [WARNING] Requête https://www.sec.gov/Archives/edgar/data/8818/000110465914085616/a14-25805_18k.htm en échec (HTTPSConnectionPool(host='www.sec.gov', port=443): Max retries exceeded with url: /Archives/edgar/data/8818/000110465914085616/a14-25805_18k.htm (Caused by NameResolutionError("HTTPSConnection(host='www.sec.gov', port=443): Failed to resolve 'www.sec.gov' ([Errno 11001] getaddrinfo failed)"))), nouvelle tentative dans 4s.
2026-08-17 21:54:09,273 [WARNING] Requête https://www.sec.gov/Archives/edgar/data/8818/000110465914085616/a14-25805_18k.htm en échec (HTTPSConnectionPool(host='www.sec.gov', port=443): Max retries exceeded with url: /Archives/edgar/data/8818/000110465914085616/a14-25805_18k.htm (Caused by NameResolutionError("HTTPSConnection(host='www.sec.gov', port=443): Failed to resolve 'www.sec.gov' ([Errno 11001] getaddrinfo failed)"))), nouvelle tentative dans 8s.
2026-08-17 21:54:17,276 [ERROR] Échec de la requête https://www.sec.gov/Archives/edgar/data/8818/000110465914085616/a14-25805_18k.htm (4 tentatives) : HTTPSConnectionPool(host='www.sec.gov', port=443): Max retries exceeded with url: /Archives/edgar/data/8818/000110465914085616/a14-25805_18k.htm (Caused by NameResolutionError("HTTPSConnection(host='www.sec.gov', port=443): Failed to resolve 'www.sec.gov' ([Errno 11001] getaddrinfo failed)"))
2026-08-17 21:54:17,276 [ERROR] Échec du téléchargement du filing https://www.sec.gov/Archives/edgar/data/8818/000110465914085616/a14-25805_18k.htm: https://www.sec.gov/Archives/edgar/data/8818/000110465914085616/a14-25805_18k.htm : HTTPSConnectionPool(host='www.sec.gov', port=443): Max retries exceeded with url: /Archives/edgar/data/8818/000110465914085616/a14-25805_18k.htm (Caused by NameResolutionError("HTTPSConnection(host='www.sec.gov', port=443): Failed to resolve 'www.sec.gov' ([Errno 11001] getaddrinfo failed)"))
2026-08-17 21:54:17,401 [WARNING] Requête https://www.sec.gov/Archives/edgar/data/8818/000110465915005840/a15-3452_18k.htm en échec (HTTPSConnectionPool(host='www.sec.gov', port=443): Max retries exceeded with url: /Archives/edgar/data/8818/000110465915005840/a15-3452_18k.htm (Caused by NameResolutionError("HTTPSConnection(host='www.sec.gov', port=443): Failed to resolve 'www.sec.gov' ([Errno 11001] getaddrinfo failed)"))), nouvelle tentative dans 2s.
2026-08-17 21:54:19,403 [WARNING] Requête https://www.sec.gov/Archives/edgar/data/8818/000110465915005840/a15-3452_18k.htm en échec (HTTPSConnectionPool(host='www.sec.gov', port=443): Max retries exceeded with url: /Archives/edgar/data/8818/000110465915005840/a15-3452_18k.htm (Caused by NameResolutionError("HTTPSConnection(host='www.sec.gov', port=443): Failed to resolve 'www.sec.gov' ([Errno 11001] getaddrinfo failed)"))), nouvelle tentative dans 4s.
2026-08-17 21:54:23,405 [WARNING] Requête https://www.sec.gov/Archives/edgar/data/8818/000110465915005840/a15-3452_18k.htm en échec (HTTPSConnectionPool(host='www.sec.gov', port=443): Max retries exceeded with url: /Archives/edgar/data/8818/000110465915005840/a15-3452_18k.htm (Caused by NameResolutionError("HTTPSConnection(host='www.sec.gov', port=443): Failed to resolve 'www.sec.gov' ([Errno 11001] getaddrinfo failed)"))), nouvelle tentative dans 8s.
2026-08-17 21:54:31,408 [ERROR] Échec de la requête https://www.sec.gov/Archives/edgar/data/8818/000110465915005840/a15-3452_18k.htm (4 tentatives) : HTTPSConnectionPool(host='www.sec.gov', port=443): Max retries exceeded with url: /Archives/edgar/data/8818/000110465915005840/a15-3452_18k.htm (Caused by NameResolutionError("HTTPSConnection(host='www.sec.gov', port=443): Failed to resolve 'www.sec.gov' ([Errno 11001] getaddrinfo failed)"))
2026-08-17 21:54:31,408 [ERROR] Échec du téléchargement du filing https://www.sec.gov/Archives/edgar/data/8818/000110465915005840/a15-3452_18k.htm: https://www.sec.gov/Archives/edgar/data/8818/000110465915005840/a15-3452_18k.htm : HTTPSConnectionPool(host='www.sec.gov', port=443): Max retries exceeded with url: /Archives/edgar/data/8818/000110465915005840/a15-3452_18k.htm (Caused by NameResolutionError("HTTPSConnection(host='www.sec.gov', port=443): Failed to resolve 'www.sec.gov' ([Errno 11001] getaddrinfo failed)"))
2026-08-17 21:54:31,533 [WARNING] Requête https://www.sec.gov/Archives/edgar/data/8818/000110465915010107/a15-4486_18k.htm en échec (HTTPSConnectionPool(host='www.sec.gov', port=443): Max retries exceeded with url: /Archives/edgar/data/8818/000110465915010107/a15-4486_18k.htm (Caused by NameResolutionError("HTTPSConnection(host='www.sec.gov', port=443): Failed to resolve 'www.sec.gov' ([Errno 11001] getaddrinfo failed)"))), nouvelle tentative dans 2s.
2026-08-17 21:54:33,536 [WARNING] Requête https://www.sec.gov/Archives/edgar/data/8818/000110465915010107/a15-4486_18k.htm en échec (HTTPSConnectionPool(host='www.sec.gov', port=443): Max retries exceeded with url: /Archives/edgar/data/8818/000110465915010107/a15-4486_18k.htm (Caused by NameResolutionError("HTTPSConnection(host='www.sec.gov', port=443): Failed to resolve 'www.sec.gov' ([Errno 11001] getaddrinfo failed)"))), nouvelle tentative dans 4s.
2026-08-17 21:54:37,539 [WARNING] Requête https://www.sec.gov/Archives/edgar/data/8818/000110465915010107/a15-4486_18k.htm en échec (HTTPSConnectionPool(host='www.sec.gov', port=443): Max retries exceeded with url: /Archives/edgar/data/8818/000110465915010107/a15-4486_18k.htm (Caused by NameResolutionError("HTTPSConnection(host='www.sec.gov', port=443): Failed to resolve 'www.sec.gov' ([Errno 11001] getaddrinfo failed)"))), nouvelle tentative dans 8s.
2026-08-17 21:54:45,541 [ERROR] Échec de la requête https://www.sec.gov/Archives/edgar/data/8818/000110465915010107/a15-4486_18k.htm (4 tentatives) : HTTPSConnectionPool(host='www.sec.gov', port=443): Max retries exceeded with url: /Archives/edgar/data/8818/000110465915010107/a15-4486_18k.htm (Caused by NameResolutionError("HTTPSConnection(host='www.sec.gov', port=443): Failed to resolve 'www.sec.gov' ([Errno 11001] getaddrinfo failed)"))
2026-08-17 21:54:45,541 [ERROR] Échec du téléchargement du filing https://www.sec.gov/Archives/edgar/data/8818/000110465915010107/a15-4486_18k.htm: https://www.sec.gov/Archives/edgar/data/8818/000110465915010107/a15-4486_18k.htm : HTTPSConnectionPool(host='www.sec.gov', port=443): Max retries exceeded with url: /Archives/edgar/data/8818/000110465915010107/a15-4486_18k.htm (Caused by NameResolutionError("HTTPSConnection(host='www.sec.gov', port=443): Failed to resolve 'www.sec.gov' ([Errno 11001] getaddrinfo failed)"))
2026-08-17 21:54:45,666 [WARNING] Requête https://www.sec.gov/Archives/edgar/data/8818/000110465915015809/a15-5641_18k.htm en échec (HTTPSConnectionPool(host='www.sec.gov', port=443): Max retries exceeded with url: /Archives/edgar/data/8818/000110465915015809/a15-5641_18k.htm (Caused by NameResolutionError("HTTPSConnection(host='www.sec.gov', port=443): Failed to resolve 'www.sec.gov' ([Errno 11001] getaddrinfo failed)"))), nouvelle tentative dans 2s.
2026-08-17 21:54:47,669 [WARNING] Requête https://www.sec.gov/Archives/edgar/data/8818/000110465915015809/a15-5641_18k.htm en échec (HTTPSConnectionPool(host='www.sec.gov', port=443): Max retries exceeded with url: /Archives/edgar/data/8818/000110465915015809/a15-5641_18k.htm (Caused by NameResolutionError("HTTPSConnection(host='www.sec.gov', port=443): Failed to resolve 'www.sec.gov' ([Errno 11001] getaddrinfo failed)"))), nouvelle tentative dans 4s.
2026-08-17 21:54:51,672 [WARNING] Requête https://www.sec.gov/Archives/edgar/data/8818/000110465915015809/a15-5641_18k.htm en échec (HTTPSConnectionPool(host='www.sec.gov', port=443): Max retries exceeded with url: /Archives/edgar/data/8818/000110465915015809/a15-5641_18k.htm (Caused by NameResolutionError("HTTPSConnection(host='www.sec.gov', port=443): Failed to resolve 'www.sec.gov' ([Errno 11001] getaddrinfo failed)"))), nouvelle tentative dans 8s.
2026-08-17 21:54:59,675 [ERROR] Échec de la requête https://www.sec.gov/Archives/edgar/data/8818/000110465915015809/a15-5641_18k.htm (4 tentatives) : HTTPSConnectionPool(host='www.sec.gov', port=443): Max retries exceeded with url: /Archives/edgar/data/8818/000110465915015809/a15-5641_18k.htm (Caused by NameResolutionError("HTTPSConnection(host='www.sec.gov', port=443): Failed to resolve 'www.sec.gov' ([Errno 11001] getaddrinfo failed)"))
2026-08-17 21:54:59,675 [ERROR] Échec du téléchargement du filing https://www.sec.gov/Archives/edgar/data/8818/000110465915015809/a15-5641_18k.htm: https://www.sec.gov/Archives/edgar/data/8818/000110465915015809/a15-5641_18k.htm : HTTPSConnectionPool(host='www.sec.gov', port=443): Max retries exceeded with url: /Archives/edgar/data/8818/000110465915015809/a15-5641_18k.htm (Caused by NameResolutionError("HTTPSConnection(host='www.sec.gov', port=443): Failed to resolve 'www.sec.gov' ([Errno 11001] getaddrinfo failed)"))
2026-08-17 21:54:59,799 [WARNING] Requête https://www.sec.gov/Archives/edgar/data/8818/000110465915030075/a15-9784_18k.htm en échec (HTTPSConnectionPool(host='www.sec.gov', port=443): Max retries exceeded with url: /Archives/edgar/data/8818/000110465915030075/a15-9784_18k.htm (Caused by NameResolutionError("HTTPSConnection(host='www.sec.gov', port=443): Failed to resolve 'www.sec.gov' ([Errno 11001] getaddrinfo failed)"))), nouvelle tentative dans 2s.
2026-08-17 21:55:01,802 [WARNING] Requête https://www.sec.gov/Archives/edgar/data/8818/000110465915030075/a15-9784_18k.htm en échec (HTTPSConnectionPool(host='www.sec.gov', port=443): Max retries exceeded with url: /Archives/edgar/data/8818/000110465915030075/a15-9784_18k.htm (Caused by NameResolutionError("HTTPSConnection(host='www.sec.gov', port=443): Failed to resolve 'www.sec.gov' ([Errno 11001] getaddrinfo failed)"))), nouvelle tentative dans 4s.
2026-08-17 21:55:05,805 [WARNING] Requête https://www.sec.gov/Archives/edgar/data/8818/000110465915030075/a15-9784_18k.htm en échec (HTTPSConnectionPool(host='www.sec.gov', port=443): Max retries exceeded with url: /Archives/edgar/data/8818/000110465915030075/a15-9784_18k.htm (Caused by NameResolutionError("HTTPSConnection(host='www.sec.gov', port=443): Failed to resolve 'www.sec.gov' ([Errno 11001] getaddrinfo failed)"))), nouvelle tentative dans 8s.
2026-08-17 21:55:13,808 [ERROR] Échec de la requête https://www.sec.gov/Archives/edgar/data/8818/000110465915030075/a15-9784_18k.htm (4 tentatives) : HTTPSConnectionPool(host='www.sec.gov', port=443): Max retries exceeded with url: /Archives/edgar/data/8818/000110465915030075/a15-9784_18k.htm (Caused by NameResolutionError("HTTPSConnection(host='www.sec.gov', port=443): Failed to resolve 'www.sec.gov' ([Errno 11001] getaddrinfo failed)"))
2026-08-17 21:55:13,808 [ERROR] Échec du téléchargement du filing https://www.sec.gov/Archives/edgar/data/8818/000110465915030075/a15-9784_18k.htm: https://www.sec.gov/Archives/edgar/data/8818/000110465915030075/a15-9784_18k.htm : HTTPSConnectionPool(host='www.sec.gov', port=443): Max retries exceeded with url: /Archives/edgar/data/8818/000110465915030075/a15-9784_18k.htm (Caused by NameResolutionError("HTTPSConnection(host='www.sec.gov', port=443): Failed to resolve 'www.sec.gov' ([Errno 11001] getaddrinfo failed)"))
2026-08-17 21:55:13,933 [WARNING] Requête https://www.sec.gov/Archives/edgar/data/8818/000110465915031543/a15-10115_28k.htm en échec (HTTPSConnectionPool(host='www.sec.gov', port=443): Max retries exceeded with url: /Archives/edgar/data/8818/000110465915031543/a15-10115_28k.htm (Caused by NameResolutionError("HTTPSConnection(host='www.sec.gov', port=443): Failed to resolve 'www.sec.gov' ([Errno 11001] getaddrinfo failed)"))), nouvelle tentative dans 2s.
2026-08-17 21:55:15,936 [WARNING] Requête https://www.sec.gov/Archives/edgar/data/8818/000110465915031543/a15-10115_28k.htm en échec (HTTPSConnectionPool(host='www.sec.gov', port=443): Max retries exceeded with url: /Archives/edgar/data/8818/000110465915031543/a15-10115_28k.htm (Caused by NameResolutionError("HTTPSConnection(host='www.sec.gov', port=443): Failed to resolve 'www.sec.gov' ([Errno 11001] getaddrinfo failed)"))), nouvelle tentative dans 4s.
2026-08-17 21:55:19,938 [WARNING] Requête https://www.sec.gov/Archives/edgar/data/8818/000110465915031543/a15-10115_28k.htm en échec (HTTPSConnectionPool(host='www.sec.gov', port=443): Max retries exceeded with url: /Archives/edgar/data/8818/000110465915031543/a15-10115_28k.htm (Caused by NameResolutionError("HTTPSConnection(host='www.sec.gov', port=443): Failed to resolve 'www.sec.gov' ([Errno 11001] getaddrinfo failed)"))), nouvelle tentative dans 8s.
2026-08-17 21:55:27,941 [ERROR] Échec de la requête https://www.sec.gov/Archives/edgar/data/8818/000110465915031543/a15-10115_28k.htm (4 tentatives) : HTTPSConnectionPool(host='www.sec.gov', port=443): Max retries exceeded with url: /Archives/edgar/data/8818/000110465915031543/a15-10115_28k.htm (Caused by NameResolutionError("HTTPSConnection(host='www.sec.gov', port=443): Failed to resolve 'www.sec.gov' ([Errno 11001] getaddrinfo failed)"))
2026-08-17 21:55:27,941 [ERROR] Échec du téléchargement du filing https://www.sec.gov/Archives/edgar/data/8818/000110465915031543/a15-10115_28k.htm: https://www.sec.gov/Archives/edgar/data/8818/000110465915031543/a15-10115_28k.htm : HTTPSConnectionPool(host='www.sec.gov', port=443): Max retries exceeded with url: /Archives/edgar/data/8818/000110465915031543/a15-10115_28k.htm (Caused by NameResolutionError("HTTPSConnection(host='www.sec.gov', port=443): Failed to resolve 'www.sec.gov' ([Errno 11001] getaddrinfo failed)"))
2026-08-17 21:55:28,066 [WARNING] Requête https://www.sec.gov/Archives/edgar/data/8818/000110465915031312/a15-10115_18k.htm en échec (HTTPSConnectionPool(host='www.sec.gov', port=443): Max retries exceeded with url: /Archives/edgar/data/8818/000110465915031312/a15-10115_18k.htm (Caused by NameResolutionError("HTTPSConnection(host='www.sec.gov', port=443): Failed to resolve 'www.sec.gov' ([Errno 11001] getaddrinfo failed)"))), nouvelle tentative dans 2s.
2026-08-17 21:55:30,069 [WARNING] Requête https://www.sec.gov/Archives/edgar/data/8818/000110465915031312/a15-10115_18k.htm en échec (HTTPSConnectionPool(host='www.sec.gov', port=443): Max retries exceeded with url: /Archives/edgar/data/8818/000110465915031312/a15-10115_18k.htm (Caused by NameResolutionError("HTTPSConnection(host='www.sec.gov', port=443): Failed to resolve 'www.sec.gov' ([Errno 11001] getaddrinfo failed)"))), nouvelle tentative dans 4s.
2026-08-17 21:55:34,071 [WARNING] Requête https://www.sec.gov/Archives/edgar/data/8818/000110465915031312/a15-10115_18k.htm en échec (HTTPSConnectionPool(host='www.sec.gov', port=443): Max retries exceeded with url: /Archives/edgar/data/8818/000110465915031312/a15-10115_18k.htm (Caused by NameResolutionError("HTTPSConnection(host='www.sec.gov', port=443): Failed to resolve 'www.sec.gov' ([Errno 11001] getaddrinfo failed)"))), nouvelle tentative dans 8s.
2026-08-17 21:55:42,074 [ERROR] Échec de la requête https://www.sec.gov/Archives/edgar/data/8818/000110465915031312/a15-10115_18k.htm (4 tentatives) : HTTPSConnectionPool(host='www.sec.gov', port=443): Max retries exceeded with url: /Archives/edgar/data/8818/000110465915031312/a15-10115_18k.htm (Caused by NameResolutionError("HTTPSConnection(host='www.sec.gov', port=443): Failed to resolve 'www.sec.gov' ([Errno 11001] getaddrinfo failed)"))
2026-08-17 21:55:42,075 [ERROR] Échec du téléchargement du filing https://www.sec.gov/Archives/edgar/data/8818/000110465915031312/a15-10115_18k.htm: https://www.sec.gov/Archives/edgar/data/8818/000110465915031312/a15-10115_18k.htm : HTTPSConnectionPool(host='www.sec.gov', port=443): Max retries exceeded with url: /Archives/edgar/data/8818/000110465915031312/a15-10115_18k.htm (Caused by NameResolutionError("HTTPSConnection(host='www.sec.gov', port=443): Failed to resolve 'www.sec.gov' ([Errno 11001] getaddrinfo failed)"))
2026-08-17 21:55:42,199 [WARNING] Requête https://www.sec.gov/Archives/edgar/data/8818/000110465915036307/a15-10997_18k.htm en échec (HTTPSConnectionPool(host='www.sec.gov', port=443): Max retries exceeded with url: /Archives/edgar/data/8818/000110465915036307/a15-10997_18k.htm (Caused by NameResolutionError("HTTPSConnection(host='www.sec.gov', port=443): Failed to resolve 'www.sec.gov' ([Errno 11001] getaddrinfo failed)"))), nouvelle tentative dans 2s.
2026-08-17 21:55:44,202 [WARNING] Requête https://www.sec.gov/Archives/edgar/data/8818/000110465915036307/a15-10997_18k.htm en échec (HTTPSConnectionPool(host='www.sec.gov', port=443): Max retries exceeded with url: /Archives/edgar/data/8818/000110465915036307/a15-10997_18k.htm (Caused by NameResolutionError("HTTPSConnection(host='www.sec.gov', port=443): Failed to resolve 'www.sec.gov' ([Errno 11001] getaddrinfo failed)"))), nouvelle tentative dans 4s.
2026-08-17 21:55:48,205 [WARNING] Requête https://www.sec.gov/Archives/edgar/data/8818/000110465915036307/a15-10997_18k.htm en échec (HTTPSConnectionPool(host='www.sec.gov', port=443): Max retries exceeded with url: /Archives/edgar/data/8818/000110465915036307/a15-10997_18k.htm (Caused by NameResolutionError("HTTPSConnection(host='www.sec.gov', port=443): Failed to resolve 'www.sec.gov' ([Errno 11001] getaddrinfo failed)"))), nouvelle tentative dans 8s.
2026-08-17 21:55:56,207 [ERROR] Échec de la requête https://www.sec.gov/Archives/edgar/data/8818/000110465915036307/a15-10997_18k.htm (4 tentatives) : HTTPSConnectionPool(host='www.sec.gov', port=443): Max retries exceeded with url: /Archives/edgar/data/8818/000110465915036307/a15-10997_18k.htm (Caused by NameResolutionError("HTTPSConnection(host='www.sec.gov', port=443): Failed to resolve 'www.sec.gov' ([Errno 11001] getaddrinfo failed)"))
2026-08-17 21:55:56,207 [ERROR] Échec du téléchargement du filing https://www.sec.gov/Archives/edgar/data/8818/000110465915036307/a15-10997_18k.htm: https://www.sec.gov/Archives/edgar/data/8818/000110465915036307/a15-10997_18k.htm : HTTPSConnectionPool(host='www.sec.gov', port=443): Max retries exceeded with url: /Archives/edgar/data/8818/000110465915036307/a15-10997_18k.htm (Caused by NameResolutionError("HTTPSConnection(host='www.sec.gov', port=443): Failed to resolve 'www.sec.gov' ([Errno 11001] getaddrinfo failed)"))
2026-08-17 21:55:56,333 [WARNING] Requête https://www.sec.gov/Archives/edgar/data/8818/000110465915046439/a15-14406_18k.htm en échec (HTTPSConnectionPool(host='www.sec.gov', port=443): Max retries exceeded with url: /Archives/edgar/data/8818/000110465915046439/a15-14406_18k.htm (Caused by NameResolutionError("HTTPSConnection(host='www.sec.gov', port=443): Failed to resolve 'www.sec.gov' ([Errno 11001] getaddrinfo failed)"))), nouvelle tentative dans 2s.
2026-08-17 21:55:58,335 [WARNING] Requête https://www.sec.gov/Archives/edgar/data/8818/000110465915046439/a15-14406_18k.htm en échec (HTTPSConnectionPool(host='www.sec.gov', port=443): Max retries exceeded with url: /Archives/edgar/data/8818/000110465915046439/a15-14406_18k.htm (Caused by NameResolutionError("HTTPSConnection(host='www.sec.gov', port=443): Failed to resolve 'www.sec.gov' ([Errno 11001] getaddrinfo failed)"))), nouvelle tentative dans 4s.
2026-08-17 21:56:02,338 [WARNING] Requête https://www.sec.gov/Archives/edgar/data/8818/000110465915046439/a15-14406_18k.htm en échec (HTTPSConnectionPool(host='www.sec.gov', port=443): Max retries exceeded with url: /Archives/edgar/data/8818/000110465915046439/a15-14406_18k.htm (Caused by NameResolutionError("HTTPSConnection(host='www.sec.gov', port=443): Failed to resolve 'www.sec.gov' ([Errno 11001] getaddrinfo failed)"))), nouvelle tentative dans 8s.
2026-08-17 21:56:10,341 [ERROR] Échec de la requête https://www.sec.gov/Archives/edgar/data/8818/000110465915046439/a15-14406_18k.htm (4 tentatives) : HTTPSConnectionPool(host='www.sec.gov', port=443): Max retries exceeded with url: /Archives/edgar/data/8818/000110465915046439/a15-14406_18k.htm (Caused by NameResolutionError("HTTPSConnection(host='www.sec.gov', port=443): Failed to resolve 'www.sec.gov' ([Errno 11001] getaddrinfo failed)"))
2026-08-17 21:56:10,341 [ERROR] Échec du téléchargement du filing https://www.sec.gov/Archives/edgar/data/8818/000110465915046439/a15-14406_18k.htm: https://www.sec.gov/Archives/edgar/data/8818/000110465915046439/a15-14406_18k.htm : HTTPSConnectionPool(host='www.sec.gov', port=443): Max retries exceeded with url: /Archives/edgar/data/8818/000110465915046439/a15-14406_18k.htm (Caused by NameResolutionError("HTTPSConnection(host='www.sec.gov', port=443): Failed to resolve 'www.sec.gov' ([Errno 11001] getaddrinfo failed)"))
2026-08-17 21:56:10,466 [WARNING] Requête https://www.sec.gov/Archives/edgar/data/8818/000110465915054054/a15-16414_18k.htm en échec (HTTPSConnectionPool(host='www.sec.gov', port=443): Max retries exceeded with url: /Archives/edgar/data/8818/000110465915054054/a15-16414_18k.htm (Caused by NameResolutionError("HTTPSConnection(host='www.sec.gov', port=443): Failed to resolve 'www.sec.gov' ([Errno 11001] getaddrinfo failed)"))), nouvelle tentative dans 2s.
2026-08-17 21:56:12,469 [WARNING] Requête https://www.sec.gov/Archives/edgar/data/8818/000110465915054054/a15-16414_18k.htm en échec (HTTPSConnectionPool(host='www.sec.gov', port=443): Max retries exceeded with url: /Archives/edgar/data/8818/000110465915054054/a15-16414_18k.htm (Caused by NameResolutionError("HTTPSConnection(host='www.sec.gov', port=443): Failed to resolve 'www.sec.gov' ([Errno 11001] getaddrinfo failed)"))), nouvelle tentative dans 4s.
2026-08-17 21:56:16,474 [WARNING] Requête https://www.sec.gov/Archives/edgar/data/8818/000110465915054054/a15-16414_18k.htm en échec (HTTPSConnectionPool(host='www.sec.gov', port=443): Max retries exceeded with url: /Archives/edgar/data/8818/000110465915054054/a15-16414_18k.htm (Caused by NameResolutionError("HTTPSConnection(host='www.sec.gov', port=443): Failed to resolve 'www.sec.gov' ([Errno 11001] getaddrinfo failed)"))), nouvelle tentative dans 8s.
2026-08-17 21:56:24,479 [ERROR] Échec de la requête https://www.sec.gov/Archives/edgar/data/8818/000110465915054054/a15-16414_18k.htm (4 tentatives) : HTTPSConnectionPool(host='www.sec.gov', port=443): Max retries exceeded with url: /Archives/edgar/data/8818/000110465915054054/a15-16414_18k.htm (Caused by NameResolutionError("HTTPSConnection(host='www.sec.gov', port=443): Failed to resolve 'www.sec.gov' ([Errno 11001] getaddrinfo failed)"))
2026-08-17 21:56:24,479 [ERROR] Échec du téléchargement du filing https://www.sec.gov/Archives/edgar/data/8818/000110465915054054/a15-16414_18k.htm: https://www.sec.gov/Archives/edgar/data/8818/000110465915054054/a15-16414_18k.htm : HTTPSConnectionPool(host='www.sec.gov', port=443): Max retries exceeded with url: /Archives/edgar/data/8818/000110465915054054/a15-16414_18k.htm (Caused by NameResolutionError("HTTPSConnection(host='www.sec.gov', port=443): Failed to resolve 'www.sec.gov' ([Errno 11001] getaddrinfo failed)"))
2026-08-17 21:56:24,602 [WARNING] Requête https://www.sec.gov/Archives/edgar/data/8818/000110465915072511/a15-21522_18k.htm en échec (HTTPSConnectionPool(host='www.sec.gov', port=443): Max retries exceeded with url: /Archives/edgar/data/8818/000110465915072511/a15-21522_18k.htm (Caused by NameResolutionError("HTTPSConnection(host='www.sec.gov', port=443): Failed to resolve 'www.sec.gov' ([Errno 11001] getaddrinfo failed)"))), nouvelle tentative dans 2s.
2026-08-17 21:56:26,605 [WARNING] Requête https://www.sec.gov/Archives/edgar/data/8818/000110465915072511/a15-21522_18k.htm en échec (HTTPSConnectionPool(host='www.sec.gov', port=443): Max retries exceeded with url: /Archives/edgar/data/8818/000110465915072511/a15-21522_18k.htm (Caused by NameResolutionError("HTTPSConnection(host='www.sec.gov', port=443): Failed to resolve 'www.sec.gov' ([Errno 11001] getaddrinfo failed)"))), nouvelle tentative dans 4s.
2026-08-17 21:56:30,608 [WARNING] Requête https://www.sec.gov/Archives/edgar/data/8818/000110465915072511/a15-21522_18k.htm en échec (HTTPSConnectionPool(host='www.sec.gov', port=443): Max retries exceeded with url: /Archives/edgar/data/8818/000110465915072511/a15-21522_18k.htm (Caused by NameResolutionError("HTTPSConnection(host='www.sec.gov', port=443): Failed to resolve 'www.sec.gov' ([Errno 11001] getaddrinfo failed)"))), nouvelle tentative dans 8s.
2026-08-17 21:56:38,612 [ERROR] Échec de la requête https://www.sec.gov/Archives/edgar/data/8818/000110465915072511/a15-21522_18k.htm (4 tentatives) : HTTPSConnectionPool(host='www.sec.gov', port=443): Max retries exceeded with url: /Archives/edgar/data/8818/000110465915072511/a15-21522_18k.htm (Caused by NameResolutionError("HTTPSConnection(host='www.sec.gov', port=443): Failed to resolve 'www.sec.gov' ([Errno 11001] getaddrinfo failed)"))
2026-08-17 21:56:38,612 [ERROR] Échec du téléchargement du filing https://www.sec.gov/Archives/edgar/data/8818/000110465915072511/a15-21522_18k.htm: https://www.sec.gov/Archives/edgar/data/8818/000110465915072511/a15-21522_18k.htm : HTTPSConnectionPool(host='www.sec.gov', port=443): Max retries exceeded with url: /Archives/edgar/data/8818/000110465915072511/a15-21522_18k.htm (Caused by NameResolutionError("HTTPSConnection(host='www.sec.gov', port=443): Failed to resolve 'www.sec.gov' ([Errno 11001] getaddrinfo failed)"))
2026-08-17 21:56:38,737 [WARNING] Requête https://www.sec.gov/Archives/edgar/data/8818/000110465915073850/a15-21876_18k.htm en échec (HTTPSConnectionPool(host='www.sec.gov', port=443): Max retries exceeded with url: /Archives/edgar/data/8818/000110465915073850/a15-21876_18k.htm (Caused by NameResolutionError("HTTPSConnection(host='www.sec.gov', port=443): Failed to resolve 'www.sec.gov' ([Errno 11001] getaddrinfo failed)"))), nouvelle tentative dans 2s.
2026-08-17 21:56:40,739 [WARNING] Requête https://www.sec.gov/Archives/edgar/data/8818/000110465915073850/a15-21876_18k.htm en échec (HTTPSConnectionPool(host='www.sec.gov', port=443): Max retries exceeded with url: /Archives/edgar/data/8818/000110465915073850/a15-21876_18k.htm (Caused by NameResolutionError("HTTPSConnection(host='www.sec.gov', port=443): Failed to resolve 'www.sec.gov' ([Errno 11001] getaddrinfo failed)"))), nouvelle tentative dans 4s.
2026-08-17 21:56:44,746 [WARNING] Requête https://www.sec.gov/Archives/edgar/data/8818/000110465915073850/a15-21876_18k.htm en échec (HTTPSConnectionPool(host='www.sec.gov', port=443): Max retries exceeded with url: /Archives/edgar/data/8818/000110465915073850/a15-21876_18k.htm (Caused by NameResolutionError("HTTPSConnection(host='www.sec.gov', port=443): Failed to resolve 'www.sec.gov' ([Errno 11001] getaddrinfo failed)"))), nouvelle tentative dans 8s.
2026-08-17 21:56:52,749 [ERROR] Échec de la requête https://www.sec.gov/Archives/edgar/data/8818/000110465915073850/a15-21876_18k.htm (4 tentatives) : HTTPSConnectionPool(host='www.sec.gov', port=443): Max retries exceeded with url: /Archives/edgar/data/8818/000110465915073850/a15-21876_18k.htm (Caused by NameResolutionError("HTTPSConnection(host='www.sec.gov', port=443): Failed to resolve 'www.sec.gov' ([Errno 11001] getaddrinfo failed)"))
2026-08-17 21:56:52,749 [ERROR] Échec du téléchargement du filing https://www.sec.gov/Archives/edgar/data/8818/000110465915073850/a15-21876_18k.htm: https://www.sec.gov/Archives/edgar/data/8818/000110465915073850/a15-21876_18k.htm : HTTPSConnectionPool(host='www.sec.gov', port=443): Max retries exceeded with url: /Archives/edgar/data/8818/000110465915073850/a15-21876_18k.htm (Caused by NameResolutionError("HTTPSConnection(host='www.sec.gov', port=443): Failed to resolve 'www.sec.gov' ([Errno 11001] getaddrinfo failed)"))
2026-08-17 21:56:52,874 [WARNING] Requête https://www.sec.gov/Archives/edgar/data/8818/000110465916093381/a16-3382_18k.htm en échec (HTTPSConnectionPool(host='www.sec.gov', port=443): Max retries exceeded with url: /Archives/edgar/data/8818/000110465916093381/a16-3382_18k.htm (Caused by NameResolutionError("HTTPSConnection(host='www.sec.gov', port=443): Failed to resolve 'www.sec.gov' ([Errno 11001] getaddrinfo failed)"))), nouvelle tentative dans 2s.
2026-08-17 21:56:54,878 [WARNING] Requête https://www.sec.gov/Archives/edgar/data/8818/000110465916093381/a16-3382_18k.htm en échec (HTTPSConnectionPool(host='www.sec.gov', port=443): Max retries exceeded with url: /Archives/edgar/data/8818/000110465916093381/a16-3382_18k.htm (Caused by NameResolutionError("HTTPSConnection(host='www.sec.gov', port=443): Failed to resolve 'www.sec.gov' ([Errno 11001] getaddrinfo failed)"))), nouvelle tentative dans 4s.
2026-08-17 21:56:58,880 [WARNING] Requête https://www.sec.gov/Archives/edgar/data/8818/000110465916093381/a16-3382_18k.htm en échec (HTTPSConnectionPool(host='www.sec.gov', port=443): Max retries exceeded with url: /Archives/edgar/data/8818/000110465916093381/a16-3382_18k.htm (Caused by NameResolutionError("HTTPSConnection(host='www.sec.gov', port=443): Failed to resolve 'www.sec.gov' ([Errno 11001] getaddrinfo failed)"))), nouvelle tentative dans 8s.
2026-08-17 21:57:06,883 [ERROR] Échec de la requête https://www.sec.gov/Archives/edgar/data/8818/000110465916093381/a16-3382_18k.htm (4 tentatives) : HTTPSConnectionPool(host='www.sec.gov', port=443): Max retries exceeded with url: /Archives/edgar/data/8818/000110465916093381/a16-3382_18k.htm (Caused by NameResolutionError("HTTPSConnection(host='www.sec.gov', port=443): Failed to resolve 'www.sec.gov' ([Errno 11001] getaddrinfo failed)"))
2026-08-17 21:57:06,883 [ERROR] Échec du téléchargement du filing https://www.sec.gov/Archives/edgar/data/8818/000110465916093381/a16-3382_18k.htm: https://www.sec.gov/Archives/edgar/data/8818/000110465916093381/a16-3382_18k.htm : HTTPSConnectionPool(host='www.sec.gov', port=443): Max retries exceeded with url: /Archives/edgar/data/8818/000110465916093381/a16-3382_18k.htm (Caused by NameResolutionError("HTTPSConnection(host='www.sec.gov', port=443): Failed to resolve 'www.sec.gov' ([Errno 11001] getaddrinfo failed)"))
2026-08-17 21:57:07,009 [WARNING] Requête https://www.sec.gov/Archives/edgar/data/8818/000110465916100392/a16-5233_18k.htm en échec (HTTPSConnectionPool(host='www.sec.gov', port=443): Max retries exceeded with url: /Archives/edgar/data/8818/000110465916100392/a16-5233_18k.htm (Caused by NameResolutionError("HTTPSConnection(host='www.sec.gov', port=443): Failed to resolve 'www.sec.gov' ([Errno 11001] getaddrinfo failed)"))), nouvelle tentative dans 2s.
2026-08-17 21:57:09,011 [WARNING] Requête https://www.sec.gov/Archives/edgar/data/8818/000110465916100392/a16-5233_18k.htm en échec (HTTPSConnectionPool(host='www.sec.gov', port=443): Max retries exceeded with url: /Archives/edgar/data/8818/000110465916100392/a16-5233_18k.htm (Caused by NameResolutionError("HTTPSConnection(host='www.sec.gov', port=443): Failed to resolve 'www.sec.gov' ([Errno 11001] getaddrinfo failed)"))), nouvelle tentative dans 4s.
2026-08-17 21:57:13,014 [WARNING] Requête https://www.sec.gov/Archives/edgar/data/8818/000110465916100392/a16-5233_18k.htm en échec (HTTPSConnectionPool(host='www.sec.gov', port=443): Max retries exceeded with url: /Archives/edgar/data/8818/000110465916100392/a16-5233_18k.htm (Caused by NameResolutionError("HTTPSConnection(host='www.sec.gov', port=443): Failed to resolve 'www.sec.gov' ([Errno 11001] getaddrinfo failed)"))), nouvelle tentative dans 8s.
2026-08-17 21:57:21,017 [ERROR] Échec de la requête https://www.sec.gov/Archives/edgar/data/8818/000110465916100392/a16-5233_18k.htm (4 tentatives) : HTTPSConnectionPool(host='www.sec.gov', port=443): Max retries exceeded with url: /Archives/edgar/data/8818/000110465916100392/a16-5233_18k.htm (Caused by NameResolutionError("HTTPSConnection(host='www.sec.gov', port=443): Failed to resolve 'www.sec.gov' ([Errno 11001] getaddrinfo failed)"))
2026-08-17 21:57:21,017 [ERROR] Échec du téléchargement du filing https://www.sec.gov/Archives/edgar/data/8818/000110465916100392/a16-5233_18k.htm: https://www.sec.gov/Archives/edgar/data/8818/000110465916100392/a16-5233_18k.htm : HTTPSConnectionPool(host='www.sec.gov', port=443): Max retries exceeded with url: /Archives/edgar/data/8818/000110465916100392/a16-5233_18k.htm (Caused by NameResolutionError("HTTPSConnection(host='www.sec.gov', port=443): Failed to resolve 'www.sec.gov' ([Errno 11001] getaddrinfo failed)"))
2026-08-17 21:57:21,148 [WARNING] Requête https://www.sec.gov/Archives/edgar/data/8818/000110465916114391/a16-9410_18k.htm en échec (HTTPSConnectionPool(host='www.sec.gov', port=443): Max retries exceeded with url: /Archives/edgar/data/8818/000110465916114391/a16-9410_18k.htm (Caused by NameResolutionError("HTTPSConnection(host='www.sec.gov', port=443): Failed to resolve 'www.sec.gov' ([Errno 11001] getaddrinfo failed)"))), nouvelle tentative dans 2s.
2026-08-17 21:57:23,150 [WARNING] Requête https://www.sec.gov/Archives/edgar/data/8818/000110465916114391/a16-9410_18k.htm en échec (HTTPSConnectionPool(host='www.sec.gov', port=443): Max retries exceeded with url: /Archives/edgar/data/8818/000110465916114391/a16-9410_18k.htm (Caused by NameResolutionError("HTTPSConnection(host='www.sec.gov', port=443): Failed to resolve 'www.sec.gov' ([Errno 11001] getaddrinfo failed)"))), nouvelle tentative dans 4s.
2026-08-17 21:57:27,152 [WARNING] Requête https://www.sec.gov/Archives/edgar/data/8818/000110465916114391/a16-9410_18k.htm en échec (HTTPSConnectionPool(host='www.sec.gov', port=443): Max retries exceeded with url: /Archives/edgar/data/8818/000110465916114391/a16-9410_18k.htm (Caused by NameResolutionError("HTTPSConnection(host='www.sec.gov', port=443): Failed to resolve 'www.sec.gov' ([Errno 11001] getaddrinfo failed)"))), nouvelle tentative dans 8s.
2026-08-17 21:57:35,155 [ERROR] Échec de la requête https://www.sec.gov/Archives/edgar/data/8818/000110465916114391/a16-9410_18k.htm (4 tentatives) : HTTPSConnectionPool(host='www.sec.gov', port=443): Max retries exceeded with url: /Archives/edgar/data/8818/000110465916114391/a16-9410_18k.htm (Caused by NameResolutionError("HTTPSConnection(host='www.sec.gov', port=443): Failed to resolve 'www.sec.gov' ([Errno 11001] getaddrinfo failed)"))
2026-08-17 21:57:35,155 [ERROR] Échec du téléchargement du filing https://www.sec.gov/Archives/edgar/data/8818/000110465916114391/a16-9410_18k.htm: https://www.sec.gov/Archives/edgar/data/8818/000110465916114391/a16-9410_18k.htm : HTTPSConnectionPool(host='www.sec.gov', port=443): Max retries exceeded with url: /Archives/edgar/data/8818/000110465916114391/a16-9410_18k.htm (Caused by NameResolutionError("HTTPSConnection(host='www.sec.gov', port=443): Failed to resolve 'www.sec.gov' ([Errno 11001] getaddrinfo failed)"))
2026-08-17 21:57:35,280 [WARNING] Requête https://www.sec.gov/Archives/edgar/data/8818/000110465916115747/a16-9883_18k.htm en échec (HTTPSConnectionPool(host='www.sec.gov', port=443): Max retries exceeded with url: /Archives/edgar/data/8818/000110465916115747/a16-9883_18k.htm (Caused by NameResolutionError("HTTPSConnection(host='www.sec.gov', port=443): Failed to resolve 'www.sec.gov' ([Errno 11001] getaddrinfo failed)"))), nouvelle tentative dans 2s.
2026-08-17 21:57:37,283 [WARNING] Requête https://www.sec.gov/Archives/edgar/data/8818/000110465916115747/a16-9883_18k.htm en échec (HTTPSConnectionPool(host='www.sec.gov', port=443): Max retries exceeded with url: /Archives/edgar/data/8818/000110465916115747/a16-9883_18k.htm (Caused by NameResolutionError("HTTPSConnection(host='www.sec.gov', port=443): Failed to resolve 'www.sec.gov' ([Errno 11001] getaddrinfo failed)"))), nouvelle tentative dans 4s.
2026-08-17 21:57:41,286 [WARNING] Requête https://www.sec.gov/Archives/edgar/data/8818/000110465916115747/a16-9883_18k.htm en échec (HTTPSConnectionPool(host='www.sec.gov', port=443): Max retries exceeded with url: /Archives/edgar/data/8818/000110465916115747/a16-9883_18k.htm (Caused by NameResolutionError("HTTPSConnection(host='www.sec.gov', port=443): Failed to resolve 'www.sec.gov' ([Errno 11001] getaddrinfo failed)"))), nouvelle tentative dans 8s.
2026-08-17 21:57:49,288 [ERROR] Échec de la requête https://www.sec.gov/Archives/edgar/data/8818/000110465916115747/a16-9883_18k.htm (4 tentatives) : HTTPSConnectionPool(host='www.sec.gov', port=443): Max retries exceeded with url: /Archives/edgar/data/8818/000110465916115747/a16-9883_18k.htm (Caused by NameResolutionError("HTTPSConnection(host='www.sec.gov', port=443): Failed to resolve 'www.sec.gov' ([Errno 11001] getaddrinfo failed)"))
2026-08-17 21:57:49,288 [ERROR] Échec du téléchargement du filing https://www.sec.gov/Archives/edgar/data/8818/000110465916115747/a16-9883_18k.htm: https://www.sec.gov/Archives/edgar/data/8818/000110465916115747/a16-9883_18k.htm : HTTPSConnectionPool(host='www.sec.gov', port=443): Max retries exceeded with url: /Archives/edgar/data/8818/000110465916115747/a16-9883_18k.htm (Caused by NameResolutionError("HTTPSConnection(host='www.sec.gov', port=443): Failed to resolve 'www.sec.gov' ([Errno 11001] getaddrinfo failed)"))
2026-08-17 21:57:49,414 [WARNING] Requête https://www.sec.gov/Archives/edgar/data/8818/000110465916134218/a16-15382_18k.htm en échec (HTTPSConnectionPool(host='www.sec.gov', port=443): Max retries exceeded with url: /Archives/edgar/data/8818/000110465916134218/a16-15382_18k.htm (Caused by NameResolutionError("HTTPSConnection(host='www.sec.gov', port=443): Failed to resolve 'www.sec.gov' ([Errno 11001] getaddrinfo failed)"))), nouvelle tentative dans 2s.
2026-08-17 21:57:51,416 [WARNING] Requête https://www.sec.gov/Archives/edgar/data/8818/000110465916134218/a16-15382_18k.htm en échec (HTTPSConnectionPool(host='www.sec.gov', port=443): Max retries exceeded with url: /Archives/edgar/data/8818/000110465916134218/a16-15382_18k.htm (Caused by NameResolutionError("HTTPSConnection(host='www.sec.gov', port=443): Failed to resolve 'www.sec.gov' ([Errno 11001] getaddrinfo failed)"))), nouvelle tentative dans 4s.
2026-08-17 21:57:55,419 [WARNING] Requête https://www.sec.gov/Archives/edgar/data/8818/000110465916134218/a16-15382_18k.htm en échec (HTTPSConnectionPool(host='www.sec.gov', port=443): Max retries exceeded with url: /Archives/edgar/data/8818/000110465916134218/a16-15382_18k.htm (Caused by NameResolutionError("HTTPSConnection(host='www.sec.gov', port=443): Failed to resolve 'www.sec.gov' ([Errno 11001] getaddrinfo failed)"))), nouvelle tentative dans 8s.
2026-08-17 21:58:03,422 [ERROR] Échec de la requête https://www.sec.gov/Archives/edgar/data/8818/000110465916134218/a16-15382_18k.htm (4 tentatives) : HTTPSConnectionPool(host='www.sec.gov', port=443): Max retries exceeded with url: /Archives/edgar/data/8818/000110465916134218/a16-15382_18k.htm (Caused by NameResolutionError("HTTPSConnection(host='www.sec.gov', port=443): Failed to resolve 'www.sec.gov' ([Errno 11001] getaddrinfo failed)"))
2026-08-17 21:58:03,422 [ERROR] Échec du téléchargement du filing https://www.sec.gov/Archives/edgar/data/8818/000110465916134218/a16-15382_18k.htm: https://www.sec.gov/Archives/edgar/data/8818/000110465916134218/a16-15382_18k.htm : HTTPSConnectionPool(host='www.sec.gov', port=443): Max retries exceeded with url: /Archives/edgar/data/8818/000110465916134218/a16-15382_18k.htm (Caused by NameResolutionError("HTTPSConnection(host='www.sec.gov', port=443): Failed to resolve 'www.sec.gov' ([Errno 11001] getaddrinfo failed)"))
2026-08-17 21:58:03,549 [WARNING] Requête https://www.sec.gov/Archives/edgar/data/8818/000110465916152064/a16-20383_18k.htm en échec (HTTPSConnectionPool(host='www.sec.gov', port=443): Max retries exceeded with url: /Archives/edgar/data/8818/000110465916152064/a16-20383_18k.htm (Caused by NameResolutionError("HTTPSConnection(host='www.sec.gov', port=443): Failed to resolve 'www.sec.gov' ([Errno 11001] getaddrinfo failed)"))), nouvelle tentative dans 2s.
2026-08-17 21:58:05,551 [WARNING] Requête https://www.sec.gov/Archives/edgar/data/8818/000110465916152064/a16-20383_18k.htm en échec (HTTPSConnectionPool(host='www.sec.gov', port=443): Max retries exceeded with url: /Archives/edgar/data/8818/000110465916152064/a16-20383_18k.htm (Caused by NameResolutionError("HTTPSConnection(host='www.sec.gov', port=443): Failed to resolve 'www.sec.gov' ([Errno 11001] getaddrinfo failed)"))), nouvelle tentative dans 4s.
2026-08-17 21:58:09,553 [WARNING] Requête https://www.sec.gov/Archives/edgar/data/8818/000110465916152064/a16-20383_18k.htm en échec (HTTPSConnectionPool(host='www.sec.gov', port=443): Max retries exceeded with url: /Archives/edgar/data/8818/000110465916152064/a16-20383_18k.htm (Caused by NameResolutionError("HTTPSConnection(host='www.sec.gov', port=443): Failed to resolve 'www.sec.gov' ([Errno 11001] getaddrinfo failed)"))), nouvelle tentative dans 8s.
2026-08-17 21:58:17,556 [ERROR] Échec de la requête https://www.sec.gov/Archives/edgar/data/8818/000110465916152064/a16-20383_18k.htm (4 tentatives) : HTTPSConnectionPool(host='www.sec.gov', port=443): Max retries exceeded with url: /Archives/edgar/data/8818/000110465916152064/a16-20383_18k.htm (Caused by NameResolutionError("HTTPSConnection(host='www.sec.gov', port=443): Failed to resolve 'www.sec.gov' ([Errno 11001] getaddrinfo failed)"))
2026-08-17 21:58:17,556 [ERROR] Échec du téléchargement du filing https://www.sec.gov/Archives/edgar/data/8818/000110465916152064/a16-20383_18k.htm: https://www.sec.gov/Archives/edgar/data/8818/000110465916152064/a16-20383_18k.htm : HTTPSConnectionPool(host='www.sec.gov', port=443): Max retries exceeded with url: /Archives/edgar/data/8818/000110465916152064/a16-20383_18k.htm (Caused by NameResolutionError("HTTPSConnection(host='www.sec.gov', port=443): Failed to resolve 'www.sec.gov' ([Errno 11001] getaddrinfo failed)"))
2026-08-17 21:58:17,681 [WARNING] Requête https://www.sec.gov/Archives/edgar/data/8818/000110465917005614/a17-3526_18k.htm en échec (HTTPSConnectionPool(host='www.sec.gov', port=443): Max retries exceeded with url: /Archives/edgar/data/8818/000110465917005614/a17-3526_18k.htm (Caused by NameResolutionError("HTTPSConnection(host='www.sec.gov', port=443): Failed to resolve 'www.sec.gov' ([Errno 11001] getaddrinfo failed)"))), nouvelle tentative dans 2s.
2026-08-17 21:58:19,683 [WARNING] Requête https://www.sec.gov/Archives/edgar/data/8818/000110465917005614/a17-3526_18k.htm en échec (HTTPSConnectionPool(host='www.sec.gov', port=443): Max retries exceeded with url: /Archives/edgar/data/8818/000110465917005614/a17-3526_18k.htm (Caused by NameResolutionError("HTTPSConnection(host='www.sec.gov', port=443): Failed to resolve 'www.sec.gov' ([Errno 11001] getaddrinfo failed)"))), nouvelle tentative dans 4s.
2026-08-17 21:58:23,686 [WARNING] Requête https://www.sec.gov/Archives/edgar/data/8818/000110465917005614/a17-3526_18k.htm en échec (HTTPSConnectionPool(host='www.sec.gov', port=443): Max retries exceeded with url: /Archives/edgar/data/8818/000110465917005614/a17-3526_18k.htm (Caused by NameResolutionError("HTTPSConnection(host='www.sec.gov', port=443): Failed to resolve 'www.sec.gov' ([Errno 11001] getaddrinfo failed)"))), nouvelle tentative dans 8s.
2026-08-17 21:58:31,689 [ERROR] Échec de la requête https://www.sec.gov/Archives/edgar/data/8818/000110465917005614/a17-3526_18k.htm (4 tentatives) : HTTPSConnectionPool(host='www.sec.gov', port=443): Max retries exceeded with url: /Archives/edgar/data/8818/000110465917005614/a17-3526_18k.htm (Caused by NameResolutionError("HTTPSConnection(host='www.sec.gov', port=443): Failed to resolve 'www.sec.gov' ([Errno 11001] getaddrinfo failed)"))
2026-08-17 21:58:31,689 [ERROR] Échec du téléchargement du filing https://www.sec.gov/Archives/edgar/data/8818/000110465917005614/a17-3526_18k.htm: https://www.sec.gov/Archives/edgar/data/8818/000110465917005614/a17-3526_18k.htm : HTTPSConnectionPool(host='www.sec.gov', port=443): Max retries exceeded with url: /Archives/edgar/data/8818/000110465917005614/a17-3526_18k.htm (Caused by NameResolutionError("HTTPSConnection(host='www.sec.gov', port=443): Failed to resolve 'www.sec.gov' ([Errno 11001] getaddrinfo failed)"))
2026-08-17 21:58:31,814 [WARNING] Requête https://www.sec.gov/Archives/edgar/data/8818/000110465917006365/a17-3746_18k.htm en échec (HTTPSConnectionPool(host='www.sec.gov', port=443): Max retries exceeded with url: /Archives/edgar/data/8818/000110465917006365/a17-3746_18k.htm (Caused by NameResolutionError("HTTPSConnection(host='www.sec.gov', port=443): Failed to resolve 'www.sec.gov' ([Errno 11001] getaddrinfo failed)"))), nouvelle tentative dans 2s.
2026-08-17 21:58:33,817 [WARNING] Requête https://www.sec.gov/Archives/edgar/data/8818/000110465917006365/a17-3746_18k.htm en échec (HTTPSConnectionPool(host='www.sec.gov', port=443): Max retries exceeded with url: /Archives/edgar/data/8818/000110465917006365/a17-3746_18k.htm (Caused by NameResolutionError("HTTPSConnection(host='www.sec.gov', port=443): Failed to resolve 'www.sec.gov' ([Errno 11001] getaddrinfo failed)"))), nouvelle tentative dans 4s.
2026-08-17 21:58:37,823 [WARNING] Requête https://www.sec.gov/Archives/edgar/data/8818/000110465917006365/a17-3746_18k.htm en échec (HTTPSConnectionPool(host='www.sec.gov', port=443): Max retries exceeded with url: /Archives/edgar/data/8818/000110465917006365/a17-3746_18k.htm (Caused by NameResolutionError("HTTPSConnection(host='www.sec.gov', port=443): Failed to resolve 'www.sec.gov' ([Errno 11001] getaddrinfo failed)"))), nouvelle tentative dans 8s.
2026-08-17 21:58:45,826 [ERROR] Échec de la requête https://www.sec.gov/Archives/edgar/data/8818/000110465917006365/a17-3746_18k.htm (4 tentatives) : HTTPSConnectionPool(host='www.sec.gov', port=443): Max retries exceeded with url: /Archives/edgar/data/8818/000110465917006365/a17-3746_18k.htm (Caused by NameResolutionError("HTTPSConnection(host='www.sec.gov', port=443): Failed to resolve 'www.sec.gov' ([Errno 11001] getaddrinfo failed)"))
2026-08-17 21:58:45,826 [ERROR] Échec du téléchargement du filing https://www.sec.gov/Archives/edgar/data/8818/000110465917006365/a17-3746_18k.htm: https://www.sec.gov/Archives/edgar/data/8818/000110465917006365/a17-3746_18k.htm : HTTPSConnectionPool(host='www.sec.gov', port=443): Max retries exceeded with url: /Archives/edgar/data/8818/000110465917006365/a17-3746_18k.htm (Caused by NameResolutionError("HTTPSConnection(host='www.sec.gov', port=443): Failed to resolve 'www.sec.gov' ([Errno 11001] getaddrinfo failed)"))
2026-08-17 21:58:45,952 [WARNING] Requête https://www.sec.gov/Archives/edgar/data/8818/000110465917013045/a17-7372_18k.htm en échec (HTTPSConnectionPool(host='www.sec.gov', port=443): Max retries exceeded with url: /Archives/edgar/data/8818/000110465917013045/a17-7372_18k.htm (Caused by NameResolutionError("HTTPSConnection(host='www.sec.gov', port=443): Failed to resolve 'www.sec.gov' ([Errno 11001] getaddrinfo failed)"))), nouvelle tentative dans 2s.
2026-08-17 21:58:47,954 [WARNING] Requête https://www.sec.gov/Archives/edgar/data/8818/000110465917013045/a17-7372_18k.htm en échec (HTTPSConnectionPool(host='www.sec.gov', port=443): Max retries exceeded with url: /Archives/edgar/data/8818/000110465917013045/a17-7372_18k.htm (Caused by NameResolutionError("HTTPSConnection(host='www.sec.gov', port=443): Failed to resolve 'www.sec.gov' ([Errno 11001] getaddrinfo failed)"))), nouvelle tentative dans 4s.
2026-08-17 21:58:51,957 [WARNING] Requête https://www.sec.gov/Archives/edgar/data/8818/000110465917013045/a17-7372_18k.htm en échec (HTTPSConnectionPool(host='www.sec.gov', port=443): Max retries exceeded with url: /Archives/edgar/data/8818/000110465917013045/a17-7372_18k.htm (Caused by NameResolutionError("HTTPSConnection(host='www.sec.gov', port=443): Failed to resolve 'www.sec.gov' ([Errno 11001] getaddrinfo failed)"))), nouvelle tentative dans 8s.
2026-08-17 21:58:59,960 [ERROR] Échec de la requête https://www.sec.gov/Archives/edgar/data/8818/000110465917013045/a17-7372_18k.htm (4 tentatives) : HTTPSConnectionPool(host='www.sec.gov', port=443): Max retries exceeded with url: /Archives/edgar/data/8818/000110465917013045/a17-7372_18k.htm (Caused by NameResolutionError("HTTPSConnection(host='www.sec.gov', port=443): Failed to resolve 'www.sec.gov' ([Errno 11001] getaddrinfo failed)"))
2026-08-17 21:58:59,960 [ERROR] Échec du téléchargement du filing https://www.sec.gov/Archives/edgar/data/8818/000110465917013045/a17-7372_18k.htm: https://www.sec.gov/Archives/edgar/data/8818/000110465917013045/a17-7372_18k.htm : HTTPSConnectionPool(host='www.sec.gov', port=443): Max retries exceeded with url: /Archives/edgar/data/8818/000110465917013045/a17-7372_18k.htm (Caused by NameResolutionError("HTTPSConnection(host='www.sec.gov', port=443): Failed to resolve 'www.sec.gov' ([Errno 11001] getaddrinfo failed)"))
2026-08-17 21:59:00,085 [WARNING] Requête https://www.sec.gov/Archives/edgar/data/8818/000110465917014095/a17-6848_48k.htm en échec (HTTPSConnectionPool(host='www.sec.gov', port=443): Max retries exceeded with url: /Archives/edgar/data/8818/000110465917014095/a17-6848_48k.htm (Caused by NameResolutionError("HTTPSConnection(host='www.sec.gov', port=443): Failed to resolve 'www.sec.gov' ([Errno 11001] getaddrinfo failed)"))), nouvelle tentative dans 2s.
2026-08-17 21:59:02,088 [WARNING] Requête https://www.sec.gov/Archives/edgar/data/8818/000110465917014095/a17-6848_48k.htm en échec (HTTPSConnectionPool(host='www.sec.gov', port=443): Max retries exceeded with url: /Archives/edgar/data/8818/000110465917014095/a17-6848_48k.htm (Caused by NameResolutionError("HTTPSConnection(host='www.sec.gov', port=443): Failed to resolve 'www.sec.gov' ([Errno 11001] getaddrinfo failed)"))), nouvelle tentative dans 4s.
2026-08-17 21:59:06,091 [WARNING] Requête https://www.sec.gov/Archives/edgar/data/8818/000110465917014095/a17-6848_48k.htm en échec (HTTPSConnectionPool(host='www.sec.gov', port=443): Max retries exceeded with url: /Archives/edgar/data/8818/000110465917014095/a17-6848_48k.htm (Caused by NameResolutionError("HTTPSConnection(host='www.sec.gov', port=443): Failed to resolve 'www.sec.gov' ([Errno 11001] getaddrinfo failed)"))), nouvelle tentative dans 8s.
2026-08-17 21:59:14,094 [ERROR] Échec de la requête https://www.sec.gov/Archives/edgar/data/8818/000110465917014095/a17-6848_48k.htm (4 tentatives) : HTTPSConnectionPool(host='www.sec.gov', port=443): Max retries exceeded with url: /Archives/edgar/data/8818/000110465917014095/a17-6848_48k.htm (Caused by NameResolutionError("HTTPSConnection(host='www.sec.gov', port=443): Failed to resolve 'www.sec.gov' ([Errno 11001] getaddrinfo failed)"))
2026-08-17 21:59:14,094 [ERROR] Échec du téléchargement du filing https://www.sec.gov/Archives/edgar/data/8818/000110465917014095/a17-6848_48k.htm: https://www.sec.gov/Archives/edgar/data/8818/000110465917014095/a17-6848_48k.htm : HTTPSConnectionPool(host='www.sec.gov', port=443): Max retries exceeded with url: /Archives/edgar/data/8818/000110465917014095/a17-6848_48k.htm (Caused by NameResolutionError("HTTPSConnection(host='www.sec.gov', port=443): Failed to resolve 'www.sec.gov' ([Errno 11001] getaddrinfo failed)"))
2026-08-17 21:59:14,221 [WARNING] Requête https://www.sec.gov/Archives/edgar/data/8818/000110465917017691/a17-8481_18k.htm en échec (HTTPSConnectionPool(host='www.sec.gov', port=443): Max retries exceeded with url: /Archives/edgar/data/8818/000110465917017691/a17-8481_18k.htm (Caused by NameResolutionError("HTTPSConnection(host='www.sec.gov', port=443): Failed to resolve 'www.sec.gov' ([Errno 11001] getaddrinfo failed)"))), nouvelle tentative dans 2s.
2026-08-17 21:59:16,223 [WARNING] Requête https://www.sec.gov/Archives/edgar/data/8818/000110465917017691/a17-8481_18k.htm en échec (HTTPSConnectionPool(host='www.sec.gov', port=443): Max retries exceeded with url: /Archives/edgar/data/8818/000110465917017691/a17-8481_18k.htm (Caused by NameResolutionError("HTTPSConnection(host='www.sec.gov', port=443): Failed to resolve 'www.sec.gov' ([Errno 11001] getaddrinfo failed)"))), nouvelle tentative dans 4s.
2026-08-17 21:59:20,227 [WARNING] Requête https://www.sec.gov/Archives/edgar/data/8818/000110465917017691/a17-8481_18k.htm en échec (HTTPSConnectionPool(host='www.sec.gov', port=443): Max retries exceeded with url: /Archives/edgar/data/8818/000110465917017691/a17-8481_18k.htm (Caused by NameResolutionError("HTTPSConnection(host='www.sec.gov', port=443): Failed to resolve 'www.sec.gov' ([Errno 11001] getaddrinfo failed)"))), nouvelle tentative dans 8s.
2026-08-17 21:59:28,229 [ERROR] Échec de la requête https://www.sec.gov/Archives/edgar/data/8818/000110465917017691/a17-8481_18k.htm (4 tentatives) : HTTPSConnectionPool(host='www.sec.gov', port=443): Max retries exceeded with url: /Archives/edgar/data/8818/000110465917017691/a17-8481_18k.htm (Caused by NameResolutionError("HTTPSConnection(host='www.sec.gov', port=443): Failed to resolve 'www.sec.gov' ([Errno 11001] getaddrinfo failed)"))
2026-08-17 21:59:28,230 [ERROR] Échec du téléchargement du filing https://www.sec.gov/Archives/edgar/data/8818/000110465917017691/a17-8481_18k.htm: https://www.sec.gov/Archives/edgar/data/8818/000110465917017691/a17-8481_18k.htm : HTTPSConnectionPool(host='www.sec.gov', port=443): Max retries exceeded with url: /Archives/edgar/data/8818/000110465917017691/a17-8481_18k.htm (Caused by NameResolutionError("HTTPSConnection(host='www.sec.gov', port=443): Failed to resolve 'www.sec.gov' ([Errno 11001] getaddrinfo failed)"))
2026-08-17 21:59:28,356 [WARNING] Requête https://www.sec.gov/Archives/edgar/data/8818/000110465917026110/a17-11818_18k.htm en échec (HTTPSConnectionPool(host='www.sec.gov', port=443): Max retries exceeded with url: /Archives/edgar/data/8818/000110465917026110/a17-11818_18k.htm (Caused by NameResolutionError("HTTPSConnection(host='www.sec.gov', port=443): Failed to resolve 'www.sec.gov' ([Errno 11001] getaddrinfo failed)"))), nouvelle tentative dans 2s.
2026-08-17 21:59:30,359 [WARNING] Requête https://www.sec.gov/Archives/edgar/data/8818/000110465917026110/a17-11818_18k.htm en échec (HTTPSConnectionPool(host='www.sec.gov', port=443): Max retries exceeded with url: /Archives/edgar/data/8818/000110465917026110/a17-11818_18k.htm (Caused by NameResolutionError("HTTPSConnection(host='www.sec.gov', port=443): Failed to resolve 'www.sec.gov' ([Errno 11001] getaddrinfo failed)"))), nouvelle tentative dans 4s.
2026-08-17 21:59:34,361 [WARNING] Requête https://www.sec.gov/Archives/edgar/data/8818/000110465917026110/a17-11818_18k.htm en échec (HTTPSConnectionPool(host='www.sec.gov', port=443): Max retries exceeded with url: /Archives/edgar/data/8818/000110465917026110/a17-11818_18k.htm (Caused by NameResolutionError("HTTPSConnection(host='www.sec.gov', port=443): Failed to resolve 'www.sec.gov' ([Errno 11001] getaddrinfo failed)"))), nouvelle tentative dans 8s.
2026-08-17 21:59:42,365 [ERROR] Échec de la requête https://www.sec.gov/Archives/edgar/data/8818/000110465917026110/a17-11818_18k.htm (4 tentatives) : HTTPSConnectionPool(host='www.sec.gov', port=443): Max retries exceeded with url: /Archives/edgar/data/8818/000110465917026110/a17-11818_18k.htm (Caused by NameResolutionError("HTTPSConnection(host='www.sec.gov', port=443): Failed to resolve 'www.sec.gov' ([Errno 11001] getaddrinfo failed)"))
2026-08-17 21:59:42,365 [ERROR] Échec du téléchargement du filing https://www.sec.gov/Archives/edgar/data/8818/000110465917026110/a17-11818_18k.htm: https://www.sec.gov/Archives/edgar/data/8818/000110465917026110/a17-11818_18k.htm : HTTPSConnectionPool(host='www.sec.gov', port=443): Max retries exceeded with url: /Archives/edgar/data/8818/000110465917026110/a17-11818_18k.htm (Caused by NameResolutionError("HTTPSConnection(host='www.sec.gov', port=443): Failed to resolve 'www.sec.gov' ([Errno 11001] getaddrinfo failed)"))
2026-08-17 21:59:42,490 [WARNING] Requête https://www.sec.gov/Archives/edgar/data/8818/000110465917027783/a17-12050_28k.htm en échec (HTTPSConnectionPool(host='www.sec.gov', port=443): Max retries exceeded with url: /Archives/edgar/data/8818/000110465917027783/a17-12050_28k.htm (Caused by NameResolutionError("HTTPSConnection(host='www.sec.gov', port=443): Failed to resolve 'www.sec.gov' ([Errno 11001] getaddrinfo failed)"))), nouvelle tentative dans 2s.
2026-08-17 21:59:44,494 [WARNING] Requête https://www.sec.gov/Archives/edgar/data/8818/000110465917027783/a17-12050_28k.htm en échec (HTTPSConnectionPool(host='www.sec.gov', port=443): Max retries exceeded with url: /Archives/edgar/data/8818/000110465917027783/a17-12050_28k.htm (Caused by NameResolutionError("HTTPSConnection(host='www.sec.gov', port=443): Failed to resolve 'www.sec.gov' ([Errno 11001] getaddrinfo failed)"))), nouvelle tentative dans 4s.
2026-08-17 21:59:48,496 [WARNING] Requête https://www.sec.gov/Archives/edgar/data/8818/000110465917027783/a17-12050_28k.htm en échec (HTTPSConnectionPool(host='www.sec.gov', port=443): Max retries exceeded with url: /Archives/edgar/data/8818/000110465917027783/a17-12050_28k.htm (Caused by NameResolutionError("HTTPSConnection(host='www.sec.gov', port=443): Failed to resolve 'www.sec.gov' ([Errno 11001] getaddrinfo failed)"))), nouvelle tentative dans 8s.
2026-08-17 21:59:56,499 [ERROR] Échec de la requête https://www.sec.gov/Archives/edgar/data/8818/000110465917027783/a17-12050_28k.htm (4 tentatives) : HTTPSConnectionPool(host='www.sec.gov', port=443): Max retries exceeded with url: /Archives/edgar/data/8818/000110465917027783/a17-12050_28k.htm (Caused by NameResolutionError("HTTPSConnection(host='www.sec.gov', port=443): Failed to resolve 'www.sec.gov' ([Errno 11001] getaddrinfo failed)"))
2026-08-17 21:59:56,499 [ERROR] Échec du téléchargement du filing https://www.sec.gov/Archives/edgar/data/8818/000110465917027783/a17-12050_28k.htm: https://www.sec.gov/Archives/edgar/data/8818/000110465917027783/a17-12050_28k.htm : HTTPSConnectionPool(host='www.sec.gov', port=443): Max retries exceeded with url: /Archives/edgar/data/8818/000110465917027783/a17-12050_28k.htm (Caused by NameResolutionError("HTTPSConnection(host='www.sec.gov', port=443): Failed to resolve 'www.sec.gov' ([Errno 11001] getaddrinfo failed)"))
2026-08-17 21:59:56,624 [WARNING] Requête https://www.sec.gov/Archives/edgar/data/8818/000110465917044449/a17-17151_18k.htm en échec (HTTPSConnectionPool(host='www.sec.gov', port=443): Max retries exceeded with url: /Archives/edgar/data/8818/000110465917044449/a17-17151_18k.htm (Caused by NameResolutionError("HTTPSConnection(host='www.sec.gov', port=443): Failed to resolve 'www.sec.gov' ([Errno 11001] getaddrinfo failed)"))), nouvelle tentative dans 2s.
2026-08-17 21:59:58,628 [WARNING] Requête https://www.sec.gov/Archives/edgar/data/8818/000110465917044449/a17-17151_18k.htm en échec (HTTPSConnectionPool(host='www.sec.gov', port=443): Max retries exceeded with url: /Archives/edgar/data/8818/000110465917044449/a17-17151_18k.htm (Caused by NameResolutionError("HTTPSConnection(host='www.sec.gov', port=443): Failed to resolve 'www.sec.gov' ([Errno 11001] getaddrinfo failed)"))), nouvelle tentative dans 4s.
2026-08-17 22:00:02,630 [WARNING] Requête https://www.sec.gov/Archives/edgar/data/8818/000110465917044449/a17-17151_18k.htm en échec (HTTPSConnectionPool(host='www.sec.gov', port=443): Max retries exceeded with url: /Archives/edgar/data/8818/000110465917044449/a17-17151_18k.htm (Caused by NameResolutionError("HTTPSConnection(host='www.sec.gov', port=443): Failed to resolve 'www.sec.gov' ([Errno 11001] getaddrinfo failed)"))), nouvelle tentative dans 8s.
2026-08-17 22:00:10,633 [ERROR] Échec de la requête https://www.sec.gov/Archives/edgar/data/8818/000110465917044449/a17-17151_18k.htm (4 tentatives) : HTTPSConnectionPool(host='www.sec.gov', port=443): Max retries exceeded with url: /Archives/edgar/data/8818/000110465917044449/a17-17151_18k.htm (Caused by NameResolutionError("HTTPSConnection(host='www.sec.gov', port=443): Failed to resolve 'www.sec.gov' ([Errno 11001] getaddrinfo failed)"))
2026-08-17 22:00:10,633 [ERROR] Échec du téléchargement du filing https://www.sec.gov/Archives/edgar/data/8818/000110465917044449/a17-17151_18k.htm: https://www.sec.gov/Archives/edgar/data/8818/000110465917044449/a17-17151_18k.htm : HTTPSConnectionPool(host='www.sec.gov', port=443): Max retries exceeded with url: /Archives/edgar/data/8818/000110465917044449/a17-17151_18k.htm (Caused by NameResolutionError("HTTPSConnection(host='www.sec.gov', port=443): Failed to resolve 'www.sec.gov' ([Errno 11001] getaddrinfo failed)"))
2026-08-17 22:00:10,759 [WARNING] Requête https://www.sec.gov/Archives/edgar/data/8818/000110465917046637/a17-13273_38k.htm en échec (HTTPSConnectionPool(host='www.sec.gov', port=443): Max retries exceeded with url: /Archives/edgar/data/8818/000110465917046637/a17-13273_38k.htm (Caused by NameResolutionError("HTTPSConnection(host='www.sec.gov', port=443): Failed to resolve 'www.sec.gov' ([Errno 11001] getaddrinfo failed)"))), nouvelle tentative dans 2s.
2026-08-17 22:00:12,764 [WARNING] Requête https://www.sec.gov/Archives/edgar/data/8818/000110465917046637/a17-13273_38k.htm en échec (HTTPSConnectionPool(host='www.sec.gov', port=443): Max retries exceeded with url: /Archives/edgar/data/8818/000110465917046637/a17-13273_38k.htm (Caused by NameResolutionError("HTTPSConnection(host='www.sec.gov', port=443): Failed to resolve 'www.sec.gov' ([Errno 11001] getaddrinfo failed)"))), nouvelle tentative dans 4s.
2026-08-17 22:00:16,766 [WARNING] Requête https://www.sec.gov/Archives/edgar/data/8818/000110465917046637/a17-13273_38k.htm en échec (HTTPSConnectionPool(host='www.sec.gov', port=443): Max retries exceeded with url: /Archives/edgar/data/8818/000110465917046637/a17-13273_38k.htm (Caused by NameResolutionError("HTTPSConnection(host='www.sec.gov', port=443): Failed to resolve 'www.sec.gov' ([Errno 11001] getaddrinfo failed)"))), nouvelle tentative dans 8s.
2026-08-17 22:00:24,768 [ERROR] Échec de la requête https://www.sec.gov/Archives/edgar/data/8818/000110465917046637/a17-13273_38k.htm (4 tentatives) : HTTPSConnectionPool(host='www.sec.gov', port=443): Max retries exceeded with url: /Archives/edgar/data/8818/000110465917046637/a17-13273_38k.htm (Caused by NameResolutionError("HTTPSConnection(host='www.sec.gov', port=443): Failed to resolve 'www.sec.gov' ([Errno 11001] getaddrinfo failed)"))
2026-08-17 22:00:24,769 [ERROR] Échec du téléchargement du filing https://www.sec.gov/Archives/edgar/data/8818/000110465917046637/a17-13273_38k.htm: https://www.sec.gov/Archives/edgar/data/8818/000110465917046637/a17-13273_38k.htm : HTTPSConnectionPool(host='www.sec.gov', port=443): Max retries exceeded with url: /Archives/edgar/data/8818/000110465917046637/a17-13273_38k.htm (Caused by NameResolutionError("HTTPSConnection(host='www.sec.gov', port=443): Failed to resolve 'www.sec.gov' ([Errno 11001] getaddrinfo failed)"))
2026-08-17 22:00:24,896 [WARNING] Requête https://www.sec.gov/Archives/edgar/data/8818/000110465917063641/a17-20567_38k.htm en échec (HTTPSConnectionPool(host='www.sec.gov', port=443): Max retries exceeded with url: /Archives/edgar/data/8818/000110465917063641/a17-20567_38k.htm (Caused by NameResolutionError("HTTPSConnection(host='www.sec.gov', port=443): Failed to resolve 'www.sec.gov' ([Errno 11001] getaddrinfo failed)"))), nouvelle tentative dans 2s.
2026-08-17 22:00:26,899 [WARNING] Requête https://www.sec.gov/Archives/edgar/data/8818/000110465917063641/a17-20567_38k.htm en échec (HTTPSConnectionPool(host='www.sec.gov', port=443): Max retries exceeded with url: /Archives/edgar/data/8818/000110465917063641/a17-20567_38k.htm (Caused by NameResolutionError("HTTPSConnection(host='www.sec.gov', port=443): Failed to resolve 'www.sec.gov' ([Errno 11001] getaddrinfo failed)"))), nouvelle tentative dans 4s.
2026-08-17 22:00:30,901 [WARNING] Requête https://www.sec.gov/Archives/edgar/data/8818/000110465917063641/a17-20567_38k.htm en échec (HTTPSConnectionPool(host='www.sec.gov', port=443): Max retries exceeded with url: /Archives/edgar/data/8818/000110465917063641/a17-20567_38k.htm (Caused by NameResolutionError("HTTPSConnection(host='www.sec.gov', port=443): Failed to resolve 'www.sec.gov' ([Errno 11001] getaddrinfo failed)"))), nouvelle tentative dans 8s.
2026-08-17 22:00:38,905 [ERROR] Échec de la requête https://www.sec.gov/Archives/edgar/data/8818/000110465917063641/a17-20567_38k.htm (4 tentatives) : HTTPSConnectionPool(host='www.sec.gov', port=443): Max retries exceeded with url: /Archives/edgar/data/8818/000110465917063641/a17-20567_38k.htm (Caused by NameResolutionError("HTTPSConnection(host='www.sec.gov', port=443): Failed to resolve 'www.sec.gov' ([Errno 11001] getaddrinfo failed)"))
2026-08-17 22:00:38,905 [ERROR] Échec du téléchargement du filing https://www.sec.gov/Archives/edgar/data/8818/000110465917063641/a17-20567_38k.htm: https://www.sec.gov/Archives/edgar/data/8818/000110465917063641/a17-20567_38k.htm : HTTPSConnectionPool(host='www.sec.gov', port=443): Max retries exceeded with url: /Archives/edgar/data/8818/000110465917063641/a17-20567_38k.htm (Caused by NameResolutionError("HTTPSConnection(host='www.sec.gov', port=443): Failed to resolve 'www.sec.gov' ([Errno 11001] getaddrinfo failed)"))
2026-08-17 22:00:39,029 [WARNING] Requête https://www.sec.gov/Archives/edgar/data/8818/000110465917067315/a17-26279_18k.htm en échec (HTTPSConnectionPool(host='www.sec.gov', port=443): Max retries exceeded with url: /Archives/edgar/data/8818/000110465917067315/a17-26279_18k.htm (Caused by NameResolutionError("HTTPSConnection(host='www.sec.gov', port=443): Failed to resolve 'www.sec.gov' ([Errno 11001] getaddrinfo failed)"))), nouvelle tentative dans 2s.
2026-08-17 22:00:41,032 [WARNING] Requête https://www.sec.gov/Archives/edgar/data/8818/000110465917067315/a17-26279_18k.htm en échec (HTTPSConnectionPool(host='www.sec.gov', port=443): Max retries exceeded with url: /Archives/edgar/data/8818/000110465917067315/a17-26279_18k.htm (Caused by NameResolutionError("HTTPSConnection(host='www.sec.gov', port=443): Failed to resolve 'www.sec.gov' ([Errno 11001] getaddrinfo failed)"))), nouvelle tentative dans 4s.
2026-08-17 22:00:45,034 [WARNING] Requête https://www.sec.gov/Archives/edgar/data/8818/000110465917067315/a17-26279_18k.htm en échec (HTTPSConnectionPool(host='www.sec.gov', port=443): Max retries exceeded with url: /Archives/edgar/data/8818/000110465917067315/a17-26279_18k.htm (Caused by NameResolutionError("HTTPSConnection(host='www.sec.gov', port=443): Failed to resolve 'www.sec.gov' ([Errno 11001] getaddrinfo failed)"))), nouvelle tentative dans 8s.
2026-08-17 22:00:53,038 [ERROR] Échec de la requête https://www.sec.gov/Archives/edgar/data/8818/000110465917067315/a17-26279_18k.htm (4 tentatives) : HTTPSConnectionPool(host='www.sec.gov', port=443): Max retries exceeded with url: /Archives/edgar/data/8818/000110465917067315/a17-26279_18k.htm (Caused by NameResolutionError("HTTPSConnection(host='www.sec.gov', port=443): Failed to resolve 'www.sec.gov' ([Errno 11001] getaddrinfo failed)"))
2026-08-17 22:00:53,038 [ERROR] Échec du téléchargement du filing https://www.sec.gov/Archives/edgar/data/8818/000110465917067315/a17-26279_18k.htm: https://www.sec.gov/Archives/edgar/data/8818/000110465917067315/a17-26279_18k.htm : HTTPSConnectionPool(host='www.sec.gov', port=443): Max retries exceeded with url: /Archives/edgar/data/8818/000110465917067315/a17-26279_18k.htm (Caused by NameResolutionError("HTTPSConnection(host='www.sec.gov', port=443): Failed to resolve 'www.sec.gov' ([Errno 11001] getaddrinfo failed)"))
2026-08-17 22:00:53,162 [WARNING] Requête https://www.sec.gov/Archives/edgar/data/8818/000110465917072528/a17-28196_18k.htm en échec (HTTPSConnectionPool(host='www.sec.gov', port=443): Max retries exceeded with url: /Archives/edgar/data/8818/000110465917072528/a17-28196_18k.htm (Caused by NameResolutionError("HTTPSConnection(host='www.sec.gov', port=443): Failed to resolve 'www.sec.gov' ([Errno 11001] getaddrinfo failed)"))), nouvelle tentative dans 2s.
2026-08-17 22:00:55,165 [WARNING] Requête https://www.sec.gov/Archives/edgar/data/8818/000110465917072528/a17-28196_18k.htm en échec (HTTPSConnectionPool(host='www.sec.gov', port=443): Max retries exceeded with url: /Archives/edgar/data/8818/000110465917072528/a17-28196_18k.htm (Caused by NameResolutionError("HTTPSConnection(host='www.sec.gov', port=443): Failed to resolve 'www.sec.gov' ([Errno 11001] getaddrinfo failed)"))), nouvelle tentative dans 4s.
2026-08-17 22:00:59,168 [WARNING] Requête https://www.sec.gov/Archives/edgar/data/8818/000110465917072528/a17-28196_18k.htm en échec (HTTPSConnectionPool(host='www.sec.gov', port=443): Max retries exceeded with url: /Archives/edgar/data/8818/000110465917072528/a17-28196_18k.htm (Caused by NameResolutionError("HTTPSConnection(host='www.sec.gov', port=443): Failed to resolve 'www.sec.gov' ([Errno 11001] getaddrinfo failed)"))), nouvelle tentative dans 8s.
2026-08-17 22:01:07,171 [ERROR] Échec de la requête https://www.sec.gov/Archives/edgar/data/8818/000110465917072528/a17-28196_18k.htm (4 tentatives) : HTTPSConnectionPool(host='www.sec.gov', port=443): Max retries exceeded with url: /Archives/edgar/data/8818/000110465917072528/a17-28196_18k.htm (Caused by NameResolutionError("HTTPSConnection(host='www.sec.gov', port=443): Failed to resolve 'www.sec.gov' ([Errno 11001] getaddrinfo failed)"))
2026-08-17 22:01:07,171 [ERROR] Échec du téléchargement du filing https://www.sec.gov/Archives/edgar/data/8818/000110465917072528/a17-28196_18k.htm: https://www.sec.gov/Archives/edgar/data/8818/000110465917072528/a17-28196_18k.htm : HTTPSConnectionPool(host='www.sec.gov', port=443): Max retries exceeded with url: /Archives/edgar/data/8818/000110465917072528/a17-28196_18k.htm (Caused by NameResolutionError("HTTPSConnection(host='www.sec.gov', port=443): Failed to resolve 'www.sec.gov' ([Errno 11001] getaddrinfo failed)"))
2026-08-17 22:01:07,295 [WARNING] Requête https://www.sec.gov/Archives/edgar/data/8818/000110465918005240/a18-5000_18k.htm en échec (HTTPSConnectionPool(host='www.sec.gov', port=443): Max retries exceeded with url: /Archives/edgar/data/8818/000110465918005240/a18-5000_18k.htm (Caused by NameResolutionError("HTTPSConnection(host='www.sec.gov', port=443): Failed to resolve 'www.sec.gov' ([Errno 11001] getaddrinfo failed)"))), nouvelle tentative dans 2s.
2026-08-17 22:01:09,298 [WARNING] Requête https://www.sec.gov/Archives/edgar/data/8818/000110465918005240/a18-5000_18k.htm en échec (HTTPSConnectionPool(host='www.sec.gov', port=443): Max retries exceeded with url: /Archives/edgar/data/8818/000110465918005240/a18-5000_18k.htm (Caused by NameResolutionError("HTTPSConnection(host='www.sec.gov', port=443): Failed to resolve 'www.sec.gov' ([Errno 11001] getaddrinfo failed)"))), nouvelle tentative dans 4s.
2026-08-17 22:01:13,301 [WARNING] Requête https://www.sec.gov/Archives/edgar/data/8818/000110465918005240/a18-5000_18k.htm en échec (HTTPSConnectionPool(host='www.sec.gov', port=443): Max retries exceeded with url: /Archives/edgar/data/8818/000110465918005240/a18-5000_18k.htm (Caused by NameResolutionError("HTTPSConnection(host='www.sec.gov', port=443): Failed to resolve 'www.sec.gov' ([Errno 11001] getaddrinfo failed)"))), nouvelle tentative dans 8s.
2026-08-17 22:01:21,303 [ERROR] Échec de la requête https://www.sec.gov/Archives/edgar/data/8818/000110465918005240/a18-5000_18k.htm (4 tentatives) : HTTPSConnectionPool(host='www.sec.gov', port=443): Max retries exceeded with url: /Archives/edgar/data/8818/000110465918005240/a18-5000_18k.htm (Caused by NameResolutionError("HTTPSConnection(host='www.sec.gov', port=443): Failed to resolve 'www.sec.gov' ([Errno 11001] getaddrinfo failed)"))
2026-08-17 22:01:21,304 [ERROR] Échec du téléchargement du filing https://www.sec.gov/Archives/edgar/data/8818/000110465918005240/a18-5000_18k.htm: https://www.sec.gov/Archives/edgar/data/8818/000110465918005240/a18-5000_18k.htm : HTTPSConnectionPool(host='www.sec.gov', port=443): Max retries exceeded with url: /Archives/edgar/data/8818/000110465918005240/a18-5000_18k.htm (Caused by NameResolutionError("HTTPSConnection(host='www.sec.gov', port=443): Failed to resolve 'www.sec.gov' ([Errno 11001] getaddrinfo failed)"))
2026-08-17 22:01:21,428 [WARNING] Requête https://www.sec.gov/Archives/edgar/data/8818/000110465918026348/a18-12093_18k.htm en échec (HTTPSConnectionPool(host='www.sec.gov', port=443): Max retries exceeded with url: /Archives/edgar/data/8818/000110465918026348/a18-12093_18k.htm (Caused by NameResolutionError("HTTPSConnection(host='www.sec.gov', port=443): Failed to resolve 'www.sec.gov' ([Errno 11001] getaddrinfo failed)"))), nouvelle tentative dans 2s.
2026-08-17 22:01:23,431 [WARNING] Requête https://www.sec.gov/Archives/edgar/data/8818/000110465918026348/a18-12093_18k.htm en échec (HTTPSConnectionPool(host='www.sec.gov', port=443): Max retries exceeded with url: /Archives/edgar/data/8818/000110465918026348/a18-12093_18k.htm (Caused by NameResolutionError("HTTPSConnection(host='www.sec.gov', port=443): Failed to resolve 'www.sec.gov' ([Errno 11001] getaddrinfo failed)"))), nouvelle tentative dans 4s.
2026-08-17 22:01:27,434 [WARNING] Requête https://www.sec.gov/Archives/edgar/data/8818/000110465918026348/a18-12093_18k.htm en échec (HTTPSConnectionPool(host='www.sec.gov', port=443): Max retries exceeded with url: /Archives/edgar/data/8818/000110465918026348/a18-12093_18k.htm (Caused by NameResolutionError("HTTPSConnection(host='www.sec.gov', port=443): Failed to resolve 'www.sec.gov' ([Errno 11001] getaddrinfo failed)"))), nouvelle tentative dans 8s.
2026-08-17 22:01:35,449 [ERROR] Échec de la requête https://www.sec.gov/Archives/edgar/data/8818/000110465918026348/a18-12093_18k.htm (4 tentatives) : HTTPSConnectionPool(host='www.sec.gov', port=443): Max retries exceeded with url: /Archives/edgar/data/8818/000110465918026348/a18-12093_18k.htm (Caused by NameResolutionError("HTTPSConnection(host='www.sec.gov', port=443): Failed to resolve 'www.sec.gov' ([Errno 11001] getaddrinfo failed)"))
2026-08-17 22:01:35,449 [ERROR] Échec du téléchargement du filing https://www.sec.gov/Archives/edgar/data/8818/000110465918026348/a18-12093_18k.htm: https://www.sec.gov/Archives/edgar/data/8818/000110465918026348/a18-12093_18k.htm : HTTPSConnectionPool(host='www.sec.gov', port=443): Max retries exceeded with url: /Archives/edgar/data/8818/000110465918026348/a18-12093_18k.htm (Caused by NameResolutionError("HTTPSConnection(host='www.sec.gov', port=443): Failed to resolve 'www.sec.gov' ([Errno 11001] getaddrinfo failed)"))
2026-08-17 22:01:35,589 [WARNING] Requête https://www.sec.gov/Archives/edgar/data/8818/000110465918027567/a18-12352_18k.htm en échec (HTTPSConnectionPool(host='www.sec.gov', port=443): Max retries exceeded with url: /Archives/edgar/data/8818/000110465918027567/a18-12352_18k.htm (Caused by NameResolutionError("HTTPSConnection(host='www.sec.gov', port=443): Failed to resolve 'www.sec.gov' ([Errno 11001] getaddrinfo failed)"))), nouvelle tentative dans 2s.
2026-08-17 22:01:37,593 [WARNING] Requête https://www.sec.gov/Archives/edgar/data/8818/000110465918027567/a18-12352_18k.htm en échec (HTTPSConnectionPool(host='www.sec.gov', port=443): Max retries exceeded with url: /Archives/edgar/data/8818/000110465918027567/a18-12352_18k.htm (Caused by NameResolutionError("HTTPSConnection(host='www.sec.gov', port=443): Failed to resolve 'www.sec.gov' ([Errno 11001] getaddrinfo failed)"))), nouvelle tentative dans 4s.
2026-08-17 22:01:41,596 [WARNING] Requête https://www.sec.gov/Archives/edgar/data/8818/000110465918027567/a18-12352_18k.htm en échec (HTTPSConnectionPool(host='www.sec.gov', port=443): Max retries exceeded with url: /Archives/edgar/data/8818/000110465918027567/a18-12352_18k.htm (Caused by NameResolutionError("HTTPSConnection(host='www.sec.gov', port=443): Failed to resolve 'www.sec.gov' ([Errno 11001] getaddrinfo failed)"))), nouvelle tentative dans 8s.
2026-08-17 22:01:49,599 [ERROR] Échec de la requête https://www.sec.gov/Archives/edgar/data/8818/000110465918027567/a18-12352_18k.htm (4 tentatives) : HTTPSConnectionPool(host='www.sec.gov', port=443): Max retries exceeded with url: /Archives/edgar/data/8818/000110465918027567/a18-12352_18k.htm (Caused by NameResolutionError("HTTPSConnection(host='www.sec.gov', port=443): Failed to resolve 'www.sec.gov' ([Errno 11001] getaddrinfo failed)"))
2026-08-17 22:01:49,599 [ERROR] Échec du téléchargement du filing https://www.sec.gov/Archives/edgar/data/8818/000110465918027567/a18-12352_18k.htm: https://www.sec.gov/Archives/edgar/data/8818/000110465918027567/a18-12352_18k.htm : HTTPSConnectionPool(host='www.sec.gov', port=443): Max retries exceeded with url: /Archives/edgar/data/8818/000110465918027567/a18-12352_18k.htm (Caused by NameResolutionError("HTTPSConnection(host='www.sec.gov', port=443): Failed to resolve 'www.sec.gov' ([Errno 11001] getaddrinfo failed)"))
2026-08-17 22:01:49,724 [WARNING] Requête https://www.sec.gov/Archives/edgar/data/8818/000110465918044588/a18-17054_18k.htm en échec (HTTPSConnectionPool(host='www.sec.gov', port=443): Max retries exceeded with url: /Archives/edgar/data/8818/000110465918044588/a18-17054_18k.htm (Caused by NameResolutionError("HTTPSConnection(host='www.sec.gov', port=443): Failed to resolve 'www.sec.gov' ([Errno 11001] getaddrinfo failed)"))), nouvelle tentative dans 2s.
2026-08-17 22:01:51,732 [WARNING] Requête https://www.sec.gov/Archives/edgar/data/8818/000110465918044588/a18-17054_18k.htm en échec (HTTPSConnectionPool(host='www.sec.gov', port=443): Max retries exceeded with url: /Archives/edgar/data/8818/000110465918044588/a18-17054_18k.htm (Caused by NameResolutionError("HTTPSConnection(host='www.sec.gov', port=443): Failed to resolve 'www.sec.gov' ([Errno 11001] getaddrinfo failed)"))), nouvelle tentative dans 4s.
2026-08-17 22:01:55,735 [WARNING] Requête https://www.sec.gov/Archives/edgar/data/8818/000110465918044588/a18-17054_18k.htm en échec (HTTPSConnectionPool(host='www.sec.gov', port=443): Max retries exceeded with url: /Archives/edgar/data/8818/000110465918044588/a18-17054_18k.htm (Caused by NameResolutionError("HTTPSConnection(host='www.sec.gov', port=443): Failed to resolve 'www.sec.gov' ([Errno 11001] getaddrinfo failed)"))), nouvelle tentative dans 8s.
2026-08-17 22:02:03,738 [ERROR] Échec de la requête https://www.sec.gov/Archives/edgar/data/8818/000110465918044588/a18-17054_18k.htm (4 tentatives) : HTTPSConnectionPool(host='www.sec.gov', port=443): Max retries exceeded with url: /Archives/edgar/data/8818/000110465918044588/a18-17054_18k.htm (Caused by NameResolutionError("HTTPSConnection(host='www.sec.gov', port=443): Failed to resolve 'www.sec.gov' ([Errno 11001] getaddrinfo failed)"))
2026-08-17 22:02:03,738 [ERROR] Échec du téléchargement du filing https://www.sec.gov/Archives/edgar/data/8818/000110465918044588/a18-17054_18k.htm: https://www.sec.gov/Archives/edgar/data/8818/000110465918044588/a18-17054_18k.htm : HTTPSConnectionPool(host='www.sec.gov', port=443): Max retries exceeded with url: /Archives/edgar/data/8818/000110465918044588/a18-17054_18k.htm (Caused by NameResolutionError("HTTPSConnection(host='www.sec.gov', port=443): Failed to resolve 'www.sec.gov' ([Errno 11001] getaddrinfo failed)"))
2026-08-17 22:02:03,863 [WARNING] Requête https://www.sec.gov/Archives/edgar/data/8818/000110465918046627/a18-17566_18k.htm en échec (HTTPSConnectionPool(host='www.sec.gov', port=443): Max retries exceeded with url: /Archives/edgar/data/8818/000110465918046627/a18-17566_18k.htm (Caused by NameResolutionError("HTTPSConnection(host='www.sec.gov', port=443): Failed to resolve 'www.sec.gov' ([Errno 11001] getaddrinfo failed)"))), nouvelle tentative dans 2s.
2026-08-17 22:02:05,866 [WARNING] Requête https://www.sec.gov/Archives/edgar/data/8818/000110465918046627/a18-17566_18k.htm en échec (HTTPSConnectionPool(host='www.sec.gov', port=443): Max retries exceeded with url: /Archives/edgar/data/8818/000110465918046627/a18-17566_18k.htm (Caused by NameResolutionError("HTTPSConnection(host='www.sec.gov', port=443): Failed to resolve 'www.sec.gov' ([Errno 11001] getaddrinfo failed)"))), nouvelle tentative dans 4s.
2026-08-17 22:02:09,869 [WARNING] Requête https://www.sec.gov/Archives/edgar/data/8818/000110465918046627/a18-17566_18k.htm en échec (HTTPSConnectionPool(host='www.sec.gov', port=443): Max retries exceeded with url: /Archives/edgar/data/8818/000110465918046627/a18-17566_18k.htm (Caused by NameResolutionError("HTTPSConnection(host='www.sec.gov', port=443): Failed to resolve 'www.sec.gov' ([Errno 11001] getaddrinfo failed)"))), nouvelle tentative dans 8s.
2026-08-17 22:02:17,872 [ERROR] Échec de la requête https://www.sec.gov/Archives/edgar/data/8818/000110465918046627/a18-17566_18k.htm (4 tentatives) : HTTPSConnectionPool(host='www.sec.gov', port=443): Max retries exceeded with url: /Archives/edgar/data/8818/000110465918046627/a18-17566_18k.htm (Caused by NameResolutionError("HTTPSConnection(host='www.sec.gov', port=443): Failed to resolve 'www.sec.gov' ([Errno 11001] getaddrinfo failed)"))
2026-08-17 22:02:17,872 [ERROR] Échec du téléchargement du filing https://www.sec.gov/Archives/edgar/data/8818/000110465918046627/a18-17566_18k.htm: https://www.sec.gov/Archives/edgar/data/8818/000110465918046627/a18-17566_18k.htm : HTTPSConnectionPool(host='www.sec.gov', port=443): Max retries exceeded with url: /Archives/edgar/data/8818/000110465918046627/a18-17566_18k.htm (Caused by NameResolutionError("HTTPSConnection(host='www.sec.gov', port=443): Failed to resolve 'www.sec.gov' ([Errno 11001] getaddrinfo failed)"))
2026-08-17 22:02:17,997 [WARNING] Requête https://www.sec.gov/Archives/edgar/data/8818/000110465918054891/a18-24153_18k.htm en échec (HTTPSConnectionPool(host='www.sec.gov', port=443): Max retries exceeded with url: /Archives/edgar/data/8818/000110465918054891/a18-24153_18k.htm (Caused by NameResolutionError("HTTPSConnection(host='www.sec.gov', port=443): Failed to resolve 'www.sec.gov' ([Errno 11001] getaddrinfo failed)"))), nouvelle tentative dans 2s.
2026-08-17 22:02:20,000 [WARNING] Requête https://www.sec.gov/Archives/edgar/data/8818/000110465918054891/a18-24153_18k.htm en échec (HTTPSConnectionPool(host='www.sec.gov', port=443): Max retries exceeded with url: /Archives/edgar/data/8818/000110465918054891/a18-24153_18k.htm (Caused by NameResolutionError("HTTPSConnection(host='www.sec.gov', port=443): Failed to resolve 'www.sec.gov' ([Errno 11001] getaddrinfo failed)"))), nouvelle tentative dans 4s.
2026-08-17 22:02:24,004 [WARNING] Requête https://www.sec.gov/Archives/edgar/data/8818/000110465918054891/a18-24153_18k.htm en échec (HTTPSConnectionPool(host='www.sec.gov', port=443): Max retries exceeded with url: /Archives/edgar/data/8818/000110465918054891/a18-24153_18k.htm (Caused by NameResolutionError("HTTPSConnection(host='www.sec.gov', port=443): Failed to resolve 'www.sec.gov' ([Errno 11001] getaddrinfo failed)"))), nouvelle tentative dans 8s.
2026-08-17 22:02:32,007 [ERROR] Échec de la requête https://www.sec.gov/Archives/edgar/data/8818/000110465918054891/a18-24153_18k.htm (4 tentatives) : HTTPSConnectionPool(host='www.sec.gov', port=443): Max retries exceeded with url: /Archives/edgar/data/8818/000110465918054891/a18-24153_18k.htm (Caused by NameResolutionError("HTTPSConnection(host='www.sec.gov', port=443): Failed to resolve 'www.sec.gov' ([Errno 11001] getaddrinfo failed)"))
2026-08-17 22:02:32,007 [ERROR] Échec du téléchargement du filing https://www.sec.gov/Archives/edgar/data/8818/000110465918054891/a18-24153_18k.htm: https://www.sec.gov/Archives/edgar/data/8818/000110465918054891/a18-24153_18k.htm : HTTPSConnectionPool(host='www.sec.gov', port=443): Max retries exceeded with url: /Archives/edgar/data/8818/000110465918054891/a18-24153_18k.htm (Caused by NameResolutionError("HTTPSConnection(host='www.sec.gov', port=443): Failed to resolve 'www.sec.gov' ([Errno 11001] getaddrinfo failed)"))
2026-08-17 22:02:32,131 [WARNING] Requête https://www.sec.gov/Archives/edgar/data/8818/000110465918056160/a18-28051_18k.htm en échec (HTTPSConnectionPool(host='www.sec.gov', port=443): Max retries exceeded with url: /Archives/edgar/data/8818/000110465918056160/a18-28051_18k.htm (Caused by NameResolutionError("HTTPSConnection(host='www.sec.gov', port=443): Failed to resolve 'www.sec.gov' ([Errno 11001] getaddrinfo failed)"))), nouvelle tentative dans 2s.
2026-08-17 22:02:34,135 [WARNING] Requête https://www.sec.gov/Archives/edgar/data/8818/000110465918056160/a18-28051_18k.htm en échec (HTTPSConnectionPool(host='www.sec.gov', port=443): Max retries exceeded with url: /Archives/edgar/data/8818/000110465918056160/a18-28051_18k.htm (Caused by NameResolutionError("HTTPSConnection(host='www.sec.gov', port=443): Failed to resolve 'www.sec.gov' ([Errno 11001] getaddrinfo failed)"))), nouvelle tentative dans 4s.
2026-08-17 22:02:38,138 [WARNING] Requête https://www.sec.gov/Archives/edgar/data/8818/000110465918056160/a18-28051_18k.htm en échec (HTTPSConnectionPool(host='www.sec.gov', port=443): Max retries exceeded with url: /Archives/edgar/data/8818/000110465918056160/a18-28051_18k.htm (Caused by NameResolutionError("HTTPSConnection(host='www.sec.gov', port=443): Failed to resolve 'www.sec.gov' ([Errno 11001] getaddrinfo failed)"))), nouvelle tentative dans 8s.
2026-08-17 22:02:46,141 [ERROR] Échec de la requête https://www.sec.gov/Archives/edgar/data/8818/000110465918056160/a18-28051_18k.htm (4 tentatives) : HTTPSConnectionPool(host='www.sec.gov', port=443): Max retries exceeded with url: /Archives/edgar/data/8818/000110465918056160/a18-28051_18k.htm (Caused by NameResolutionError("HTTPSConnection(host='www.sec.gov', port=443): Failed to resolve 'www.sec.gov' ([Errno 11001] getaddrinfo failed)"))
2026-08-17 22:02:46,141 [ERROR] Échec du téléchargement du filing https://www.sec.gov/Archives/edgar/data/8818/000110465918056160/a18-28051_18k.htm: https://www.sec.gov/Archives/edgar/data/8818/000110465918056160/a18-28051_18k.htm : HTTPSConnectionPool(host='www.sec.gov', port=443): Max retries exceeded with url: /Archives/edgar/data/8818/000110465918056160/a18-28051_18k.htm (Caused by NameResolutionError("HTTPSConnection(host='www.sec.gov', port=443): Failed to resolve 'www.sec.gov' ([Errno 11001] getaddrinfo failed)"))
2026-08-17 22:02:46,267 [WARNING] Requête https://www.sec.gov/Archives/edgar/data/8818/000110465918063413/a18-37035_18k.htm en échec (HTTPSConnectionPool(host='www.sec.gov', port=443): Max retries exceeded with url: /Archives/edgar/data/8818/000110465918063413/a18-37035_18k.htm (Caused by NameResolutionError("HTTPSConnection(host='www.sec.gov', port=443): Failed to resolve 'www.sec.gov' ([Errno 11001] getaddrinfo failed)"))), nouvelle tentative dans 2s.
2026-08-17 22:02:48,270 [WARNING] Requête https://www.sec.gov/Archives/edgar/data/8818/000110465918063413/a18-37035_18k.htm en échec (HTTPSConnectionPool(host='www.sec.gov', port=443): Max retries exceeded with url: /Archives/edgar/data/8818/000110465918063413/a18-37035_18k.htm (Caused by NameResolutionError("HTTPSConnection(host='www.sec.gov', port=443): Failed to resolve 'www.sec.gov' ([Errno 11001] getaddrinfo failed)"))), nouvelle tentative dans 4s.
2026-08-17 22:02:52,273 [WARNING] Requête https://www.sec.gov/Archives/edgar/data/8818/000110465918063413/a18-37035_18k.htm en échec (HTTPSConnectionPool(host='www.sec.gov', port=443): Max retries exceeded with url: /Archives/edgar/data/8818/000110465918063413/a18-37035_18k.htm (Caused by NameResolutionError("HTTPSConnection(host='www.sec.gov', port=443): Failed to resolve 'www.sec.gov' ([Errno 11001] getaddrinfo failed)"))), nouvelle tentative dans 8s.
2026-08-17 22:03:00,275 [ERROR] Échec de la requête https://www.sec.gov/Archives/edgar/data/8818/000110465918063413/a18-37035_18k.htm (4 tentatives) : HTTPSConnectionPool(host='www.sec.gov', port=443): Max retries exceeded with url: /Archives/edgar/data/8818/000110465918063413/a18-37035_18k.htm (Caused by NameResolutionError("HTTPSConnection(host='www.sec.gov', port=443): Failed to resolve 'www.sec.gov' ([Errno 11001] getaddrinfo failed)"))
2026-08-17 22:03:00,275 [ERROR] Échec du téléchargement du filing https://www.sec.gov/Archives/edgar/data/8818/000110465918063413/a18-37035_18k.htm: https://www.sec.gov/Archives/edgar/data/8818/000110465918063413/a18-37035_18k.htm : HTTPSConnectionPool(host='www.sec.gov', port=443): Max retries exceeded with url: /Archives/edgar/data/8818/000110465918063413/a18-37035_18k.htm (Caused by NameResolutionError("HTTPSConnection(host='www.sec.gov', port=443): Failed to resolve 'www.sec.gov' ([Errno 11001] getaddrinfo failed)"))
2026-08-17 22:03:00,401 [WARNING] Requête https://www.sec.gov/Archives/edgar/data/8818/000110465918071094/a18-40995_18k.htm en échec (HTTPSConnectionPool(host='www.sec.gov', port=443): Max retries exceeded with url: /Archives/edgar/data/8818/000110465918071094/a18-40995_18k.htm (Caused by NameResolutionError("HTTPSConnection(host='www.sec.gov', port=443): Failed to resolve 'www.sec.gov' ([Errno 11001] getaddrinfo failed)"))), nouvelle tentative dans 2s.
2026-08-17 22:03:02,404 [WARNING] Requête https://www.sec.gov/Archives/edgar/data/8818/000110465918071094/a18-40995_18k.htm en échec (HTTPSConnectionPool(host='www.sec.gov', port=443): Max retries exceeded with url: /Archives/edgar/data/8818/000110465918071094/a18-40995_18k.htm (Caused by NameResolutionError("HTTPSConnection(host='www.sec.gov', port=443): Failed to resolve 'www.sec.gov' ([Errno 11001] getaddrinfo failed)"))), nouvelle tentative dans 4s.
2026-08-17 22:03:06,408 [WARNING] Requête https://www.sec.gov/Archives/edgar/data/8818/000110465918071094/a18-40995_18k.htm en échec (HTTPSConnectionPool(host='www.sec.gov', port=443): Max retries exceeded with url: /Archives/edgar/data/8818/000110465918071094/a18-40995_18k.htm (Caused by NameResolutionError("HTTPSConnection(host='www.sec.gov', port=443): Failed to resolve 'www.sec.gov' ([Errno 11001] getaddrinfo failed)"))), nouvelle tentative dans 8s.
2026-08-17 22:03:14,413 [ERROR] Échec de la requête https://www.sec.gov/Archives/edgar/data/8818/000110465918071094/a18-40995_18k.htm (4 tentatives) : HTTPSConnectionPool(host='www.sec.gov', port=443): Max retries exceeded with url: /Archives/edgar/data/8818/000110465918071094/a18-40995_18k.htm (Caused by NameResolutionError("HTTPSConnection(host='www.sec.gov', port=443): Failed to resolve 'www.sec.gov' ([Errno 11001] getaddrinfo failed)"))
2026-08-17 22:03:14,413 [ERROR] Échec du téléchargement du filing https://www.sec.gov/Archives/edgar/data/8818/000110465918071094/a18-40995_18k.htm: https://www.sec.gov/Archives/edgar/data/8818/000110465918071094/a18-40995_18k.htm : HTTPSConnectionPool(host='www.sec.gov', port=443): Max retries exceeded with url: /Archives/edgar/data/8818/000110465918071094/a18-40995_18k.htm (Caused by NameResolutionError("HTTPSConnection(host='www.sec.gov', port=443): Failed to resolve 'www.sec.gov' ([Errno 11001] getaddrinfo failed)"))
2026-08-17 22:03:14,540 [WARNING] Requête https://www.sec.gov/Archives/edgar/data/8818/000110465918071629/a18-41196_18k.htm en échec (HTTPSConnectionPool(host='www.sec.gov', port=443): Max retries exceeded with url: /Archives/edgar/data/8818/000110465918071629/a18-41196_18k.htm (Caused by NameResolutionError("HTTPSConnection(host='www.sec.gov', port=443): Failed to resolve 'www.sec.gov' ([Errno 11001] getaddrinfo failed)"))), nouvelle tentative dans 2s.
2026-08-17 22:03:16,542 [WARNING] Requête https://www.sec.gov/Archives/edgar/data/8818/000110465918071629/a18-41196_18k.htm en échec (HTTPSConnectionPool(host='www.sec.gov', port=443): Max retries exceeded with url: /Archives/edgar/data/8818/000110465918071629/a18-41196_18k.htm (Caused by NameResolutionError("HTTPSConnection(host='www.sec.gov', port=443): Failed to resolve 'www.sec.gov' ([Errno 11001] getaddrinfo failed)"))), nouvelle tentative dans 4s.
2026-08-17 22:03:20,545 [WARNING] Requête https://www.sec.gov/Archives/edgar/data/8818/000110465918071629/a18-41196_18k.htm en échec (HTTPSConnectionPool(host='www.sec.gov', port=443): Max retries exceeded with url: /Archives/edgar/data/8818/000110465918071629/a18-41196_18k.htm (Caused by NameResolutionError("HTTPSConnection(host='www.sec.gov', port=443): Failed to resolve 'www.sec.gov' ([Errno 11001] getaddrinfo failed)"))), nouvelle tentative dans 8s.
2026-08-17 22:03:28,548 [ERROR] Échec de la requête https://www.sec.gov/Archives/edgar/data/8818/000110465918071629/a18-41196_18k.htm (4 tentatives) : HTTPSConnectionPool(host='www.sec.gov', port=443): Max retries exceeded with url: /Archives/edgar/data/8818/000110465918071629/a18-41196_18k.htm (Caused by NameResolutionError("HTTPSConnection(host='www.sec.gov', port=443): Failed to resolve 'www.sec.gov' ([Errno 11001] getaddrinfo failed)"))
2026-08-17 22:03:28,548 [ERROR] Échec du téléchargement du filing https://www.sec.gov/Archives/edgar/data/8818/000110465918071629/a18-41196_18k.htm: https://www.sec.gov/Archives/edgar/data/8818/000110465918071629/a18-41196_18k.htm : HTTPSConnectionPool(host='www.sec.gov', port=443): Max retries exceeded with url: /Archives/edgar/data/8818/000110465918071629/a18-41196_18k.htm (Caused by NameResolutionError("HTTPSConnection(host='www.sec.gov', port=443): Failed to resolve 'www.sec.gov' ([Errno 11001] getaddrinfo failed)"))
2026-08-17 22:03:28,673 [WARNING] Requête https://www.sec.gov/Archives/edgar/data/8818/000110465919004275/a19-3645_18k.htm en échec (HTTPSConnectionPool(host='www.sec.gov', port=443): Max retries exceeded with url: /Archives/edgar/data/8818/000110465919004275/a19-3645_18k.htm (Caused by NameResolutionError("HTTPSConnection(host='www.sec.gov', port=443): Failed to resolve 'www.sec.gov' ([Errno 11001] getaddrinfo failed)"))), nouvelle tentative dans 2s.
2026-08-17 22:03:30,676 [WARNING] Requête https://www.sec.gov/Archives/edgar/data/8818/000110465919004275/a19-3645_18k.htm en échec (HTTPSConnectionPool(host='www.sec.gov', port=443): Max retries exceeded with url: /Archives/edgar/data/8818/000110465919004275/a19-3645_18k.htm (Caused by NameResolutionError("HTTPSConnection(host='www.sec.gov', port=443): Failed to resolve 'www.sec.gov' ([Errno 11001] getaddrinfo failed)"))), nouvelle tentative dans 4s.
2026-08-17 22:03:34,678 [WARNING] Requête https://www.sec.gov/Archives/edgar/data/8818/000110465919004275/a19-3645_18k.htm en échec (HTTPSConnectionPool(host='www.sec.gov', port=443): Max retries exceeded with url: /Archives/edgar/data/8818/000110465919004275/a19-3645_18k.htm (Caused by NameResolutionError("HTTPSConnection(host='www.sec.gov', port=443): Failed to resolve 'www.sec.gov' ([Errno 11001] getaddrinfo failed)"))), nouvelle tentative dans 8s.
2026-08-17 22:03:42,680 [ERROR] Échec de la requête https://www.sec.gov/Archives/edgar/data/8818/000110465919004275/a19-3645_18k.htm (4 tentatives) : HTTPSConnectionPool(host='www.sec.gov', port=443): Max retries exceeded with url: /Archives/edgar/data/8818/000110465919004275/a19-3645_18k.htm (Caused by NameResolutionError("HTTPSConnection(host='www.sec.gov', port=443): Failed to resolve 'www.sec.gov' ([Errno 11001] getaddrinfo failed)"))
2026-08-17 22:03:42,680 [ERROR] Échec du téléchargement du filing https://www.sec.gov/Archives/edgar/data/8818/000110465919004275/a19-3645_18k.htm: https://www.sec.gov/Archives/edgar/data/8818/000110465919004275/a19-3645_18k.htm : HTTPSConnectionPool(host='www.sec.gov', port=443): Max retries exceeded with url: /Archives/edgar/data/8818/000110465919004275/a19-3645_18k.htm (Caused by NameResolutionError("HTTPSConnection(host='www.sec.gov', port=443): Failed to resolve 'www.sec.gov' ([Errno 11001] getaddrinfo failed)"))
2026-08-17 22:03:42,808 [WARNING] Requête https://www.sec.gov/Archives/edgar/data/8818/000110465919012085/a19-5744_18k.htm en échec (HTTPSConnectionPool(host='www.sec.gov', port=443): Max retries exceeded with url: /Archives/edgar/data/8818/000110465919012085/a19-5744_18k.htm (Caused by NameResolutionError("HTTPSConnection(host='www.sec.gov', port=443): Failed to resolve 'www.sec.gov' ([Errno 11001] getaddrinfo failed)"))), nouvelle tentative dans 2s.
2026-08-17 22:03:44,813 [WARNING] Requête https://www.sec.gov/Archives/edgar/data/8818/000110465919012085/a19-5744_18k.htm en échec (HTTPSConnectionPool(host='www.sec.gov', port=443): Max retries exceeded with url: /Archives/edgar/data/8818/000110465919012085/a19-5744_18k.htm (Caused by NameResolutionError("HTTPSConnection(host='www.sec.gov', port=443): Failed to resolve 'www.sec.gov' ([Errno 11001] getaddrinfo failed)"))), nouvelle tentative dans 4s.
2026-08-17 22:03:48,817 [WARNING] Requête https://www.sec.gov/Archives/edgar/data/8818/000110465919012085/a19-5744_18k.htm en échec (HTTPSConnectionPool(host='www.sec.gov', port=443): Max retries exceeded with url: /Archives/edgar/data/8818/000110465919012085/a19-5744_18k.htm (Caused by NameResolutionError("HTTPSConnection(host='www.sec.gov', port=443): Failed to resolve 'www.sec.gov' ([Errno 11001] getaddrinfo failed)"))), nouvelle tentative dans 8s.
2026-08-17 22:03:56,832 [ERROR] Échec de la requête https://www.sec.gov/Archives/edgar/data/8818/000110465919012085/a19-5744_18k.htm (4 tentatives) : HTTPSConnectionPool(host='www.sec.gov', port=443): Max retries exceeded with url: /Archives/edgar/data/8818/000110465919012085/a19-5744_18k.htm (Caused by NameResolutionError("HTTPSConnection(host='www.sec.gov', port=443): Failed to resolve 'www.sec.gov' ([Errno 11001] getaddrinfo failed)"))
2026-08-17 22:03:56,832 [ERROR] Échec du téléchargement du filing https://www.sec.gov/Archives/edgar/data/8818/000110465919012085/a19-5744_18k.htm: https://www.sec.gov/Archives/edgar/data/8818/000110465919012085/a19-5744_18k.htm : HTTPSConnectionPool(host='www.sec.gov', port=443): Max retries exceeded with url: /Archives/edgar/data/8818/000110465919012085/a19-5744_18k.htm (Caused by NameResolutionError("HTTPSConnection(host='www.sec.gov', port=443): Failed to resolve 'www.sec.gov' ([Errno 11001] getaddrinfo failed)"))
2026-08-17 22:03:56,958 [WARNING] Requête https://www.sec.gov/Archives/edgar/data/8818/000110465919023216/a19-8747_18k.htm en échec (HTTPSConnectionPool(host='www.sec.gov', port=443): Max retries exceeded with url: /Archives/edgar/data/8818/000110465919023216/a19-8747_18k.htm (Caused by NameResolutionError("HTTPSConnection(host='www.sec.gov', port=443): Failed to resolve 'www.sec.gov' ([Errno 11001] getaddrinfo failed)"))), nouvelle tentative dans 2s.
2026-08-17 22:03:58,962 [WARNING] Requête https://www.sec.gov/Archives/edgar/data/8818/000110465919023216/a19-8747_18k.htm en échec (HTTPSConnectionPool(host='www.sec.gov', port=443): Max retries exceeded with url: /Archives/edgar/data/8818/000110465919023216/a19-8747_18k.htm (Caused by NameResolutionError("HTTPSConnection(host='www.sec.gov', port=443): Failed to resolve 'www.sec.gov' ([Errno 11001] getaddrinfo failed)"))), nouvelle tentative dans 4s.
2026-08-17 22:04:02,966 [WARNING] Requête https://www.sec.gov/Archives/edgar/data/8818/000110465919023216/a19-8747_18k.htm en échec (HTTPSConnectionPool(host='www.sec.gov', port=443): Max retries exceeded with url: /Archives/edgar/data/8818/000110465919023216/a19-8747_18k.htm (Caused by NameResolutionError("HTTPSConnection(host='www.sec.gov', port=443): Failed to resolve 'www.sec.gov' ([Errno 11001] getaddrinfo failed)"))), nouvelle tentative dans 8s.
2026-08-17 22:04:10,974 [ERROR] Échec de la requête https://www.sec.gov/Archives/edgar/data/8818/000110465919023216/a19-8747_18k.htm (4 tentatives) : HTTPSConnectionPool(host='www.sec.gov', port=443): Max retries exceeded with url: /Archives/edgar/data/8818/000110465919023216/a19-8747_18k.htm (Caused by NameResolutionError("HTTPSConnection(host='www.sec.gov', port=443): Failed to resolve 'www.sec.gov' ([Errno 11001] getaddrinfo failed)"))
2026-08-17 22:04:10,974 [ERROR] Échec du téléchargement du filing https://www.sec.gov/Archives/edgar/data/8818/000110465919023216/a19-8747_18k.htm: https://www.sec.gov/Archives/edgar/data/8818/000110465919023216/a19-8747_18k.htm : HTTPSConnectionPool(host='www.sec.gov', port=443): Max retries exceeded with url: /Archives/edgar/data/8818/000110465919023216/a19-8747_18k.htm (Caused by NameResolutionError("HTTPSConnection(host='www.sec.gov', port=443): Failed to resolve 'www.sec.gov' ([Errno 11001] getaddrinfo failed)"))
2026-08-17 22:04:11,096 [WARNING] Requête https://www.sec.gov/Archives/edgar/data/8818/000110465919023827/a19-8799_38k.htm en échec (HTTPSConnectionPool(host='www.sec.gov', port=443): Max retries exceeded with url: /Archives/edgar/data/8818/000110465919023827/a19-8799_38k.htm (Caused by NameResolutionError("HTTPSConnection(host='www.sec.gov', port=443): Failed to resolve 'www.sec.gov' ([Errno 11001] getaddrinfo failed)"))), nouvelle tentative dans 2s.
2026-08-17 22:04:13,100 [WARNING] Requête https://www.sec.gov/Archives/edgar/data/8818/000110465919023827/a19-8799_38k.htm en échec (HTTPSConnectionPool(host='www.sec.gov', port=443): Max retries exceeded with url: /Archives/edgar/data/8818/000110465919023827/a19-8799_38k.htm (Caused by NameResolutionError("HTTPSConnection(host='www.sec.gov', port=443): Failed to resolve 'www.sec.gov' ([Errno 11001] getaddrinfo failed)"))), nouvelle tentative dans 4s.
2026-08-17 22:04:17,104 [WARNING] Requête https://www.sec.gov/Archives/edgar/data/8818/000110465919023827/a19-8799_38k.htm en échec (HTTPSConnectionPool(host='www.sec.gov', port=443): Max retries exceeded with url: /Archives/edgar/data/8818/000110465919023827/a19-8799_38k.htm (Caused by NameResolutionError("HTTPSConnection(host='www.sec.gov', port=443): Failed to resolve 'www.sec.gov' ([Errno 11001] getaddrinfo failed)"))), nouvelle tentative dans 8s.
2026-08-17 22:04:25,108 [ERROR] Échec de la requête https://www.sec.gov/Archives/edgar/data/8818/000110465919023827/a19-8799_38k.htm (4 tentatives) : HTTPSConnectionPool(host='www.sec.gov', port=443): Max retries exceeded with url: /Archives/edgar/data/8818/000110465919023827/a19-8799_38k.htm (Caused by NameResolutionError("HTTPSConnection(host='www.sec.gov', port=443): Failed to resolve 'www.sec.gov' ([Errno 11001] getaddrinfo failed)"))
2026-08-17 22:04:25,108 [ERROR] Échec du téléchargement du filing https://www.sec.gov/Archives/edgar/data/8818/000110465919023827/a19-8799_38k.htm: https://www.sec.gov/Archives/edgar/data/8818/000110465919023827/a19-8799_38k.htm : HTTPSConnectionPool(host='www.sec.gov', port=443): Max retries exceeded with url: /Archives/edgar/data/8818/000110465919023827/a19-8799_38k.htm (Caused by NameResolutionError("HTTPSConnection(host='www.sec.gov', port=443): Failed to resolve 'www.sec.gov' ([Errno 11001] getaddrinfo failed)"))
2026-08-17 22:04:25,234 [WARNING] Requête https://www.sec.gov/Archives/edgar/data/8818/000110465919030008/a19-10118_18k.htm en échec (HTTPSConnectionPool(host='www.sec.gov', port=443): Max retries exceeded with url: /Archives/edgar/data/8818/000110465919030008/a19-10118_18k.htm (Caused by NameResolutionError("HTTPSConnection(host='www.sec.gov', port=443): Failed to resolve 'www.sec.gov' ([Errno 11001] getaddrinfo failed)"))), nouvelle tentative dans 2s.
2026-08-17 22:04:27,238 [WARNING] Requête https://www.sec.gov/Archives/edgar/data/8818/000110465919030008/a19-10118_18k.htm en échec (HTTPSConnectionPool(host='www.sec.gov', port=443): Max retries exceeded with url: /Archives/edgar/data/8818/000110465919030008/a19-10118_18k.htm (Caused by NameResolutionError("HTTPSConnection(host='www.sec.gov', port=443): Failed to resolve 'www.sec.gov' ([Errno 11001] getaddrinfo failed)"))), nouvelle tentative dans 4s.
2026-08-17 22:04:31,242 [WARNING] Requête https://www.sec.gov/Archives/edgar/data/8818/000110465919030008/a19-10118_18k.htm en échec (HTTPSConnectionPool(host='www.sec.gov', port=443): Max retries exceeded with url: /Archives/edgar/data/8818/000110465919030008/a19-10118_18k.htm (Caused by NameResolutionError("HTTPSConnection(host='www.sec.gov', port=443): Failed to resolve 'www.sec.gov' ([Errno 11001] getaddrinfo failed)"))), nouvelle tentative dans 8s.
2026-08-17 22:04:39,246 [ERROR] Échec de la requête https://www.sec.gov/Archives/edgar/data/8818/000110465919030008/a19-10118_18k.htm (4 tentatives) : HTTPSConnectionPool(host='www.sec.gov', port=443): Max retries exceeded with url: /Archives/edgar/data/8818/000110465919030008/a19-10118_18k.htm (Caused by NameResolutionError("HTTPSConnection(host='www.sec.gov', port=443): Failed to resolve 'www.sec.gov' ([Errno 11001] getaddrinfo failed)"))
2026-08-17 22:04:39,246 [ERROR] Échec du téléchargement du filing https://www.sec.gov/Archives/edgar/data/8818/000110465919030008/a19-10118_18k.htm: https://www.sec.gov/Archives/edgar/data/8818/000110465919030008/a19-10118_18k.htm : HTTPSConnectionPool(host='www.sec.gov', port=443): Max retries exceeded with url: /Archives/edgar/data/8818/000110465919030008/a19-10118_18k.htm (Caused by NameResolutionError("HTTPSConnection(host='www.sec.gov', port=443): Failed to resolve 'www.sec.gov' ([Errno 11001] getaddrinfo failed)"))
2026-08-17 22:04:39,372 [WARNING] Requête https://www.sec.gov/Archives/edgar/data/8818/000110465919041362/a19-13078_18k.htm en échec (HTTPSConnectionPool(host='www.sec.gov', port=443): Max retries exceeded with url: /Archives/edgar/data/8818/000110465919041362/a19-13078_18k.htm (Caused by NameResolutionError("HTTPSConnection(host='www.sec.gov', port=443): Failed to resolve 'www.sec.gov' ([Errno 11001] getaddrinfo failed)"))), nouvelle tentative dans 2s.
2026-08-17 22:04:41,376 [WARNING] Requête https://www.sec.gov/Archives/edgar/data/8818/000110465919041362/a19-13078_18k.htm en échec (HTTPSConnectionPool(host='www.sec.gov', port=443): Max retries exceeded with url: /Archives/edgar/data/8818/000110465919041362/a19-13078_18k.htm (Caused by NameResolutionError("HTTPSConnection(host='www.sec.gov', port=443): Failed to resolve 'www.sec.gov' ([Errno 11001] getaddrinfo failed)"))), nouvelle tentative dans 4s.
2026-08-17 22:04:45,380 [WARNING] Requête https://www.sec.gov/Archives/edgar/data/8818/000110465919041362/a19-13078_18k.htm en échec (HTTPSConnectionPool(host='www.sec.gov', port=443): Max retries exceeded with url: /Archives/edgar/data/8818/000110465919041362/a19-13078_18k.htm (Caused by NameResolutionError("HTTPSConnection(host='www.sec.gov', port=443): Failed to resolve 'www.sec.gov' ([Errno 11001] getaddrinfo failed)"))), nouvelle tentative dans 8s.
2026-08-17 22:04:53,383 [ERROR] Échec de la requête https://www.sec.gov/Archives/edgar/data/8818/000110465919041362/a19-13078_18k.htm (4 tentatives) : HTTPSConnectionPool(host='www.sec.gov', port=443): Max retries exceeded with url: /Archives/edgar/data/8818/000110465919041362/a19-13078_18k.htm (Caused by NameResolutionError("HTTPSConnection(host='www.sec.gov', port=443): Failed to resolve 'www.sec.gov' ([Errno 11001] getaddrinfo failed)"))
2026-08-17 22:04:53,383 [ERROR] Échec du téléchargement du filing https://www.sec.gov/Archives/edgar/data/8818/000110465919041362/a19-13078_18k.htm: https://www.sec.gov/Archives/edgar/data/8818/000110465919041362/a19-13078_18k.htm : HTTPSConnectionPool(host='www.sec.gov', port=443): Max retries exceeded with url: /Archives/edgar/data/8818/000110465919041362/a19-13078_18k.htm (Caused by NameResolutionError("HTTPSConnection(host='www.sec.gov', port=443): Failed to resolve 'www.sec.gov' ([Errno 11001] getaddrinfo failed)"))
2026-08-17 22:04:53,508 [WARNING] Requête https://www.sec.gov/Archives/edgar/data/8818/000110465919055678/tm1920728-1_8k.htm en échec (HTTPSConnectionPool(host='www.sec.gov', port=443): Max retries exceeded with url: /Archives/edgar/data/8818/000110465919055678/tm1920728-1_8k.htm (Caused by NameResolutionError("HTTPSConnection(host='www.sec.gov', port=443): Failed to resolve 'www.sec.gov' ([Errno 11001] getaddrinfo failed)"))), nouvelle tentative dans 2s.
2026-08-17 22:04:55,511 [WARNING] Requête https://www.sec.gov/Archives/edgar/data/8818/000110465919055678/tm1920728-1_8k.htm en échec (HTTPSConnectionPool(host='www.sec.gov', port=443): Max retries exceeded with url: /Archives/edgar/data/8818/000110465919055678/tm1920728-1_8k.htm (Caused by NameResolutionError("HTTPSConnection(host='www.sec.gov', port=443): Failed to resolve 'www.sec.gov' ([Errno 11001] getaddrinfo failed)"))), nouvelle tentative dans 4s.
2026-08-17 22:04:59,514 [WARNING] Requête https://www.sec.gov/Archives/edgar/data/8818/000110465919055678/tm1920728-1_8k.htm en échec (HTTPSConnectionPool(host='www.sec.gov', port=443): Max retries exceeded with url: /Archives/edgar/data/8818/000110465919055678/tm1920728-1_8k.htm (Caused by NameResolutionError("HTTPSConnection(host='www.sec.gov', port=443): Failed to resolve 'www.sec.gov' ([Errno 11001] getaddrinfo failed)"))), nouvelle tentative dans 8s.
2026-08-17 22:05:07,516 [ERROR] Échec de la requête https://www.sec.gov/Archives/edgar/data/8818/000110465919055678/tm1920728-1_8k.htm (4 tentatives) : HTTPSConnectionPool(host='www.sec.gov', port=443): Max retries exceeded with url: /Archives/edgar/data/8818/000110465919055678/tm1920728-1_8k.htm (Caused by NameResolutionError("HTTPSConnection(host='www.sec.gov', port=443): Failed to resolve 'www.sec.gov' ([Errno 11001] getaddrinfo failed)"))
2026-08-17 22:05:07,516 [ERROR] Échec du téléchargement du filing https://www.sec.gov/Archives/edgar/data/8818/000110465919055678/tm1920728-1_8k.htm: https://www.sec.gov/Archives/edgar/data/8818/000110465919055678/tm1920728-1_8k.htm : HTTPSConnectionPool(host='www.sec.gov', port=443): Max retries exceeded with url: /Archives/edgar/data/8818/000110465919055678/tm1920728-1_8k.htm (Caused by NameResolutionError("HTTPSConnection(host='www.sec.gov', port=443): Failed to resolve 'www.sec.gov' ([Errno 11001] getaddrinfo failed)"))
2026-08-17 22:05:07,642 [WARNING] Requête https://www.sec.gov/Archives/edgar/data/8818/000110465920007819/tm205993d1_8k.htm en échec (HTTPSConnectionPool(host='www.sec.gov', port=443): Max retries exceeded with url: /Archives/edgar/data/8818/000110465920007819/tm205993d1_8k.htm (Caused by NameResolutionError("HTTPSConnection(host='www.sec.gov', port=443): Failed to resolve 'www.sec.gov' ([Errno 11001] getaddrinfo failed)"))), nouvelle tentative dans 2s.
2026-08-17 22:05:09,644 [WARNING] Requête https://www.sec.gov/Archives/edgar/data/8818/000110465920007819/tm205993d1_8k.htm en échec (HTTPSConnectionPool(host='www.sec.gov', port=443): Max retries exceeded with url: /Archives/edgar/data/8818/000110465920007819/tm205993d1_8k.htm (Caused by NameResolutionError("HTTPSConnection(host='www.sec.gov', port=443): Failed to resolve 'www.sec.gov' ([Errno 11001] getaddrinfo failed)"))), nouvelle tentative dans 4s.
2026-08-17 22:05:13,648 [WARNING] Requête https://www.sec.gov/Archives/edgar/data/8818/000110465920007819/tm205993d1_8k.htm en échec (HTTPSConnectionPool(host='www.sec.gov', port=443): Max retries exceeded with url: /Archives/edgar/data/8818/000110465920007819/tm205993d1_8k.htm (Caused by NameResolutionError("HTTPSConnection(host='www.sec.gov', port=443): Failed to resolve 'www.sec.gov' ([Errno 11001] getaddrinfo failed)"))), nouvelle tentative dans 8s.
2026-08-17 22:05:21,659 [ERROR] Échec de la requête https://www.sec.gov/Archives/edgar/data/8818/000110465920007819/tm205993d1_8k.htm (4 tentatives) : HTTPSConnectionPool(host='www.sec.gov', port=443): Max retries exceeded with url: /Archives/edgar/data/8818/000110465920007819/tm205993d1_8k.htm (Caused by NameResolutionError("HTTPSConnection(host='www.sec.gov', port=443): Failed to resolve 'www.sec.gov' ([Errno 11001] getaddrinfo failed)"))
2026-08-17 22:05:21,659 [ERROR] Échec du téléchargement du filing https://www.sec.gov/Archives/edgar/data/8818/000110465920007819/tm205993d1_8k.htm: https://www.sec.gov/Archives/edgar/data/8818/000110465920007819/tm205993d1_8k.htm : HTTPSConnectionPool(host='www.sec.gov', port=443): Max retries exceeded with url: /Archives/edgar/data/8818/000110465920007819/tm205993d1_8k.htm (Caused by NameResolutionError("HTTPSConnection(host='www.sec.gov', port=443): Failed to resolve 'www.sec.gov' ([Errno 11001] getaddrinfo failed)"))
2026-08-17 22:05:21,776 [WARNING] Requête https://www.sec.gov/Archives/edgar/data/8818/000110465920021783/tm207995d1_8k.htm en échec (HTTPSConnectionPool(host='www.sec.gov', port=443): Max retries exceeded with url: /Archives/edgar/data/8818/000110465920021783/tm207995d1_8k.htm (Caused by NameResolutionError("HTTPSConnection(host='www.sec.gov', port=443): Failed to resolve 'www.sec.gov' ([Errno 11001] getaddrinfo failed)"))), nouvelle tentative dans 2s.
2026-08-17 22:05:23,781 [WARNING] Requête https://www.sec.gov/Archives/edgar/data/8818/000110465920021783/tm207995d1_8k.htm en échec (HTTPSConnectionPool(host='www.sec.gov', port=443): Max retries exceeded with url: /Archives/edgar/data/8818/000110465920021783/tm207995d1_8k.htm (Caused by NameResolutionError("HTTPSConnection(host='www.sec.gov', port=443): Failed to resolve 'www.sec.gov' ([Errno 11001] getaddrinfo failed)"))), nouvelle tentative dans 4s.
2026-08-17 22:05:27,785 [WARNING] Requête https://www.sec.gov/Archives/edgar/data/8818/000110465920021783/tm207995d1_8k.htm en échec (HTTPSConnectionPool(host='www.sec.gov', port=443): Max retries exceeded with url: /Archives/edgar/data/8818/000110465920021783/tm207995d1_8k.htm (Caused by NameResolutionError("HTTPSConnection(host='www.sec.gov', port=443): Failed to resolve 'www.sec.gov' ([Errno 11001] getaddrinfo failed)"))), nouvelle tentative dans 8s.
2026-08-17 22:05:35,791 [ERROR] Échec de la requête https://www.sec.gov/Archives/edgar/data/8818/000110465920021783/tm207995d1_8k.htm (4 tentatives) : HTTPSConnectionPool(host='www.sec.gov', port=443): Max retries exceeded with url: /Archives/edgar/data/8818/000110465920021783/tm207995d1_8k.htm (Caused by NameResolutionError("HTTPSConnection(host='www.sec.gov', port=443): Failed to resolve 'www.sec.gov' ([Errno 11001] getaddrinfo failed)"))
2026-08-17 22:05:35,791 [ERROR] Échec du téléchargement du filing https://www.sec.gov/Archives/edgar/data/8818/000110465920021783/tm207995d1_8k.htm: https://www.sec.gov/Archives/edgar/data/8818/000110465920021783/tm207995d1_8k.htm : HTTPSConnectionPool(host='www.sec.gov', port=443): Max retries exceeded with url: /Archives/edgar/data/8818/000110465920021783/tm207995d1_8k.htm (Caused by NameResolutionError("HTTPSConnection(host='www.sec.gov', port=443): Failed to resolve 'www.sec.gov' ([Errno 11001] getaddrinfo failed)"))
2026-08-17 22:05:35,914 [WARNING] Requête https://www.sec.gov/Archives/edgar/data/8818/000110465920027204/tm2011261d1_8k.htm en échec (HTTPSConnectionPool(host='www.sec.gov', port=443): Max retries exceeded with url: /Archives/edgar/data/8818/000110465920027204/tm2011261d1_8k.htm (Caused by NameResolutionError("HTTPSConnection(host='www.sec.gov', port=443): Failed to resolve 'www.sec.gov' ([Errno 11001] getaddrinfo failed)"))), nouvelle tentative dans 2s.
2026-08-17 22:05:37,919 [WARNING] Requête https://www.sec.gov/Archives/edgar/data/8818/000110465920027204/tm2011261d1_8k.htm en échec (HTTPSConnectionPool(host='www.sec.gov', port=443): Max retries exceeded with url: /Archives/edgar/data/8818/000110465920027204/tm2011261d1_8k.htm (Caused by NameResolutionError("HTTPSConnection(host='www.sec.gov', port=443): Failed to resolve 'www.sec.gov' ([Errno 11001] getaddrinfo failed)"))), nouvelle tentative dans 4s.
2026-08-17 22:05:41,924 [WARNING] Requête https://www.sec.gov/Archives/edgar/data/8818/000110465920027204/tm2011261d1_8k.htm en échec (HTTPSConnectionPool(host='www.sec.gov', port=443): Max retries exceeded with url: /Archives/edgar/data/8818/000110465920027204/tm2011261d1_8k.htm (Caused by NameResolutionError("HTTPSConnection(host='www.sec.gov', port=443): Failed to resolve 'www.sec.gov' ([Errno 11001] getaddrinfo failed)"))), nouvelle tentative dans 8s.
2026-08-17 22:05:49,929 [ERROR] Échec de la requête https://www.sec.gov/Archives/edgar/data/8818/000110465920027204/tm2011261d1_8k.htm (4 tentatives) : HTTPSConnectionPool(host='www.sec.gov', port=443): Max retries exceeded with url: /Archives/edgar/data/8818/000110465920027204/tm2011261d1_8k.htm (Caused by NameResolutionError("HTTPSConnection(host='www.sec.gov', port=443): Failed to resolve 'www.sec.gov' ([Errno 11001] getaddrinfo failed)"))
2026-08-17 22:05:49,930 [ERROR] Échec du téléchargement du filing https://www.sec.gov/Archives/edgar/data/8818/000110465920027204/tm2011261d1_8k.htm: https://www.sec.gov/Archives/edgar/data/8818/000110465920027204/tm2011261d1_8k.htm : HTTPSConnectionPool(host='www.sec.gov', port=443): Max retries exceeded with url: /Archives/edgar/data/8818/000110465920027204/tm2011261d1_8k.htm (Caused by NameResolutionError("HTTPSConnection(host='www.sec.gov', port=443): Failed to resolve 'www.sec.gov' ([Errno 11001] getaddrinfo failed)"))
2026-08-17 22:05:50,055 [WARNING] Requête https://www.sec.gov/Archives/edgar/data/8818/000110465920030053/tm2011897d1_8k.htm en échec (HTTPSConnectionPool(host='www.sec.gov', port=443): Max retries exceeded with url: /Archives/edgar/data/8818/000110465920030053/tm2011897d1_8k.htm (Caused by NameResolutionError("HTTPSConnection(host='www.sec.gov', port=443): Failed to resolve 'www.sec.gov' ([Errno 11001] getaddrinfo failed)"))), nouvelle tentative dans 2s.
2026-08-17 22:05:52,059 [WARNING] Requête https://www.sec.gov/Archives/edgar/data/8818/000110465920030053/tm2011897d1_8k.htm en échec (HTTPSConnectionPool(host='www.sec.gov', port=443): Max retries exceeded with url: /Archives/edgar/data/8818/000110465920030053/tm2011897d1_8k.htm (Caused by NameResolutionError("HTTPSConnection(host='www.sec.gov', port=443): Failed to resolve 'www.sec.gov' ([Errno 11001] getaddrinfo failed)"))), nouvelle tentative dans 4s.
2026-08-17 22:05:56,063 [WARNING] Requête https://www.sec.gov/Archives/edgar/data/8818/000110465920030053/tm2011897d1_8k.htm en échec (HTTPSConnectionPool(host='www.sec.gov', port=443): Max retries exceeded with url: /Archives/edgar/data/8818/000110465920030053/tm2011897d1_8k.htm (Caused by NameResolutionError("HTTPSConnection(host='www.sec.gov', port=443): Failed to resolve 'www.sec.gov' ([Errno 11001] getaddrinfo failed)"))), nouvelle tentative dans 8s.
2026-08-17 22:06:04,067 [ERROR] Échec de la requête https://www.sec.gov/Archives/edgar/data/8818/000110465920030053/tm2011897d1_8k.htm (4 tentatives) : HTTPSConnectionPool(host='www.sec.gov', port=443): Max retries exceeded with url: /Archives/edgar/data/8818/000110465920030053/tm2011897d1_8k.htm (Caused by NameResolutionError("HTTPSConnection(host='www.sec.gov', port=443): Failed to resolve 'www.sec.gov' ([Errno 11001] getaddrinfo failed)"))
2026-08-17 22:06:04,067 [ERROR] Échec du téléchargement du filing https://www.sec.gov/Archives/edgar/data/8818/000110465920030053/tm2011897d1_8k.htm: https://www.sec.gov/Archives/edgar/data/8818/000110465920030053/tm2011897d1_8k.htm : HTTPSConnectionPool(host='www.sec.gov', port=443): Max retries exceeded with url: /Archives/edgar/data/8818/000110465920030053/tm2011897d1_8k.htm (Caused by NameResolutionError("HTTPSConnection(host='www.sec.gov', port=443): Failed to resolve 'www.sec.gov' ([Errno 11001] getaddrinfo failed)"))
2026-08-17 22:06:04,191 [WARNING] Requête https://www.sec.gov/Archives/edgar/data/8818/000110465920031939/tm2012374d1_8k.htm en échec (HTTPSConnectionPool(host='www.sec.gov', port=443): Max retries exceeded with url: /Archives/edgar/data/8818/000110465920031939/tm2012374d1_8k.htm (Caused by NameResolutionError("HTTPSConnection(host='www.sec.gov', port=443): Failed to resolve 'www.sec.gov' ([Errno 11001] getaddrinfo failed)"))), nouvelle tentative dans 2s.
2026-08-17 22:06:06,195 [WARNING] Requête https://www.sec.gov/Archives/edgar/data/8818/000110465920031939/tm2012374d1_8k.htm en échec (HTTPSConnectionPool(host='www.sec.gov', port=443): Max retries exceeded with url: /Archives/edgar/data/8818/000110465920031939/tm2012374d1_8k.htm (Caused by NameResolutionError("HTTPSConnection(host='www.sec.gov', port=443): Failed to resolve 'www.sec.gov' ([Errno 11001] getaddrinfo failed)"))), nouvelle tentative dans 4s.
2026-08-17 22:06:10,198 [WARNING] Requête https://www.sec.gov/Archives/edgar/data/8818/000110465920031939/tm2012374d1_8k.htm en échec (HTTPSConnectionPool(host='www.sec.gov', port=443): Max retries exceeded with url: /Archives/edgar/data/8818/000110465920031939/tm2012374d1_8k.htm (Caused by NameResolutionError("HTTPSConnection(host='www.sec.gov', port=443): Failed to resolve 'www.sec.gov' ([Errno 11001] getaddrinfo failed)"))), nouvelle tentative dans 8s.
2026-08-17 22:06:18,202 [ERROR] Échec de la requête https://www.sec.gov/Archives/edgar/data/8818/000110465920031939/tm2012374d1_8k.htm (4 tentatives) : HTTPSConnectionPool(host='www.sec.gov', port=443): Max retries exceeded with url: /Archives/edgar/data/8818/000110465920031939/tm2012374d1_8k.htm (Caused by NameResolutionError("HTTPSConnection(host='www.sec.gov', port=443): Failed to resolve 'www.sec.gov' ([Errno 11001] getaddrinfo failed)"))
2026-08-17 22:06:18,202 [ERROR] Échec du téléchargement du filing https://www.sec.gov/Archives/edgar/data/8818/000110465920031939/tm2012374d1_8k.htm: https://www.sec.gov/Archives/edgar/data/8818/000110465920031939/tm2012374d1_8k.htm : HTTPSConnectionPool(host='www.sec.gov', port=443): Max retries exceeded with url: /Archives/edgar/data/8818/000110465920031939/tm2012374d1_8k.htm (Caused by NameResolutionError("HTTPSConnection(host='www.sec.gov', port=443): Failed to resolve 'www.sec.gov' ([Errno 11001] getaddrinfo failed)"))
2026-08-17 22:06:18,326 [WARNING] Requête https://www.sec.gov/Archives/edgar/data/8818/000110465920039622/tm2013961-1_8k.htm en échec (HTTPSConnectionPool(host='www.sec.gov', port=443): Max retries exceeded with url: /Archives/edgar/data/8818/000110465920039622/tm2013961-1_8k.htm (Caused by NameResolutionError("HTTPSConnection(host='www.sec.gov', port=443): Failed to resolve 'www.sec.gov' ([Errno 11001] getaddrinfo failed)"))), nouvelle tentative dans 2s.
2026-08-17 22:06:20,331 [WARNING] Requête https://www.sec.gov/Archives/edgar/data/8818/000110465920039622/tm2013961-1_8k.htm en échec (HTTPSConnectionPool(host='www.sec.gov', port=443): Max retries exceeded with url: /Archives/edgar/data/8818/000110465920039622/tm2013961-1_8k.htm (Caused by NameResolutionError("HTTPSConnection(host='www.sec.gov', port=443): Failed to resolve 'www.sec.gov' ([Errno 11001] getaddrinfo failed)"))), nouvelle tentative dans 4s.
2026-08-17 22:06:24,333 [WARNING] Requête https://www.sec.gov/Archives/edgar/data/8818/000110465920039622/tm2013961-1_8k.htm en échec (HTTPSConnectionPool(host='www.sec.gov', port=443): Max retries exceeded with url: /Archives/edgar/data/8818/000110465920039622/tm2013961-1_8k.htm (Caused by NameResolutionError("HTTPSConnection(host='www.sec.gov', port=443): Failed to resolve 'www.sec.gov' ([Errno 11001] getaddrinfo failed)"))), nouvelle tentative dans 8s.
2026-08-17 22:06:32,338 [ERROR] Échec de la requête https://www.sec.gov/Archives/edgar/data/8818/000110465920039622/tm2013961-1_8k.htm (4 tentatives) : HTTPSConnectionPool(host='www.sec.gov', port=443): Max retries exceeded with url: /Archives/edgar/data/8818/000110465920039622/tm2013961-1_8k.htm (Caused by NameResolutionError("HTTPSConnection(host='www.sec.gov', port=443): Failed to resolve 'www.sec.gov' ([Errno 11001] getaddrinfo failed)"))
2026-08-17 22:06:32,339 [ERROR] Échec du téléchargement du filing https://www.sec.gov/Archives/edgar/data/8818/000110465920039622/tm2013961-1_8k.htm: https://www.sec.gov/Archives/edgar/data/8818/000110465920039622/tm2013961-1_8k.htm : HTTPSConnectionPool(host='www.sec.gov', port=443): Max retries exceeded with url: /Archives/edgar/data/8818/000110465920039622/tm2013961-1_8k.htm (Caused by NameResolutionError("HTTPSConnection(host='www.sec.gov', port=443): Failed to resolve 'www.sec.gov' ([Errno 11001] getaddrinfo failed)"))
2026-08-17 22:06:32,464 [WARNING] Requête https://www.sec.gov/Archives/edgar/data/8818/000110465920052200/tm2017921-1_8k.htm en échec (HTTPSConnectionPool(host='www.sec.gov', port=443): Max retries exceeded with url: /Archives/edgar/data/8818/000110465920052200/tm2017921-1_8k.htm (Caused by NameResolutionError("HTTPSConnection(host='www.sec.gov', port=443): Failed to resolve 'www.sec.gov' ([Errno 11001] getaddrinfo failed)"))), nouvelle tentative dans 2s.
2026-08-17 22:06:34,467 [WARNING] Requête https://www.sec.gov/Archives/edgar/data/8818/000110465920052200/tm2017921-1_8k.htm en échec (HTTPSConnectionPool(host='www.sec.gov', port=443): Max retries exceeded with url: /Archives/edgar/data/8818/000110465920052200/tm2017921-1_8k.htm (Caused by NameResolutionError("HTTPSConnection(host='www.sec.gov', port=443): Failed to resolve 'www.sec.gov' ([Errno 11001] getaddrinfo failed)"))), nouvelle tentative dans 4s.
2026-08-17 22:06:38,473 [WARNING] Requête https://www.sec.gov/Archives/edgar/data/8818/000110465920052200/tm2017921-1_8k.htm en échec (HTTPSConnectionPool(host='www.sec.gov', port=443): Max retries exceeded with url: /Archives/edgar/data/8818/000110465920052200/tm2017921-1_8k.htm (Caused by NameResolutionError("HTTPSConnection(host='www.sec.gov', port=443): Failed to resolve 'www.sec.gov' ([Errno 11001] getaddrinfo failed)"))), nouvelle tentative dans 8s.
2026-08-17 22:06:46,475 [ERROR] Échec de la requête https://www.sec.gov/Archives/edgar/data/8818/000110465920052200/tm2017921-1_8k.htm (4 tentatives) : HTTPSConnectionPool(host='www.sec.gov', port=443): Max retries exceeded with url: /Archives/edgar/data/8818/000110465920052200/tm2017921-1_8k.htm (Caused by NameResolutionError("HTTPSConnection(host='www.sec.gov', port=443): Failed to resolve 'www.sec.gov' ([Errno 11001] getaddrinfo failed)"))
2026-08-17 22:06:46,476 [ERROR] Échec du téléchargement du filing https://www.sec.gov/Archives/edgar/data/8818/000110465920052200/tm2017921-1_8k.htm: https://www.sec.gov/Archives/edgar/data/8818/000110465920052200/tm2017921-1_8k.htm : HTTPSConnectionPool(host='www.sec.gov', port=443): Max retries exceeded with url: /Archives/edgar/data/8818/000110465920052200/tm2017921-1_8k.htm (Caused by NameResolutionError("HTTPSConnection(host='www.sec.gov', port=443): Failed to resolve 'www.sec.gov' ([Errno 11001] getaddrinfo failed)"))
2026-08-17 22:06:46,604 [WARNING] Requête https://www.sec.gov/Archives/edgar/data/8818/000110465920052760/tm2016932-1_8k.htm en échec (HTTPSConnectionPool(host='www.sec.gov', port=443): Max retries exceeded with url: /Archives/edgar/data/8818/000110465920052760/tm2016932-1_8k.htm (Caused by NameResolutionError("HTTPSConnection(host='www.sec.gov', port=443): Failed to resolve 'www.sec.gov' ([Errno 11001] getaddrinfo failed)"))), nouvelle tentative dans 2s.
2026-08-17 22:06:48,608 [WARNING] Requête https://www.sec.gov/Archives/edgar/data/8818/000110465920052760/tm2016932-1_8k.htm en échec (HTTPSConnectionPool(host='www.sec.gov', port=443): Max retries exceeded with url: /Archives/edgar/data/8818/000110465920052760/tm2016932-1_8k.htm (Caused by NameResolutionError("HTTPSConnection(host='www.sec.gov', port=443): Failed to resolve 'www.sec.gov' ([Errno 11001] getaddrinfo failed)"))), nouvelle tentative dans 4s.
2026-08-17 22:06:52,612 [WARNING] Requête https://www.sec.gov/Archives/edgar/data/8818/000110465920052760/tm2016932-1_8k.htm en échec (HTTPSConnectionPool(host='www.sec.gov', port=443): Max retries exceeded with url: /Archives/edgar/data/8818/000110465920052760/tm2016932-1_8k.htm (Caused by NameResolutionError("HTTPSConnection(host='www.sec.gov', port=443): Failed to resolve 'www.sec.gov' ([Errno 11001] getaddrinfo failed)"))), nouvelle tentative dans 8s.
2026-08-17 22:07:00,615 [ERROR] Échec de la requête https://www.sec.gov/Archives/edgar/data/8818/000110465920052760/tm2016932-1_8k.htm (4 tentatives) : HTTPSConnectionPool(host='www.sec.gov', port=443): Max retries exceeded with url: /Archives/edgar/data/8818/000110465920052760/tm2016932-1_8k.htm (Caused by NameResolutionError("HTTPSConnection(host='www.sec.gov', port=443): Failed to resolve 'www.sec.gov' ([Errno 11001] getaddrinfo failed)"))
2026-08-17 22:07:00,615 [ERROR] Échec du téléchargement du filing https://www.sec.gov/Archives/edgar/data/8818/000110465920052760/tm2016932-1_8k.htm: https://www.sec.gov/Archives/edgar/data/8818/000110465920052760/tm2016932-1_8k.htm : HTTPSConnectionPool(host='www.sec.gov', port=443): Max retries exceeded with url: /Archives/edgar/data/8818/000110465920052760/tm2016932-1_8k.htm (Caused by NameResolutionError("HTTPSConnection(host='www.sec.gov', port=443): Failed to resolve 'www.sec.gov' ([Errno 11001] getaddrinfo failed)"))
2026-08-17 22:07:00,740 [WARNING] Requête https://www.sec.gov/Archives/edgar/data/8818/000110465920084549/tm2025037d1_8k.htm en échec (HTTPSConnectionPool(host='www.sec.gov', port=443): Max retries exceeded with url: /Archives/edgar/data/8818/000110465920084549/tm2025037d1_8k.htm (Caused by NameResolutionError("HTTPSConnection(host='www.sec.gov', port=443): Failed to resolve 'www.sec.gov' ([Errno 11001] getaddrinfo failed)"))), nouvelle tentative dans 2s.
2026-08-17 22:07:02,742 [WARNING] Requête https://www.sec.gov/Archives/edgar/data/8818/000110465920084549/tm2025037d1_8k.htm en échec (HTTPSConnectionPool(host='www.sec.gov', port=443): Max retries exceeded with url: /Archives/edgar/data/8818/000110465920084549/tm2025037d1_8k.htm (Caused by NameResolutionError("HTTPSConnection(host='www.sec.gov', port=443): Failed to resolve 'www.sec.gov' ([Errno 11001] getaddrinfo failed)"))), nouvelle tentative dans 4s.
2026-08-17 22:07:06,749 [WARNING] Requête https://www.sec.gov/Archives/edgar/data/8818/000110465920084549/tm2025037d1_8k.htm en échec (HTTPSConnectionPool(host='www.sec.gov', port=443): Max retries exceeded with url: /Archives/edgar/data/8818/000110465920084549/tm2025037d1_8k.htm (Caused by NameResolutionError("HTTPSConnection(host='www.sec.gov', port=443): Failed to resolve 'www.sec.gov' ([Errno 11001] getaddrinfo failed)"))), nouvelle tentative dans 8s.
2026-08-17 22:07:14,755 [ERROR] Échec de la requête https://www.sec.gov/Archives/edgar/data/8818/000110465920084549/tm2025037d1_8k.htm (4 tentatives) : HTTPSConnectionPool(host='www.sec.gov', port=443): Max retries exceeded with url: /Archives/edgar/data/8818/000110465920084549/tm2025037d1_8k.htm (Caused by NameResolutionError("HTTPSConnection(host='www.sec.gov', port=443): Failed to resolve 'www.sec.gov' ([Errno 11001] getaddrinfo failed)"))
2026-08-17 22:07:14,755 [ERROR] Échec du téléchargement du filing https://www.sec.gov/Archives/edgar/data/8818/000110465920084549/tm2025037d1_8k.htm: https://www.sec.gov/Archives/edgar/data/8818/000110465920084549/tm2025037d1_8k.htm : HTTPSConnectionPool(host='www.sec.gov', port=443): Max retries exceeded with url: /Archives/edgar/data/8818/000110465920084549/tm2025037d1_8k.htm (Caused by NameResolutionError("HTTPSConnection(host='www.sec.gov', port=443): Failed to resolve 'www.sec.gov' ([Errno 11001] getaddrinfo failed)"))
2026-08-17 22:07:14,879 [WARNING] Requête https://www.sec.gov/Archives/edgar/data/8818/000110465920086616/tm2025393d1_8k.htm en échec (HTTPSConnectionPool(host='www.sec.gov', port=443): Max retries exceeded with url: /Archives/edgar/data/8818/000110465920086616/tm2025393d1_8k.htm (Caused by NameResolutionError("HTTPSConnection(host='www.sec.gov', port=443): Failed to resolve 'www.sec.gov' ([Errno 11001] getaddrinfo failed)"))), nouvelle tentative dans 2s.
2026-08-17 22:07:16,883 [WARNING] Requête https://www.sec.gov/Archives/edgar/data/8818/000110465920086616/tm2025393d1_8k.htm en échec (HTTPSConnectionPool(host='www.sec.gov', port=443): Max retries exceeded with url: /Archives/edgar/data/8818/000110465920086616/tm2025393d1_8k.htm (Caused by NameResolutionError("HTTPSConnection(host='www.sec.gov', port=443): Failed to resolve 'www.sec.gov' ([Errno 11001] getaddrinfo failed)"))), nouvelle tentative dans 4s.
2026-08-17 22:07:20,888 [WARNING] Requête https://www.sec.gov/Archives/edgar/data/8818/000110465920086616/tm2025393d1_8k.htm en échec (HTTPSConnectionPool(host='www.sec.gov', port=443): Max retries exceeded with url: /Archives/edgar/data/8818/000110465920086616/tm2025393d1_8k.htm (Caused by NameResolutionError("HTTPSConnection(host='www.sec.gov', port=443): Failed to resolve 'www.sec.gov' ([Errno 11001] getaddrinfo failed)"))), nouvelle tentative dans 8s.
2026-08-17 22:07:28,917 [ERROR] Échec de la requête https://www.sec.gov/Archives/edgar/data/8818/000110465920086616/tm2025393d1_8k.htm (4 tentatives) : HTTPSConnectionPool(host='www.sec.gov', port=443): Max retries exceeded with url: /Archives/edgar/data/8818/000110465920086616/tm2025393d1_8k.htm (Caused by NameResolutionError("HTTPSConnection(host='www.sec.gov', port=443): Failed to resolve 'www.sec.gov' ([Errno 11001] getaddrinfo failed)"))
2026-08-17 22:07:28,917 [ERROR] Échec du téléchargement du filing https://www.sec.gov/Archives/edgar/data/8818/000110465920086616/tm2025393d1_8k.htm: https://www.sec.gov/Archives/edgar/data/8818/000110465920086616/tm2025393d1_8k.htm : HTTPSConnectionPool(host='www.sec.gov', port=443): Max retries exceeded with url: /Archives/edgar/data/8818/000110465920086616/tm2025393d1_8k.htm (Caused by NameResolutionError("HTTPSConnection(host='www.sec.gov', port=443): Failed to resolve 'www.sec.gov' ([Errno 11001] getaddrinfo failed)"))
2026-08-17 22:07:29,044 [WARNING] Requête https://www.sec.gov/Archives/edgar/data/8818/000110465920116595/tm2033847d1_8k.htm en échec (HTTPSConnectionPool(host='www.sec.gov', port=443): Max retries exceeded with url: /Archives/edgar/data/8818/000110465920116595/tm2033847d1_8k.htm (Caused by NameResolutionError("HTTPSConnection(host='www.sec.gov', port=443): Failed to resolve 'www.sec.gov' ([Errno 11001] getaddrinfo failed)"))), nouvelle tentative dans 2s.
2026-08-17 22:07:31,047 [WARNING] Requête https://www.sec.gov/Archives/edgar/data/8818/000110465920116595/tm2033847d1_8k.htm en échec (HTTPSConnectionPool(host='www.sec.gov', port=443): Max retries exceeded with url: /Archives/edgar/data/8818/000110465920116595/tm2033847d1_8k.htm (Caused by NameResolutionError("HTTPSConnection(host='www.sec.gov', port=443): Failed to resolve 'www.sec.gov' ([Errno 11001] getaddrinfo failed)"))), nouvelle tentative dans 4s.
2026-08-17 22:07:35,051 [WARNING] Requête https://www.sec.gov/Archives/edgar/data/8818/000110465920116595/tm2033847d1_8k.htm en échec (HTTPSConnectionPool(host='www.sec.gov', port=443): Max retries exceeded with url: /Archives/edgar/data/8818/000110465920116595/tm2033847d1_8k.htm (Caused by NameResolutionError("HTTPSConnection(host='www.sec.gov', port=443): Failed to resolve 'www.sec.gov' ([Errno 11001] getaddrinfo failed)"))), nouvelle tentative dans 8s.
2026-08-17 22:07:43,053 [ERROR] Échec de la requête https://www.sec.gov/Archives/edgar/data/8818/000110465920116595/tm2033847d1_8k.htm (4 tentatives) : HTTPSConnectionPool(host='www.sec.gov', port=443): Max retries exceeded with url: /Archives/edgar/data/8818/000110465920116595/tm2033847d1_8k.htm (Caused by NameResolutionError("HTTPSConnection(host='www.sec.gov', port=443): Failed to resolve 'www.sec.gov' ([Errno 11001] getaddrinfo failed)"))
2026-08-17 22:07:43,053 [ERROR] Échec du téléchargement du filing https://www.sec.gov/Archives/edgar/data/8818/000110465920116595/tm2033847d1_8k.htm: https://www.sec.gov/Archives/edgar/data/8818/000110465920116595/tm2033847d1_8k.htm : HTTPSConnectionPool(host='www.sec.gov', port=443): Max retries exceeded with url: /Archives/edgar/data/8818/000110465920116595/tm2033847d1_8k.htm (Caused by NameResolutionError("HTTPSConnection(host='www.sec.gov', port=443): Failed to resolve 'www.sec.gov' ([Errno 11001] getaddrinfo failed)"))
2026-08-17 22:07:43,178 [WARNING] Requête https://www.sec.gov/Archives/edgar/data/8818/000119312521026382/d126620d8k.htm en échec (HTTPSConnectionPool(host='www.sec.gov', port=443): Max retries exceeded with url: /Archives/edgar/data/8818/000119312521026382/d126620d8k.htm (Caused by NameResolutionError("HTTPSConnection(host='www.sec.gov', port=443): Failed to resolve 'www.sec.gov' ([Errno 11001] getaddrinfo failed)"))), nouvelle tentative dans 2s.
2026-08-17 22:07:45,180 [WARNING] Requête https://www.sec.gov/Archives/edgar/data/8818/000119312521026382/d126620d8k.htm en échec (HTTPSConnectionPool(host='www.sec.gov', port=443): Max retries exceeded with url: /Archives/edgar/data/8818/000119312521026382/d126620d8k.htm (Caused by NameResolutionError("HTTPSConnection(host='www.sec.gov', port=443): Failed to resolve 'www.sec.gov' ([Errno 11001] getaddrinfo failed)"))), nouvelle tentative dans 4s.
2026-08-17 22:07:49,182 [WARNING] Requête https://www.sec.gov/Archives/edgar/data/8818/000119312521026382/d126620d8k.htm en échec (HTTPSConnectionPool(host='www.sec.gov', port=443): Max retries exceeded with url: /Archives/edgar/data/8818/000119312521026382/d126620d8k.htm (Caused by NameResolutionError("HTTPSConnection(host='www.sec.gov', port=443): Failed to resolve 'www.sec.gov' ([Errno 11001] getaddrinfo failed)"))), nouvelle tentative dans 8s.
2026-08-17 22:07:57,184 [ERROR] Échec de la requête https://www.sec.gov/Archives/edgar/data/8818/000119312521026382/d126620d8k.htm (4 tentatives) : HTTPSConnectionPool(host='www.sec.gov', port=443): Max retries exceeded with url: /Archives/edgar/data/8818/000119312521026382/d126620d8k.htm (Caused by NameResolutionError("HTTPSConnection(host='www.sec.gov', port=443): Failed to resolve 'www.sec.gov' ([Errno 11001] getaddrinfo failed)"))
2026-08-17 22:07:57,185 [ERROR] Échec du téléchargement du filing https://www.sec.gov/Archives/edgar/data/8818/000119312521026382/d126620d8k.htm: https://www.sec.gov/Archives/edgar/data/8818/000119312521026382/d126620d8k.htm : HTTPSConnectionPool(host='www.sec.gov', port=443): Max retries exceeded with url: /Archives/edgar/data/8818/000119312521026382/d126620d8k.htm (Caused by NameResolutionError("HTTPSConnection(host='www.sec.gov', port=443): Failed to resolve 'www.sec.gov' ([Errno 11001] getaddrinfo failed)"))
2026-08-17 22:07:57,310 [WARNING] Requête https://www.sec.gov/Archives/edgar/data/8818/000119312521134258/d56087d8k.htm en échec (HTTPSConnectionPool(host='www.sec.gov', port=443): Max retries exceeded with url: /Archives/edgar/data/8818/000119312521134258/d56087d8k.htm (Caused by NameResolutionError("HTTPSConnection(host='www.sec.gov', port=443): Failed to resolve 'www.sec.gov' ([Errno 11001] getaddrinfo failed)"))), nouvelle tentative dans 2s.
2026-08-17 22:07:59,312 [WARNING] Requête https://www.sec.gov/Archives/edgar/data/8818/000119312521134258/d56087d8k.htm en échec (HTTPSConnectionPool(host='www.sec.gov', port=443): Max retries exceeded with url: /Archives/edgar/data/8818/000119312521134258/d56087d8k.htm (Caused by NameResolutionError("HTTPSConnection(host='www.sec.gov', port=443): Failed to resolve 'www.sec.gov' ([Errno 11001] getaddrinfo failed)"))), nouvelle tentative dans 4s.
2026-08-17 22:08:03,314 [WARNING] Requête https://www.sec.gov/Archives/edgar/data/8818/000119312521134258/d56087d8k.htm en échec (HTTPSConnectionPool(host='www.sec.gov', port=443): Max retries exceeded with url: /Archives/edgar/data/8818/000119312521134258/d56087d8k.htm (Caused by NameResolutionError("HTTPSConnection(host='www.sec.gov', port=443): Failed to resolve 'www.sec.gov' ([Errno 11001] getaddrinfo failed)"))), nouvelle tentative dans 8s.
2026-08-17 22:08:11,317 [ERROR] Échec de la requête https://www.sec.gov/Archives/edgar/data/8818/000119312521134258/d56087d8k.htm (4 tentatives) : HTTPSConnectionPool(host='www.sec.gov', port=443): Max retries exceeded with url: /Archives/edgar/data/8818/000119312521134258/d56087d8k.htm (Caused by NameResolutionError("HTTPSConnection(host='www.sec.gov', port=443): Failed to resolve 'www.sec.gov' ([Errno 11001] getaddrinfo failed)"))
2026-08-17 22:08:11,317 [ERROR] Échec du téléchargement du filing https://www.sec.gov/Archives/edgar/data/8818/000119312521134258/d56087d8k.htm: https://www.sec.gov/Archives/edgar/data/8818/000119312521134258/d56087d8k.htm : HTTPSConnectionPool(host='www.sec.gov', port=443): Max retries exceeded with url: /Archives/edgar/data/8818/000119312521134258/d56087d8k.htm (Caused by NameResolutionError("HTTPSConnection(host='www.sec.gov', port=443): Failed to resolve 'www.sec.gov' ([Errno 11001] getaddrinfo failed)"))
2026-08-17 22:08:11,442 [WARNING] Requête https://www.sec.gov/Archives/edgar/data/8818/000119312521135300/d167347d8k.htm en échec (HTTPSConnectionPool(host='www.sec.gov', port=443): Max retries exceeded with url: /Archives/edgar/data/8818/000119312521135300/d167347d8k.htm (Caused by NameResolutionError("HTTPSConnection(host='www.sec.gov', port=443): Failed to resolve 'www.sec.gov' ([Errno 11001] getaddrinfo failed)"))), nouvelle tentative dans 2s.
2026-08-17 22:08:13,444 [WARNING] Requête https://www.sec.gov/Archives/edgar/data/8818/000119312521135300/d167347d8k.htm en échec (HTTPSConnectionPool(host='www.sec.gov', port=443): Max retries exceeded with url: /Archives/edgar/data/8818/000119312521135300/d167347d8k.htm (Caused by NameResolutionError("HTTPSConnection(host='www.sec.gov', port=443): Failed to resolve 'www.sec.gov' ([Errno 11001] getaddrinfo failed)"))), nouvelle tentative dans 4s.
2026-08-17 22:08:17,447 [WARNING] Requête https://www.sec.gov/Archives/edgar/data/8818/000119312521135300/d167347d8k.htm en échec (HTTPSConnectionPool(host='www.sec.gov', port=443): Max retries exceeded with url: /Archives/edgar/data/8818/000119312521135300/d167347d8k.htm (Caused by NameResolutionError("HTTPSConnection(host='www.sec.gov', port=443): Failed to resolve 'www.sec.gov' ([Errno 11001] getaddrinfo failed)"))), nouvelle tentative dans 8s.
2026-08-17 22:08:25,449 [ERROR] Échec de la requête https://www.sec.gov/Archives/edgar/data/8818/000119312521135300/d167347d8k.htm (4 tentatives) : HTTPSConnectionPool(host='www.sec.gov', port=443): Max retries exceeded with url: /Archives/edgar/data/8818/000119312521135300/d167347d8k.htm (Caused by NameResolutionError("HTTPSConnection(host='www.sec.gov', port=443): Failed to resolve 'www.sec.gov' ([Errno 11001] getaddrinfo failed)"))
2026-08-17 22:08:25,449 [ERROR] Échec du téléchargement du filing https://www.sec.gov/Archives/edgar/data/8818/000119312521135300/d167347d8k.htm: https://www.sec.gov/Archives/edgar/data/8818/000119312521135300/d167347d8k.htm : HTTPSConnectionPool(host='www.sec.gov', port=443): Max retries exceeded with url: /Archives/edgar/data/8818/000119312521135300/d167347d8k.htm (Caused by NameResolutionError("HTTPSConnection(host='www.sec.gov', port=443): Failed to resolve 'www.sec.gov' ([Errno 11001] getaddrinfo failed)"))
2026-08-17 22:08:25,575 [WARNING] Requête https://www.sec.gov/Archives/edgar/data/8818/000119312521164464/d166277d8k.htm en échec (HTTPSConnectionPool(host='www.sec.gov', port=443): Max retries exceeded with url: /Archives/edgar/data/8818/000119312521164464/d166277d8k.htm (Caused by NameResolutionError("HTTPSConnection(host='www.sec.gov', port=443): Failed to resolve 'www.sec.gov' ([Errno 11001] getaddrinfo failed)"))), nouvelle tentative dans 2s.
2026-08-17 22:08:27,577 [WARNING] Requête https://www.sec.gov/Archives/edgar/data/8818/000119312521164464/d166277d8k.htm en échec (HTTPSConnectionPool(host='www.sec.gov', port=443): Max retries exceeded with url: /Archives/edgar/data/8818/000119312521164464/d166277d8k.htm (Caused by NameResolutionError("HTTPSConnection(host='www.sec.gov', port=443): Failed to resolve 'www.sec.gov' ([Errno 11001] getaddrinfo failed)"))), nouvelle tentative dans 4s.
2026-08-17 22:08:31,581 [WARNING] Requête https://www.sec.gov/Archives/edgar/data/8818/000119312521164464/d166277d8k.htm en échec (HTTPSConnectionPool(host='www.sec.gov', port=443): Max retries exceeded with url: /Archives/edgar/data/8818/000119312521164464/d166277d8k.htm (Caused by NameResolutionError("HTTPSConnection(host='www.sec.gov', port=443): Failed to resolve 'www.sec.gov' ([Errno 11001] getaddrinfo failed)"))), nouvelle tentative dans 8s.
2026-08-17 22:08:39,583 [ERROR] Échec de la requête https://www.sec.gov/Archives/edgar/data/8818/000119312521164464/d166277d8k.htm (4 tentatives) : HTTPSConnectionPool(host='www.sec.gov', port=443): Max retries exceeded with url: /Archives/edgar/data/8818/000119312521164464/d166277d8k.htm (Caused by NameResolutionError("HTTPSConnection(host='www.sec.gov', port=443): Failed to resolve 'www.sec.gov' ([Errno 11001] getaddrinfo failed)"))
2026-08-17 22:08:39,584 [ERROR] Échec du téléchargement du filing https://www.sec.gov/Archives/edgar/data/8818/000119312521164464/d166277d8k.htm: https://www.sec.gov/Archives/edgar/data/8818/000119312521164464/d166277d8k.htm : HTTPSConnectionPool(host='www.sec.gov', port=443): Max retries exceeded with url: /Archives/edgar/data/8818/000119312521164464/d166277d8k.htm (Caused by NameResolutionError("HTTPSConnection(host='www.sec.gov', port=443): Failed to resolve 'www.sec.gov' ([Errno 11001] getaddrinfo failed)"))
2026-08-17 22:08:39,709 [WARNING] Requête https://www.sec.gov/Archives/edgar/data/8818/000119312521226494/d186068d8k.htm en échec (HTTPSConnectionPool(host='www.sec.gov', port=443): Max retries exceeded with url: /Archives/edgar/data/8818/000119312521226494/d186068d8k.htm (Caused by NameResolutionError("HTTPSConnection(host='www.sec.gov', port=443): Failed to resolve 'www.sec.gov' ([Errno 11001] getaddrinfo failed)"))), nouvelle tentative dans 2s.
2026-08-17 22:08:41,711 [WARNING] Requête https://www.sec.gov/Archives/edgar/data/8818/000119312521226494/d186068d8k.htm en échec (HTTPSConnectionPool(host='www.sec.gov', port=443): Max retries exceeded with url: /Archives/edgar/data/8818/000119312521226494/d186068d8k.htm (Caused by NameResolutionError("HTTPSConnection(host='www.sec.gov', port=443): Failed to resolve 'www.sec.gov' ([Errno 11001] getaddrinfo failed)"))), nouvelle tentative dans 4s.
2026-08-17 22:08:45,713 [WARNING] Requête https://www.sec.gov/Archives/edgar/data/8818/000119312521226494/d186068d8k.htm en échec (HTTPSConnectionPool(host='www.sec.gov', port=443): Max retries exceeded with url: /Archives/edgar/data/8818/000119312521226494/d186068d8k.htm (Caused by NameResolutionError("HTTPSConnection(host='www.sec.gov', port=443): Failed to resolve 'www.sec.gov' ([Errno 11001] getaddrinfo failed)"))), nouvelle tentative dans 8s.
2026-08-17 22:08:53,715 [ERROR] Échec de la requête https://www.sec.gov/Archives/edgar/data/8818/000119312521226494/d186068d8k.htm (4 tentatives) : HTTPSConnectionPool(host='www.sec.gov', port=443): Max retries exceeded with url: /Archives/edgar/data/8818/000119312521226494/d186068d8k.htm (Caused by NameResolutionError("HTTPSConnection(host='www.sec.gov', port=443): Failed to resolve 'www.sec.gov' ([Errno 11001] getaddrinfo failed)"))
2026-08-17 22:08:53,715 [ERROR] Échec du téléchargement du filing https://www.sec.gov/Archives/edgar/data/8818/000119312521226494/d186068d8k.htm: https://www.sec.gov/Archives/edgar/data/8818/000119312521226494/d186068d8k.htm : HTTPSConnectionPool(host='www.sec.gov', port=443): Max retries exceeded with url: /Archives/edgar/data/8818/000119312521226494/d186068d8k.htm (Caused by NameResolutionError("HTTPSConnection(host='www.sec.gov', port=443): Failed to resolve 'www.sec.gov' ([Errno 11001] getaddrinfo failed)"))
2026-08-17 22:08:53,841 [WARNING] Requête https://www.sec.gov/Archives/edgar/data/8818/000119312521231568/d170058d8k.htm en échec (HTTPSConnectionPool(host='www.sec.gov', port=443): Max retries exceeded with url: /Archives/edgar/data/8818/000119312521231568/d170058d8k.htm (Caused by NameResolutionError("HTTPSConnection(host='www.sec.gov', port=443): Failed to resolve 'www.sec.gov' ([Errno 11001] getaddrinfo failed)"))), nouvelle tentative dans 2s.
2026-08-17 22:08:55,843 [WARNING] Requête https://www.sec.gov/Archives/edgar/data/8818/000119312521231568/d170058d8k.htm en échec (HTTPSConnectionPool(host='www.sec.gov', port=443): Max retries exceeded with url: /Archives/edgar/data/8818/000119312521231568/d170058d8k.htm (Caused by NameResolutionError("HTTPSConnection(host='www.sec.gov', port=443): Failed to resolve 'www.sec.gov' ([Errno 11001] getaddrinfo failed)"))), nouvelle tentative dans 4s.
2026-08-17 22:08:59,845 [WARNING] Requête https://www.sec.gov/Archives/edgar/data/8818/000119312521231568/d170058d8k.htm en échec (HTTPSConnectionPool(host='www.sec.gov', port=443): Max retries exceeded with url: /Archives/edgar/data/8818/000119312521231568/d170058d8k.htm (Caused by NameResolutionError("HTTPSConnection(host='www.sec.gov', port=443): Failed to resolve 'www.sec.gov' ([Errno 11001] getaddrinfo failed)"))), nouvelle tentative dans 8s.
2026-08-17 22:09:07,847 [ERROR] Échec de la requête https://www.sec.gov/Archives/edgar/data/8818/000119312521231568/d170058d8k.htm (4 tentatives) : HTTPSConnectionPool(host='www.sec.gov', port=443): Max retries exceeded with url: /Archives/edgar/data/8818/000119312521231568/d170058d8k.htm (Caused by NameResolutionError("HTTPSConnection(host='www.sec.gov', port=443): Failed to resolve 'www.sec.gov' ([Errno 11001] getaddrinfo failed)"))
2026-08-17 22:09:07,847 [ERROR] Échec du téléchargement du filing https://www.sec.gov/Archives/edgar/data/8818/000119312521231568/d170058d8k.htm: https://www.sec.gov/Archives/edgar/data/8818/000119312521231568/d170058d8k.htm : HTTPSConnectionPool(host='www.sec.gov', port=443): Max retries exceeded with url: /Archives/edgar/data/8818/000119312521231568/d170058d8k.htm (Caused by NameResolutionError("HTTPSConnection(host='www.sec.gov', port=443): Failed to resolve 'www.sec.gov' ([Errno 11001] getaddrinfo failed)"))
2026-08-17 22:09:07,973 [WARNING] Requête https://www.sec.gov/Archives/edgar/data/8818/000119312521244796/d214671d8k.htm en échec (HTTPSConnectionPool(host='www.sec.gov', port=443): Max retries exceeded with url: /Archives/edgar/data/8818/000119312521244796/d214671d8k.htm (Caused by NameResolutionError("HTTPSConnection(host='www.sec.gov', port=443): Failed to resolve 'www.sec.gov' ([Errno 11001] getaddrinfo failed)"))), nouvelle tentative dans 2s.
2026-08-17 22:09:09,980 [WARNING] Requête https://www.sec.gov/Archives/edgar/data/8818/000119312521244796/d214671d8k.htm en échec (HTTPSConnectionPool(host='www.sec.gov', port=443): Max retries exceeded with url: /Archives/edgar/data/8818/000119312521244796/d214671d8k.htm (Caused by NameResolutionError("HTTPSConnection(host='www.sec.gov', port=443): Failed to resolve 'www.sec.gov' ([Errno 11001] getaddrinfo failed)"))), nouvelle tentative dans 4s.
2026-08-17 22:09:13,983 [WARNING] Requête https://www.sec.gov/Archives/edgar/data/8818/000119312521244796/d214671d8k.htm en échec (HTTPSConnectionPool(host='www.sec.gov', port=443): Max retries exceeded with url: /Archives/edgar/data/8818/000119312521244796/d214671d8k.htm (Caused by NameResolutionError("HTTPSConnection(host='www.sec.gov', port=443): Failed to resolve 'www.sec.gov' ([Errno 11001] getaddrinfo failed)"))), nouvelle tentative dans 8s.
2026-08-17 22:09:21,986 [ERROR] Échec de la requête https://www.sec.gov/Archives/edgar/data/8818/000119312521244796/d214671d8k.htm (4 tentatives) : HTTPSConnectionPool(host='www.sec.gov', port=443): Max retries exceeded with url: /Archives/edgar/data/8818/000119312521244796/d214671d8k.htm (Caused by NameResolutionError("HTTPSConnection(host='www.sec.gov', port=443): Failed to resolve 'www.sec.gov' ([Errno 11001] getaddrinfo failed)"))
2026-08-17 22:09:21,986 [ERROR] Échec du téléchargement du filing https://www.sec.gov/Archives/edgar/data/8818/000119312521244796/d214671d8k.htm: https://www.sec.gov/Archives/edgar/data/8818/000119312521244796/d214671d8k.htm : HTTPSConnectionPool(host='www.sec.gov', port=443): Max retries exceeded with url: /Archives/edgar/data/8818/000119312521244796/d214671d8k.htm (Caused by NameResolutionError("HTTPSConnection(host='www.sec.gov', port=443): Failed to resolve 'www.sec.gov' ([Errno 11001] getaddrinfo failed)"))
2026-08-17 22:09:22,111 [WARNING] Requête https://www.sec.gov/Archives/edgar/data/8818/000119312521250382/d206178d8k.htm en échec (HTTPSConnectionPool(host='www.sec.gov', port=443): Max retries exceeded with url: /Archives/edgar/data/8818/000119312521250382/d206178d8k.htm (Caused by NameResolutionError("HTTPSConnection(host='www.sec.gov', port=443): Failed to resolve 'www.sec.gov' ([Errno 11001] getaddrinfo failed)"))), nouvelle tentative dans 2s.
2026-08-17 22:09:24,113 [WARNING] Requête https://www.sec.gov/Archives/edgar/data/8818/000119312521250382/d206178d8k.htm en échec (HTTPSConnectionPool(host='www.sec.gov', port=443): Max retries exceeded with url: /Archives/edgar/data/8818/000119312521250382/d206178d8k.htm (Caused by NameResolutionError("HTTPSConnection(host='www.sec.gov', port=443): Failed to resolve 'www.sec.gov' ([Errno 11001] getaddrinfo failed)"))), nouvelle tentative dans 4s.
2026-08-17 22:09:28,116 [WARNING] Requête https://www.sec.gov/Archives/edgar/data/8818/000119312521250382/d206178d8k.htm en échec (HTTPSConnectionPool(host='www.sec.gov', port=443): Max retries exceeded with url: /Archives/edgar/data/8818/000119312521250382/d206178d8k.htm (Caused by NameResolutionError("HTTPSConnection(host='www.sec.gov', port=443): Failed to resolve 'www.sec.gov' ([Errno 11001] getaddrinfo failed)"))), nouvelle tentative dans 8s.
2026-08-17 22:09:36,119 [ERROR] Échec de la requête https://www.sec.gov/Archives/edgar/data/8818/000119312521250382/d206178d8k.htm (4 tentatives) : HTTPSConnectionPool(host='www.sec.gov', port=443): Max retries exceeded with url: /Archives/edgar/data/8818/000119312521250382/d206178d8k.htm (Caused by NameResolutionError("HTTPSConnection(host='www.sec.gov', port=443): Failed to resolve 'www.sec.gov' ([Errno 11001] getaddrinfo failed)"))
2026-08-17 22:09:36,119 [ERROR] Échec du téléchargement du filing https://www.sec.gov/Archives/edgar/data/8818/000119312521250382/d206178d8k.htm: https://www.sec.gov/Archives/edgar/data/8818/000119312521250382/d206178d8k.htm : HTTPSConnectionPool(host='www.sec.gov', port=443): Max retries exceeded with url: /Archives/edgar/data/8818/000119312521250382/d206178d8k.htm (Caused by NameResolutionError("HTTPSConnection(host='www.sec.gov', port=443): Failed to resolve 'www.sec.gov' ([Errno 11001] getaddrinfo failed)"))
2026-08-17 22:09:36,247 [WARNING] Requête https://www.sec.gov/Archives/edgar/data/8818/000119312521308649/d248012d8k.htm en échec (HTTPSConnectionPool(host='www.sec.gov', port=443): Max retries exceeded with url: /Archives/edgar/data/8818/000119312521308649/d248012d8k.htm (Caused by NameResolutionError("HTTPSConnection(host='www.sec.gov', port=443): Failed to resolve 'www.sec.gov' ([Errno 11001] getaddrinfo failed)"))), nouvelle tentative dans 2s.
2026-08-17 22:09:38,249 [WARNING] Requête https://www.sec.gov/Archives/edgar/data/8818/000119312521308649/d248012d8k.htm en échec (HTTPSConnectionPool(host='www.sec.gov', port=443): Max retries exceeded with url: /Archives/edgar/data/8818/000119312521308649/d248012d8k.htm (Caused by NameResolutionError("HTTPSConnection(host='www.sec.gov', port=443): Failed to resolve 'www.sec.gov' ([Errno 11001] getaddrinfo failed)"))), nouvelle tentative dans 4s.
2026-08-17 22:09:42,253 [WARNING] Requête https://www.sec.gov/Archives/edgar/data/8818/000119312521308649/d248012d8k.htm en échec (HTTPSConnectionPool(host='www.sec.gov', port=443): Max retries exceeded with url: /Archives/edgar/data/8818/000119312521308649/d248012d8k.htm (Caused by NameResolutionError("HTTPSConnection(host='www.sec.gov', port=443): Failed to resolve 'www.sec.gov' ([Errno 11001] getaddrinfo failed)"))), nouvelle tentative dans 8s.
2026-08-17 22:09:50,261 [ERROR] Échec de la requête https://www.sec.gov/Archives/edgar/data/8818/000119312521308649/d248012d8k.htm (4 tentatives) : HTTPSConnectionPool(host='www.sec.gov', port=443): Max retries exceeded with url: /Archives/edgar/data/8818/000119312521308649/d248012d8k.htm (Caused by NameResolutionError("HTTPSConnection(host='www.sec.gov', port=443): Failed to resolve 'www.sec.gov' ([Errno 11001] getaddrinfo failed)"))
2026-08-17 22:09:50,261 [ERROR] Échec du téléchargement du filing https://www.sec.gov/Archives/edgar/data/8818/000119312521308649/d248012d8k.htm: https://www.sec.gov/Archives/edgar/data/8818/000119312521308649/d248012d8k.htm : HTTPSConnectionPool(host='www.sec.gov', port=443): Max retries exceeded with url: /Archives/edgar/data/8818/000119312521308649/d248012d8k.htm (Caused by NameResolutionError("HTTPSConnection(host='www.sec.gov', port=443): Failed to resolve 'www.sec.gov' ([Errno 11001] getaddrinfo failed)"))
2026-08-17 22:09:50,386 [WARNING] Requête https://www.sec.gov/Archives/edgar/data/8818/000119312522025151/d301588d8k.htm en échec (HTTPSConnectionPool(host='www.sec.gov', port=443): Max retries exceeded with url: /Archives/edgar/data/8818/000119312522025151/d301588d8k.htm (Caused by NameResolutionError("HTTPSConnection(host='www.sec.gov', port=443): Failed to resolve 'www.sec.gov' ([Errno 11001] getaddrinfo failed)"))), nouvelle tentative dans 2s.
2026-08-17 22:09:52,388 [WARNING] Requête https://www.sec.gov/Archives/edgar/data/8818/000119312522025151/d301588d8k.htm en échec (HTTPSConnectionPool(host='www.sec.gov', port=443): Max retries exceeded with url: /Archives/edgar/data/8818/000119312522025151/d301588d8k.htm (Caused by NameResolutionError("HTTPSConnection(host='www.sec.gov', port=443): Failed to resolve 'www.sec.gov' ([Errno 11001] getaddrinfo failed)"))), nouvelle tentative dans 4s.
2026-08-17 22:09:56,390 [WARNING] Requête https://www.sec.gov/Archives/edgar/data/8818/000119312522025151/d301588d8k.htm en échec (HTTPSConnectionPool(host='www.sec.gov', port=443): Max retries exceeded with url: /Archives/edgar/data/8818/000119312522025151/d301588d8k.htm (Caused by NameResolutionError("HTTPSConnection(host='www.sec.gov', port=443): Failed to resolve 'www.sec.gov' ([Errno 11001] getaddrinfo failed)"))), nouvelle tentative dans 8s.
2026-08-17 22:10:04,396 [ERROR] Échec de la requête https://www.sec.gov/Archives/edgar/data/8818/000119312522025151/d301588d8k.htm (4 tentatives) : HTTPSConnectionPool(host='www.sec.gov', port=443): Max retries exceeded with url: /Archives/edgar/data/8818/000119312522025151/d301588d8k.htm (Caused by NameResolutionError("HTTPSConnection(host='www.sec.gov', port=443): Failed to resolve 'www.sec.gov' ([Errno 11001] getaddrinfo failed)"))
2026-08-17 22:10:04,396 [ERROR] Échec du téléchargement du filing https://www.sec.gov/Archives/edgar/data/8818/000119312522025151/d301588d8k.htm: https://www.sec.gov/Archives/edgar/data/8818/000119312522025151/d301588d8k.htm : HTTPSConnectionPool(host='www.sec.gov', port=443): Max retries exceeded with url: /Archives/edgar/data/8818/000119312522025151/d301588d8k.htm (Caused by NameResolutionError("HTTPSConnection(host='www.sec.gov', port=443): Failed to resolve 'www.sec.gov' ([Errno 11001] getaddrinfo failed)"))
2026-08-17 22:10:04,521 [WARNING] Requête https://www.sec.gov/Archives/edgar/data/8818/000119312522057997/d257292d8k.htm en échec (HTTPSConnectionPool(host='www.sec.gov', port=443): Max retries exceeded with url: /Archives/edgar/data/8818/000119312522057997/d257292d8k.htm (Caused by NameResolutionError("HTTPSConnection(host='www.sec.gov', port=443): Failed to resolve 'www.sec.gov' ([Errno 11001] getaddrinfo failed)"))), nouvelle tentative dans 2s.
2026-08-17 22:10:06,523 [WARNING] Requête https://www.sec.gov/Archives/edgar/data/8818/000119312522057997/d257292d8k.htm en échec (HTTPSConnectionPool(host='www.sec.gov', port=443): Max retries exceeded with url: /Archives/edgar/data/8818/000119312522057997/d257292d8k.htm (Caused by NameResolutionError("HTTPSConnection(host='www.sec.gov', port=443): Failed to resolve 'www.sec.gov' ([Errno 11001] getaddrinfo failed)"))), nouvelle tentative dans 4s.
2026-08-17 22:10:10,525 [WARNING] Requête https://www.sec.gov/Archives/edgar/data/8818/000119312522057997/d257292d8k.htm en échec (HTTPSConnectionPool(host='www.sec.gov', port=443): Max retries exceeded with url: /Archives/edgar/data/8818/000119312522057997/d257292d8k.htm (Caused by NameResolutionError("HTTPSConnection(host='www.sec.gov', port=443): Failed to resolve 'www.sec.gov' ([Errno 11001] getaddrinfo failed)"))), nouvelle tentative dans 8s.
2026-08-17 22:10:18,528 [ERROR] Échec de la requête https://www.sec.gov/Archives/edgar/data/8818/000119312522057997/d257292d8k.htm (4 tentatives) : HTTPSConnectionPool(host='www.sec.gov', port=443): Max retries exceeded with url: /Archives/edgar/data/8818/000119312522057997/d257292d8k.htm (Caused by NameResolutionError("HTTPSConnection(host='www.sec.gov', port=443): Failed to resolve 'www.sec.gov' ([Errno 11001] getaddrinfo failed)"))
2026-08-17 22:10:18,528 [ERROR] Échec du téléchargement du filing https://www.sec.gov/Archives/edgar/data/8818/000119312522057997/d257292d8k.htm: https://www.sec.gov/Archives/edgar/data/8818/000119312522057997/d257292d8k.htm : HTTPSConnectionPool(host='www.sec.gov', port=443): Max retries exceeded with url: /Archives/edgar/data/8818/000119312522057997/d257292d8k.htm (Caused by NameResolutionError("HTTPSConnection(host='www.sec.gov', port=443): Failed to resolve 'www.sec.gov' ([Errno 11001] getaddrinfo failed)"))
2026-08-17 22:10:18,653 [WARNING] Requête https://www.sec.gov/Archives/edgar/data/8818/000119312522118769/d622321d8k.htm en échec (HTTPSConnectionPool(host='www.sec.gov', port=443): Max retries exceeded with url: /Archives/edgar/data/8818/000119312522118769/d622321d8k.htm (Caused by NameResolutionError("HTTPSConnection(host='www.sec.gov', port=443): Failed to resolve 'www.sec.gov' ([Errno 11001] getaddrinfo failed)"))), nouvelle tentative dans 2s.
2026-08-17 22:10:20,655 [WARNING] Requête https://www.sec.gov/Archives/edgar/data/8818/000119312522118769/d622321d8k.htm en échec (HTTPSConnectionPool(host='www.sec.gov', port=443): Max retries exceeded with url: /Archives/edgar/data/8818/000119312522118769/d622321d8k.htm (Caused by NameResolutionError("HTTPSConnection(host='www.sec.gov', port=443): Failed to resolve 'www.sec.gov' ([Errno 11001] getaddrinfo failed)"))), nouvelle tentative dans 4s.
2026-08-17 22:10:24,657 [WARNING] Requête https://www.sec.gov/Archives/edgar/data/8818/000119312522118769/d622321d8k.htm en échec (HTTPSConnectionPool(host='www.sec.gov', port=443): Max retries exceeded with url: /Archives/edgar/data/8818/000119312522118769/d622321d8k.htm (Caused by NameResolutionError("HTTPSConnection(host='www.sec.gov', port=443): Failed to resolve 'www.sec.gov' ([Errno 11001] getaddrinfo failed)"))), nouvelle tentative dans 8s.
2026-08-17 22:10:32,659 [ERROR] Échec de la requête https://www.sec.gov/Archives/edgar/data/8818/000119312522118769/d622321d8k.htm (4 tentatives) : HTTPSConnectionPool(host='www.sec.gov', port=443): Max retries exceeded with url: /Archives/edgar/data/8818/000119312522118769/d622321d8k.htm (Caused by NameResolutionError("HTTPSConnection(host='www.sec.gov', port=443): Failed to resolve 'www.sec.gov' ([Errno 11001] getaddrinfo failed)"))
2026-08-17 22:10:32,659 [ERROR] Échec du téléchargement du filing https://www.sec.gov/Archives/edgar/data/8818/000119312522118769/d622321d8k.htm: https://www.sec.gov/Archives/edgar/data/8818/000119312522118769/d622321d8k.htm : HTTPSConnectionPool(host='www.sec.gov', port=443): Max retries exceeded with url: /Archives/edgar/data/8818/000119312522118769/d622321d8k.htm (Caused by NameResolutionError("HTTPSConnection(host='www.sec.gov', port=443): Failed to resolve 'www.sec.gov' ([Errno 11001] getaddrinfo failed)"))
2026-08-17 22:10:32,785 [WARNING] Requête https://www.sec.gov/Archives/edgar/data/8818/000000881822000004/avy-20220428.htm en échec (HTTPSConnectionPool(host='www.sec.gov', port=443): Max retries exceeded with url: /Archives/edgar/data/8818/000000881822000004/avy-20220428.htm (Caused by NameResolutionError("HTTPSConnection(host='www.sec.gov', port=443): Failed to resolve 'www.sec.gov' ([Errno 11001] getaddrinfo failed)"))), nouvelle tentative dans 2s.
2026-08-17 22:10:34,788 [WARNING] Requête https://www.sec.gov/Archives/edgar/data/8818/000000881822000004/avy-20220428.htm en échec (HTTPSConnectionPool(host='www.sec.gov', port=443): Max retries exceeded with url: /Archives/edgar/data/8818/000000881822000004/avy-20220428.htm (Caused by NameResolutionError("HTTPSConnection(host='www.sec.gov', port=443): Failed to resolve 'www.sec.gov' ([Errno 11001] getaddrinfo failed)"))), nouvelle tentative dans 4s.
2026-08-17 22:10:38,790 [WARNING] Requête https://www.sec.gov/Archives/edgar/data/8818/000000881822000004/avy-20220428.htm en échec (HTTPSConnectionPool(host='www.sec.gov', port=443): Max retries exceeded with url: /Archives/edgar/data/8818/000000881822000004/avy-20220428.htm (Caused by NameResolutionError("HTTPSConnection(host='www.sec.gov', port=443): Failed to resolve 'www.sec.gov' ([Errno 11001] getaddrinfo failed)"))), nouvelle tentative dans 8s.
2026-08-17 22:10:46,794 [ERROR] Échec de la requête https://www.sec.gov/Archives/edgar/data/8818/000000881822000004/avy-20220428.htm (4 tentatives) : HTTPSConnectionPool(host='www.sec.gov', port=443): Max retries exceeded with url: /Archives/edgar/data/8818/000000881822000004/avy-20220428.htm (Caused by NameResolutionError("HTTPSConnection(host='www.sec.gov', port=443): Failed to resolve 'www.sec.gov' ([Errno 11001] getaddrinfo failed)"))
2026-08-17 22:10:46,794 [ERROR] Échec du téléchargement du filing https://www.sec.gov/Archives/edgar/data/8818/000000881822000004/avy-20220428.htm: https://www.sec.gov/Archives/edgar/data/8818/000000881822000004/avy-20220428.htm : HTTPSConnectionPool(host='www.sec.gov', port=443): Max retries exceeded with url: /Archives/edgar/data/8818/000000881822000004/avy-20220428.htm (Caused by NameResolutionError("HTTPSConnection(host='www.sec.gov', port=443): Failed to resolve 'www.sec.gov' ([Errno 11001] getaddrinfo failed)"))
2026-08-17 22:10:46,919 [WARNING] Requête https://www.sec.gov/Archives/edgar/data/8818/000119312522202596/d376501d8k.htm en échec (HTTPSConnectionPool(host='www.sec.gov', port=443): Max retries exceeded with url: /Archives/edgar/data/8818/000119312522202596/d376501d8k.htm (Caused by NameResolutionError("HTTPSConnection(host='www.sec.gov', port=443): Failed to resolve 'www.sec.gov' ([Errno 11001] getaddrinfo failed)"))), nouvelle tentative dans 2s.
2026-08-17 22:10:48,921 [WARNING] Requête https://www.sec.gov/Archives/edgar/data/8818/000119312522202596/d376501d8k.htm en échec (HTTPSConnectionPool(host='www.sec.gov', port=443): Max retries exceeded with url: /Archives/edgar/data/8818/000119312522202596/d376501d8k.htm (Caused by NameResolutionError("HTTPSConnection(host='www.sec.gov', port=443): Failed to resolve 'www.sec.gov' ([Errno 11001] getaddrinfo failed)"))), nouvelle tentative dans 4s.
2026-08-17 22:10:52,923 [WARNING] Requête https://www.sec.gov/Archives/edgar/data/8818/000119312522202596/d376501d8k.htm en échec (HTTPSConnectionPool(host='www.sec.gov', port=443): Max retries exceeded with url: /Archives/edgar/data/8818/000119312522202596/d376501d8k.htm (Caused by NameResolutionError("HTTPSConnection(host='www.sec.gov', port=443): Failed to resolve 'www.sec.gov' ([Errno 11001] getaddrinfo failed)"))), nouvelle tentative dans 8s.
2026-08-17 22:11:00,926 [ERROR] Échec de la requête https://www.sec.gov/Archives/edgar/data/8818/000119312522202596/d376501d8k.htm (4 tentatives) : HTTPSConnectionPool(host='www.sec.gov', port=443): Max retries exceeded with url: /Archives/edgar/data/8818/000119312522202596/d376501d8k.htm (Caused by NameResolutionError("HTTPSConnection(host='www.sec.gov', port=443): Failed to resolve 'www.sec.gov' ([Errno 11001] getaddrinfo failed)"))
2026-08-17 22:11:00,926 [ERROR] Échec du téléchargement du filing https://www.sec.gov/Archives/edgar/data/8818/000119312522202596/d376501d8k.htm: https://www.sec.gov/Archives/edgar/data/8818/000119312522202596/d376501d8k.htm : HTTPSConnectionPool(host='www.sec.gov', port=443): Max retries exceeded with url: /Archives/edgar/data/8818/000119312522202596/d376501d8k.htm (Caused by NameResolutionError("HTTPSConnection(host='www.sec.gov', port=443): Failed to resolve 'www.sec.gov' ([Errno 11001] getaddrinfo failed)"))
2026-08-17 22:11:01,052 [WARNING] Requête https://www.sec.gov/Archives/edgar/data/8818/000119312522268995/d391292d8k.htm en échec (HTTPSConnectionPool(host='www.sec.gov', port=443): Max retries exceeded with url: /Archives/edgar/data/8818/000119312522268995/d391292d8k.htm (Caused by NameResolutionError("HTTPSConnection(host='www.sec.gov', port=443): Failed to resolve 'www.sec.gov' ([Errno 11001] getaddrinfo failed)"))), nouvelle tentative dans 2s.
2026-08-17 22:11:03,055 [WARNING] Requête https://www.sec.gov/Archives/edgar/data/8818/000119312522268995/d391292d8k.htm en échec (HTTPSConnectionPool(host='www.sec.gov', port=443): Max retries exceeded with url: /Archives/edgar/data/8818/000119312522268995/d391292d8k.htm (Caused by NameResolutionError("HTTPSConnection(host='www.sec.gov', port=443): Failed to resolve 'www.sec.gov' ([Errno 11001] getaddrinfo failed)"))), nouvelle tentative dans 4s.
2026-08-17 22:11:07,057 [WARNING] Requête https://www.sec.gov/Archives/edgar/data/8818/000119312522268995/d391292d8k.htm en échec (HTTPSConnectionPool(host='www.sec.gov', port=443): Max retries exceeded with url: /Archives/edgar/data/8818/000119312522268995/d391292d8k.htm (Caused by NameResolutionError("HTTPSConnection(host='www.sec.gov', port=443): Failed to resolve 'www.sec.gov' ([Errno 11001] getaddrinfo failed)"))), nouvelle tentative dans 8s.
2026-08-17 22:11:15,059 [ERROR] Échec de la requête https://www.sec.gov/Archives/edgar/data/8818/000119312522268995/d391292d8k.htm (4 tentatives) : HTTPSConnectionPool(host='www.sec.gov', port=443): Max retries exceeded with url: /Archives/edgar/data/8818/000119312522268995/d391292d8k.htm (Caused by NameResolutionError("HTTPSConnection(host='www.sec.gov', port=443): Failed to resolve 'www.sec.gov' ([Errno 11001] getaddrinfo failed)"))
2026-08-17 22:11:15,059 [ERROR] Échec du téléchargement du filing https://www.sec.gov/Archives/edgar/data/8818/000119312522268995/d391292d8k.htm: https://www.sec.gov/Archives/edgar/data/8818/000119312522268995/d391292d8k.htm : HTTPSConnectionPool(host='www.sec.gov', port=443): Max retries exceeded with url: /Archives/edgar/data/8818/000119312522268995/d391292d8k.htm (Caused by NameResolutionError("HTTPSConnection(host='www.sec.gov', port=443): Failed to resolve 'www.sec.gov' ([Errno 11001] getaddrinfo failed)"))
2026-08-17 22:11:15,185 [WARNING] Requête https://www.sec.gov/Archives/edgar/data/8818/000000881822000013/avy-20221027.htm en échec (HTTPSConnectionPool(host='www.sec.gov', port=443): Max retries exceeded with url: /Archives/edgar/data/8818/000000881822000013/avy-20221027.htm (Caused by NameResolutionError("HTTPSConnection(host='www.sec.gov', port=443): Failed to resolve 'www.sec.gov' ([Errno 11001] getaddrinfo failed)"))), nouvelle tentative dans 2s.
2026-08-17 22:11:17,187 [WARNING] Requête https://www.sec.gov/Archives/edgar/data/8818/000000881822000013/avy-20221027.htm en échec (HTTPSConnectionPool(host='www.sec.gov', port=443): Max retries exceeded with url: /Archives/edgar/data/8818/000000881822000013/avy-20221027.htm (Caused by NameResolutionError("HTTPSConnection(host='www.sec.gov', port=443): Failed to resolve 'www.sec.gov' ([Errno 11001] getaddrinfo failed)"))), nouvelle tentative dans 4s.
2026-08-17 22:11:21,190 [WARNING] Requête https://www.sec.gov/Archives/edgar/data/8818/000000881822000013/avy-20221027.htm en échec (HTTPSConnectionPool(host='www.sec.gov', port=443): Max retries exceeded with url: /Archives/edgar/data/8818/000000881822000013/avy-20221027.htm (Caused by NameResolutionError("HTTPSConnection(host='www.sec.gov', port=443): Failed to resolve 'www.sec.gov' ([Errno 11001] getaddrinfo failed)"))), nouvelle tentative dans 8s.
2026-08-17 22:11:29,192 [ERROR] Échec de la requête https://www.sec.gov/Archives/edgar/data/8818/000000881822000013/avy-20221027.htm (4 tentatives) : HTTPSConnectionPool(host='www.sec.gov', port=443): Max retries exceeded with url: /Archives/edgar/data/8818/000000881822000013/avy-20221027.htm (Caused by NameResolutionError("HTTPSConnection(host='www.sec.gov', port=443): Failed to resolve 'www.sec.gov' ([Errno 11001] getaddrinfo failed)"))
2026-08-17 22:11:29,193 [ERROR] Échec du téléchargement du filing https://www.sec.gov/Archives/edgar/data/8818/000000881822000013/avy-20221027.htm: https://www.sec.gov/Archives/edgar/data/8818/000000881822000013/avy-20221027.htm : HTTPSConnectionPool(host='www.sec.gov', port=443): Max retries exceeded with url: /Archives/edgar/data/8818/000000881822000013/avy-20221027.htm (Caused by NameResolutionError("HTTPSConnection(host='www.sec.gov', port=443): Failed to resolve 'www.sec.gov' ([Errno 11001] getaddrinfo failed)"))
2026-08-17 22:11:29,318 [WARNING] Requête https://www.sec.gov/Archives/edgar/data/8818/000000881822000017/avy-20221208.htm en échec (HTTPSConnectionPool(host='www.sec.gov', port=443): Max retries exceeded with url: /Archives/edgar/data/8818/000000881822000017/avy-20221208.htm (Caused by NameResolutionError("HTTPSConnection(host='www.sec.gov', port=443): Failed to resolve 'www.sec.gov' ([Errno 11001] getaddrinfo failed)"))), nouvelle tentative dans 2s.
2026-08-17 22:11:31,320 [WARNING] Requête https://www.sec.gov/Archives/edgar/data/8818/000000881822000017/avy-20221208.htm en échec (HTTPSConnectionPool(host='www.sec.gov', port=443): Max retries exceeded with url: /Archives/edgar/data/8818/000000881822000017/avy-20221208.htm (Caused by NameResolutionError("HTTPSConnection(host='www.sec.gov', port=443): Failed to resolve 'www.sec.gov' ([Errno 11001] getaddrinfo failed)"))), nouvelle tentative dans 4s.
2026-08-17 22:11:35,321 [WARNING] Requête https://www.sec.gov/Archives/edgar/data/8818/000000881822000017/avy-20221208.htm en échec (HTTPSConnectionPool(host='www.sec.gov', port=443): Max retries exceeded with url: /Archives/edgar/data/8818/000000881822000017/avy-20221208.htm (Caused by NameResolutionError("HTTPSConnection(host='www.sec.gov', port=443): Failed to resolve 'www.sec.gov' ([Errno 11001] getaddrinfo failed)"))), nouvelle tentative dans 8s.
2026-08-17 22:11:43,324 [ERROR] Échec de la requête https://www.sec.gov/Archives/edgar/data/8818/000000881822000017/avy-20221208.htm (4 tentatives) : HTTPSConnectionPool(host='www.sec.gov', port=443): Max retries exceeded with url: /Archives/edgar/data/8818/000000881822000017/avy-20221208.htm (Caused by NameResolutionError("HTTPSConnection(host='www.sec.gov', port=443): Failed to resolve 'www.sec.gov' ([Errno 11001] getaddrinfo failed)"))
2026-08-17 22:11:43,324 [ERROR] Échec du téléchargement du filing https://www.sec.gov/Archives/edgar/data/8818/000000881822000017/avy-20221208.htm: https://www.sec.gov/Archives/edgar/data/8818/000000881822000017/avy-20221208.htm : HTTPSConnectionPool(host='www.sec.gov', port=443): Max retries exceeded with url: /Archives/edgar/data/8818/000000881822000017/avy-20221208.htm (Caused by NameResolutionError("HTTPSConnection(host='www.sec.gov', port=443): Failed to resolve 'www.sec.gov' ([Errno 11001] getaddrinfo failed)"))
2026-08-17 22:11:43,449 [WARNING] Requête https://www.sec.gov/Archives/edgar/data/8818/000119312523018210/d445993d8k.htm en échec (HTTPSConnectionPool(host='www.sec.gov', port=443): Max retries exceeded with url: /Archives/edgar/data/8818/000119312523018210/d445993d8k.htm (Caused by NameResolutionError("HTTPSConnection(host='www.sec.gov', port=443): Failed to resolve 'www.sec.gov' ([Errno 11001] getaddrinfo failed)"))), nouvelle tentative dans 2s.
2026-08-17 22:11:45,451 [WARNING] Requête https://www.sec.gov/Archives/edgar/data/8818/000119312523018210/d445993d8k.htm en échec (HTTPSConnectionPool(host='www.sec.gov', port=443): Max retries exceeded with url: /Archives/edgar/data/8818/000119312523018210/d445993d8k.htm (Caused by NameResolutionError("HTTPSConnection(host='www.sec.gov', port=443): Failed to resolve 'www.sec.gov' ([Errno 11001] getaddrinfo failed)"))), nouvelle tentative dans 4s.
2026-08-17 22:11:49,454 [WARNING] Requête https://www.sec.gov/Archives/edgar/data/8818/000119312523018210/d445993d8k.htm en échec (HTTPSConnectionPool(host='www.sec.gov', port=443): Max retries exceeded with url: /Archives/edgar/data/8818/000119312523018210/d445993d8k.htm (Caused by NameResolutionError("HTTPSConnection(host='www.sec.gov', port=443): Failed to resolve 'www.sec.gov' ([Errno 11001] getaddrinfo failed)"))), nouvelle tentative dans 8s.
2026-08-17 22:11:57,456 [ERROR] Échec de la requête https://www.sec.gov/Archives/edgar/data/8818/000119312523018210/d445993d8k.htm (4 tentatives) : HTTPSConnectionPool(host='www.sec.gov', port=443): Max retries exceeded with url: /Archives/edgar/data/8818/000119312523018210/d445993d8k.htm (Caused by NameResolutionError("HTTPSConnection(host='www.sec.gov', port=443): Failed to resolve 'www.sec.gov' ([Errno 11001] getaddrinfo failed)"))
2026-08-17 22:11:57,456 [ERROR] Échec du téléchargement du filing https://www.sec.gov/Archives/edgar/data/8818/000119312523018210/d445993d8k.htm: https://www.sec.gov/Archives/edgar/data/8818/000119312523018210/d445993d8k.htm : HTTPSConnectionPool(host='www.sec.gov', port=443): Max retries exceeded with url: /Archives/edgar/data/8818/000119312523018210/d445993d8k.htm (Caused by NameResolutionError("HTTPSConnection(host='www.sec.gov', port=443): Failed to resolve 'www.sec.gov' ([Errno 11001] getaddrinfo failed)"))
2026-08-17 22:11:57,581 [WARNING] Requête https://www.sec.gov/Archives/edgar/data/8818/000119312523022084/d243122d8k.htm en échec (HTTPSConnectionPool(host='www.sec.gov', port=443): Max retries exceeded with url: /Archives/edgar/data/8818/000119312523022084/d243122d8k.htm (Caused by NameResolutionError("HTTPSConnection(host='www.sec.gov', port=443): Failed to resolve 'www.sec.gov' ([Errno 11001] getaddrinfo failed)"))), nouvelle tentative dans 2s.
2026-08-17 22:11:59,585 [WARNING] Requête https://www.sec.gov/Archives/edgar/data/8818/000119312523022084/d243122d8k.htm en échec (HTTPSConnectionPool(host='www.sec.gov', port=443): Max retries exceeded with url: /Archives/edgar/data/8818/000119312523022084/d243122d8k.htm (Caused by NameResolutionError("HTTPSConnection(host='www.sec.gov', port=443): Failed to resolve 'www.sec.gov' ([Errno 11001] getaddrinfo failed)"))), nouvelle tentative dans 4s.
2026-08-17 22:12:03,587 [WARNING] Requête https://www.sec.gov/Archives/edgar/data/8818/000119312523022084/d243122d8k.htm en échec (HTTPSConnectionPool(host='www.sec.gov', port=443): Max retries exceeded with url: /Archives/edgar/data/8818/000119312523022084/d243122d8k.htm (Caused by NameResolutionError("HTTPSConnection(host='www.sec.gov', port=443): Failed to resolve 'www.sec.gov' ([Errno 11001] getaddrinfo failed)"))), nouvelle tentative dans 8s.
2026-08-17 22:12:11,591 [ERROR] Échec de la requête https://www.sec.gov/Archives/edgar/data/8818/000119312523022084/d243122d8k.htm (4 tentatives) : HTTPSConnectionPool(host='www.sec.gov', port=443): Max retries exceeded with url: /Archives/edgar/data/8818/000119312523022084/d243122d8k.htm (Caused by NameResolutionError("HTTPSConnection(host='www.sec.gov', port=443): Failed to resolve 'www.sec.gov' ([Errno 11001] getaddrinfo failed)"))
2026-08-17 22:12:11,591 [ERROR] Échec du téléchargement du filing https://www.sec.gov/Archives/edgar/data/8818/000119312523022084/d243122d8k.htm: https://www.sec.gov/Archives/edgar/data/8818/000119312523022084/d243122d8k.htm : HTTPSConnectionPool(host='www.sec.gov', port=443): Max retries exceeded with url: /Archives/edgar/data/8818/000119312523022084/d243122d8k.htm (Caused by NameResolutionError("HTTPSConnection(host='www.sec.gov', port=443): Failed to resolve 'www.sec.gov' ([Errno 11001] getaddrinfo failed)"))
2026-08-17 22:12:11,716 [WARNING] Requête https://www.sec.gov/Archives/edgar/data/8818/000000881823000003/avy-20230223.htm en échec (HTTPSConnectionPool(host='www.sec.gov', port=443): Max retries exceeded with url: /Archives/edgar/data/8818/000000881823000003/avy-20230223.htm (Caused by NameResolutionError("HTTPSConnection(host='www.sec.gov', port=443): Failed to resolve 'www.sec.gov' ([Errno 11001] getaddrinfo failed)"))), nouvelle tentative dans 2s.
2026-08-17 22:12:13,720 [WARNING] Requête https://www.sec.gov/Archives/edgar/data/8818/000000881823000003/avy-20230223.htm en échec (HTTPSConnectionPool(host='www.sec.gov', port=443): Max retries exceeded with url: /Archives/edgar/data/8818/000000881823000003/avy-20230223.htm (Caused by NameResolutionError("HTTPSConnection(host='www.sec.gov', port=443): Failed to resolve 'www.sec.gov' ([Errno 11001] getaddrinfo failed)"))), nouvelle tentative dans 4s.
2026-08-17 22:12:17,723 [WARNING] Requête https://www.sec.gov/Archives/edgar/data/8818/000000881823000003/avy-20230223.htm en échec (HTTPSConnectionPool(host='www.sec.gov', port=443): Max retries exceeded with url: /Archives/edgar/data/8818/000000881823000003/avy-20230223.htm (Caused by NameResolutionError("HTTPSConnection(host='www.sec.gov', port=443): Failed to resolve 'www.sec.gov' ([Errno 11001] getaddrinfo failed)"))), nouvelle tentative dans 8s.
2026-08-17 22:12:25,726 [ERROR] Échec de la requête https://www.sec.gov/Archives/edgar/data/8818/000000881823000003/avy-20230223.htm (4 tentatives) : HTTPSConnectionPool(host='www.sec.gov', port=443): Max retries exceeded with url: /Archives/edgar/data/8818/000000881823000003/avy-20230223.htm (Caused by NameResolutionError("HTTPSConnection(host='www.sec.gov', port=443): Failed to resolve 'www.sec.gov' ([Errno 11001] getaddrinfo failed)"))
2026-08-17 22:12:25,726 [ERROR] Échec du téléchargement du filing https://www.sec.gov/Archives/edgar/data/8818/000000881823000003/avy-20230223.htm: https://www.sec.gov/Archives/edgar/data/8818/000000881823000003/avy-20230223.htm : HTTPSConnectionPool(host='www.sec.gov', port=443): Max retries exceeded with url: /Archives/edgar/data/8818/000000881823000003/avy-20230223.htm (Caused by NameResolutionError("HTTPSConnection(host='www.sec.gov', port=443): Failed to resolve 'www.sec.gov' ([Errno 11001] getaddrinfo failed)"))
2026-08-17 22:12:25,851 [WARNING] Requête https://www.sec.gov/Archives/edgar/data/8818/000119312523064475/d467951d8k.htm en échec (HTTPSConnectionPool(host='www.sec.gov', port=443): Max retries exceeded with url: /Archives/edgar/data/8818/000119312523064475/d467951d8k.htm (Caused by NameResolutionError("HTTPSConnection(host='www.sec.gov', port=443): Failed to resolve 'www.sec.gov' ([Errno 11001] getaddrinfo failed)"))), nouvelle tentative dans 2s.
2026-08-17 22:12:27,853 [WARNING] Requête https://www.sec.gov/Archives/edgar/data/8818/000119312523064475/d467951d8k.htm en échec (HTTPSConnectionPool(host='www.sec.gov', port=443): Max retries exceeded with url: /Archives/edgar/data/8818/000119312523064475/d467951d8k.htm (Caused by NameResolutionError("HTTPSConnection(host='www.sec.gov', port=443): Failed to resolve 'www.sec.gov' ([Errno 11001] getaddrinfo failed)"))), nouvelle tentative dans 4s.
2026-08-17 22:12:31,857 [WARNING] Requête https://www.sec.gov/Archives/edgar/data/8818/000119312523064475/d467951d8k.htm en échec (HTTPSConnectionPool(host='www.sec.gov', port=443): Max retries exceeded with url: /Archives/edgar/data/8818/000119312523064475/d467951d8k.htm (Caused by NameResolutionError("HTTPSConnection(host='www.sec.gov', port=443): Failed to resolve 'www.sec.gov' ([Errno 11001] getaddrinfo failed)"))), nouvelle tentative dans 8s.
C:\Users\bouil\Desktop\CalculRisque_Mark5-main\sec_filings_text.py:475: XMLParsedAsHTMLWarning: It looks like you're using an HTML parser to parse an XML document.

Assuming this really is an XML document, what you're doing might work, but you should know that using an XML parser will be more reliable. To parse this document as XML, make sure you have the Python package 'lxml' installed, and pass the keyword argument `features="xml"` into the BeautifulSoup constructor.

If you want or need to use an HTML parser on this document, you can make this warning go away by filtering it. To do that, run this code before calling the BeautifulSoup constructor:

    from bs4 import XMLParsedAsHTMLWarning
    import warnings

    warnings.filterwarnings("ignore", category=XMLParsedAsHTMLWarning)

  soup = BeautifulSoup(content, _best_parser())
2026-08-17 22:12:50,241 [INFO] [56/498] AXON (CIK 0001069183, 58 fenêtre(s))...
C:\Users\bouil\Desktop\CalculRisque_Mark5-main\sec_filings_text.py:475: XMLParsedAsHTMLWarning: It looks like you're using an HTML parser to parse an XML document.

Assuming this really is an XML document, what you're doing might work, but you should know that using an XML parser will be more reliable. To parse this document as XML, make sure you have the Python package 'lxml' installed, and pass the keyword argument `features="xml"` into the BeautifulSoup constructor.

If you want or need to use an HTML parser on this document, you can make this warning go away by filtering it. To do that, run this code before calling the BeautifulSoup constructor:

    from bs4 import XMLParsedAsHTMLWarning
    import warnings

    warnings.filterwarnings("ignore", category=XMLParsedAsHTMLWarning)

  soup = BeautifulSoup(content, _best_parser())
2026-08-17 22:13:35,041 [INFO] [57/498] BKR (CIK 0001701605, 34 fenêtre(s))...
C:\Users\bouil\Desktop\CalculRisque_Mark5-main\sec_filings_text.py:475: XMLParsedAsHTMLWarning: It looks like you're using an HTML parser to parse an XML document.

Assuming this really is an XML document, what you're doing might work, but you should know that using an XML parser will be more reliable. To parse this document as XML, make sure you have the Python package 'lxml' installed, and pass the keyword argument `features="xml"` into the BeautifulSoup constructor.

If you want or need to use an HTML parser on this document, you can make this warning go away by filtering it. To do that, run this code before calling the BeautifulSoup constructor:

    from bs4 import XMLParsedAsHTMLWarning
    import warnings

    warnings.filterwarnings("ignore", category=XMLParsedAsHTMLWarning)

  soup = BeautifulSoup(content, _best_parser())
2026-08-17 22:14:36,398 [INFO] [58/498] BALL (CIK 0000009389, 62 fenêtre(s))...
C:\Users\bouil\Desktop\CalculRisque_Mark5-main\sec_filings_text.py:475: XMLParsedAsHTMLWarning: It looks like you're using an HTML parser to parse an XML document.

Assuming this really is an XML document, what you're doing might work, but you should know that using an XML parser will be more reliable. To parse this document as XML, make sure you have the Python package 'lxml' installed, and pass the keyword argument `features="xml"` into the BeautifulSoup constructor.

If you want or need to use an HTML parser on this document, you can make this warning go away by filtering it. To do that, run this code before calling the BeautifulSoup constructor:

    from bs4 import XMLParsedAsHTMLWarning
    import warnings

    warnings.filterwarnings("ignore", category=XMLParsedAsHTMLWarning)

  soup = BeautifulSoup(content, _best_parser())
2026-08-17 22:16:26,905 [INFO] [59/498] BAC (CIK 0000070858, 66 fenêtre(s))...
C:\Users\bouil\Desktop\CalculRisque_Mark5-main\sec_filings_text.py:475: XMLParsedAsHTMLWarning: It looks like you're using an HTML parser to parse an XML document.

Assuming this really is an XML document, what you're doing might work, but you should know that using an XML parser will be more reliable. To parse this document as XML, make sure you have the Python package 'lxml' installed, and pass the keyword argument `features="xml"` into the BeautifulSoup constructor.

If you want or need to use an HTML parser on this document, you can make this warning go away by filtering it. To do that, run this code before calling the BeautifulSoup constructor:

    from bs4 import XMLParsedAsHTMLWarning
    import warnings

    warnings.filterwarnings("ignore", category=XMLParsedAsHTMLWarning)

  soup = BeautifulSoup(content, _best_parser())
2026-08-17 22:17:18,293 [INFO] [60/498] BAX (CIK 0000010456, 65 fenêtre(s))...
2026-08-17 22:17:50,204 [WARNING] Requête https://www.sec.gov/Archives/edgar/data/10456/000095012311060831/c65187e8vk.htm en échec (HTTPSConnectionPool(host='www.sec.gov', port=443): Read timed out. (read timeout=30)), nouvelle tentative dans 2s.
2026-08-17 22:18:10,856 [WARNING] Requête https://www.sec.gov/Archives/edgar/data/10456/000119312513254412/d552141d8k.htm en échec (HTTP 503), nouvelle tentative dans 2s.
2026-08-17 22:19:07,395 [WARNING] Requête https://www.sec.gov/Archives/edgar/data/10456/000119312515006481/d849735d8k.htm en échec (HTTPSConnectionPool(host='www.sec.gov', port=443): Read timed out. (read timeout=30)), nouvelle tentative dans 2s.
2026-08-17 22:19:21,828 [WARNING] Requête https://www.sec.gov/Archives/edgar/data/10456/000119312515104192/d895476d8k.htm en échec (HTTP 503), nouvelle tentative dans 2s.
2026-08-17 22:20:25,755 [WARNING] Requête https://www.sec.gov/Archives/edgar/data/10456/000119312516742805/d234633d8k.htm en échec (HTTP 503), nouvelle tentative dans 2s.
2026-08-17 22:20:49,972 [WARNING] Requête https://www.sec.gov/Archives/edgar/data/10456/000119312517068798/d344320d8k.htm en échec (HTTP 503), nouvelle tentative dans 2s.
2026-08-17 22:21:02,825 [WARNING] Requête https://www.sec.gov/Archives/edgar/data/10456/000119312517068798/d344320d8k.htm en échec (HTTP 503), nouvelle tentative dans 4s.
2026-08-17 22:21:26,011 [WARNING] Requête https://www.sec.gov/Archives/edgar/data/10456/000119312517158934/d381472d8k.htm en échec (HTTP 503), nouvelle tentative dans 2s.
C:\Users\bouil\Desktop\CalculRisque_Mark5-main\sec_filings_text.py:475: XMLParsedAsHTMLWarning: It looks like you're using an HTML parser to parse an XML document.

Assuming this really is an XML document, what you're doing might work, but you should know that using an XML parser will be more reliable. To parse this document as XML, make sure you have the Python package 'lxml' installed, and pass the keyword argument `features="xml"` into the BeautifulSoup constructor.

If you want or need to use an HTML parser on this document, you can make this warning go away by filtering it. To do that, run this code before calling the BeautifulSoup constructor:

    from bs4 import XMLParsedAsHTMLWarning
    import warnings

    warnings.filterwarnings("ignore", category=XMLParsedAsHTMLWarning)

  soup = BeautifulSoup(content, _best_parser())
2026-08-17 22:22:19,287 [WARNING] Requête https://www.sec.gov/Archives/edgar/data/10456/000162828020015041/bax-20201029.htm en échec (HTTP 503), nouvelle tentative dans 2s.
2026-08-17 22:23:01,755 [WARNING] Requête https://www.sec.gov/Archives/edgar/data/10456/000162828021007596/bax-20210426.htm en échec (HTTPSConnectionPool(host='www.sec.gov', port=443): Read timed out. (read timeout=30)), nouvelle tentative dans 2s.
2026-08-17 22:23:21,169 [INFO] [61/498] BDX (CIK 0000010795, 66 fenêtre(s))...
C:\Users\bouil\Desktop\CalculRisque_Mark5-main\sec_filings_text.py:475: XMLParsedAsHTMLWarning: It looks like you're using an HTML parser to parse an XML document.

Assuming this really is an XML document, what you're doing might work, but you should know that using an XML parser will be more reliable. To parse this document as XML, make sure you have the Python package 'lxml' installed, and pass the keyword argument `features="xml"` into the BeautifulSoup constructor.

If you want or need to use an HTML parser on this document, you can make this warning go away by filtering it. To do that, run this code before calling the BeautifulSoup constructor:

    from bs4 import XMLParsedAsHTMLWarning
    import warnings

    warnings.filterwarnings("ignore", category=XMLParsedAsHTMLWarning)

  soup = BeautifulSoup(content, _best_parser())
2026-08-17 22:24:32,888 [INFO] [62/498] BBY (CIK 0000764478, 57 fenêtre(s))...
C:\Users\bouil\Desktop\CalculRisque_Mark5-main\sec_filings_text.py:475: XMLParsedAsHTMLWarning: It looks like you're using an HTML parser to parse an XML document.

Assuming this really is an XML document, what you're doing might work, but you should know that using an XML parser will be more reliable. To parse this document as XML, make sure you have the Python package 'lxml' installed, and pass the keyword argument `features="xml"` into the BeautifulSoup constructor.

If you want or need to use an HTML parser on this document, you can make this warning go away by filtering it. To do that, run this code before calling the BeautifulSoup constructor:

    from bs4 import XMLParsedAsHTMLWarning
    import warnings

    warnings.filterwarnings("ignore", category=XMLParsedAsHTMLWarning)

  soup = BeautifulSoup(content, _best_parser())
2026-08-17 22:25:00,827 [INFO] [63/498] TECH (CIK 0000842023, 58 fenêtre(s))...
C:\Users\bouil\Desktop\CalculRisque_Mark5-main\sec_filings_text.py:475: XMLParsedAsHTMLWarning: It looks like you're using an HTML parser to parse an XML document.

Assuming this really is an XML document, what you're doing might work, but you should know that using an XML parser will be more reliable. To parse this document as XML, make sure you have the Python package 'lxml' installed, and pass the keyword argument `features="xml"` into the BeautifulSoup constructor.

If you want or need to use an HTML parser on this document, you can make this warning go away by filtering it. To do that, run this code before calling the BeautifulSoup constructor:

    from bs4 import XMLParsedAsHTMLWarning
    import warnings

    warnings.filterwarnings("ignore", category=XMLParsedAsHTMLWarning)

  soup = BeautifulSoup(content, _best_parser())
2026-08-17 22:25:16,363 [INFO] [64/498] BIIB (CIK 0000875045, 35 fenêtre(s))...
C:\Users\bouil\Desktop\CalculRisque_Mark5-main\sec_filings_text.py:475: XMLParsedAsHTMLWarning: It looks like you're using an HTML parser to parse an XML document.

Assuming this really is an XML document, what you're doing might work, but you should know that using an XML parser will be more reliable. To parse this document as XML, make sure you have the Python package 'lxml' installed, and pass the keyword argument `features="xml"` into the BeautifulSoup constructor.

If you want or need to use an HTML parser on this document, you can make this warning go away by filtering it. To do that, run this code before calling the BeautifulSoup constructor:

    from bs4 import XMLParsedAsHTMLWarning
    import warnings

    warnings.filterwarnings("ignore", category=XMLParsedAsHTMLWarning)

  soup = BeautifulSoup(content, _best_parser())
2026-08-17 22:25:38,672 [INFO] [65/498] BLK (CIK 0002012383, 5 fenêtre(s))...
C:\Users\bouil\Desktop\CalculRisque_Mark5-main\sec_filings_text.py:475: XMLParsedAsHTMLWarning: It looks like you're using an HTML parser to parse an XML document.

Assuming this really is an XML document, what you're doing might work, but you should know that using an XML parser will be more reliable. To parse this document as XML, make sure you have the Python package 'lxml' installed, and pass the keyword argument `features="xml"` into the BeautifulSoup constructor.

If you want or need to use an HTML parser on this document, you can make this warning go away by filtering it. To do that, run this code before calling the BeautifulSoup constructor:

    from bs4 import XMLParsedAsHTMLWarning
    import warnings

    warnings.filterwarnings("ignore", category=XMLParsedAsHTMLWarning)

  soup = BeautifulSoup(content, _best_parser())
2026-08-17 22:25:39,808 [INFO] [66/498] BX (CIK 0001393818, 60 fenêtre(s))...
C:\Users\bouil\Desktop\CalculRisque_Mark5-main\sec_filings_text.py:475: XMLParsedAsHTMLWarning: It looks like you're using an HTML parser to parse an XML document.

Assuming this really is an XML document, what you're doing might work, but you should know that using an XML parser will be more reliable. To parse this document as XML, make sure you have the Python package 'lxml' installed, and pass the keyword argument `features="xml"` into the BeautifulSoup constructor.

If you want or need to use an HTML parser on this document, you can make this warning go away by filtering it. To do that, run this code before calling the BeautifulSoup constructor:

    from bs4 import XMLParsedAsHTMLWarning
    import warnings

    warnings.filterwarnings("ignore", category=XMLParsedAsHTMLWarning)

  soup = BeautifulSoup(content, _best_parser())
2026-08-17 22:26:07,883 [INFO] [67/498] XYZ (CIK 0001512673, 37 fenêtre(s))...
C:\Users\bouil\Desktop\CalculRisque_Mark5-main\sec_filings_text.py:475: XMLParsedAsHTMLWarning: It looks like you're using an HTML parser to parse an XML document.

Assuming this really is an XML document, what you're doing might work, but you should know that using an XML parser will be more reliable. To parse this document as XML, make sure you have the Python package 'lxml' installed, and pass the keyword argument `features="xml"` into the BeautifulSoup constructor.

If you want or need to use an HTML parser on this document, you can make this warning go away by filtering it. To do that, run this code before calling the BeautifulSoup constructor:

    from bs4 import XMLParsedAsHTMLWarning
    import warnings

    warnings.filterwarnings("ignore", category=XMLParsedAsHTMLWarning)

  soup = BeautifulSoup(content, _best_parser())
2026-08-17 22:26:43,118 [INFO] [68/498] BNY (CIK 0001390777, 66 fenêtre(s))...
2026-08-17 22:26:59,781 [WARNING] Requête https://www.sec.gov/Archives/edgar/data/1390777/000119312511276172/d244478d8k.htm en échec (HTTP 503), nouvelle tentative dans 2s.
2026-08-17 22:27:31,954 [WARNING] Requête https://www.sec.gov/Archives/edgar/data/1390777/000119312513019622/d466079d8k.htm en échec (HTTP 503), nouvelle tentative dans 2s.
2026-08-17 22:28:15,791 [WARNING] Requête https://www.sec.gov/Archives/edgar/data/1390777/000119312513219682/d539020d8k.htm en échec (HTTP 503), nouvelle tentative dans 2s.
2026-08-17 22:28:53,929 [WARNING] Requête https://www.sec.gov/Archives/edgar/data/1390777/000119312513402703/d610934d8k.htm en échec (HTTP 503), nouvelle tentative dans 2s.
2026-08-17 22:29:13,664 [WARNING] Requête https://www.sec.gov/Archives/edgar/data/1390777/000119312514016062/d658091d8k.htm en échec (HTTP 503), nouvelle tentative dans 2s.
C:\Users\bouil\Desktop\CalculRisque_Mark5-main\sec_filings_text.py:475: XMLParsedAsHTMLWarning: It looks like you're using an HTML parser to parse an XML document.

Assuming this really is an XML document, what you're doing might work, but you should know that using an XML parser will be more reliable. To parse this document as XML, make sure you have the Python package 'lxml' installed, and pass the keyword argument `features="xml"` into the BeautifulSoup constructor.

If you want or need to use an HTML parser on this document, you can make this warning go away by filtering it. To do that, run this code before calling the BeautifulSoup constructor:

    from bs4 import XMLParsedAsHTMLWarning
    import warnings

    warnings.filterwarnings("ignore", category=XMLParsedAsHTMLWarning)

  soup = BeautifulSoup(content, _best_parser())
2026-08-17 22:32:24,482 [WARNING] Requête https://www.sec.gov/Archives/edgar/data/1390777/000119312522188260/d562162d8k.htm en échec (HTTPSConnectionPool(host='www.sec.gov', port=443): Read timed out. (read timeout=30)), nouvelle tentative dans 2s.
2026-08-17 22:32:43,618 [INFO] [69/498] BA (CIK 0000012927, 21 fenêtre(s))...
2026-08-17 22:33:16,006 [WARNING] Requête https://www.sec.gov/Archives/edgar/data/12927/000095012317003588/a201703mar318-k.htm en échec (HTTP 503), nouvelle tentative dans 2s.
C:\Users\bouil\Desktop\CalculRisque_Mark5-main\sec_filings_text.py:475: XMLParsedAsHTMLWarning: It looks like you're using an HTML parser to parse an XML document.

Assuming this really is an XML document, what you're doing might work, but you should know that using an XML parser will be more reliable. To parse this document as XML, make sure you have the Python package 'lxml' installed, and pass the keyword argument `features="xml"` into the BeautifulSoup constructor.

If you want or need to use an HTML parser on this document, you can make this warning go away by filtering it. To do that, run this code before calling the BeautifulSoup constructor:

    from bs4 import XMLParsedAsHTMLWarning
    import warnings

    warnings.filterwarnings("ignore", category=XMLParsedAsHTMLWarning)

  soup = BeautifulSoup(content, _best_parser())
2026-08-17 22:33:46,808 [INFO] [70/498] BKNG (CIK 0001075531, 62 fenêtre(s))...
C:\Users\bouil\Desktop\CalculRisque_Mark5-main\sec_filings_text.py:475: XMLParsedAsHTMLWarning: It looks like you're using an HTML parser to parse an XML document.

Assuming this really is an XML document, what you're doing might work, but you should know that using an XML parser will be more reliable. To parse this document as XML, make sure you have the Python package 'lxml' installed, and pass the keyword argument `features="xml"` into the BeautifulSoup constructor.

If you want or need to use an HTML parser on this document, you can make this warning go away by filtering it. To do that, run this code before calling the BeautifulSoup constructor:

    from bs4 import XMLParsedAsHTMLWarning
    import warnings

    warnings.filterwarnings("ignore", category=XMLParsedAsHTMLWarning)

  soup = BeautifulSoup(content, _best_parser())
2026-08-17 22:34:59,021 [INFO] [71/498] BSX (CIK 0000885725, 65 fenêtre(s))...
2026-08-17 22:35:31,108 [WARNING] Requête https://www.sec.gov/Archives/edgar/data/885725/000088572511000019/form8k.htm en échec (HTTP 503), nouvelle tentative dans 2s.
2026-08-17 22:35:47,622 [WARNING] Requête https://www.sec.gov/Archives/edgar/data/885725/000088572512000008/form8-k2012annualbonusplan.htm en échec (HTTP 503), nouvelle tentative dans 2s.
2026-08-17 22:36:02,516 [WARNING] Requête https://www.sec.gov/Archives/edgar/data/885725/000088572512000025/q22012earningsrelease8-k.htm en échec (HTTP 503), nouvelle tentative dans 2s.
2026-08-17 22:36:15,590 [WARNING] Requête https://www.sec.gov/Archives/edgar/data/885725/000088572512000033/form8-krhythmiamedical.htm en échec (HTTP 503), nouvelle tentative dans 2s.
C:\Users\bouil\Desktop\CalculRisque_Mark5-main\sec_filings_text.py:475: XMLParsedAsHTMLWarning: It looks like you're using an HTML parser to parse an XML document.

Assuming this really is an XML document, what you're doing might work, but you should know that using an XML parser will be more reliable. To parse this document as XML, make sure you have the Python package 'lxml' installed, and pass the keyword argument `features="xml"` into the BeautifulSoup constructor.

If you want or need to use an HTML parser on this document, you can make this warning go away by filtering it. To do that, run this code before calling the BeautifulSoup constructor:

    from bs4 import XMLParsedAsHTMLWarning
    import warnings

    warnings.filterwarnings("ignore", category=XMLParsedAsHTMLWarning)

  soup = BeautifulSoup(content, _best_parser())
2026-08-17 22:37:23,696 [INFO] [72/498] BMY (CIK 0000014272, 63 fenêtre(s))...
C:\Users\bouil\Desktop\CalculRisque_Mark5-main\sec_filings_text.py:475: XMLParsedAsHTMLWarning: It looks like you're using an HTML parser to parse an XML document.

Assuming this really is an XML document, what you're doing might work, but you should know that using an XML parser will be more reliable. To parse this document as XML, make sure you have the Python package 'lxml' installed, and pass the keyword argument `features="xml"` into the BeautifulSoup constructor.

If you want or need to use an HTML parser on this document, you can make this warning go away by filtering it. To do that, run this code before calling the BeautifulSoup constructor:

    from bs4 import XMLParsedAsHTMLWarning
    import warnings

    warnings.filterwarnings("ignore", category=XMLParsedAsHTMLWarning)

  soup = BeautifulSoup(content, _best_parser())
2026-08-17 22:38:21,984 [INFO] [73/498] AVGO (CIK 0001730168, 30 fenêtre(s))...
C:\Users\bouil\Desktop\CalculRisque_Mark5-main\sec_filings_text.py:475: XMLParsedAsHTMLWarning: It looks like you're using an HTML parser to parse an XML document.

Assuming this really is an XML document, what you're doing might work, but you should know that using an XML parser will be more reliable. To parse this document as XML, make sure you have the Python package 'lxml' installed, and pass the keyword argument `features="xml"` into the BeautifulSoup constructor.

If you want or need to use an HTML parser on this document, you can make this warning go away by filtering it. To do that, run this code before calling the BeautifulSoup constructor:

    from bs4 import XMLParsedAsHTMLWarning
    import warnings

    warnings.filterwarnings("ignore", category=XMLParsedAsHTMLWarning)

  soup = BeautifulSoup(content, _best_parser())
2026-08-17 22:38:43,795 [INFO] [74/498] BR (CIK 0001383312, 57 fenêtre(s))...
2026-08-17 22:39:15,912 [WARNING] Requête https://www.sec.gov/Archives/edgar/data/1383312/000119312512394964/d410591d8k.htm en échec (HTTP 503), nouvelle tentative dans 2s.
2026-08-17 22:39:51,686 [WARNING] Requête https://www.sec.gov/Archives/edgar/data/1383312/000119312514198446/d727962d8k.htm en échec (HTTP 503), nouvelle tentative dans 2s.
2026-08-17 22:40:28,655 [WARNING] Requête https://www.sec.gov/Archives/edgar/data/1383312/000138331215000002/form_8-kxrexgibsonxrelease.htm en échec (HTTPSConnectionPool(host='www.sec.gov', port=443): Read timed out. (read timeout=30)), nouvelle tentative dans 2s.
2026-08-17 22:40:44,232 [WARNING] Requête https://www.sec.gov/Archives/edgar/data/1383312/000138331215000015/form_8-kxrexfebruaryx2015x.htm en échec (HTTP 503), nouvelle tentative dans 2s.
2026-08-17 22:41:03,043 [WARNING] Requête https://www.sec.gov/Archives/edgar/data/1383312/000138331215000063/form8-kre1q2016transcript.htm en échec (HTTP 503), nouvelle tentative dans 2s.
2026-08-17 22:42:19,314 [WARNING] Requête https://www.sec.gov/Archives/edgar/data/1383312/000138331217000025/form8-kredividend5x5x17.htm en échec (HTTP 503), nouvelle tentative dans 2s.
2026-08-17 22:43:04,167 [WARNING] Requête https://www.sec.gov/Archives/edgar/data/1383312/000138331217000080/form8kinvestordaypresen2017.htm en échec (HTTP 503), nouvelle tentative dans 2s.
2026-08-17 22:44:11,478 [WARNING] Requête https://www.sec.gov/Archives/edgar/data/1383312/000138331219000051/form8-krefi360close.htm en échec (HTTP 503), nouvelle tentative dans 2s.
2026-08-17 22:44:24,292 [WARNING] Requête https://www.sec.gov/Archives/edgar/data/1383312/000138331219000051/form8-krefi360close.htm en échec (HTTP 503), nouvelle tentative dans 4s.
C:\Users\bouil\Desktop\CalculRisque_Mark5-main\sec_filings_text.py:475: XMLParsedAsHTMLWarning: It looks like you're using an HTML parser to parse an XML document.

Assuming this really is an XML document, what you're doing might work, but you should know that using an XML parser will be more reliable. To parse this document as XML, make sure you have the Python package 'lxml' installed, and pass the keyword argument `features="xml"` into the BeautifulSoup constructor.

If you want or need to use an HTML parser on this document, you can make this warning go away by filtering it. To do that, run this code before calling the BeautifulSoup constructor:

    from bs4 import XMLParsedAsHTMLWarning
    import warnings

    warnings.filterwarnings("ignore", category=XMLParsedAsHTMLWarning)

  soup = BeautifulSoup(content, _best_parser())
2026-08-17 22:45:12,968 [INFO] [75/498] BRO (CIK 0000079282, 62 fenêtre(s))...
2026-08-17 22:45:42,366 [WARNING] Requête https://www.sec.gov/Archives/edgar/data/79282/000007928216000052/form8-kx06082016.htm en échec (HTTP 503), nouvelle tentative dans 2s.
2026-08-17 22:45:57,440 [WARNING] Requête https://www.sec.gov/Archives/edgar/data/79282/000007928217000018/form8-k050517.htm en échec (HTTP 503), nouvelle tentative dans 2s.
C:\Users\bouil\Desktop\CalculRisque_Mark5-main\sec_filings_text.py:475: XMLParsedAsHTMLWarning: It looks like you're using an HTML parser to parse an XML document.

Assuming this really is an XML document, what you're doing might work, but you should know that using an XML parser will be more reliable. To parse this document as XML, make sure you have the Python package 'lxml' installed, and pass the keyword argument `features="xml"` into the BeautifulSoup constructor.

If you want or need to use an HTML parser on this document, you can make this warning go away by filtering it. To do that, run this code before calling the BeautifulSoup constructor:

    from bs4 import XMLParsedAsHTMLWarning
    import warnings

    warnings.filterwarnings("ignore", category=XMLParsedAsHTMLWarning)

  soup = BeautifulSoup(content, _best_parser())
2026-08-17 22:46:35,378 [INFO] [76/498] BLDR (CIK 0001316835, 58 fenêtre(s))...
[orchestrateur] étape interrompue : dépassement du délai de 7200s.
