2026-07-29 21:30:51,154 [INFO] Log file: data\options\us_options_20260729_213051.log
2026-07-29 21:30:51,170 [INFO] Univers chargé : 10 tickers.
2026-07-29 21:30:53,365 [INFO] Filtre de valorisation : 2/10 entreprises avec un écart cours/valeur théorique >= 20% (sur 77 entreprises avec un DCF calculé, 10 dans l'univers fourni).
2026-07-29 21:30:53,367 [INFO] Connecting to 127.0.0.1:4002 with clientId 1...
2026-07-29 21:30:53,368 [INFO] Connected
2026-07-29 21:30:53,376 [INFO] Logged on to server version 176
2026-07-29 21:30:53,382 [INFO] API connection ready
2026-07-29 21:30:54,111 [INFO] Synchronization complete
2026-07-29 21:30:54,112 [INFO] Connecté à IBKR sur 127.0.0.1:4002 (clientId=1), marketDataType=4
2026-07-29 21:30:54,113 [INFO] [1/2] ADBE (Adobe Inc.)...
2026-07-29 21:30:58,656 [ERROR] Error 200, reqId 10: No security definition has been found for the request, contract: Option(symbol='ADBE', lastTradeDateOrContractMonth='20270617', strike=192.5, right='C', multiplier='100', exchange='NASDAQOM', currency='USD', tradingClass='ADBE')
2026-07-29 21:30:58,797 [ERROR] Error 200, reqId 11: No security definition has been found for the request, contract: Option(symbol='ADBE', lastTradeDateOrContractMonth='20270617', strike=192.5, right='P', multiplier='100', exchange='NASDAQOM', currency='USD', tradingClass='ADBE')
2026-07-29 21:30:58,797 [ERROR] Error 200, reqId 14: No security definition has been found for the request, contract: Option(symbol='ADBE', lastTradeDateOrContractMonth='20270617', strike=197.5, right='C', multiplier='100', exchange='NASDAQOM', currency='USD', tradingClass='ADBE')
2026-07-29 21:30:59,061 [ERROR] Error 200, reqId 18: No security definition has been found for the request, contract: Option(symbol='ADBE', lastTradeDateOrContractMonth='20270617', strike=202.5, right='C', multiplier='100', exchange='NASDAQOM', currency='USD', tradingClass='ADBE')
2026-07-29 21:30:59,062 [ERROR] Error 200, reqId 15: No security definition has been found for the request, contract: Option(symbol='ADBE', lastTradeDateOrContractMonth='20270617', strike=197.5, right='P', multiplier='100', exchange='NASDAQOM', currency='USD', tradingClass='ADBE')
2026-07-29 21:31:00,933 [ERROR] Error 200, reqId 19: No security definition has been found for the request, contract: Option(symbol='ADBE', lastTradeDateOrContractMonth='20270617', strike=202.5, right='P', multiplier='100', exchange='NASDAQOM', currency='USD', tradingClass='ADBE')
2026-07-29 21:31:00,960 [ERROR] Error 200, reqId 20: No security definition has been found for the request, contract: Option(symbol='ADBE', lastTradeDateOrContractMonth='20270617', strike=205.0, right='C', multiplier='100', exchange='NASDAQOM', currency='USD', tradingClass='ADBE')
2026-07-29 21:31:00,961 [ERROR] Error 200, reqId 21: No security definition has been found for the request, contract: Option(symbol='ADBE', lastTradeDateOrContractMonth='20270617', strike=205.0, right='P', multiplier='100', exchange='NASDAQOM', currency='USD', tradingClass='ADBE')
2026-07-29 21:31:00,961 [ERROR] Error 200, reqId 22: No security definition has been found for the request, contract: Option(symbol='ADBE', lastTradeDateOrContractMonth='20270617', strike=207.5, right='C', multiplier='100', exchange='NASDAQOM', currency='USD', tradingClass='ADBE')
2026-07-29 21:31:00,962 [ERROR] Error 200, reqId 26: No security definition has been found for the request, contract: Option(symbol='ADBE', lastTradeDateOrContractMonth='20270617', strike=212.5, right='C', multiplier='100', exchange='NASDAQOM', currency='USD', tradingClass='ADBE')
2026-07-29 21:31:00,962 [ERROR] Error 200, reqId 23: No security definition has been found for the request, contract: Option(symbol='ADBE', lastTradeDateOrContractMonth='20270617', strike=207.5, right='P', multiplier='100', exchange='NASDAQOM', currency='USD', tradingClass='ADBE')
2026-07-29 21:31:01,013 [ERROR] Error 200, reqId 27: No security definition has been found for the request, contract: Option(symbol='ADBE', lastTradeDateOrContractMonth='20270617', strike=212.5, right='P', multiplier='100', exchange='NASDAQOM', currency='USD', tradingClass='ADBE')
2026-07-29 21:31:01,014 [ERROR] Error 200, reqId 28: No security definition has been found for the request, contract: Option(symbol='ADBE', lastTradeDateOrContractMonth='20270617', strike=215.0, right='C', multiplier='100', exchange='NASDAQOM', currency='USD', tradingClass='ADBE')
2026-07-29 21:31:01,015 [ERROR] Error 200, reqId 29: No security definition has been found for the request, contract: Option(symbol='ADBE', lastTradeDateOrContractMonth='20270617', strike=215.0, right='P', multiplier='100', exchange='NASDAQOM', currency='USD', tradingClass='ADBE')
2026-07-29 21:31:01,015 [ERROR] Error 200, reqId 30: No security definition has been found for the request, contract: Option(symbol='ADBE', lastTradeDateOrContractMonth='20270617', strike=217.5, right='C', multiplier='100', exchange='NASDAQOM', currency='USD', tradingClass='ADBE')
2026-07-29 21:31:01,015 [ERROR] Error 200, reqId 31: No security definition has been found for the request, contract: Option(symbol='ADBE', lastTradeDateOrContractMonth='20270617', strike=217.5, right='P', multiplier='100', exchange='NASDAQOM', currency='USD', tradingClass='ADBE')
2026-07-29 21:31:01,496 [ERROR] Error 200, reqId 35: No security definition has been found for the request, contract: Option(symbol='ADBE', lastTradeDateOrContractMonth='20270617', strike=222.5, right='P', multiplier='100', exchange='NASDAQOM', currency='USD', tradingClass='ADBE')
2026-07-29 21:31:01,502 [ERROR] Error 200, reqId 34: No security definition has been found for the request, contract: Option(symbol='ADBE', lastTradeDateOrContractMonth='20270617', strike=222.5, right='C', multiplier='100', exchange='NASDAQOM', currency='USD', tradingClass='ADBE')
2026-07-29 21:31:01,504 [ERROR] Error 200, reqId 36: No security definition has been found for the request, contract: Option(symbol='ADBE', lastTradeDateOrContractMonth='20270617', strike=225.0, right='C', multiplier='100', exchange='NASDAQOM', currency='USD', tradingClass='ADBE')
2026-07-29 21:31:01,505 [ERROR] Error 200, reqId 38: No security definition has been found for the request, contract: Option(symbol='ADBE', lastTradeDateOrContractMonth='20270617', strike=227.5, right='C', multiplier='100', exchange='NASDAQOM', currency='USD', tradingClass='ADBE')
2026-07-29 21:31:01,507 [ERROR] Error 200, reqId 37: No security definition has been found for the request, contract: Option(symbol='ADBE', lastTradeDateOrContractMonth='20270617', strike=225.0, right='P', multiplier='100', exchange='NASDAQOM', currency='USD', tradingClass='ADBE')
2026-07-29 21:31:01,515 [ERROR] Error 200, reqId 39: No security definition has been found for the request, contract: Option(symbol='ADBE', lastTradeDateOrContractMonth='20270617', strike=227.5, right='P', multiplier='100', exchange='NASDAQOM', currency='USD', tradingClass='ADBE')
2026-07-29 21:31:02,371 [ERROR] Error 200, reqId 42: No security definition has been found for the request, contract: Option(symbol='ADBE', lastTradeDateOrContractMonth='20270617', strike=232.5, right='C', multiplier='100', exchange='NASDAQOM', currency='USD', tradingClass='ADBE')
2026-07-29 21:31:02,375 [ERROR] Error 200, reqId 43: No security definition has been found for the request, contract: Option(symbol='ADBE', lastTradeDateOrContractMonth='20270617', strike=232.5, right='P', multiplier='100', exchange='NASDAQOM', currency='USD', tradingClass='ADBE')
2026-07-29 21:31:02,376 [ERROR] Error 200, reqId 44: No security definition has been found for the request, contract: Option(symbol='ADBE', lastTradeDateOrContractMonth='20270617', strike=235.0, right='C', multiplier='100', exchange='NASDAQOM', currency='USD', tradingClass='ADBE')
2026-07-29 21:31:02,376 [ERROR] Error 200, reqId 45: No security definition has been found for the request, contract: Option(symbol='ADBE', lastTradeDateOrContractMonth='20270617', strike=235.0, right='P', multiplier='100', exchange='NASDAQOM', currency='USD', tradingClass='ADBE')
2026-07-29 21:31:02,377 [ERROR] Error 200, reqId 46: No security definition has been found for the request, contract: Option(symbol='ADBE', lastTradeDateOrContractMonth='20270617', strike=237.5, right='C', multiplier='100', exchange='NASDAQOM', currency='USD', tradingClass='ADBE')
2026-07-29 21:31:02,378 [ERROR] Error 200, reqId 47: No security definition has been found for the request, contract: Option(symbol='ADBE', lastTradeDateOrContractMonth='20270617', strike=237.5, right='P', multiplier='100', exchange='NASDAQOM', currency='USD', tradingClass='ADBE')
2026-07-29 21:31:02,383 [ERROR] Error 200, reqId 50: No security definition has been found for the request, contract: Option(symbol='ADBE', lastTradeDateOrContractMonth='20270617', strike=242.5, right='C', multiplier='100', exchange='NASDAQOM', currency='USD', tradingClass='ADBE')
2026-07-29 21:31:02,587 [ERROR] Error 200, reqId 51: No security definition has been found for the request, contract: Option(symbol='ADBE', lastTradeDateOrContractMonth='20270617', strike=242.5, right='P', multiplier='100', exchange='NASDAQOM', currency='USD', tradingClass='ADBE')
2026-07-29 21:31:02,592 [ERROR] Error 200, reqId 52: No security definition has been found for the request, contract: Option(symbol='ADBE', lastTradeDateOrContractMonth='20270617', strike=245.0, right='C', multiplier='100', exchange='NASDAQOM', currency='USD', tradingClass='ADBE')
2026-07-29 21:31:02,593 [ERROR] Error 200, reqId 53: No security definition has been found for the request, contract: Option(symbol='ADBE', lastTradeDateOrContractMonth='20270617', strike=245.0, right='P', multiplier='100', exchange='NASDAQOM', currency='USD', tradingClass='ADBE')
2026-07-29 21:31:02,882 [ERROR] Error 200, reqId 54: No security definition has been found for the request, contract: Option(symbol='ADBE', lastTradeDateOrContractMonth='20270617', strike=247.5, right='C', multiplier='100', exchange='NASDAQOM', currency='USD', tradingClass='ADBE')
2026-07-29 21:31:02,884 [ERROR] Error 200, reqId 55: No security definition has been found for the request, contract: Option(symbol='ADBE', lastTradeDateOrContractMonth='20270617', strike=247.5, right='P', multiplier='100', exchange='NASDAQOM', currency='USD', tradingClass='ADBE')
2026-07-29 21:31:02,890 [ERROR] Error 200, reqId 58: No security definition has been found for the request, contract: Option(symbol='ADBE', lastTradeDateOrContractMonth='20270617', strike=252.5, right='C', multiplier='100', exchange='NASDAQOM', currency='USD', tradingClass='ADBE')
2026-07-29 21:31:02,891 [ERROR] Error 200, reqId 60: No security definition has been found for the request, contract: Option(symbol='ADBE', lastTradeDateOrContractMonth='20270617', strike=255.0, right='C', multiplier='100', exchange='NASDAQOM', currency='USD', tradingClass='ADBE')
2026-07-29 21:31:03,250 [ERROR] Error 200, reqId 59: No security definition has been found for the request, contract: Option(symbol='ADBE', lastTradeDateOrContractMonth='20270617', strike=252.5, right='P', multiplier='100', exchange='NASDAQOM', currency='USD', tradingClass='ADBE')
2026-07-29 21:31:03,254 [ERROR] Error 200, reqId 62: No security definition has been found for the request, contract: Option(symbol='ADBE', lastTradeDateOrContractMonth='20270617', strike=257.5, right='C', multiplier='100', exchange='NASDAQOM', currency='USD', tradingClass='ADBE')
2026-07-29 21:31:03,255 [ERROR] Error 200, reqId 61: No security definition has been found for the request, contract: Option(symbol='ADBE', lastTradeDateOrContractMonth='20270617', strike=255.0, right='P', multiplier='100', exchange='NASDAQOM', currency='USD', tradingClass='ADBE')
2026-07-29 21:31:03,256 [ERROR] Error 200, reqId 67: No security definition has been found for the request, contract: Option(symbol='ADBE', lastTradeDateOrContractMonth='20270617', strike=262.5, right='P', multiplier='100', exchange='NASDAQOM', currency='USD', tradingClass='ADBE')
2026-07-29 21:31:03,257 [ERROR] Error 200, reqId 66: No security definition has been found for the request, contract: Option(symbol='ADBE', lastTradeDateOrContractMonth='20270617', strike=262.5, right='C', multiplier='100', exchange='NASDAQOM', currency='USD', tradingClass='ADBE')
2026-07-29 21:31:03,258 [ERROR] Error 200, reqId 63: No security definition has been found for the request, contract: Option(symbol='ADBE', lastTradeDateOrContractMonth='20270617', strike=257.5, right='P', multiplier='100', exchange='NASDAQOM', currency='USD', tradingClass='ADBE')
2026-07-29 21:31:03,258 [ERROR] Error 200, reqId 68: No security definition has been found for the request, contract: Option(symbol='ADBE', lastTradeDateOrContractMonth='20270617', strike=265.0, right='C', multiplier='100', exchange='NASDAQOM', currency='USD', tradingClass='ADBE')
2026-07-29 21:31:03,258 [ERROR] Error 200, reqId 69: No security definition has been found for the request, contract: Option(symbol='ADBE', lastTradeDateOrContractMonth='20270617', strike=265.0, right='P', multiplier='100', exchange='NASDAQOM', currency='USD', tradingClass='ADBE')
2026-07-29 21:31:03,285 [ERROR] Error 200, reqId 71: No security definition has been found for the request, contract: Option(symbol='ADBE', lastTradeDateOrContractMonth='20270617', strike=267.5, right='P', multiplier='100', exchange='NASDAQOM', currency='USD', tradingClass='ADBE')
2026-07-29 21:31:03,286 [ERROR] Error 200, reqId 70: No security definition has been found for the request, contract: Option(symbol='ADBE', lastTradeDateOrContractMonth='20270617', strike=267.5, right='C', multiplier='100', exchange='NASDAQOM', currency='USD', tradingClass='ADBE')
2026-07-29 21:31:03,298 [ERROR] Error 200, reqId 75: No security definition has been found for the request, contract: Option(symbol='ADBE', lastTradeDateOrContractMonth='20270617', strike=272.5, right='P', multiplier='100', exchange='NASDAQOM', currency='USD', tradingClass='ADBE')
2026-07-29 21:31:03,300 [ERROR] Error 200, reqId 74: No security definition has been found for the request, contract: Option(symbol='ADBE', lastTradeDateOrContractMonth='20270617', strike=272.5, right='C', multiplier='100', exchange='NASDAQOM', currency='USD', tradingClass='ADBE')
2026-07-29 21:31:03,309 [ERROR] Error 200, reqId 77: No security definition has been found for the request, contract: Option(symbol='ADBE', lastTradeDateOrContractMonth='20270617', strike=275.0, right='P', multiplier='100', exchange='NASDAQOM', currency='USD', tradingClass='ADBE')
2026-07-29 21:31:03,312 [ERROR] Error 200, reqId 79: No security definition has been found for the request, contract: Option(symbol='ADBE', lastTradeDateOrContractMonth='20270617', strike=277.5, right='P', multiplier='100', exchange='NASDAQOM', currency='USD', tradingClass='ADBE')
2026-07-29 21:31:03,316 [ERROR] Error 200, reqId 76: No security definition has been found for the request, contract: Option(symbol='ADBE', lastTradeDateOrContractMonth='20270617', strike=275.0, right='C', multiplier='100', exchange='NASDAQOM', currency='USD', tradingClass='ADBE')
2026-07-29 21:31:03,317 [ERROR] Error 200, reqId 82: No security definition has been found for the request, contract: Option(symbol='ADBE', lastTradeDateOrContractMonth='20270617', strike=285.0, right='C', multiplier='100', exchange='NASDAQOM', currency='USD', tradingClass='ADBE')
2026-07-29 21:31:03,317 [ERROR] Error 200, reqId 78: No security definition has been found for the request, contract: Option(symbol='ADBE', lastTradeDateOrContractMonth='20270617', strike=277.5, right='C', multiplier='100', exchange='NASDAQOM', currency='USD', tradingClass='ADBE')
2026-07-29 21:31:03,337 [ERROR] Error 200, reqId 83: No security definition has been found for the request, contract: Option(symbol='ADBE', lastTradeDateOrContractMonth='20270617', strike=285.0, right='P', multiplier='100', exchange='NASDAQOM', currency='USD', tradingClass='ADBE')
2026-07-29 21:31:03,338 [ERROR] Error 200, reqId 86: No security definition has been found for the request, contract: Option(symbol='ADBE', lastTradeDateOrContractMonth='20270617', strike=295.0, right='C', multiplier='100', exchange='NASDAQOM', currency='USD', tradingClass='ADBE')
2026-07-29 21:31:03,340 [ERROR] Error 200, reqId 87: No security definition has been found for the request, contract: Option(symbol='ADBE', lastTradeDateOrContractMonth='20270617', strike=295.0, right='P', multiplier='100', exchange='NASDAQOM', currency='USD', tradingClass='ADBE')
2026-07-29 21:31:03,358 [ERROR] Error 200, reqId 90: No security definition has been found for the request, contract: Option(symbol='ADBE', lastTradeDateOrContractMonth='20270617', strike=305.0, right='C', multiplier='100', exchange='NASDAQOM', currency='USD', tradingClass='ADBE')
2026-07-29 21:31:03,431 [ERROR] Error 200, reqId 91: No security definition has been found for the request, contract: Option(symbol='ADBE', lastTradeDateOrContractMonth='20270617', strike=305.0, right='P', multiplier='100', exchange='NASDAQOM', currency='USD', tradingClass='ADBE')
2026-07-29 21:31:03,431 [ERROR] Error 200, reqId 94: No security definition has been found for the request, contract: Option(symbol='ADBE', lastTradeDateOrContractMonth='20270617', strike=315.0, right='C', multiplier='100', exchange='NASDAQOM', currency='USD', tradingClass='ADBE')
2026-07-29 21:31:03,432 [ERROR] Error 200, reqId 98: No security definition has been found for the request, contract: Option(symbol='ADBE', lastTradeDateOrContractMonth='20270617', strike=325.0, right='C', multiplier='100', exchange='NASDAQOM', currency='USD', tradingClass='ADBE')
2026-07-29 21:31:03,432 [ERROR] Error 200, reqId 95: No security definition has been found for the request, contract: Option(symbol='ADBE', lastTradeDateOrContractMonth='20270617', strike=315.0, right='P', multiplier='100', exchange='NASDAQOM', currency='USD', tradingClass='ADBE')
2026-07-29 21:31:03,432 [ERROR] Error 200, reqId 99: No security definition has been found for the request, contract: Option(symbol='ADBE', lastTradeDateOrContractMonth='20270617', strike=325.0, right='P', multiplier='100', exchange='NASDAQOM', currency='USD', tradingClass='ADBE')
2026-07-29 21:31:03,719 [ERROR] Error 200, reqId 102: No security definition has been found for the request, contract: Option(symbol='ADBE', lastTradeDateOrContractMonth='20270617', strike=335.0, right='C', multiplier='100', exchange='NASDAQOM', currency='USD', tradingClass='ADBE')
2026-07-29 21:31:03,720 [ERROR] Error 200, reqId 103: No security definition has been found for the request, contract: Option(symbol='ADBE', lastTradeDateOrContractMonth='20270617', strike=335.0, right='P', multiplier='100', exchange='NASDAQOM', currency='USD', tradingClass='ADBE')
2026-07-29 21:31:03,842 [WARNING] Unknown contract: Option(symbol='ADBE', lastTradeDateOrContractMonth='20270617', strike=192.5, right='C', multiplier='100', exchange='NASDAQOM', currency='USD', tradingClass='ADBE')
2026-07-29 21:31:03,843 [WARNING] Unknown contract: Option(symbol='ADBE', lastTradeDateOrContractMonth='20270617', strike=192.5, right='P', multiplier='100', exchange='NASDAQOM', currency='USD', tradingClass='ADBE')
2026-07-29 21:31:03,845 [WARNING] Unknown contract: Option(symbol='ADBE', lastTradeDateOrContractMonth='20270617', strike=197.5, right='C', multiplier='100', exchange='NASDAQOM', currency='USD', tradingClass='ADBE')
2026-07-29 21:31:03,846 [WARNING] Unknown contract: Option(symbol='ADBE', lastTradeDateOrContractMonth='20270617', strike=197.5, right='P', multiplier='100', exchange='NASDAQOM', currency='USD', tradingClass='ADBE')
2026-07-29 21:31:03,847 [WARNING] Unknown contract: Option(symbol='ADBE', lastTradeDateOrContractMonth='20270617', strike=202.5, right='C', multiplier='100', exchange='NASDAQOM', currency='USD', tradingClass='ADBE')
2026-07-29 21:31:03,849 [WARNING] Unknown contract: Option(symbol='ADBE', lastTradeDateOrContractMonth='20270617', strike=202.5, right='P', multiplier='100', exchange='NASDAQOM', currency='USD', tradingClass='ADBE')
2026-07-29 21:31:03,860 [WARNING] Unknown contract: Option(symbol='ADBE', lastTradeDateOrContractMonth='20270617', strike=205.0, right='C', multiplier='100', exchange='NASDAQOM', currency='USD', tradingClass='ADBE')
2026-07-29 21:31:03,861 [WARNING] Unknown contract: Option(symbol='ADBE', lastTradeDateOrContractMonth='20270617', strike=205.0, right='P', multiplier='100', exchange='NASDAQOM', currency='USD', tradingClass='ADBE')
2026-07-29 21:31:03,869 [WARNING] Unknown contract: Option(symbol='ADBE', lastTradeDateOrContractMonth='20270617', strike=207.5, right='C', multiplier='100', exchange='NASDAQOM', currency='USD', tradingClass='ADBE')
2026-07-29 21:31:03,870 [WARNING] Unknown contract: Option(symbol='ADBE', lastTradeDateOrContractMonth='20270617', strike=207.5, right='P', multiplier='100', exchange='NASDAQOM', currency='USD', tradingClass='ADBE')
2026-07-29 21:31:03,872 [WARNING] Unknown contract: Option(symbol='ADBE', lastTradeDateOrContractMonth='20270617', strike=212.5, right='C', multiplier='100', exchange='NASDAQOM', currency='USD', tradingClass='ADBE')
2026-07-29 21:31:03,874 [WARNING] Unknown contract: Option(symbol='ADBE', lastTradeDateOrContractMonth='20270617', strike=212.5, right='P', multiplier='100', exchange='NASDAQOM', currency='USD', tradingClass='ADBE')
2026-07-29 21:31:03,874 [WARNING] Unknown contract: Option(symbol='ADBE', lastTradeDateOrContractMonth='20270617', strike=215.0, right='C', multiplier='100', exchange='NASDAQOM', currency='USD', tradingClass='ADBE')
2026-07-29 21:31:03,875 [WARNING] Unknown contract: Option(symbol='ADBE', lastTradeDateOrContractMonth='20270617', strike=215.0, right='P', multiplier='100', exchange='NASDAQOM', currency='USD', tradingClass='ADBE')
2026-07-29 21:31:03,875 [WARNING] Unknown contract: Option(symbol='ADBE', lastTradeDateOrContractMonth='20270617', strike=217.5, right='C', multiplier='100', exchange='NASDAQOM', currency='USD', tradingClass='ADBE')
2026-07-29 21:31:03,876 [WARNING] Unknown contract: Option(symbol='ADBE', lastTradeDateOrContractMonth='20270617', strike=217.5, right='P', multiplier='100', exchange='NASDAQOM', currency='USD', tradingClass='ADBE')
2026-07-29 21:31:03,877 [WARNING] Unknown contract: Option(symbol='ADBE', lastTradeDateOrContractMonth='20270617', strike=222.5, right='C', multiplier='100', exchange='NASDAQOM', currency='USD', tradingClass='ADBE')
2026-07-29 21:31:03,878 [WARNING] Unknown contract: Option(symbol='ADBE', lastTradeDateOrContractMonth='20270617', strike=222.5, right='P', multiplier='100', exchange='NASDAQOM', currency='USD', tradingClass='ADBE')
2026-07-29 21:31:03,879 [WARNING] Unknown contract: Option(symbol='ADBE', lastTradeDateOrContractMonth='20270617', strike=225.0, right='C', multiplier='100', exchange='NASDAQOM', currency='USD', tradingClass='ADBE')
2026-07-29 21:31:03,880 [WARNING] Unknown contract: Option(symbol='ADBE', lastTradeDateOrContractMonth='20270617', strike=225.0, right='P', multiplier='100', exchange='NASDAQOM', currency='USD', tradingClass='ADBE')
2026-07-29 21:31:03,881 [WARNING] Unknown contract: Option(symbol='ADBE', lastTradeDateOrContractMonth='20270617', strike=227.5, right='C', multiplier='100', exchange='NASDAQOM', currency='USD', tradingClass='ADBE')
2026-07-29 21:31:03,881 [WARNING] Unknown contract: Option(symbol='ADBE', lastTradeDateOrContractMonth='20270617', strike=227.5, right='P', multiplier='100', exchange='NASDAQOM', currency='USD', tradingClass='ADBE')
2026-07-29 21:31:03,882 [WARNING] Unknown contract: Option(symbol='ADBE', lastTradeDateOrContractMonth='20270617', strike=232.5, right='C', multiplier='100', exchange='NASDAQOM', currency='USD', tradingClass='ADBE')
2026-07-29 21:31:03,883 [WARNING] Unknown contract: Option(symbol='ADBE', lastTradeDateOrContractMonth='20270617', strike=232.5, right='P', multiplier='100', exchange='NASDAQOM', currency='USD', tradingClass='ADBE')
2026-07-29 21:31:03,883 [WARNING] Unknown contract: Option(symbol='ADBE', lastTradeDateOrContractMonth='20270617', strike=235.0, right='C', multiplier='100', exchange='NASDAQOM', currency='USD', tradingClass='ADBE')
2026-07-29 21:31:03,883 [WARNING] Unknown contract: Option(symbol='ADBE', lastTradeDateOrContractMonth='20270617', strike=235.0, right='P', multiplier='100', exchange='NASDAQOM', currency='USD', tradingClass='ADBE')
2026-07-29 21:31:03,884 [WARNING] Unknown contract: Option(symbol='ADBE', lastTradeDateOrContractMonth='20270617', strike=237.5, right='C', multiplier='100', exchange='NASDAQOM', currency='USD', tradingClass='ADBE')
2026-07-29 21:31:03,884 [WARNING] Unknown contract: Option(symbol='ADBE', lastTradeDateOrContractMonth='20270617', strike=237.5, right='P', multiplier='100', exchange='NASDAQOM', currency='USD', tradingClass='ADBE')
2026-07-29 21:31:03,884 [WARNING] Unknown contract: Option(symbol='ADBE', lastTradeDateOrContractMonth='20270617', strike=242.5, right='C', multiplier='100', exchange='NASDAQOM', currency='USD', tradingClass='ADBE')
2026-07-29 21:31:03,884 [WARNING] Unknown contract: Option(symbol='ADBE', lastTradeDateOrContractMonth='20270617', strike=242.5, right='P', multiplier='100', exchange='NASDAQOM', currency='USD', tradingClass='ADBE')
2026-07-29 21:31:03,885 [WARNING] Unknown contract: Option(symbol='ADBE', lastTradeDateOrContractMonth='20270617', strike=245.0, right='C', multiplier='100', exchange='NASDAQOM', currency='USD', tradingClass='ADBE')
2026-07-29 21:31:03,885 [WARNING] Unknown contract: Option(symbol='ADBE', lastTradeDateOrContractMonth='20270617', strike=245.0, right='P', multiplier='100', exchange='NASDAQOM', currency='USD', tradingClass='ADBE')
2026-07-29 21:31:03,885 [WARNING] Unknown contract: Option(symbol='ADBE', lastTradeDateOrContractMonth='20270617', strike=247.5, right='C', multiplier='100', exchange='NASDAQOM', currency='USD', tradingClass='ADBE')
2026-07-29 21:31:03,886 [WARNING] Unknown contract: Option(symbol='ADBE', lastTradeDateOrContractMonth='20270617', strike=247.5, right='P', multiplier='100', exchange='NASDAQOM', currency='USD', tradingClass='ADBE')
2026-07-29 21:31:03,886 [WARNING] Unknown contract: Option(symbol='ADBE', lastTradeDateOrContractMonth='20270617', strike=252.5, right='C', multiplier='100', exchange='NASDAQOM', currency='USD', tradingClass='ADBE')
2026-07-29 21:31:03,886 [WARNING] Unknown contract: Option(symbol='ADBE', lastTradeDateOrContractMonth='20270617', strike=252.5, right='P', multiplier='100', exchange='NASDAQOM', currency='USD', tradingClass='ADBE')
2026-07-29 21:31:03,886 [WARNING] Unknown contract: Option(symbol='ADBE', lastTradeDateOrContractMonth='20270617', strike=255.0, right='C', multiplier='100', exchange='NASDAQOM', currency='USD', tradingClass='ADBE')
2026-07-29 21:31:03,887 [WARNING] Unknown contract: Option(symbol='ADBE', lastTradeDateOrContractMonth='20270617', strike=255.0, right='P', multiplier='100', exchange='NASDAQOM', currency='USD', tradingClass='ADBE')
2026-07-29 21:31:03,887 [WARNING] Unknown contract: Option(symbol='ADBE', lastTradeDateOrContractMonth='20270617', strike=257.5, right='C', multiplier='100', exchange='NASDAQOM', currency='USD', tradingClass='ADBE')
2026-07-29 21:31:03,887 [WARNING] Unknown contract: Option(symbol='ADBE', lastTradeDateOrContractMonth='20270617', strike=257.5, right='P', multiplier='100', exchange='NASDAQOM', currency='USD', tradingClass='ADBE')
2026-07-29 21:31:03,888 [WARNING] Unknown contract: Option(symbol='ADBE', lastTradeDateOrContractMonth='20270617', strike=262.5, right='C', multiplier='100', exchange='NASDAQOM', currency='USD', tradingClass='ADBE')
2026-07-29 21:31:03,889 [WARNING] Unknown contract: Option(symbol='ADBE', lastTradeDateOrContractMonth='20270617', strike=262.5, right='P', multiplier='100', exchange='NASDAQOM', currency='USD', tradingClass='ADBE')
2026-07-29 21:31:03,890 [WARNING] Unknown contract: Option(symbol='ADBE', lastTradeDateOrContractMonth='20270617', strike=265.0, right='C', multiplier='100', exchange='NASDAQOM', currency='USD', tradingClass='ADBE')
2026-07-29 21:31:03,890 [WARNING] Unknown contract: Option(symbol='ADBE', lastTradeDateOrContractMonth='20270617', strike=265.0, right='P', multiplier='100', exchange='NASDAQOM', currency='USD', tradingClass='ADBE')
2026-07-29 21:31:03,891 [WARNING] Unknown contract: Option(symbol='ADBE', lastTradeDateOrContractMonth='20270617', strike=267.5, right='C', multiplier='100', exchange='NASDAQOM', currency='USD', tradingClass='ADBE')
2026-07-29 21:31:03,891 [WARNING] Unknown contract: Option(symbol='ADBE', lastTradeDateOrContractMonth='20270617', strike=267.5, right='P', multiplier='100', exchange='NASDAQOM', currency='USD', tradingClass='ADBE')
2026-07-29 21:31:03,896 [WARNING] Unknown contract: Option(symbol='ADBE', lastTradeDateOrContractMonth='20270617', strike=272.5, right='C', multiplier='100', exchange='NASDAQOM', currency='USD', tradingClass='ADBE')
2026-07-29 21:31:03,896 [WARNING] Unknown contract: Option(symbol='ADBE', lastTradeDateOrContractMonth='20270617', strike=272.5, right='P', multiplier='100', exchange='NASDAQOM', currency='USD', tradingClass='ADBE')
2026-07-29 21:31:03,897 [WARNING] Unknown contract: Option(symbol='ADBE', lastTradeDateOrContractMonth='20270617', strike=275.0, right='C', multiplier='100', exchange='NASDAQOM', currency='USD', tradingClass='ADBE')
2026-07-29 21:31:03,897 [WARNING] Unknown contract: Option(symbol='ADBE', lastTradeDateOrContractMonth='20270617', strike=275.0, right='P', multiplier='100', exchange='NASDAQOM', currency='USD', tradingClass='ADBE')
2026-07-29 21:31:03,897 [WARNING] Unknown contract: Option(symbol='ADBE', lastTradeDateOrContractMonth='20270617', strike=277.5, right='C', multiplier='100', exchange='NASDAQOM', currency='USD', tradingClass='ADBE')
2026-07-29 21:31:03,898 [WARNING] Unknown contract: Option(symbol='ADBE', lastTradeDateOrContractMonth='20270617', strike=277.5, right='P', multiplier='100', exchange='NASDAQOM', currency='USD', tradingClass='ADBE')
2026-07-29 21:31:03,898 [WARNING] Unknown contract: Option(symbol='ADBE', lastTradeDateOrContractMonth='20270617', strike=285.0, right='C', multiplier='100', exchange='NASDAQOM', currency='USD', tradingClass='ADBE')
2026-07-29 21:31:03,898 [WARNING] Unknown contract: Option(symbol='ADBE', lastTradeDateOrContractMonth='20270617', strike=285.0, right='P', multiplier='100', exchange='NASDAQOM', currency='USD', tradingClass='ADBE')
2026-07-29 21:31:03,898 [WARNING] Unknown contract: Option(symbol='ADBE', lastTradeDateOrContractMonth='20270617', strike=295.0, right='C', multiplier='100', exchange='NASDAQOM', currency='USD', tradingClass='ADBE')
2026-07-29 21:31:03,899 [WARNING] Unknown contract: Option(symbol='ADBE', lastTradeDateOrContractMonth='20270617', strike=295.0, right='P', multiplier='100', exchange='NASDAQOM', currency='USD', tradingClass='ADBE')
2026-07-29 21:31:03,899 [WARNING] Unknown contract: Option(symbol='ADBE', lastTradeDateOrContractMonth='20270617', strike=305.0, right='C', multiplier='100', exchange='NASDAQOM', currency='USD', tradingClass='ADBE')
2026-07-29 21:31:03,899 [WARNING] Unknown contract: Option(symbol='ADBE', lastTradeDateOrContractMonth='20270617', strike=305.0, right='P', multiplier='100', exchange='NASDAQOM', currency='USD', tradingClass='ADBE')
2026-07-29 21:31:03,899 [WARNING] Unknown contract: Option(symbol='ADBE', lastTradeDateOrContractMonth='20270617', strike=315.0, right='C', multiplier='100', exchange='NASDAQOM', currency='USD', tradingClass='ADBE')
2026-07-29 21:31:03,900 [WARNING] Unknown contract: Option(symbol='ADBE', lastTradeDateOrContractMonth='20270617', strike=315.0, right='P', multiplier='100', exchange='NASDAQOM', currency='USD', tradingClass='ADBE')
2026-07-29 21:31:03,900 [WARNING] Unknown contract: Option(symbol='ADBE', lastTradeDateOrContractMonth='20270617', strike=325.0, right='C', multiplier='100', exchange='NASDAQOM', currency='USD', tradingClass='ADBE')
2026-07-29 21:31:03,900 [WARNING] Unknown contract: Option(symbol='ADBE', lastTradeDateOrContractMonth='20270617', strike=325.0, right='P', multiplier='100', exchange='NASDAQOM', currency='USD', tradingClass='ADBE')
2026-07-29 21:31:03,900 [WARNING] Unknown contract: Option(symbol='ADBE', lastTradeDateOrContractMonth='20270617', strike=335.0, right='C', multiplier='100', exchange='NASDAQOM', currency='USD', tradingClass='ADBE')
2026-07-29 21:31:03,900 [WARNING] Unknown contract: Option(symbol='ADBE', lastTradeDateOrContractMonth='20270617', strike=335.0, right='P', multiplier='100', exchange='NASDAQOM', currency='USD', tradingClass='ADBE')
2026-07-29 21:31:04,225 [ERROR] Error 200, reqId 110: No security definition has been found for the request, contract: Option(symbol='ADBE', lastTradeDateOrContractMonth='20271217', strike=192.5, right='C', multiplier='100', exchange='NASDAQOM', currency='USD', tradingClass='ADBE')
2026-07-29 21:31:04,226 [ERROR] Error 200, reqId 111: No security definition has been found for the request, contract: Option(symbol='ADBE', lastTradeDateOrContractMonth='20271217', strike=192.5, right='P', multiplier='100', exchange='NASDAQOM', currency='USD', tradingClass='ADBE')
2026-07-29 21:31:04,336 [ERROR] Error 200, reqId 114: No security definition has been found for the request, contract: Option(symbol='ADBE', lastTradeDateOrContractMonth='20271217', strike=197.5, right='C', multiplier='100', exchange='NASDAQOM', currency='USD', tradingClass='ADBE')
2026-07-29 21:31:04,337 [ERROR] Error 200, reqId 115: No security definition has been found for the request, contract: Option(symbol='ADBE', lastTradeDateOrContractMonth='20271217', strike=197.5, right='P', multiplier='100', exchange='NASDAQOM', currency='USD', tradingClass='ADBE')
2026-07-29 21:31:04,338 [ERROR] Error 200, reqId 118: No security definition has been found for the request, contract: Option(symbol='ADBE', lastTradeDateOrContractMonth='20271217', strike=202.5, right='C', multiplier='100', exchange='NASDAQOM', currency='USD', tradingClass='ADBE')
2026-07-29 21:31:04,505 [ERROR] Error 200, reqId 119: No security definition has been found for the request, contract: Option(symbol='ADBE', lastTradeDateOrContractMonth='20271217', strike=202.5, right='P', multiplier='100', exchange='NASDAQOM', currency='USD', tradingClass='ADBE')
2026-07-29 21:31:04,506 [ERROR] Error 200, reqId 121: No security definition has been found for the request, contract: Option(symbol='ADBE', lastTradeDateOrContractMonth='20271217', strike=205.0, right='P', multiplier='100', exchange='NASDAQOM', currency='USD', tradingClass='ADBE')
2026-07-29 21:31:04,516 [ERROR] Error 200, reqId 120: No security definition has been found for the request, contract: Option(symbol='ADBE', lastTradeDateOrContractMonth='20271217', strike=205.0, right='C', multiplier='100', exchange='NASDAQOM', currency='USD', tradingClass='ADBE')
2026-07-29 21:31:04,516 [ERROR] Error 200, reqId 122: No security definition has been found for the request, contract: Option(symbol='ADBE', lastTradeDateOrContractMonth='20271217', strike=207.5, right='C', multiplier='100', exchange='NASDAQOM', currency='USD', tradingClass='ADBE')
2026-07-29 21:31:04,517 [ERROR] Error 200, reqId 123: No security definition has been found for the request, contract: Option(symbol='ADBE', lastTradeDateOrContractMonth='20271217', strike=207.5, right='P', multiplier='100', exchange='NASDAQOM', currency='USD', tradingClass='ADBE')
2026-07-29 21:31:04,518 [ERROR] Error 200, reqId 126: No security definition has been found for the request, contract: Option(symbol='ADBE', lastTradeDateOrContractMonth='20271217', strike=212.5, right='C', multiplier='100', exchange='NASDAQOM', currency='USD', tradingClass='ADBE')
2026-07-29 21:31:04,556 [ERROR] Error 200, reqId 127: No security definition has been found for the request, contract: Option(symbol='ADBE', lastTradeDateOrContractMonth='20271217', strike=212.5, right='P', multiplier='100', exchange='NASDAQOM', currency='USD', tradingClass='ADBE')
2026-07-29 21:31:04,560 [ERROR] Error 200, reqId 129: No security definition has been found for the request, contract: Option(symbol='ADBE', lastTradeDateOrContractMonth='20271217', strike=215.0, right='P', multiplier='100', exchange='NASDAQOM', currency='USD', tradingClass='ADBE')
2026-07-29 21:31:04,560 [ERROR] Error 200, reqId 128: No security definition has been found for the request, contract: Option(symbol='ADBE', lastTradeDateOrContractMonth='20271217', strike=215.0, right='C', multiplier='100', exchange='NASDAQOM', currency='USD', tradingClass='ADBE')
2026-07-29 21:31:04,564 [ERROR] Error 200, reqId 130: No security definition has been found for the request, contract: Option(symbol='ADBE', lastTradeDateOrContractMonth='20271217', strike=217.5, right='C', multiplier='100', exchange='NASDAQOM', currency='USD', tradingClass='ADBE')
2026-07-29 21:31:04,566 [ERROR] Error 200, reqId 131: No security definition has been found for the request, contract: Option(symbol='ADBE', lastTradeDateOrContractMonth='20271217', strike=217.5, right='P', multiplier='100', exchange='NASDAQOM', currency='USD', tradingClass='ADBE')
2026-07-29 21:31:04,629 [ERROR] Error 200, reqId 134: No security definition has been found for the request, contract: Option(symbol='ADBE', lastTradeDateOrContractMonth='20271217', strike=222.5, right='C', multiplier='100', exchange='NASDAQOM', currency='USD', tradingClass='ADBE')
2026-07-29 21:31:04,629 [ERROR] Error 200, reqId 135: No security definition has been found for the request, contract: Option(symbol='ADBE', lastTradeDateOrContractMonth='20271217', strike=222.5, right='P', multiplier='100', exchange='NASDAQOM', currency='USD', tradingClass='ADBE')
2026-07-29 21:31:04,630 [ERROR] Error 200, reqId 136: No security definition has been found for the request, contract: Option(symbol='ADBE', lastTradeDateOrContractMonth='20271217', strike=225.0, right='C', multiplier='100', exchange='NASDAQOM', currency='USD', tradingClass='ADBE')
2026-07-29 21:31:04,630 [ERROR] Error 200, reqId 137: No security definition has been found for the request, contract: Option(symbol='ADBE', lastTradeDateOrContractMonth='20271217', strike=225.0, right='P', multiplier='100', exchange='NASDAQOM', currency='USD', tradingClass='ADBE')
2026-07-29 21:31:04,651 [ERROR] Error 200, reqId 138: No security definition has been found for the request, contract: Option(symbol='ADBE', lastTradeDateOrContractMonth='20271217', strike=227.5, right='C', multiplier='100', exchange='NASDAQOM', currency='USD', tradingClass='ADBE')
2026-07-29 21:31:04,736 [ERROR] Error 200, reqId 139: No security definition has been found for the request, contract: Option(symbol='ADBE', lastTradeDateOrContractMonth='20271217', strike=227.5, right='P', multiplier='100', exchange='NASDAQOM', currency='USD', tradingClass='ADBE')
2026-07-29 21:31:04,737 [ERROR] Error 200, reqId 143: No security definition has been found for the request, contract: Option(symbol='ADBE', lastTradeDateOrContractMonth='20271217', strike=232.5, right='P', multiplier='100', exchange='NASDAQOM', currency='USD', tradingClass='ADBE')
2026-07-29 21:31:04,738 [ERROR] Error 200, reqId 142: No security definition has been found for the request, contract: Option(symbol='ADBE', lastTradeDateOrContractMonth='20271217', strike=232.5, right='C', multiplier='100', exchange='NASDAQOM', currency='USD', tradingClass='ADBE')
2026-07-29 21:31:04,738 [ERROR] Error 200, reqId 144: No security definition has been found for the request, contract: Option(symbol='ADBE', lastTradeDateOrContractMonth='20271217', strike=235.0, right='C', multiplier='100', exchange='NASDAQOM', currency='USD', tradingClass='ADBE')
2026-07-29 21:31:04,818 [ERROR] Error 200, reqId 145: No security definition has been found for the request, contract: Option(symbol='ADBE', lastTradeDateOrContractMonth='20271217', strike=235.0, right='P', multiplier='100', exchange='NASDAQOM', currency='USD', tradingClass='ADBE')
2026-07-29 21:31:04,841 [ERROR] Error 200, reqId 146: No security definition has been found for the request, contract: Option(symbol='ADBE', lastTradeDateOrContractMonth='20271217', strike=237.5, right='C', multiplier='100', exchange='NASDAQOM', currency='USD', tradingClass='ADBE')
2026-07-29 21:31:04,845 [ERROR] Error 200, reqId 147: No security definition has been found for the request, contract: Option(symbol='ADBE', lastTradeDateOrContractMonth='20271217', strike=237.5, right='P', multiplier='100', exchange='NASDAQOM', currency='USD', tradingClass='ADBE')
2026-07-29 21:31:05,008 [ERROR] Error 200, reqId 150: No security definition has been found for the request, contract: Option(symbol='ADBE', lastTradeDateOrContractMonth='20271217', strike=242.5, right='C', multiplier='100', exchange='NASDAQOM', currency='USD', tradingClass='ADBE')
2026-07-29 21:31:05,179 [ERROR] Error 200, reqId 151: No security definition has been found for the request, contract: Option(symbol='ADBE', lastTradeDateOrContractMonth='20271217', strike=242.5, right='P', multiplier='100', exchange='NASDAQOM', currency='USD', tradingClass='ADBE')
2026-07-29 21:31:05,361 [ERROR] Error 200, reqId 152: No security definition has been found for the request, contract: Option(symbol='ADBE', lastTradeDateOrContractMonth='20271217', strike=245.0, right='C', multiplier='100', exchange='NASDAQOM', currency='USD', tradingClass='ADBE')
2026-07-29 21:31:05,421 [ERROR] Error 200, reqId 153: No security definition has been found for the request, contract: Option(symbol='ADBE', lastTradeDateOrContractMonth='20271217', strike=245.0, right='P', multiplier='100', exchange='NASDAQOM', currency='USD', tradingClass='ADBE')
2026-07-29 21:31:05,881 [ERROR] Error 200, reqId 155: No security definition has been found for the request, contract: Option(symbol='ADBE', lastTradeDateOrContractMonth='20271217', strike=247.5, right='P', multiplier='100', exchange='NASDAQOM', currency='USD', tradingClass='ADBE')
2026-07-29 21:31:05,962 [ERROR] Error 200, reqId 154: No security definition has been found for the request, contract: Option(symbol='ADBE', lastTradeDateOrContractMonth='20271217', strike=247.5, right='C', multiplier='100', exchange='NASDAQOM', currency='USD', tradingClass='ADBE')
2026-07-29 21:31:06,200 [ERROR] Error 200, reqId 158: No security definition has been found for the request, contract: Option(symbol='ADBE', lastTradeDateOrContractMonth='20271217', strike=252.5, right='C', multiplier='100', exchange='NASDAQOM', currency='USD', tradingClass='ADBE')
2026-07-29 21:31:06,303 [ERROR] Error 200, reqId 159: No security definition has been found for the request, contract: Option(symbol='ADBE', lastTradeDateOrContractMonth='20271217', strike=252.5, right='P', multiplier='100', exchange='NASDAQOM', currency='USD', tradingClass='ADBE')
2026-07-29 21:31:06,303 [ERROR] Error 200, reqId 160: No security definition has been found for the request, contract: Option(symbol='ADBE', lastTradeDateOrContractMonth='20271217', strike=255.0, right='C', multiplier='100', exchange='NASDAQOM', currency='USD', tradingClass='ADBE')
2026-07-29 21:31:06,435 [ERROR] Error 200, reqId 163: No security definition has been found for the request, contract: Option(symbol='ADBE', lastTradeDateOrContractMonth='20271217', strike=257.5, right='P', multiplier='100', exchange='NASDAQOM', currency='USD', tradingClass='ADBE')
2026-07-29 21:31:06,437 [ERROR] Error 200, reqId 162: No security definition has been found for the request, contract: Option(symbol='ADBE', lastTradeDateOrContractMonth='20271217', strike=257.5, right='C', multiplier='100', exchange='NASDAQOM', currency='USD', tradingClass='ADBE')
2026-07-29 21:31:06,438 [ERROR] Error 200, reqId 161: No security definition has been found for the request, contract: Option(symbol='ADBE', lastTradeDateOrContractMonth='20271217', strike=255.0, right='P', multiplier='100', exchange='NASDAQOM', currency='USD', tradingClass='ADBE')
2026-07-29 21:31:06,439 [ERROR] Error 200, reqId 166: No security definition has been found for the request, contract: Option(symbol='ADBE', lastTradeDateOrContractMonth='20271217', strike=262.5, right='C', multiplier='100', exchange='NASDAQOM', currency='USD', tradingClass='ADBE')
2026-07-29 21:31:06,439 [ERROR] Error 200, reqId 167: No security definition has been found for the request, contract: Option(symbol='ADBE', lastTradeDateOrContractMonth='20271217', strike=262.5, right='P', multiplier='100', exchange='NASDAQOM', currency='USD', tradingClass='ADBE')
2026-07-29 21:31:06,469 [ERROR] Error 200, reqId 168: No security definition has been found for the request, contract: Option(symbol='ADBE', lastTradeDateOrContractMonth='20271217', strike=265.0, right='C', multiplier='100', exchange='NASDAQOM', currency='USD', tradingClass='ADBE')
2026-07-29 21:31:06,471 [ERROR] Error 200, reqId 169: No security definition has been found for the request, contract: Option(symbol='ADBE', lastTradeDateOrContractMonth='20271217', strike=265.0, right='P', multiplier='100', exchange='NASDAQOM', currency='USD', tradingClass='ADBE')
2026-07-29 21:31:06,472 [ERROR] Error 200, reqId 170: No security definition has been found for the request, contract: Option(symbol='ADBE', lastTradeDateOrContractMonth='20271217', strike=267.5, right='C', multiplier='100', exchange='NASDAQOM', currency='USD', tradingClass='ADBE')
2026-07-29 21:31:06,474 [ERROR] Error 200, reqId 171: No security definition has been found for the request, contract: Option(symbol='ADBE', lastTradeDateOrContractMonth='20271217', strike=267.5, right='P', multiplier='100', exchange='NASDAQOM', currency='USD', tradingClass='ADBE')
2026-07-29 21:31:06,475 [ERROR] Error 200, reqId 174: No security definition has been found for the request, contract: Option(symbol='ADBE', lastTradeDateOrContractMonth='20271217', strike=272.5, right='C', multiplier='100', exchange='NASDAQOM', currency='USD', tradingClass='ADBE')
2026-07-29 21:31:06,476 [ERROR] Error 200, reqId 175: No security definition has been found for the request, contract: Option(symbol='ADBE', lastTradeDateOrContractMonth='20271217', strike=272.5, right='P', multiplier='100', exchange='NASDAQOM', currency='USD', tradingClass='ADBE')
2026-07-29 21:31:06,495 [ERROR] Error 200, reqId 177: No security definition has been found for the request, contract: Option(symbol='ADBE', lastTradeDateOrContractMonth='20271217', strike=275.0, right='P', multiplier='100', exchange='NASDAQOM', currency='USD', tradingClass='ADBE')
2026-07-29 21:31:06,496 [ERROR] Error 200, reqId 176: No security definition has been found for the request, contract: Option(symbol='ADBE', lastTradeDateOrContractMonth='20271217', strike=275.0, right='C', multiplier='100', exchange='NASDAQOM', currency='USD', tradingClass='ADBE')
2026-07-29 21:31:06,496 [ERROR] Error 200, reqId 178: No security definition has been found for the request, contract: Option(symbol='ADBE', lastTradeDateOrContractMonth='20271217', strike=277.5, right='C', multiplier='100', exchange='NASDAQOM', currency='USD', tradingClass='ADBE')
2026-07-29 21:31:06,602 [ERROR] Error 200, reqId 179: No security definition has been found for the request, contract: Option(symbol='ADBE', lastTradeDateOrContractMonth='20271217', strike=277.5, right='P', multiplier='100', exchange='NASDAQOM', currency='USD', tradingClass='ADBE')
2026-07-29 21:31:06,613 [ERROR] Error 200, reqId 182: No security definition has been found for the request, contract: Option(symbol='ADBE', lastTradeDateOrContractMonth='20271217', strike=285.0, right='C', multiplier='100', exchange='NASDAQOM', currency='USD', tradingClass='ADBE')
2026-07-29 21:31:06,614 [ERROR] Error 200, reqId 183: No security definition has been found for the request, contract: Option(symbol='ADBE', lastTradeDateOrContractMonth='20271217', strike=285.0, right='P', multiplier='100', exchange='NASDAQOM', currency='USD', tradingClass='ADBE')
2026-07-29 21:31:06,728 [ERROR] Error 200, reqId 186: No security definition has been found for the request, contract: Option(symbol='ADBE', lastTradeDateOrContractMonth='20271217', strike=295.0, right='C', multiplier='100', exchange='NASDAQOM', currency='USD', tradingClass='ADBE')
2026-07-29 21:31:06,730 [ERROR] Error 200, reqId 187: No security definition has been found for the request, contract: Option(symbol='ADBE', lastTradeDateOrContractMonth='20271217', strike=295.0, right='P', multiplier='100', exchange='NASDAQOM', currency='USD', tradingClass='ADBE')
2026-07-29 21:31:06,733 [ERROR] Error 200, reqId 190: No security definition has been found for the request, contract: Option(symbol='ADBE', lastTradeDateOrContractMonth='20271217', strike=305.0, right='C', multiplier='100', exchange='NASDAQOM', currency='USD', tradingClass='ADBE')
2026-07-29 21:31:06,734 [ERROR] Error 200, reqId 191: No security definition has been found for the request, contract: Option(symbol='ADBE', lastTradeDateOrContractMonth='20271217', strike=305.0, right='P', multiplier='100', exchange='NASDAQOM', currency='USD', tradingClass='ADBE')
2026-07-29 21:31:07,087 [ERROR] Error 200, reqId 194: No security definition has been found for the request, contract: Option(symbol='ADBE', lastTradeDateOrContractMonth='20271217', strike=315.0, right='C', multiplier='100', exchange='NASDAQOM', currency='USD', tradingClass='ADBE')
2026-07-29 21:31:07,088 [ERROR] Error 200, reqId 195: No security definition has been found for the request, contract: Option(symbol='ADBE', lastTradeDateOrContractMonth='20271217', strike=315.0, right='P', multiplier='100', exchange='NASDAQOM', currency='USD', tradingClass='ADBE')
2026-07-29 21:31:07,103 [ERROR] Error 200, reqId 198: No security definition has been found for the request, contract: Option(symbol='ADBE', lastTradeDateOrContractMonth='20271217', strike=325.0, right='C', multiplier='100', exchange='NASDAQOM', currency='USD', tradingClass='ADBE')
2026-07-29 21:31:07,110 [ERROR] Error 200, reqId 199: No security definition has been found for the request, contract: Option(symbol='ADBE', lastTradeDateOrContractMonth='20271217', strike=325.0, right='P', multiplier='100', exchange='NASDAQOM', currency='USD', tradingClass='ADBE')
2026-07-29 21:31:07,246 [ERROR] Error 200, reqId 203: No security definition has been found for the request, contract: Option(symbol='ADBE', lastTradeDateOrContractMonth='20271217', strike=335.0, right='P', multiplier='100', exchange='NASDAQOM', currency='USD', tradingClass='ADBE')
2026-07-29 21:31:07,247 [ERROR] Error 200, reqId 202: No security definition has been found for the request, contract: Option(symbol='ADBE', lastTradeDateOrContractMonth='20271217', strike=335.0, right='C', multiplier='100', exchange='NASDAQOM', currency='USD', tradingClass='ADBE')
2026-07-29 21:31:07,522 [WARNING] Unknown contract: Option(symbol='ADBE', lastTradeDateOrContractMonth='20271217', strike=192.5, right='C', multiplier='100', exchange='NASDAQOM', currency='USD', tradingClass='ADBE')
2026-07-29 21:31:07,522 [WARNING] Unknown contract: Option(symbol='ADBE', lastTradeDateOrContractMonth='20271217', strike=192.5, right='P', multiplier='100', exchange='NASDAQOM', currency='USD', tradingClass='ADBE')
2026-07-29 21:31:07,522 [WARNING] Unknown contract: Option(symbol='ADBE', lastTradeDateOrContractMonth='20271217', strike=197.5, right='C', multiplier='100', exchange='NASDAQOM', currency='USD', tradingClass='ADBE')
2026-07-29 21:31:07,523 [WARNING] Unknown contract: Option(symbol='ADBE', lastTradeDateOrContractMonth='20271217', strike=197.5, right='P', multiplier='100', exchange='NASDAQOM', currency='USD', tradingClass='ADBE')
2026-07-29 21:31:07,523 [WARNING] Unknown contract: Option(symbol='ADBE', lastTradeDateOrContractMonth='20271217', strike=202.5, right='C', multiplier='100', exchange='NASDAQOM', currency='USD', tradingClass='ADBE')
2026-07-29 21:31:07,523 [WARNING] Unknown contract: Option(symbol='ADBE', lastTradeDateOrContractMonth='20271217', strike=202.5, right='P', multiplier='100', exchange='NASDAQOM', currency='USD', tradingClass='ADBE')
2026-07-29 21:31:07,523 [WARNING] Unknown contract: Option(symbol='ADBE', lastTradeDateOrContractMonth='20271217', strike=205.0, right='C', multiplier='100', exchange='NASDAQOM', currency='USD', tradingClass='ADBE')
2026-07-29 21:31:07,524 [WARNING] Unknown contract: Option(symbol='ADBE', lastTradeDateOrContractMonth='20271217', strike=205.0, right='P', multiplier='100', exchange='NASDAQOM', currency='USD', tradingClass='ADBE')
2026-07-29 21:31:07,524 [WARNING] Unknown contract: Option(symbol='ADBE', lastTradeDateOrContractMonth='20271217', strike=207.5, right='C', multiplier='100', exchange='NASDAQOM', currency='USD', tradingClass='ADBE')
2026-07-29 21:31:07,524 [WARNING] Unknown contract: Option(symbol='ADBE', lastTradeDateOrContractMonth='20271217', strike=207.5, right='P', multiplier='100', exchange='NASDAQOM', currency='USD', tradingClass='ADBE')
2026-07-29 21:31:07,524 [WARNING] Unknown contract: Option(symbol='ADBE', lastTradeDateOrContractMonth='20271217', strike=212.5, right='C', multiplier='100', exchange='NASDAQOM', currency='USD', tradingClass='ADBE')
2026-07-29 21:31:07,525 [WARNING] Unknown contract: Option(symbol='ADBE', lastTradeDateOrContractMonth='20271217', strike=212.5, right='P', multiplier='100', exchange='NASDAQOM', currency='USD', tradingClass='ADBE')
2026-07-29 21:31:07,525 [WARNING] Unknown contract: Option(symbol='ADBE', lastTradeDateOrContractMonth='20271217', strike=215.0, right='C', multiplier='100', exchange='NASDAQOM', currency='USD', tradingClass='ADBE')
2026-07-29 21:31:07,525 [WARNING] Unknown contract: Option(symbol='ADBE', lastTradeDateOrContractMonth='20271217', strike=215.0, right='P', multiplier='100', exchange='NASDAQOM', currency='USD', tradingClass='ADBE')
2026-07-29 21:31:07,525 [WARNING] Unknown contract: Option(symbol='ADBE', lastTradeDateOrContractMonth='20271217', strike=217.5, right='C', multiplier='100', exchange='NASDAQOM', currency='USD', tradingClass='ADBE')
2026-07-29 21:31:07,525 [WARNING] Unknown contract: Option(symbol='ADBE', lastTradeDateOrContractMonth='20271217', strike=217.5, right='P', multiplier='100', exchange='NASDAQOM', currency='USD', tradingClass='ADBE')
2026-07-29 21:31:07,526 [WARNING] Unknown contract: Option(symbol='ADBE', lastTradeDateOrContractMonth='20271217', strike=222.5, right='C', multiplier='100', exchange='NASDAQOM', currency='USD', tradingClass='ADBE')
2026-07-29 21:31:07,526 [WARNING] Unknown contract: Option(symbol='ADBE', lastTradeDateOrContractMonth='20271217', strike=222.5, right='P', multiplier='100', exchange='NASDAQOM', currency='USD', tradingClass='ADBE')
2026-07-29 21:31:07,526 [WARNING] Unknown contract: Option(symbol='ADBE', lastTradeDateOrContractMonth='20271217', strike=225.0, right='C', multiplier='100', exchange='NASDAQOM', currency='USD', tradingClass='ADBE')
2026-07-29 21:31:07,526 [WARNING] Unknown contract: Option(symbol='ADBE', lastTradeDateOrContractMonth='20271217', strike=225.0, right='P', multiplier='100', exchange='NASDAQOM', currency='USD', tradingClass='ADBE')
2026-07-29 21:31:07,526 [WARNING] Unknown contract: Option(symbol='ADBE', lastTradeDateOrContractMonth='20271217', strike=227.5, right='C', multiplier='100', exchange='NASDAQOM', currency='USD', tradingClass='ADBE')
2026-07-29 21:31:07,527 [WARNING] Unknown contract: Option(symbol='ADBE', lastTradeDateOrContractMonth='20271217', strike=227.5, right='P', multiplier='100', exchange='NASDAQOM', currency='USD', tradingClass='ADBE')
2026-07-29 21:31:07,527 [WARNING] Unknown contract: Option(symbol='ADBE', lastTradeDateOrContractMonth='20271217', strike=232.5, right='C', multiplier='100', exchange='NASDAQOM', currency='USD', tradingClass='ADBE')
2026-07-29 21:31:07,528 [WARNING] Unknown contract: Option(symbol='ADBE', lastTradeDateOrContractMonth='20271217', strike=232.5, right='P', multiplier='100', exchange='NASDAQOM', currency='USD', tradingClass='ADBE')
2026-07-29 21:31:07,528 [WARNING] Unknown contract: Option(symbol='ADBE', lastTradeDateOrContractMonth='20271217', strike=235.0, right='C', multiplier='100', exchange='NASDAQOM', currency='USD', tradingClass='ADBE')
2026-07-29 21:31:07,529 [WARNING] Unknown contract: Option(symbol='ADBE', lastTradeDateOrContractMonth='20271217', strike=235.0, right='P', multiplier='100', exchange='NASDAQOM', currency='USD', tradingClass='ADBE')
2026-07-29 21:31:07,529 [WARNING] Unknown contract: Option(symbol='ADBE', lastTradeDateOrContractMonth='20271217', strike=237.5, right='C', multiplier='100', exchange='NASDAQOM', currency='USD', tradingClass='ADBE')
2026-07-29 21:31:07,529 [WARNING] Unknown contract: Option(symbol='ADBE', lastTradeDateOrContractMonth='20271217', strike=237.5, right='P', multiplier='100', exchange='NASDAQOM', currency='USD', tradingClass='ADBE')
2026-07-29 21:31:07,529 [WARNING] Unknown contract: Option(symbol='ADBE', lastTradeDateOrContractMonth='20271217', strike=242.5, right='C', multiplier='100', exchange='NASDAQOM', currency='USD', tradingClass='ADBE')
2026-07-29 21:31:07,530 [WARNING] Unknown contract: Option(symbol='ADBE', lastTradeDateOrContractMonth='20271217', strike=242.5, right='P', multiplier='100', exchange='NASDAQOM', currency='USD', tradingClass='ADBE')
2026-07-29 21:31:07,530 [WARNING] Unknown contract: Option(symbol='ADBE', lastTradeDateOrContractMonth='20271217', strike=245.0, right='C', multiplier='100', exchange='NASDAQOM', currency='USD', tradingClass='ADBE')
2026-07-29 21:31:07,530 [WARNING] Unknown contract: Option(symbol='ADBE', lastTradeDateOrContractMonth='20271217', strike=245.0, right='P', multiplier='100', exchange='NASDAQOM', currency='USD', tradingClass='ADBE')
2026-07-29 21:31:07,530 [WARNING] Unknown contract: Option(symbol='ADBE', lastTradeDateOrContractMonth='20271217', strike=247.5, right='C', multiplier='100', exchange='NASDAQOM', currency='USD', tradingClass='ADBE')
2026-07-29 21:31:07,531 [WARNING] Unknown contract: Option(symbol='ADBE', lastTradeDateOrContractMonth='20271217', strike=247.5, right='P', multiplier='100', exchange='NASDAQOM', currency='USD', tradingClass='ADBE')
2026-07-29 21:31:07,531 [WARNING] Unknown contract: Option(symbol='ADBE', lastTradeDateOrContractMonth='20271217', strike=252.5, right='C', multiplier='100', exchange='NASDAQOM', currency='USD', tradingClass='ADBE')
2026-07-29 21:31:07,532 [WARNING] Unknown contract: Option(symbol='ADBE', lastTradeDateOrContractMonth='20271217', strike=252.5, right='P', multiplier='100', exchange='NASDAQOM', currency='USD', tradingClass='ADBE')
2026-07-29 21:31:07,532 [WARNING] Unknown contract: Option(symbol='ADBE', lastTradeDateOrContractMonth='20271217', strike=255.0, right='C', multiplier='100', exchange='NASDAQOM', currency='USD', tradingClass='ADBE')
2026-07-29 21:31:07,532 [WARNING] Unknown contract: Option(symbol='ADBE', lastTradeDateOrContractMonth='20271217', strike=255.0, right='P', multiplier='100', exchange='NASDAQOM', currency='USD', tradingClass='ADBE')
2026-07-29 21:31:07,532 [WARNING] Unknown contract: Option(symbol='ADBE', lastTradeDateOrContractMonth='20271217', strike=257.5, right='C', multiplier='100', exchange='NASDAQOM', currency='USD', tradingClass='ADBE')
2026-07-29 21:31:07,532 [WARNING] Unknown contract: Option(symbol='ADBE', lastTradeDateOrContractMonth='20271217', strike=257.5, right='P', multiplier='100', exchange='NASDAQOM', currency='USD', tradingClass='ADBE')
2026-07-29 21:31:07,533 [WARNING] Unknown contract: Option(symbol='ADBE', lastTradeDateOrContractMonth='20271217', strike=262.5, right='C', multiplier='100', exchange='NASDAQOM', currency='USD', tradingClass='ADBE')
2026-07-29 21:31:07,534 [WARNING] Unknown contract: Option(symbol='ADBE', lastTradeDateOrContractMonth='20271217', strike=262.5, right='P', multiplier='100', exchange='NASDAQOM', currency='USD', tradingClass='ADBE')
2026-07-29 21:31:07,588 [WARNING] Unknown contract: Option(symbol='ADBE', lastTradeDateOrContractMonth='20271217', strike=265.0, right='C', multiplier='100', exchange='NASDAQOM', currency='USD', tradingClass='ADBE')
2026-07-29 21:31:07,588 [WARNING] Unknown contract: Option(symbol='ADBE', lastTradeDateOrContractMonth='20271217', strike=265.0, right='P', multiplier='100', exchange='NASDAQOM', currency='USD', tradingClass='ADBE')
2026-07-29 21:31:07,589 [WARNING] Unknown contract: Option(symbol='ADBE', lastTradeDateOrContractMonth='20271217', strike=267.5, right='C', multiplier='100', exchange='NASDAQOM', currency='USD', tradingClass='ADBE')
2026-07-29 21:31:07,589 [WARNING] Unknown contract: Option(symbol='ADBE', lastTradeDateOrContractMonth='20271217', strike=267.5, right='P', multiplier='100', exchange='NASDAQOM', currency='USD', tradingClass='ADBE')
2026-07-29 21:31:07,589 [WARNING] Unknown contract: Option(symbol='ADBE', lastTradeDateOrContractMonth='20271217', strike=272.5, right='C', multiplier='100', exchange='NASDAQOM', currency='USD', tradingClass='ADBE')
2026-07-29 21:31:07,589 [WARNING] Unknown contract: Option(symbol='ADBE', lastTradeDateOrContractMonth='20271217', strike=272.5, right='P', multiplier='100', exchange='NASDAQOM', currency='USD', tradingClass='ADBE')
2026-07-29 21:31:07,590 [WARNING] Unknown contract: Option(symbol='ADBE', lastTradeDateOrContractMonth='20271217', strike=275.0, right='C', multiplier='100', exchange='NASDAQOM', currency='USD', tradingClass='ADBE')
2026-07-29 21:31:07,590 [WARNING] Unknown contract: Option(symbol='ADBE', lastTradeDateOrContractMonth='20271217', strike=275.0, right='P', multiplier='100', exchange='NASDAQOM', currency='USD', tradingClass='ADBE')
2026-07-29 21:31:07,591 [WARNING] Unknown contract: Option(symbol='ADBE', lastTradeDateOrContractMonth='20271217', strike=277.5, right='C', multiplier='100', exchange='NASDAQOM', currency='USD', tradingClass='ADBE')
2026-07-29 21:31:07,591 [WARNING] Unknown contract: Option(symbol='ADBE', lastTradeDateOrContractMonth='20271217', strike=277.5, right='P', multiplier='100', exchange='NASDAQOM', currency='USD', tradingClass='ADBE')
2026-07-29 21:31:07,591 [WARNING] Unknown contract: Option(symbol='ADBE', lastTradeDateOrContractMonth='20271217', strike=285.0, right='C', multiplier='100', exchange='NASDAQOM', currency='USD', tradingClass='ADBE')
2026-07-29 21:31:07,591 [WARNING] Unknown contract: Option(symbol='ADBE', lastTradeDateOrContractMonth='20271217', strike=285.0, right='P', multiplier='100', exchange='NASDAQOM', currency='USD', tradingClass='ADBE')
2026-07-29 21:31:07,592 [WARNING] Unknown contract: Option(symbol='ADBE', lastTradeDateOrContractMonth='20271217', strike=295.0, right='C', multiplier='100', exchange='NASDAQOM', currency='USD', tradingClass='ADBE')
2026-07-29 21:31:07,592 [WARNING] Unknown contract: Option(symbol='ADBE', lastTradeDateOrContractMonth='20271217', strike=295.0, right='P', multiplier='100', exchange='NASDAQOM', currency='USD', tradingClass='ADBE')
2026-07-29 21:31:07,592 [WARNING] Unknown contract: Option(symbol='ADBE', lastTradeDateOrContractMonth='20271217', strike=305.0, right='C', multiplier='100', exchange='NASDAQOM', currency='USD', tradingClass='ADBE')
2026-07-29 21:31:07,592 [WARNING] Unknown contract: Option(symbol='ADBE', lastTradeDateOrContractMonth='20271217', strike=305.0, right='P', multiplier='100', exchange='NASDAQOM', currency='USD', tradingClass='ADBE')
2026-07-29 21:31:07,593 [WARNING] Unknown contract: Option(symbol='ADBE', lastTradeDateOrContractMonth='20271217', strike=315.0, right='C', multiplier='100', exchange='NASDAQOM', currency='USD', tradingClass='ADBE')
2026-07-29 21:31:07,593 [WARNING] Unknown contract: Option(symbol='ADBE', lastTradeDateOrContractMonth='20271217', strike=315.0, right='P', multiplier='100', exchange='NASDAQOM', currency='USD', tradingClass='ADBE')
2026-07-29 21:31:07,593 [WARNING] Unknown contract: Option(symbol='ADBE', lastTradeDateOrContractMonth='20271217', strike=325.0, right='C', multiplier='100', exchange='NASDAQOM', currency='USD', tradingClass='ADBE')
2026-07-29 21:31:07,593 [WARNING] Unknown contract: Option(symbol='ADBE', lastTradeDateOrContractMonth='20271217', strike=325.0, right='P', multiplier='100', exchange='NASDAQOM', currency='USD', tradingClass='ADBE')
2026-07-29 21:31:07,594 [WARNING] Unknown contract: Option(symbol='ADBE', lastTradeDateOrContractMonth='20271217', strike=335.0, right='C', multiplier='100', exchange='NASDAQOM', currency='USD', tradingClass='ADBE')
2026-07-29 21:31:07,594 [WARNING] Unknown contract: Option(symbol='ADBE', lastTradeDateOrContractMonth='20271217', strike=335.0, right='P', multiplier='100', exchange='NASDAQOM', currency='USD', tradingClass='ADBE')
2026-07-29 21:31:08,589 [ERROR] Error 200, reqId 210: No security definition has been found for the request, contract: Option(symbol='ADBE', lastTradeDateOrContractMonth='20280121', strike=192.5, right='C', multiplier='100', exchange='NASDAQOM', currency='USD', tradingClass='ADBE')
2026-07-29 21:31:08,645 [ERROR] Error 200, reqId 211: No security definition has been found for the request, contract: Option(symbol='ADBE', lastTradeDateOrContractMonth='20280121', strike=192.5, right='P', multiplier='100', exchange='NASDAQOM', currency='USD', tradingClass='ADBE')
2026-07-29 21:31:08,739 [ERROR] Error 200, reqId 214: No security definition has been found for the request, contract: Option(symbol='ADBE', lastTradeDateOrContractMonth='20280121', strike=197.5, right='C', multiplier='100', exchange='NASDAQOM', currency='USD', tradingClass='ADBE')
2026-07-29 21:31:08,774 [ERROR] Error 200, reqId 215: No security definition has been found for the request, contract: Option(symbol='ADBE', lastTradeDateOrContractMonth='20280121', strike=197.5, right='P', multiplier='100', exchange='NASDAQOM', currency='USD', tradingClass='ADBE')
2026-07-29 21:31:09,161 [ERROR] Error 200, reqId 218: No security definition has been found for the request, contract: Option(symbol='ADBE', lastTradeDateOrContractMonth='20280121', strike=202.5, right='C', multiplier='100', exchange='NASDAQOM', currency='USD', tradingClass='ADBE')
2026-07-29 21:31:09,161 [ERROR] Error 200, reqId 219: No security definition has been found for the request, contract: Option(symbol='ADBE', lastTradeDateOrContractMonth='20280121', strike=202.5, right='P', multiplier='100', exchange='NASDAQOM', currency='USD', tradingClass='ADBE')
2026-07-29 21:31:09,162 [ERROR] Error 200, reqId 221: No security definition has been found for the request, contract: Option(symbol='ADBE', lastTradeDateOrContractMonth='20280121', strike=205.0, right='P', multiplier='100', exchange='NASDAQOM', currency='USD', tradingClass='ADBE')
2026-07-29 21:31:09,179 [ERROR] Error 200, reqId 220: No security definition has been found for the request, contract: Option(symbol='ADBE', lastTradeDateOrContractMonth='20280121', strike=205.0, right='C', multiplier='100', exchange='NASDAQOM', currency='USD', tradingClass='ADBE')
2026-07-29 21:31:09,180 [ERROR] Error 200, reqId 223: No security definition has been found for the request, contract: Option(symbol='ADBE', lastTradeDateOrContractMonth='20280121', strike=207.5, right='P', multiplier='100', exchange='NASDAQOM', currency='USD', tradingClass='ADBE')
2026-07-29 21:31:09,182 [ERROR] Error 200, reqId 222: No security definition has been found for the request, contract: Option(symbol='ADBE', lastTradeDateOrContractMonth='20280121', strike=207.5, right='C', multiplier='100', exchange='NASDAQOM', currency='USD', tradingClass='ADBE')
2026-07-29 21:31:09,186 [ERROR] Error 200, reqId 226: No security definition has been found for the request, contract: Option(symbol='ADBE', lastTradeDateOrContractMonth='20280121', strike=212.5, right='C', multiplier='100', exchange='NASDAQOM', currency='USD', tradingClass='ADBE')
2026-07-29 21:31:09,191 [ERROR] Error 200, reqId 228: No security definition has been found for the request, contract: Option(symbol='ADBE', lastTradeDateOrContractMonth='20280121', strike=215.0, right='C', multiplier='100', exchange='NASDAQOM', currency='USD', tradingClass='ADBE')
2026-07-29 21:31:09,192 [ERROR] Error 200, reqId 227: No security definition has been found for the request, contract: Option(symbol='ADBE', lastTradeDateOrContractMonth='20280121', strike=212.5, right='P', multiplier='100', exchange='NASDAQOM', currency='USD', tradingClass='ADBE')
2026-07-29 21:31:09,203 [ERROR] Error 200, reqId 229: No security definition has been found for the request, contract: Option(symbol='ADBE', lastTradeDateOrContractMonth='20280121', strike=215.0, right='P', multiplier='100', exchange='NASDAQOM', currency='USD', tradingClass='ADBE')
2026-07-29 21:31:09,203 [ERROR] Error 200, reqId 230: No security definition has been found for the request, contract: Option(symbol='ADBE', lastTradeDateOrContractMonth='20280121', strike=217.5, right='C', multiplier='100', exchange='NASDAQOM', currency='USD', tradingClass='ADBE')
2026-07-29 21:31:09,208 [ERROR] Error 200, reqId 231: No security definition has been found for the request, contract: Option(symbol='ADBE', lastTradeDateOrContractMonth='20280121', strike=217.5, right='P', multiplier='100', exchange='NASDAQOM', currency='USD', tradingClass='ADBE')
2026-07-29 21:31:09,244 [ERROR] Error 200, reqId 234: No security definition has been found for the request, contract: Option(symbol='ADBE', lastTradeDateOrContractMonth='20280121', strike=222.5, right='C', multiplier='100', exchange='NASDAQOM', currency='USD', tradingClass='ADBE')
2026-07-29 21:31:09,581 [ERROR] Error 200, reqId 235: No security definition has been found for the request, contract: Option(symbol='ADBE', lastTradeDateOrContractMonth='20280121', strike=222.5, right='P', multiplier='100', exchange='NASDAQOM', currency='USD', tradingClass='ADBE')
2026-07-29 21:31:09,583 [ERROR] Error 200, reqId 236: No security definition has been found for the request, contract: Option(symbol='ADBE', lastTradeDateOrContractMonth='20280121', strike=225.0, right='C', multiplier='100', exchange='NASDAQOM', currency='USD', tradingClass='ADBE')
2026-07-29 21:31:09,584 [ERROR] Error 200, reqId 237: No security definition has been found for the request, contract: Option(symbol='ADBE', lastTradeDateOrContractMonth='20280121', strike=225.0, right='P', multiplier='100', exchange='NASDAQOM', currency='USD', tradingClass='ADBE')
2026-07-29 21:31:09,708 [ERROR] Error 200, reqId 238: No security definition has been found for the request, contract: Option(symbol='ADBE', lastTradeDateOrContractMonth='20280121', strike=227.5, right='C', multiplier='100', exchange='NASDAQOM', currency='USD', tradingClass='ADBE')
2026-07-29 21:31:09,740 [ERROR] Error 200, reqId 239: No security definition has been found for the request, contract: Option(symbol='ADBE', lastTradeDateOrContractMonth='20280121', strike=227.5, right='P', multiplier='100', exchange='NASDAQOM', currency='USD', tradingClass='ADBE')
2026-07-29 21:31:09,884 [ERROR] Error 200, reqId 242: No security definition has been found for the request, contract: Option(symbol='ADBE', lastTradeDateOrContractMonth='20280121', strike=232.5, right='C', multiplier='100', exchange='NASDAQOM', currency='USD', tradingClass='ADBE')
2026-07-29 21:31:09,886 [ERROR] Error 200, reqId 244: No security definition has been found for the request, contract: Option(symbol='ADBE', lastTradeDateOrContractMonth='20280121', strike=235.0, right='C', multiplier='100', exchange='NASDAQOM', currency='USD', tradingClass='ADBE')
2026-07-29 21:31:09,886 [ERROR] Error 200, reqId 243: No security definition has been found for the request, contract: Option(symbol='ADBE', lastTradeDateOrContractMonth='20280121', strike=232.5, right='P', multiplier='100', exchange='NASDAQOM', currency='USD', tradingClass='ADBE')
2026-07-29 21:31:09,887 [ERROR] Error 200, reqId 245: No security definition has been found for the request, contract: Option(symbol='ADBE', lastTradeDateOrContractMonth='20280121', strike=235.0, right='P', multiplier='100', exchange='NASDAQOM', currency='USD', tradingClass='ADBE')
2026-07-29 21:31:09,887 [ERROR] Error 200, reqId 247: No security definition has been found for the request, contract: Option(symbol='ADBE', lastTradeDateOrContractMonth='20280121', strike=237.5, right='P', multiplier='100', exchange='NASDAQOM', currency='USD', tradingClass='ADBE')
2026-07-29 21:31:09,888 [ERROR] Error 200, reqId 246: No security definition has been found for the request, contract: Option(symbol='ADBE', lastTradeDateOrContractMonth='20280121', strike=237.5, right='C', multiplier='100', exchange='NASDAQOM', currency='USD', tradingClass='ADBE')
2026-07-29 21:31:09,889 [ERROR] Error 200, reqId 250: No security definition has been found for the request, contract: Option(symbol='ADBE', lastTradeDateOrContractMonth='20280121', strike=242.5, right='C', multiplier='100', exchange='NASDAQOM', currency='USD', tradingClass='ADBE')
2026-07-29 21:31:09,889 [ERROR] Error 200, reqId 251: No security definition has been found for the request, contract: Option(symbol='ADBE', lastTradeDateOrContractMonth='20280121', strike=242.5, right='P', multiplier='100', exchange='NASDAQOM', currency='USD', tradingClass='ADBE')
2026-07-29 21:31:09,890 [ERROR] Error 200, reqId 252: No security definition has been found for the request, contract: Option(symbol='ADBE', lastTradeDateOrContractMonth='20280121', strike=245.0, right='C', multiplier='100', exchange='NASDAQOM', currency='USD', tradingClass='ADBE')
2026-07-29 21:31:09,890 [ERROR] Error 200, reqId 253: No security definition has been found for the request, contract: Option(symbol='ADBE', lastTradeDateOrContractMonth='20280121', strike=245.0, right='P', multiplier='100', exchange='NASDAQOM', currency='USD', tradingClass='ADBE')
2026-07-29 21:31:09,892 [ERROR] Error 200, reqId 254: No security definition has been found for the request, contract: Option(symbol='ADBE', lastTradeDateOrContractMonth='20280121', strike=247.5, right='C', multiplier='100', exchange='NASDAQOM', currency='USD', tradingClass='ADBE')
2026-07-29 21:31:09,894 [ERROR] Error 200, reqId 255: No security definition has been found for the request, contract: Option(symbol='ADBE', lastTradeDateOrContractMonth='20280121', strike=247.5, right='P', multiplier='100', exchange='NASDAQOM', currency='USD', tradingClass='ADBE')
2026-07-29 21:31:09,916 [ERROR] Error 200, reqId 259: No security definition has been found for the request, contract: Option(symbol='ADBE', lastTradeDateOrContractMonth='20280121', strike=252.5, right='P', multiplier='100', exchange='NASDAQOM', currency='USD', tradingClass='ADBE')
2026-07-29 21:31:09,918 [ERROR] Error 200, reqId 258: No security definition has been found for the request, contract: Option(symbol='ADBE', lastTradeDateOrContractMonth='20280121', strike=252.5, right='C', multiplier='100', exchange='NASDAQOM', currency='USD', tradingClass='ADBE')
2026-07-29 21:31:09,925 [ERROR] Error 200, reqId 261: No security definition has been found for the request, contract: Option(symbol='ADBE', lastTradeDateOrContractMonth='20280121', strike=255.0, right='P', multiplier='100', exchange='NASDAQOM', currency='USD', tradingClass='ADBE')
2026-07-29 21:31:09,926 [ERROR] Error 200, reqId 260: No security definition has been found for the request, contract: Option(symbol='ADBE', lastTradeDateOrContractMonth='20280121', strike=255.0, right='C', multiplier='100', exchange='NASDAQOM', currency='USD', tradingClass='ADBE')
2026-07-29 21:31:10,116 [ERROR] Error 200, reqId 263: No security definition has been found for the request, contract: Option(symbol='ADBE', lastTradeDateOrContractMonth='20280121', strike=257.5, right='P', multiplier='100', exchange='NASDAQOM', currency='USD', tradingClass='ADBE')
2026-07-29 21:31:10,116 [ERROR] Error 200, reqId 262: No security definition has been found for the request, contract: Option(symbol='ADBE', lastTradeDateOrContractMonth='20280121', strike=257.5, right='C', multiplier='100', exchange='NASDAQOM', currency='USD', tradingClass='ADBE')
2026-07-29 21:31:10,117 [ERROR] Error 200, reqId 266: No security definition has been found for the request, contract: Option(symbol='ADBE', lastTradeDateOrContractMonth='20280121', strike=262.5, right='C', multiplier='100', exchange='NASDAQOM', currency='USD', tradingClass='ADBE')
2026-07-29 21:31:10,176 [ERROR] Error 200, reqId 267: No security definition has been found for the request, contract: Option(symbol='ADBE', lastTradeDateOrContractMonth='20280121', strike=262.5, right='P', multiplier='100', exchange='NASDAQOM', currency='USD', tradingClass='ADBE')
2026-07-29 21:31:10,179 [ERROR] Error 200, reqId 269: No security definition has been found for the request, contract: Option(symbol='ADBE', lastTradeDateOrContractMonth='20280121', strike=265.0, right='P', multiplier='100', exchange='NASDAQOM', currency='USD', tradingClass='ADBE')
2026-07-29 21:31:10,180 [ERROR] Error 200, reqId 270: No security definition has been found for the request, contract: Option(symbol='ADBE', lastTradeDateOrContractMonth='20280121', strike=267.5, right='C', multiplier='100', exchange='NASDAQOM', currency='USD', tradingClass='ADBE')
2026-07-29 21:31:10,180 [ERROR] Error 200, reqId 268: No security definition has been found for the request, contract: Option(symbol='ADBE', lastTradeDateOrContractMonth='20280121', strike=265.0, right='C', multiplier='100', exchange='NASDAQOM', currency='USD', tradingClass='ADBE')
2026-07-29 21:31:10,180 [ERROR] Error 200, reqId 271: No security definition has been found for the request, contract: Option(symbol='ADBE', lastTradeDateOrContractMonth='20280121', strike=267.5, right='P', multiplier='100', exchange='NASDAQOM', currency='USD', tradingClass='ADBE')
2026-07-29 21:31:10,345 [ERROR] Error 200, reqId 274: No security definition has been found for the request, contract: Option(symbol='ADBE', lastTradeDateOrContractMonth='20280121', strike=272.5, right='C', multiplier='100', exchange='NASDAQOM', currency='USD', tradingClass='ADBE')
2026-07-29 21:31:10,346 [ERROR] Error 200, reqId 276: No security definition has been found for the request, contract: Option(symbol='ADBE', lastTradeDateOrContractMonth='20280121', strike=275.0, right='C', multiplier='100', exchange='NASDAQOM', currency='USD', tradingClass='ADBE')
2026-07-29 21:31:10,347 [ERROR] Error 200, reqId 275: No security definition has been found for the request, contract: Option(symbol='ADBE', lastTradeDateOrContractMonth='20280121', strike=272.5, right='P', multiplier='100', exchange='NASDAQOM', currency='USD', tradingClass='ADBE')
2026-07-29 21:31:10,398 [ERROR] Error 200, reqId 277: No security definition has been found for the request, contract: Option(symbol='ADBE', lastTradeDateOrContractMonth='20280121', strike=275.0, right='P', multiplier='100', exchange='NASDAQOM', currency='USD', tradingClass='ADBE')
2026-07-29 21:31:10,399 [ERROR] Error 200, reqId 278: No security definition has been found for the request, contract: Option(symbol='ADBE', lastTradeDateOrContractMonth='20280121', strike=277.5, right='C', multiplier='100', exchange='NASDAQOM', currency='USD', tradingClass='ADBE')
2026-07-29 21:31:10,399 [ERROR] Error 200, reqId 279: No security definition has been found for the request, contract: Option(symbol='ADBE', lastTradeDateOrContractMonth='20280121', strike=277.5, right='P', multiplier='100', exchange='NASDAQOM', currency='USD', tradingClass='ADBE')
2026-07-29 21:31:10,400 [ERROR] Error 200, reqId 282: No security definition has been found for the request, contract: Option(symbol='ADBE', lastTradeDateOrContractMonth='20280121', strike=285.0, right='C', multiplier='100', exchange='NASDAQOM', currency='USD', tradingClass='ADBE')
2026-07-29 21:31:10,403 [ERROR] Error 200, reqId 283: No security definition has been found for the request, contract: Option(symbol='ADBE', lastTradeDateOrContractMonth='20280121', strike=285.0, right='P', multiplier='100', exchange='NASDAQOM', currency='USD', tradingClass='ADBE')
2026-07-29 21:31:10,453 [ERROR] Error 200, reqId 286: No security definition has been found for the request, contract: Option(symbol='ADBE', lastTradeDateOrContractMonth='20280121', strike=295.0, right='C', multiplier='100', exchange='NASDAQOM', currency='USD', tradingClass='ADBE')
2026-07-29 21:31:10,580 [ERROR] Error 200, reqId 287: No security definition has been found for the request, contract: Option(symbol='ADBE', lastTradeDateOrContractMonth='20280121', strike=295.0, right='P', multiplier='100', exchange='NASDAQOM', currency='USD', tradingClass='ADBE')
2026-07-29 21:31:10,601 [ERROR] Error 200, reqId 290: No security definition has been found for the request, contract: Option(symbol='ADBE', lastTradeDateOrContractMonth='20280121', strike=305.0, right='C', multiplier='100', exchange='NASDAQOM', currency='USD', tradingClass='ADBE')
2026-07-29 21:31:10,602 [ERROR] Error 200, reqId 291: No security definition has been found for the request, contract: Option(symbol='ADBE', lastTradeDateOrContractMonth='20280121', strike=305.0, right='P', multiplier='100', exchange='NASDAQOM', currency='USD', tradingClass='ADBE')
2026-07-29 21:31:10,694 [ERROR] Error 200, reqId 294: No security definition has been found for the request, contract: Option(symbol='ADBE', lastTradeDateOrContractMonth='20280121', strike=315.0, right='C', multiplier='100', exchange='NASDAQOM', currency='USD', tradingClass='ADBE')
2026-07-29 21:31:10,695 [ERROR] Error 200, reqId 295: No security definition has been found for the request, contract: Option(symbol='ADBE', lastTradeDateOrContractMonth='20280121', strike=315.0, right='P', multiplier='100', exchange='NASDAQOM', currency='USD', tradingClass='ADBE')
2026-07-29 21:31:10,818 [ERROR] Error 200, reqId 298: No security definition has been found for the request, contract: Option(symbol='ADBE', lastTradeDateOrContractMonth='20280121', strike=325.0, right='C', multiplier='100', exchange='NASDAQOM', currency='USD', tradingClass='ADBE')
2026-07-29 21:31:10,819 [ERROR] Error 200, reqId 299: No security definition has been found for the request, contract: Option(symbol='ADBE', lastTradeDateOrContractMonth='20280121', strike=325.0, right='P', multiplier='100', exchange='NASDAQOM', currency='USD', tradingClass='ADBE')
2026-07-29 21:31:10,931 [ERROR] Error 200, reqId 303: No security definition has been found for the request, contract: Option(symbol='ADBE', lastTradeDateOrContractMonth='20280121', strike=335.0, right='P', multiplier='100', exchange='NASDAQOM', currency='USD', tradingClass='ADBE')
2026-07-29 21:31:10,933 [ERROR] Error 200, reqId 302: No security definition has been found for the request, contract: Option(symbol='ADBE', lastTradeDateOrContractMonth='20280121', strike=335.0, right='C', multiplier='100', exchange='NASDAQOM', currency='USD', tradingClass='ADBE')
2026-07-29 21:31:11,294 [WARNING] Unknown contract: Option(symbol='ADBE', lastTradeDateOrContractMonth='20280121', strike=192.5, right='C', multiplier='100', exchange='NASDAQOM', currency='USD', tradingClass='ADBE')
2026-07-29 21:31:11,295 [WARNING] Unknown contract: Option(symbol='ADBE', lastTradeDateOrContractMonth='20280121', strike=192.5, right='P', multiplier='100', exchange='NASDAQOM', currency='USD', tradingClass='ADBE')
2026-07-29 21:31:11,295 [WARNING] Unknown contract: Option(symbol='ADBE', lastTradeDateOrContractMonth='20280121', strike=197.5, right='C', multiplier='100', exchange='NASDAQOM', currency='USD', tradingClass='ADBE')
2026-07-29 21:31:11,295 [WARNING] Unknown contract: Option(symbol='ADBE', lastTradeDateOrContractMonth='20280121', strike=197.5, right='P', multiplier='100', exchange='NASDAQOM', currency='USD', tradingClass='ADBE')
2026-07-29 21:31:11,296 [WARNING] Unknown contract: Option(symbol='ADBE', lastTradeDateOrContractMonth='20280121', strike=202.5, right='C', multiplier='100', exchange='NASDAQOM', currency='USD', tradingClass='ADBE')
2026-07-29 21:31:11,296 [WARNING] Unknown contract: Option(symbol='ADBE', lastTradeDateOrContractMonth='20280121', strike=202.5, right='P', multiplier='100', exchange='NASDAQOM', currency='USD', tradingClass='ADBE')
2026-07-29 21:31:11,296 [WARNING] Unknown contract: Option(symbol='ADBE', lastTradeDateOrContractMonth='20280121', strike=205.0, right='C', multiplier='100', exchange='NASDAQOM', currency='USD', tradingClass='ADBE')
2026-07-29 21:31:11,296 [WARNING] Unknown contract: Option(symbol='ADBE', lastTradeDateOrContractMonth='20280121', strike=205.0, right='P', multiplier='100', exchange='NASDAQOM', currency='USD', tradingClass='ADBE')
2026-07-29 21:31:11,296 [WARNING] Unknown contract: Option(symbol='ADBE', lastTradeDateOrContractMonth='20280121', strike=207.5, right='C', multiplier='100', exchange='NASDAQOM', currency='USD', tradingClass='ADBE')
2026-07-29 21:31:11,297 [WARNING] Unknown contract: Option(symbol='ADBE', lastTradeDateOrContractMonth='20280121', strike=207.5, right='P', multiplier='100', exchange='NASDAQOM', currency='USD', tradingClass='ADBE')
2026-07-29 21:31:11,297 [WARNING] Unknown contract: Option(symbol='ADBE', lastTradeDateOrContractMonth='20280121', strike=212.5, right='C', multiplier='100', exchange='NASDAQOM', currency='USD', tradingClass='ADBE')
2026-07-29 21:31:11,297 [WARNING] Unknown contract: Option(symbol='ADBE', lastTradeDateOrContractMonth='20280121', strike=212.5, right='P', multiplier='100', exchange='NASDAQOM', currency='USD', tradingClass='ADBE')
2026-07-29 21:31:11,298 [WARNING] Unknown contract: Option(symbol='ADBE', lastTradeDateOrContractMonth='20280121', strike=215.0, right='C', multiplier='100', exchange='NASDAQOM', currency='USD', tradingClass='ADBE')
2026-07-29 21:31:11,298 [WARNING] Unknown contract: Option(symbol='ADBE', lastTradeDateOrContractMonth='20280121', strike=215.0, right='P', multiplier='100', exchange='NASDAQOM', currency='USD', tradingClass='ADBE')
2026-07-29 21:31:11,298 [WARNING] Unknown contract: Option(symbol='ADBE', lastTradeDateOrContractMonth='20280121', strike=217.5, right='C', multiplier='100', exchange='NASDAQOM', currency='USD', tradingClass='ADBE')
2026-07-29 21:31:11,298 [WARNING] Unknown contract: Option(symbol='ADBE', lastTradeDateOrContractMonth='20280121', strike=217.5, right='P', multiplier='100', exchange='NASDAQOM', currency='USD', tradingClass='ADBE')
2026-07-29 21:31:11,298 [WARNING] Unknown contract: Option(symbol='ADBE', lastTradeDateOrContractMonth='20280121', strike=222.5, right='C', multiplier='100', exchange='NASDAQOM', currency='USD', tradingClass='ADBE')
2026-07-29 21:31:11,299 [WARNING] Unknown contract: Option(symbol='ADBE', lastTradeDateOrContractMonth='20280121', strike=222.5, right='P', multiplier='100', exchange='NASDAQOM', currency='USD', tradingClass='ADBE')
2026-07-29 21:31:11,299 [WARNING] Unknown contract: Option(symbol='ADBE', lastTradeDateOrContractMonth='20280121', strike=225.0, right='C', multiplier='100', exchange='NASDAQOM', currency='USD', tradingClass='ADBE')
2026-07-29 21:31:11,299 [WARNING] Unknown contract: Option(symbol='ADBE', lastTradeDateOrContractMonth='20280121', strike=225.0, right='P', multiplier='100', exchange='NASDAQOM', currency='USD', tradingClass='ADBE')
2026-07-29 21:31:11,299 [WARNING] Unknown contract: Option(symbol='ADBE', lastTradeDateOrContractMonth='20280121', strike=227.5, right='C', multiplier='100', exchange='NASDAQOM', currency='USD', tradingClass='ADBE')
2026-07-29 21:31:11,299 [WARNING] Unknown contract: Option(symbol='ADBE', lastTradeDateOrContractMonth='20280121', strike=227.5, right='P', multiplier='100', exchange='NASDAQOM', currency='USD', tradingClass='ADBE')
2026-07-29 21:31:11,300 [WARNING] Unknown contract: Option(symbol='ADBE', lastTradeDateOrContractMonth='20280121', strike=232.5, right='C', multiplier='100', exchange='NASDAQOM', currency='USD', tradingClass='ADBE')
2026-07-29 21:31:11,300 [WARNING] Unknown contract: Option(symbol='ADBE', lastTradeDateOrContractMonth='20280121', strike=232.5, right='P', multiplier='100', exchange='NASDAQOM', currency='USD', tradingClass='ADBE')
2026-07-29 21:31:11,301 [WARNING] Unknown contract: Option(symbol='ADBE', lastTradeDateOrContractMonth='20280121', strike=235.0, right='C', multiplier='100', exchange='NASDAQOM', currency='USD', tradingClass='ADBE')
2026-07-29 21:31:11,302 [WARNING] Unknown contract: Option(symbol='ADBE', lastTradeDateOrContractMonth='20280121', strike=235.0, right='P', multiplier='100', exchange='NASDAQOM', currency='USD', tradingClass='ADBE')
2026-07-29 21:31:11,303 [WARNING] Unknown contract: Option(symbol='ADBE', lastTradeDateOrContractMonth='20280121', strike=237.5, right='C', multiplier='100', exchange='NASDAQOM', currency='USD', tradingClass='ADBE')
2026-07-29 21:31:11,303 [WARNING] Unknown contract: Option(symbol='ADBE', lastTradeDateOrContractMonth='20280121', strike=237.5, right='P', multiplier='100', exchange='NASDAQOM', currency='USD', tradingClass='ADBE')
2026-07-29 21:31:11,303 [WARNING] Unknown contract: Option(symbol='ADBE', lastTradeDateOrContractMonth='20280121', strike=242.5, right='C', multiplier='100', exchange='NASDAQOM', currency='USD', tradingClass='ADBE')
2026-07-29 21:31:11,303 [WARNING] Unknown contract: Option(symbol='ADBE', lastTradeDateOrContractMonth='20280121', strike=242.5, right='P', multiplier='100', exchange='NASDAQOM', currency='USD', tradingClass='ADBE')
2026-07-29 21:31:11,303 [WARNING] Unknown contract: Option(symbol='ADBE', lastTradeDateOrContractMonth='20280121', strike=245.0, right='C', multiplier='100', exchange='NASDAQOM', currency='USD', tradingClass='ADBE')
2026-07-29 21:31:11,304 [WARNING] Unknown contract: Option(symbol='ADBE', lastTradeDateOrContractMonth='20280121', strike=245.0, right='P', multiplier='100', exchange='NASDAQOM', currency='USD', tradingClass='ADBE')
2026-07-29 21:31:11,304 [WARNING] Unknown contract: Option(symbol='ADBE', lastTradeDateOrContractMonth='20280121', strike=247.5, right='C', multiplier='100', exchange='NASDAQOM', currency='USD', tradingClass='ADBE')
2026-07-29 21:31:11,304 [WARNING] Unknown contract: Option(symbol='ADBE', lastTradeDateOrContractMonth='20280121', strike=247.5, right='P', multiplier='100', exchange='NASDAQOM', currency='USD', tradingClass='ADBE')
2026-07-29 21:31:11,304 [WARNING] Unknown contract: Option(symbol='ADBE', lastTradeDateOrContractMonth='20280121', strike=252.5, right='C', multiplier='100', exchange='NASDAQOM', currency='USD', tradingClass='ADBE')
2026-07-29 21:31:11,304 [WARNING] Unknown contract: Option(symbol='ADBE', lastTradeDateOrContractMonth='20280121', strike=252.5, right='P', multiplier='100', exchange='NASDAQOM', currency='USD', tradingClass='ADBE')
2026-07-29 21:31:11,305 [WARNING] Unknown contract: Option(symbol='ADBE', lastTradeDateOrContractMonth='20280121', strike=255.0, right='C', multiplier='100', exchange='NASDAQOM', currency='USD', tradingClass='ADBE')
2026-07-29 21:31:11,306 [WARNING] Unknown contract: Option(symbol='ADBE', lastTradeDateOrContractMonth='20280121', strike=255.0, right='P', multiplier='100', exchange='NASDAQOM', currency='USD', tradingClass='ADBE')
2026-07-29 21:31:11,306 [WARNING] Unknown contract: Option(symbol='ADBE', lastTradeDateOrContractMonth='20280121', strike=257.5, right='C', multiplier='100', exchange='NASDAQOM', currency='USD', tradingClass='ADBE')
2026-07-29 21:31:11,307 [WARNING] Unknown contract: Option(symbol='ADBE', lastTradeDateOrContractMonth='20280121', strike=257.5, right='P', multiplier='100', exchange='NASDAQOM', currency='USD', tradingClass='ADBE')
2026-07-29 21:31:11,307 [WARNING] Unknown contract: Option(symbol='ADBE', lastTradeDateOrContractMonth='20280121', strike=262.5, right='C', multiplier='100', exchange='NASDAQOM', currency='USD', tradingClass='ADBE')
2026-07-29 21:31:11,307 [WARNING] Unknown contract: Option(symbol='ADBE', lastTradeDateOrContractMonth='20280121', strike=262.5, right='P', multiplier='100', exchange='NASDAQOM', currency='USD', tradingClass='ADBE')
2026-07-29 21:31:11,308 [WARNING] Unknown contract: Option(symbol='ADBE', lastTradeDateOrContractMonth='20280121', strike=265.0, right='C', multiplier='100', exchange='NASDAQOM', currency='USD', tradingClass='ADBE')
2026-07-29 21:31:11,308 [WARNING] Unknown contract: Option(symbol='ADBE', lastTradeDateOrContractMonth='20280121', strike=265.0, right='P', multiplier='100', exchange='NASDAQOM', currency='USD', tradingClass='ADBE')
2026-07-29 21:31:11,308 [WARNING] Unknown contract: Option(symbol='ADBE', lastTradeDateOrContractMonth='20280121', strike=267.5, right='C', multiplier='100', exchange='NASDAQOM', currency='USD', tradingClass='ADBE')
2026-07-29 21:31:11,308 [WARNING] Unknown contract: Option(symbol='ADBE', lastTradeDateOrContractMonth='20280121', strike=267.5, right='P', multiplier='100', exchange='NASDAQOM', currency='USD', tradingClass='ADBE')
2026-07-29 21:31:11,309 [WARNING] Unknown contract: Option(symbol='ADBE', lastTradeDateOrContractMonth='20280121', strike=272.5, right='C', multiplier='100', exchange='NASDAQOM', currency='USD', tradingClass='ADBE')
2026-07-29 21:31:11,309 [WARNING] Unknown contract: Option(symbol='ADBE', lastTradeDateOrContractMonth='20280121', strike=272.5, right='P', multiplier='100', exchange='NASDAQOM', currency='USD', tradingClass='ADBE')
2026-07-29 21:31:11,309 [WARNING] Unknown contract: Option(symbol='ADBE', lastTradeDateOrContractMonth='20280121', strike=275.0, right='C', multiplier='100', exchange='NASDAQOM', currency='USD', tradingClass='ADBE')
2026-07-29 21:31:11,309 [WARNING] Unknown contract: Option(symbol='ADBE', lastTradeDateOrContractMonth='20280121', strike=275.0, right='P', multiplier='100', exchange='NASDAQOM', currency='USD', tradingClass='ADBE')
2026-07-29 21:31:11,310 [WARNING] Unknown contract: Option(symbol='ADBE', lastTradeDateOrContractMonth='20280121', strike=277.5, right='C', multiplier='100', exchange='NASDAQOM', currency='USD', tradingClass='ADBE')
2026-07-29 21:31:11,310 [WARNING] Unknown contract: Option(symbol='ADBE', lastTradeDateOrContractMonth='20280121', strike=277.5, right='P', multiplier='100', exchange='NASDAQOM', currency='USD', tradingClass='ADBE')
2026-07-29 21:31:11,310 [WARNING] Unknown contract: Option(symbol='ADBE', lastTradeDateOrContractMonth='20280121', strike=285.0, right='C', multiplier='100', exchange='NASDAQOM', currency='USD', tradingClass='ADBE')
2026-07-29 21:31:11,310 [WARNING] Unknown contract: Option(symbol='ADBE', lastTradeDateOrContractMonth='20280121', strike=285.0, right='P', multiplier='100', exchange='NASDAQOM', currency='USD', tradingClass='ADBE')
2026-07-29 21:31:11,311 [WARNING] Unknown contract: Option(symbol='ADBE', lastTradeDateOrContractMonth='20280121', strike=295.0, right='C', multiplier='100', exchange='NASDAQOM', currency='USD', tradingClass='ADBE')
2026-07-29 21:31:11,313 [WARNING] Unknown contract: Option(symbol='ADBE', lastTradeDateOrContractMonth='20280121', strike=295.0, right='P', multiplier='100', exchange='NASDAQOM', currency='USD', tradingClass='ADBE')
2026-07-29 21:31:11,313 [WARNING] Unknown contract: Option(symbol='ADBE', lastTradeDateOrContractMonth='20280121', strike=305.0, right='C', multiplier='100', exchange='NASDAQOM', currency='USD', tradingClass='ADBE')
2026-07-29 21:31:11,314 [WARNING] Unknown contract: Option(symbol='ADBE', lastTradeDateOrContractMonth='20280121', strike=305.0, right='P', multiplier='100', exchange='NASDAQOM', currency='USD', tradingClass='ADBE')
2026-07-29 21:31:11,314 [WARNING] Unknown contract: Option(symbol='ADBE', lastTradeDateOrContractMonth='20280121', strike=315.0, right='C', multiplier='100', exchange='NASDAQOM', currency='USD', tradingClass='ADBE')
2026-07-29 21:31:11,314 [WARNING] Unknown contract: Option(symbol='ADBE', lastTradeDateOrContractMonth='20280121', strike=315.0, right='P', multiplier='100', exchange='NASDAQOM', currency='USD', tradingClass='ADBE')
2026-07-29 21:31:11,314 [WARNING] Unknown contract: Option(symbol='ADBE', lastTradeDateOrContractMonth='20280121', strike=325.0, right='C', multiplier='100', exchange='NASDAQOM', currency='USD', tradingClass='ADBE')
2026-07-29 21:31:11,315 [WARNING] Unknown contract: Option(symbol='ADBE', lastTradeDateOrContractMonth='20280121', strike=325.0, right='P', multiplier='100', exchange='NASDAQOM', currency='USD', tradingClass='ADBE')
2026-07-29 21:31:11,315 [WARNING] Unknown contract: Option(symbol='ADBE', lastTradeDateOrContractMonth='20280121', strike=335.0, right='C', multiplier='100', exchange='NASDAQOM', currency='USD', tradingClass='ADBE')
2026-07-29 21:31:11,315 [WARNING] Unknown contract: Option(symbol='ADBE', lastTradeDateOrContractMonth='20280121', strike=335.0, right='P', multiplier='100', exchange='NASDAQOM', currency='USD', tradingClass='ADBE')
2026-07-29 21:31:12,168 [ERROR] Error 200, reqId 311: No security definition has been found for the request, contract: Option(symbol='ADBE', lastTradeDateOrContractMonth='20281215', strike=192.5, right='P', multiplier='100', exchange='NASDAQOM', currency='USD', tradingClass='ADBE')
2026-07-29 21:31:12,282 [ERROR] Error 200, reqId 310: No security definition has been found for the request, contract: Option(symbol='ADBE', lastTradeDateOrContractMonth='20281215', strike=192.5, right='C', multiplier='100', exchange='NASDAQOM', currency='USD', tradingClass='ADBE')
2026-07-29 21:31:12,482 [ERROR] Error 200, reqId 314: No security definition has been found for the request, contract: Option(symbol='ADBE', lastTradeDateOrContractMonth='20281215', strike=197.5, right='C', multiplier='100', exchange='NASDAQOM', currency='USD', tradingClass='ADBE')
2026-07-29 21:31:12,648 [ERROR] Error 200, reqId 315: No security definition has been found for the request, contract: Option(symbol='ADBE', lastTradeDateOrContractMonth='20281215', strike=197.5, right='P', multiplier='100', exchange='NASDAQOM', currency='USD', tradingClass='ADBE')
2026-07-29 21:31:12,725 [ERROR] Error 200, reqId 318: No security definition has been found for the request, contract: Option(symbol='ADBE', lastTradeDateOrContractMonth='20281215', strike=202.5, right='C', multiplier='100', exchange='NASDAQOM', currency='USD', tradingClass='ADBE')
2026-07-29 21:31:12,731 [ERROR] Error 200, reqId 320: No security definition has been found for the request, contract: Option(symbol='ADBE', lastTradeDateOrContractMonth='20281215', strike=205.0, right='C', multiplier='100', exchange='NASDAQOM', currency='USD', tradingClass='ADBE')
2026-07-29 21:31:12,731 [ERROR] Error 200, reqId 319: No security definition has been found for the request, contract: Option(symbol='ADBE', lastTradeDateOrContractMonth='20281215', strike=202.5, right='P', multiplier='100', exchange='NASDAQOM', currency='USD', tradingClass='ADBE')
2026-07-29 21:31:12,732 [ERROR] Error 200, reqId 321: No security definition has been found for the request, contract: Option(symbol='ADBE', lastTradeDateOrContractMonth='20281215', strike=205.0, right='P', multiplier='100', exchange='NASDAQOM', currency='USD', tradingClass='ADBE')
2026-07-29 21:31:12,732 [ERROR] Error 200, reqId 322: No security definition has been found for the request, contract: Option(symbol='ADBE', lastTradeDateOrContractMonth='20281215', strike=207.5, right='C', multiplier='100', exchange='NASDAQOM', currency='USD', tradingClass='ADBE')
2026-07-29 21:31:12,733 [ERROR] Error 200, reqId 323: No security definition has been found for the request, contract: Option(symbol='ADBE', lastTradeDateOrContractMonth='20281215', strike=207.5, right='P', multiplier='100', exchange='NASDAQOM', currency='USD', tradingClass='ADBE')
2026-07-29 21:31:12,748 [ERROR] Error 200, reqId 326: No security definition has been found for the request, contract: Option(symbol='ADBE', lastTradeDateOrContractMonth='20281215', strike=212.5, right='C', multiplier='100', exchange='NASDAQOM', currency='USD', tradingClass='ADBE')
2026-07-29 21:31:12,749 [ERROR] Error 200, reqId 327: No security definition has been found for the request, contract: Option(symbol='ADBE', lastTradeDateOrContractMonth='20281215', strike=212.5, right='P', multiplier='100', exchange='NASDAQOM', currency='USD', tradingClass='ADBE')
2026-07-29 21:31:12,893 [ERROR] Error 200, reqId 328: No security definition has been found for the request, contract: Option(symbol='ADBE', lastTradeDateOrContractMonth='20281215', strike=215.0, right='C', multiplier='100', exchange='NASDAQOM', currency='USD', tradingClass='ADBE')
2026-07-29 21:31:12,894 [ERROR] Error 200, reqId 329: No security definition has been found for the request, contract: Option(symbol='ADBE', lastTradeDateOrContractMonth='20281215', strike=215.0, right='P', multiplier='100', exchange='NASDAQOM', currency='USD', tradingClass='ADBE')
2026-07-29 21:31:12,894 [ERROR] Error 200, reqId 330: No security definition has been found for the request, contract: Option(symbol='ADBE', lastTradeDateOrContractMonth='20281215', strike=217.5, right='C', multiplier='100', exchange='NASDAQOM', currency='USD', tradingClass='ADBE')
2026-07-29 21:31:12,901 [ERROR] Error 200, reqId 331: No security definition has been found for the request, contract: Option(symbol='ADBE', lastTradeDateOrContractMonth='20281215', strike=217.5, right='P', multiplier='100', exchange='NASDAQOM', currency='USD', tradingClass='ADBE')
2026-07-29 21:31:12,902 [ERROR] Error 200, reqId 334: No security definition has been found for the request, contract: Option(symbol='ADBE', lastTradeDateOrContractMonth='20281215', strike=222.5, right='C', multiplier='100', exchange='NASDAQOM', currency='USD', tradingClass='ADBE')
2026-07-29 21:31:12,902 [ERROR] Error 200, reqId 335: No security definition has been found for the request, contract: Option(symbol='ADBE', lastTradeDateOrContractMonth='20281215', strike=222.5, right='P', multiplier='100', exchange='NASDAQOM', currency='USD', tradingClass='ADBE')
2026-07-29 21:31:12,907 [ERROR] Error 200, reqId 338: No security definition has been found for the request, contract: Option(symbol='ADBE', lastTradeDateOrContractMonth='20281215', strike=227.5, right='C', multiplier='100', exchange='NASDAQOM', currency='USD', tradingClass='ADBE')
2026-07-29 21:31:12,908 [ERROR] Error 200, reqId 337: No security definition has been found for the request, contract: Option(symbol='ADBE', lastTradeDateOrContractMonth='20281215', strike=225.0, right='P', multiplier='100', exchange='NASDAQOM', currency='USD', tradingClass='ADBE')
2026-07-29 21:31:12,908 [ERROR] Error 200, reqId 336: No security definition has been found for the request, contract: Option(symbol='ADBE', lastTradeDateOrContractMonth='20281215', strike=225.0, right='C', multiplier='100', exchange='NASDAQOM', currency='USD', tradingClass='ADBE')
2026-07-29 21:31:12,908 [ERROR] Error 200, reqId 339: No security definition has been found for the request, contract: Option(symbol='ADBE', lastTradeDateOrContractMonth='20281215', strike=227.5, right='P', multiplier='100', exchange='NASDAQOM', currency='USD', tradingClass='ADBE')
2026-07-29 21:31:12,922 [ERROR] Error 200, reqId 342: No security definition has been found for the request, contract: Option(symbol='ADBE', lastTradeDateOrContractMonth='20281215', strike=232.5, right='C', multiplier='100', exchange='NASDAQOM', currency='USD', tradingClass='ADBE')
2026-07-29 21:31:13,040 [ERROR] Error 200, reqId 343: No security definition has been found for the request, contract: Option(symbol='ADBE', lastTradeDateOrContractMonth='20281215', strike=232.5, right='P', multiplier='100', exchange='NASDAQOM', currency='USD', tradingClass='ADBE')
2026-07-29 21:31:13,040 [ERROR] Error 200, reqId 344: No security definition has been found for the request, contract: Option(symbol='ADBE', lastTradeDateOrContractMonth='20281215', strike=235.0, right='C', multiplier='100', exchange='NASDAQOM', currency='USD', tradingClass='ADBE')
2026-07-29 21:31:13,272 [ERROR] Error 200, reqId 347: No security definition has been found for the request, contract: Option(symbol='ADBE', lastTradeDateOrContractMonth='20281215', strike=237.5, right='P', multiplier='100', exchange='NASDAQOM', currency='USD', tradingClass='ADBE')
2026-07-29 21:31:13,273 [ERROR] Error 200, reqId 345: No security definition has been found for the request, contract: Option(symbol='ADBE', lastTradeDateOrContractMonth='20281215', strike=235.0, right='P', multiplier='100', exchange='NASDAQOM', currency='USD', tradingClass='ADBE')
2026-07-29 21:31:13,274 [ERROR] Error 200, reqId 346: No security definition has been found for the request, contract: Option(symbol='ADBE', lastTradeDateOrContractMonth='20281215', strike=237.5, right='C', multiplier='100', exchange='NASDAQOM', currency='USD', tradingClass='ADBE')
2026-07-29 21:31:13,492 [ERROR] Error 200, reqId 350: No security definition has been found for the request, contract: Option(symbol='ADBE', lastTradeDateOrContractMonth='20281215', strike=242.5, right='C', multiplier='100', exchange='NASDAQOM', currency='USD', tradingClass='ADBE')
2026-07-29 21:31:13,493 [ERROR] Error 200, reqId 351: No security definition has been found for the request, contract: Option(symbol='ADBE', lastTradeDateOrContractMonth='20281215', strike=242.5, right='P', multiplier='100', exchange='NASDAQOM', currency='USD', tradingClass='ADBE')
2026-07-29 21:31:13,578 [ERROR] Error 200, reqId 352: No security definition has been found for the request, contract: Option(symbol='ADBE', lastTradeDateOrContractMonth='20281215', strike=245.0, right='C', multiplier='100', exchange='NASDAQOM', currency='USD', tradingClass='ADBE')
2026-07-29 21:31:13,579 [ERROR] Error 200, reqId 353: No security definition has been found for the request, contract: Option(symbol='ADBE', lastTradeDateOrContractMonth='20281215', strike=245.0, right='P', multiplier='100', exchange='NASDAQOM', currency='USD', tradingClass='ADBE')
2026-07-29 21:31:13,879 [ERROR] Error 200, reqId 354: No security definition has been found for the request, contract: Option(symbol='ADBE', lastTradeDateOrContractMonth='20281215', strike=247.5, right='C', multiplier='100', exchange='NASDAQOM', currency='USD', tradingClass='ADBE')
2026-07-29 21:31:13,879 [ERROR] Error 200, reqId 355: No security definition has been found for the request, contract: Option(symbol='ADBE', lastTradeDateOrContractMonth='20281215', strike=247.5, right='P', multiplier='100', exchange='NASDAQOM', currency='USD', tradingClass='ADBE')
2026-07-29 21:31:13,997 [ERROR] Error 200, reqId 358: No security definition has been found for the request, contract: Option(symbol='ADBE', lastTradeDateOrContractMonth='20281215', strike=252.5, right='C', multiplier='100', exchange='NASDAQOM', currency='USD', tradingClass='ADBE')
2026-07-29 21:31:13,998 [ERROR] Error 200, reqId 359: No security definition has been found for the request, contract: Option(symbol='ADBE', lastTradeDateOrContractMonth='20281215', strike=252.5, right='P', multiplier='100', exchange='NASDAQOM', currency='USD', tradingClass='ADBE')
2026-07-29 21:31:13,998 [ERROR] Error 200, reqId 360: No security definition has been found for the request, contract: Option(symbol='ADBE', lastTradeDateOrContractMonth='20281215', strike=255.0, right='C', multiplier='100', exchange='NASDAQOM', currency='USD', tradingClass='ADBE')
2026-07-29 21:31:13,998 [ERROR] Error 200, reqId 361: No security definition has been found for the request, contract: Option(symbol='ADBE', lastTradeDateOrContractMonth='20281215', strike=255.0, right='P', multiplier='100', exchange='NASDAQOM', currency='USD', tradingClass='ADBE')
2026-07-29 21:31:13,999 [ERROR] Error 200, reqId 362: No security definition has been found for the request, contract: Option(symbol='ADBE', lastTradeDateOrContractMonth='20281215', strike=257.5, right='C', multiplier='100', exchange='NASDAQOM', currency='USD', tradingClass='ADBE')
2026-07-29 21:31:13,999 [ERROR] Error 200, reqId 363: No security definition has been found for the request, contract: Option(symbol='ADBE', lastTradeDateOrContractMonth='20281215', strike=257.5, right='P', multiplier='100', exchange='NASDAQOM', currency='USD', tradingClass='ADBE')
2026-07-29 21:31:13,999 [ERROR] Error 200, reqId 366: No security definition has been found for the request, contract: Option(symbol='ADBE', lastTradeDateOrContractMonth='20281215', strike=262.5, right='C', multiplier='100', exchange='NASDAQOM', currency='USD', tradingClass='ADBE')
2026-07-29 21:31:14,000 [ERROR] Error 200, reqId 367: No security definition has been found for the request, contract: Option(symbol='ADBE', lastTradeDateOrContractMonth='20281215', strike=262.5, right='P', multiplier='100', exchange='NASDAQOM', currency='USD', tradingClass='ADBE')
2026-07-29 21:31:14,000 [ERROR] Error 200, reqId 368: No security definition has been found for the request, contract: Option(symbol='ADBE', lastTradeDateOrContractMonth='20281215', strike=265.0, right='C', multiplier='100', exchange='NASDAQOM', currency='USD', tradingClass='ADBE')
2026-07-29 21:31:14,000 [ERROR] Error 200, reqId 369: No security definition has been found for the request, contract: Option(symbol='ADBE', lastTradeDateOrContractMonth='20281215', strike=265.0, right='P', multiplier='100', exchange='NASDAQOM', currency='USD', tradingClass='ADBE')
2026-07-29 21:31:14,001 [ERROR] Error 200, reqId 370: No security definition has been found for the request, contract: Option(symbol='ADBE', lastTradeDateOrContractMonth='20281215', strike=267.5, right='C', multiplier='100', exchange='NASDAQOM', currency='USD', tradingClass='ADBE')
2026-07-29 21:31:14,001 [ERROR] Error 200, reqId 371: No security definition has been found for the request, contract: Option(symbol='ADBE', lastTradeDateOrContractMonth='20281215', strike=267.5, right='P', multiplier='100', exchange='NASDAQOM', currency='USD', tradingClass='ADBE')
2026-07-29 21:31:14,058 [ERROR] Error 200, reqId 376: No security definition has been found for the request, contract: Option(symbol='ADBE', lastTradeDateOrContractMonth='20281215', strike=275.0, right='C', multiplier='100', exchange='NASDAQOM', currency='USD', tradingClass='ADBE')
2026-07-29 21:31:14,058 [ERROR] Error 200, reqId 375: No security definition has been found for the request, contract: Option(symbol='ADBE', lastTradeDateOrContractMonth='20281215', strike=272.5, right='P', multiplier='100', exchange='NASDAQOM', currency='USD', tradingClass='ADBE')
2026-07-29 21:31:14,059 [ERROR] Error 200, reqId 374: No security definition has been found for the request, contract: Option(symbol='ADBE', lastTradeDateOrContractMonth='20281215', strike=272.5, right='C', multiplier='100', exchange='NASDAQOM', currency='USD', tradingClass='ADBE')
2026-07-29 21:31:14,077 [ERROR] Error 200, reqId 377: No security definition has been found for the request, contract: Option(symbol='ADBE', lastTradeDateOrContractMonth='20281215', strike=275.0, right='P', multiplier='100', exchange='NASDAQOM', currency='USD', tradingClass='ADBE')
2026-07-29 21:31:14,078 [ERROR] Error 200, reqId 378: No security definition has been found for the request, contract: Option(symbol='ADBE', lastTradeDateOrContractMonth='20281215', strike=277.5, right='C', multiplier='100', exchange='NASDAQOM', currency='USD', tradingClass='ADBE')
2026-07-29 21:31:14,078 [ERROR] Error 200, reqId 379: No security definition has been found for the request, contract: Option(symbol='ADBE', lastTradeDateOrContractMonth='20281215', strike=277.5, right='P', multiplier='100', exchange='NASDAQOM', currency='USD', tradingClass='ADBE')
2026-07-29 21:31:14,079 [ERROR] Error 200, reqId 382: No security definition has been found for the request, contract: Option(symbol='ADBE', lastTradeDateOrContractMonth='20281215', strike=285.0, right='C', multiplier='100', exchange='NASDAQOM', currency='USD', tradingClass='ADBE')
2026-07-29 21:31:14,185 [ERROR] Error 200, reqId 383: No security definition has been found for the request, contract: Option(symbol='ADBE', lastTradeDateOrContractMonth='20281215', strike=285.0, right='P', multiplier='100', exchange='NASDAQOM', currency='USD', tradingClass='ADBE')
2026-07-29 21:31:14,185 [ERROR] Error 200, reqId 386: No security definition has been found for the request, contract: Option(symbol='ADBE', lastTradeDateOrContractMonth='20281215', strike=295.0, right='C', multiplier='100', exchange='NASDAQOM', currency='USD', tradingClass='ADBE')
2026-07-29 21:31:14,186 [ERROR] Error 200, reqId 387: No security definition has been found for the request, contract: Option(symbol='ADBE', lastTradeDateOrContractMonth='20281215', strike=295.0, right='P', multiplier='100', exchange='NASDAQOM', currency='USD', tradingClass='ADBE')
2026-07-29 21:31:14,186 [ERROR] Error 200, reqId 390: No security definition has been found for the request, contract: Option(symbol='ADBE', lastTradeDateOrContractMonth='20281215', strike=305.0, right='C', multiplier='100', exchange='NASDAQOM', currency='USD', tradingClass='ADBE')
2026-07-29 21:31:14,355 [ERROR] Error 200, reqId 391: No security definition has been found for the request, contract: Option(symbol='ADBE', lastTradeDateOrContractMonth='20281215', strike=305.0, right='P', multiplier='100', exchange='NASDAQOM', currency='USD', tradingClass='ADBE')
2026-07-29 21:31:14,356 [ERROR] Error 200, reqId 394: No security definition has been found for the request, contract: Option(symbol='ADBE', lastTradeDateOrContractMonth='20281215', strike=315.0, right='C', multiplier='100', exchange='NASDAQOM', currency='USD', tradingClass='ADBE')
2026-07-29 21:31:14,536 [ERROR] Error 200, reqId 395: No security definition has been found for the request, contract: Option(symbol='ADBE', lastTradeDateOrContractMonth='20281215', strike=315.0, right='P', multiplier='100', exchange='NASDAQOM', currency='USD', tradingClass='ADBE')
2026-07-29 21:31:14,632 [ERROR] Error 200, reqId 398: No security definition has been found for the request, contract: Option(symbol='ADBE', lastTradeDateOrContractMonth='20281215', strike=325.0, right='C', multiplier='100', exchange='NASDAQOM', currency='USD', tradingClass='ADBE')
2026-07-29 21:31:14,723 [ERROR] Error 200, reqId 399: No security definition has been found for the request, contract: Option(symbol='ADBE', lastTradeDateOrContractMonth='20281215', strike=325.0, right='P', multiplier='100', exchange='NASDAQOM', currency='USD', tradingClass='ADBE')
2026-07-29 21:31:15,034 [ERROR] Error 200, reqId 402: No security definition has been found for the request, contract: Option(symbol='ADBE', lastTradeDateOrContractMonth='20281215', strike=335.0, right='C', multiplier='100', exchange='NASDAQOM', currency='USD', tradingClass='ADBE')
2026-07-29 21:31:15,035 [ERROR] Error 200, reqId 403: No security definition has been found for the request, contract: Option(symbol='ADBE', lastTradeDateOrContractMonth='20281215', strike=335.0, right='P', multiplier='100', exchange='NASDAQOM', currency='USD', tradingClass='ADBE')
2026-07-29 21:31:15,324 [WARNING] Unknown contract: Option(symbol='ADBE', lastTradeDateOrContractMonth='20281215', strike=192.5, right='C', multiplier='100', exchange='NASDAQOM', currency='USD', tradingClass='ADBE')
2026-07-29 21:31:15,324 [WARNING] Unknown contract: Option(symbol='ADBE', lastTradeDateOrContractMonth='20281215', strike=192.5, right='P', multiplier='100', exchange='NASDAQOM', currency='USD', tradingClass='ADBE')
2026-07-29 21:31:15,325 [WARNING] Unknown contract: Option(symbol='ADBE', lastTradeDateOrContractMonth='20281215', strike=197.5, right='C', multiplier='100', exchange='NASDAQOM', currency='USD', tradingClass='ADBE')
2026-07-29 21:31:15,325 [WARNING] Unknown contract: Option(symbol='ADBE', lastTradeDateOrContractMonth='20281215', strike=197.5, right='P', multiplier='100', exchange='NASDAQOM', currency='USD', tradingClass='ADBE')
2026-07-29 21:31:15,325 [WARNING] Unknown contract: Option(symbol='ADBE', lastTradeDateOrContractMonth='20281215', strike=202.5, right='C', multiplier='100', exchange='NASDAQOM', currency='USD', tradingClass='ADBE')
2026-07-29 21:31:15,325 [WARNING] Unknown contract: Option(symbol='ADBE', lastTradeDateOrContractMonth='20281215', strike=202.5, right='P', multiplier='100', exchange='NASDAQOM', currency='USD', tradingClass='ADBE')
2026-07-29 21:31:15,326 [WARNING] Unknown contract: Option(symbol='ADBE', lastTradeDateOrContractMonth='20281215', strike=205.0, right='C', multiplier='100', exchange='NASDAQOM', currency='USD', tradingClass='ADBE')
2026-07-29 21:31:15,326 [WARNING] Unknown contract: Option(symbol='ADBE', lastTradeDateOrContractMonth='20281215', strike=205.0, right='P', multiplier='100', exchange='NASDAQOM', currency='USD', tradingClass='ADBE')
2026-07-29 21:31:15,326 [WARNING] Unknown contract: Option(symbol='ADBE', lastTradeDateOrContractMonth='20281215', strike=207.5, right='C', multiplier='100', exchange='NASDAQOM', currency='USD', tradingClass='ADBE')
2026-07-29 21:31:15,326 [WARNING] Unknown contract: Option(symbol='ADBE', lastTradeDateOrContractMonth='20281215', strike=207.5, right='P', multiplier='100', exchange='NASDAQOM', currency='USD', tradingClass='ADBE')
2026-07-29 21:31:15,326 [WARNING] Unknown contract: Option(symbol='ADBE', lastTradeDateOrContractMonth='20281215', strike=212.5, right='C', multiplier='100', exchange='NASDAQOM', currency='USD', tradingClass='ADBE')
2026-07-29 21:31:15,326 [WARNING] Unknown contract: Option(symbol='ADBE', lastTradeDateOrContractMonth='20281215', strike=212.5, right='P', multiplier='100', exchange='NASDAQOM', currency='USD', tradingClass='ADBE')
2026-07-29 21:31:15,327 [WARNING] Unknown contract: Option(symbol='ADBE', lastTradeDateOrContractMonth='20281215', strike=215.0, right='C', multiplier='100', exchange='NASDAQOM', currency='USD', tradingClass='ADBE')
2026-07-29 21:31:15,327 [WARNING] Unknown contract: Option(symbol='ADBE', lastTradeDateOrContractMonth='20281215', strike=215.0, right='P', multiplier='100', exchange='NASDAQOM', currency='USD', tradingClass='ADBE')
2026-07-29 21:31:15,327 [WARNING] Unknown contract: Option(symbol='ADBE', lastTradeDateOrContractMonth='20281215', strike=217.5, right='C', multiplier='100', exchange='NASDAQOM', currency='USD', tradingClass='ADBE')
2026-07-29 21:31:15,327 [WARNING] Unknown contract: Option(symbol='ADBE', lastTradeDateOrContractMonth='20281215', strike=217.5, right='P', multiplier='100', exchange='NASDAQOM', currency='USD', tradingClass='ADBE')
2026-07-29 21:31:15,327 [WARNING] Unknown contract: Option(symbol='ADBE', lastTradeDateOrContractMonth='20281215', strike=222.5, right='C', multiplier='100', exchange='NASDAQOM', currency='USD', tradingClass='ADBE')
2026-07-29 21:31:15,327 [WARNING] Unknown contract: Option(symbol='ADBE', lastTradeDateOrContractMonth='20281215', strike=222.5, right='P', multiplier='100', exchange='NASDAQOM', currency='USD', tradingClass='ADBE')
2026-07-29 21:31:15,328 [WARNING] Unknown contract: Option(symbol='ADBE', lastTradeDateOrContractMonth='20281215', strike=225.0, right='C', multiplier='100', exchange='NASDAQOM', currency='USD', tradingClass='ADBE')
2026-07-29 21:31:15,328 [WARNING] Unknown contract: Option(symbol='ADBE', lastTradeDateOrContractMonth='20281215', strike=225.0, right='P', multiplier='100', exchange='NASDAQOM', currency='USD', tradingClass='ADBE')
2026-07-29 21:31:15,328 [WARNING] Unknown contract: Option(symbol='ADBE', lastTradeDateOrContractMonth='20281215', strike=227.5, right='C', multiplier='100', exchange='NASDAQOM', currency='USD', tradingClass='ADBE')
2026-07-29 21:31:15,328 [WARNING] Unknown contract: Option(symbol='ADBE', lastTradeDateOrContractMonth='20281215', strike=227.5, right='P', multiplier='100', exchange='NASDAQOM', currency='USD', tradingClass='ADBE')
2026-07-29 21:31:15,328 [WARNING] Unknown contract: Option(symbol='ADBE', lastTradeDateOrContractMonth='20281215', strike=232.5, right='C', multiplier='100', exchange='NASDAQOM', currency='USD', tradingClass='ADBE')
2026-07-29 21:31:15,328 [WARNING] Unknown contract: Option(symbol='ADBE', lastTradeDateOrContractMonth='20281215', strike=232.5, right='P', multiplier='100', exchange='NASDAQOM', currency='USD', tradingClass='ADBE')
2026-07-29 21:31:15,329 [WARNING] Unknown contract: Option(symbol='ADBE', lastTradeDateOrContractMonth='20281215', strike=235.0, right='C', multiplier='100', exchange='NASDAQOM', currency='USD', tradingClass='ADBE')
2026-07-29 21:31:15,329 [WARNING] Unknown contract: Option(symbol='ADBE', lastTradeDateOrContractMonth='20281215', strike=235.0, right='P', multiplier='100', exchange='NASDAQOM', currency='USD', tradingClass='ADBE')
2026-07-29 21:31:15,329 [WARNING] Unknown contract: Option(symbol='ADBE', lastTradeDateOrContractMonth='20281215', strike=237.5, right='C', multiplier='100', exchange='NASDAQOM', currency='USD', tradingClass='ADBE')
2026-07-29 21:31:15,329 [WARNING] Unknown contract: Option(symbol='ADBE', lastTradeDateOrContractMonth='20281215', strike=237.5, right='P', multiplier='100', exchange='NASDAQOM', currency='USD', tradingClass='ADBE')
2026-07-29 21:31:15,330 [WARNING] Unknown contract: Option(symbol='ADBE', lastTradeDateOrContractMonth='20281215', strike=242.5, right='C', multiplier='100', exchange='NASDAQOM', currency='USD', tradingClass='ADBE')
2026-07-29 21:31:15,330 [WARNING] Unknown contract: Option(symbol='ADBE', lastTradeDateOrContractMonth='20281215', strike=242.5, right='P', multiplier='100', exchange='NASDAQOM', currency='USD', tradingClass='ADBE')
2026-07-29 21:31:15,331 [WARNING] Unknown contract: Option(symbol='ADBE', lastTradeDateOrContractMonth='20281215', strike=245.0, right='C', multiplier='100', exchange='NASDAQOM', currency='USD', tradingClass='ADBE')
2026-07-29 21:31:15,331 [WARNING] Unknown contract: Option(symbol='ADBE', lastTradeDateOrContractMonth='20281215', strike=245.0, right='P', multiplier='100', exchange='NASDAQOM', currency='USD', tradingClass='ADBE')
2026-07-29 21:31:15,331 [WARNING] Unknown contract: Option(symbol='ADBE', lastTradeDateOrContractMonth='20281215', strike=247.5, right='C', multiplier='100', exchange='NASDAQOM', currency='USD', tradingClass='ADBE')
2026-07-29 21:31:15,331 [WARNING] Unknown contract: Option(symbol='ADBE', lastTradeDateOrContractMonth='20281215', strike=247.5, right='P', multiplier='100', exchange='NASDAQOM', currency='USD', tradingClass='ADBE')
2026-07-29 21:31:15,332 [WARNING] Unknown contract: Option(symbol='ADBE', lastTradeDateOrContractMonth='20281215', strike=252.5, right='C', multiplier='100', exchange='NASDAQOM', currency='USD', tradingClass='ADBE')
2026-07-29 21:31:15,332 [WARNING] Unknown contract: Option(symbol='ADBE', lastTradeDateOrContractMonth='20281215', strike=252.5, right='P', multiplier='100', exchange='NASDAQOM', currency='USD', tradingClass='ADBE')
2026-07-29 21:31:15,332 [WARNING] Unknown contract: Option(symbol='ADBE', lastTradeDateOrContractMonth='20281215', strike=255.0, right='C', multiplier='100', exchange='NASDAQOM', currency='USD', tradingClass='ADBE')
2026-07-29 21:31:15,332 [WARNING] Unknown contract: Option(symbol='ADBE', lastTradeDateOrContractMonth='20281215', strike=255.0, right='P', multiplier='100', exchange='NASDAQOM', currency='USD', tradingClass='ADBE')
2026-07-29 21:31:15,333 [WARNING] Unknown contract: Option(symbol='ADBE', lastTradeDateOrContractMonth='20281215', strike=257.5, right='C', multiplier='100', exchange='NASDAQOM', currency='USD', tradingClass='ADBE')
2026-07-29 21:31:15,333 [WARNING] Unknown contract: Option(symbol='ADBE', lastTradeDateOrContractMonth='20281215', strike=257.5, right='P', multiplier='100', exchange='NASDAQOM', currency='USD', tradingClass='ADBE')
2026-07-29 21:31:15,333 [WARNING] Unknown contract: Option(symbol='ADBE', lastTradeDateOrContractMonth='20281215', strike=262.5, right='C', multiplier='100', exchange='NASDAQOM', currency='USD', tradingClass='ADBE')
2026-07-29 21:31:15,333 [WARNING] Unknown contract: Option(symbol='ADBE', lastTradeDateOrContractMonth='20281215', strike=262.5, right='P', multiplier='100', exchange='NASDAQOM', currency='USD', tradingClass='ADBE')
2026-07-29 21:31:15,333 [WARNING] Unknown contract: Option(symbol='ADBE', lastTradeDateOrContractMonth='20281215', strike=265.0, right='C', multiplier='100', exchange='NASDAQOM', currency='USD', tradingClass='ADBE')
2026-07-29 21:31:15,333 [WARNING] Unknown contract: Option(symbol='ADBE', lastTradeDateOrContractMonth='20281215', strike=265.0, right='P', multiplier='100', exchange='NASDAQOM', currency='USD', tradingClass='ADBE')
2026-07-29 21:31:15,333 [WARNING] Unknown contract: Option(symbol='ADBE', lastTradeDateOrContractMonth='20281215', strike=267.5, right='C', multiplier='100', exchange='NASDAQOM', currency='USD', tradingClass='ADBE')
2026-07-29 21:31:15,333 [WARNING] Unknown contract: Option(symbol='ADBE', lastTradeDateOrContractMonth='20281215', strike=267.5, right='P', multiplier='100', exchange='NASDAQOM', currency='USD', tradingClass='ADBE')
2026-07-29 21:31:15,334 [WARNING] Unknown contract: Option(symbol='ADBE', lastTradeDateOrContractMonth='20281215', strike=272.5, right='C', multiplier='100', exchange='NASDAQOM', currency='USD', tradingClass='ADBE')
2026-07-29 21:31:15,334 [WARNING] Unknown contract: Option(symbol='ADBE', lastTradeDateOrContractMonth='20281215', strike=272.5, right='P', multiplier='100', exchange='NASDAQOM', currency='USD', tradingClass='ADBE')
2026-07-29 21:31:15,334 [WARNING] Unknown contract: Option(symbol='ADBE', lastTradeDateOrContractMonth='20281215', strike=275.0, right='C', multiplier='100', exchange='NASDAQOM', currency='USD', tradingClass='ADBE')
2026-07-29 21:31:15,334 [WARNING] Unknown contract: Option(symbol='ADBE', lastTradeDateOrContractMonth='20281215', strike=275.0, right='P', multiplier='100', exchange='NASDAQOM', currency='USD', tradingClass='ADBE')
2026-07-29 21:31:15,334 [WARNING] Unknown contract: Option(symbol='ADBE', lastTradeDateOrContractMonth='20281215', strike=277.5, right='C', multiplier='100', exchange='NASDAQOM', currency='USD', tradingClass='ADBE')
2026-07-29 21:31:15,334 [WARNING] Unknown contract: Option(symbol='ADBE', lastTradeDateOrContractMonth='20281215', strike=277.5, right='P', multiplier='100', exchange='NASDAQOM', currency='USD', tradingClass='ADBE')
2026-07-29 21:31:15,334 [WARNING] Unknown contract: Option(symbol='ADBE', lastTradeDateOrContractMonth='20281215', strike=285.0, right='C', multiplier='100', exchange='NASDAQOM', currency='USD', tradingClass='ADBE')
2026-07-29 21:31:15,334 [WARNING] Unknown contract: Option(symbol='ADBE', lastTradeDateOrContractMonth='20281215', strike=285.0, right='P', multiplier='100', exchange='NASDAQOM', currency='USD', tradingClass='ADBE')
2026-07-29 21:31:15,335 [WARNING] Unknown contract: Option(symbol='ADBE', lastTradeDateOrContractMonth='20281215', strike=295.0, right='C', multiplier='100', exchange='NASDAQOM', currency='USD', tradingClass='ADBE')
2026-07-29 21:31:15,335 [WARNING] Unknown contract: Option(symbol='ADBE', lastTradeDateOrContractMonth='20281215', strike=295.0, right='P', multiplier='100', exchange='NASDAQOM', currency='USD', tradingClass='ADBE')
2026-07-29 21:31:15,336 [WARNING] Unknown contract: Option(symbol='ADBE', lastTradeDateOrContractMonth='20281215', strike=305.0, right='C', multiplier='100', exchange='NASDAQOM', currency='USD', tradingClass='ADBE')
2026-07-29 21:31:15,336 [WARNING] Unknown contract: Option(symbol='ADBE', lastTradeDateOrContractMonth='20281215', strike=305.0, right='P', multiplier='100', exchange='NASDAQOM', currency='USD', tradingClass='ADBE')
2026-07-29 21:31:15,336 [WARNING] Unknown contract: Option(symbol='ADBE', lastTradeDateOrContractMonth='20281215', strike=315.0, right='C', multiplier='100', exchange='NASDAQOM', currency='USD', tradingClass='ADBE')
2026-07-29 21:31:15,337 [WARNING] Unknown contract: Option(symbol='ADBE', lastTradeDateOrContractMonth='20281215', strike=315.0, right='P', multiplier='100', exchange='NASDAQOM', currency='USD', tradingClass='ADBE')
2026-07-29 21:31:15,337 [WARNING] Unknown contract: Option(symbol='ADBE', lastTradeDateOrContractMonth='20281215', strike=325.0, right='C', multiplier='100', exchange='NASDAQOM', currency='USD', tradingClass='ADBE')
2026-07-29 21:31:15,337 [WARNING] Unknown contract: Option(symbol='ADBE', lastTradeDateOrContractMonth='20281215', strike=325.0, right='P', multiplier='100', exchange='NASDAQOM', currency='USD', tradingClass='ADBE')
2026-07-29 21:31:15,337 [WARNING] Unknown contract: Option(symbol='ADBE', lastTradeDateOrContractMonth='20281215', strike=335.0, right='C', multiplier='100', exchange='NASDAQOM', currency='USD', tradingClass='ADBE')
2026-07-29 21:31:15,338 [WARNING] Unknown contract: Option(symbol='ADBE', lastTradeDateOrContractMonth='20281215', strike=335.0, right='P', multiplier='100', exchange='NASDAQOM', currency='USD', tradingClass='ADBE')
2026-07-29 21:31:18,630 [INFO] Warning 10167, reqId 406: Requested market data is not subscribed. Displaying delayed market data.
2026-07-29 21:31:20,576 [INFO] Warning 10167, reqId 431: Requested market data is not subscribed. Displaying delayed market data., contract: Option(conId=799743175, symbol='ADBE', lastTradeDateOrContractMonth='20270617', strike=290.0, right='P', multiplier='100', exchange='NASDAQOM', currency='USD', localSymbol='ADBE  270617P00290000', tradingClass='ADBE')
2026-07-29 21:31:20,669 [INFO] Warning 10167, reqId 432: Requested market data is not subscribed. Displaying delayed market data., contract: Option(conId=799740021, symbol='ADBE', lastTradeDateOrContractMonth='20270617', strike=300.0, right='C', multiplier='100', exchange='NASDAQOM', currency='USD', localSymbol='ADBE  270617C00300000', tradingClass='ADBE')
2026-07-29 21:31:21,089 [INFO] Warning 10167, reqId 433: Requested market data is not subscribed. Displaying delayed market data., contract: Option(conId=799743262, symbol='ADBE', lastTradeDateOrContractMonth='20270617', strike=300.0, right='P', multiplier='100', exchange='NASDAQOM', currency='USD', localSymbol='ADBE  270617P00300000', tradingClass='ADBE')
2026-07-29 21:31:21,092 [INFO] Warning 10167, reqId 434: Requested market data is not subscribed. Displaying delayed market data., contract: Option(conId=799740140, symbol='ADBE', lastTradeDateOrContractMonth='20270617', strike=310.0, right='C', multiplier='100', exchange='NASDAQOM', currency='USD', localSymbol='ADBE  270617C00310000', tradingClass='ADBE')
2026-07-29 21:31:21,532 [ERROR] Error 10091, reqId 450: Part of requested market data requires additional subscription for API. See link in 'Market Data Connections' dialog for more details.ADBE NASDAQ.NMS/TOP/BID_ASK, contract: Option(conId=768555685, symbol='ADBE', lastTradeDateOrContractMonth='20271217', strike=210.0, right='C', multiplier='100', exchange='NASDAQOM', currency='USD', localSymbol='ADBE  271217C00210000', tradingClass='ADBE')
2026-07-29 21:31:21,535 [ERROR] Error 10091, reqId 451: Part of requested market data requires additional subscription for API. See link in 'Market Data Connections' dialog for more details.ADBE NASDAQ.NMS/TOP/BID_ASK, contract: Option(conId=768557859, symbol='ADBE', lastTradeDateOrContractMonth='20271217', strike=210.0, right='P', multiplier='100', exchange='NASDAQOM', currency='USD', localSymbol='ADBE  271217P00210000', tradingClass='ADBE')
2026-07-29 21:31:21,537 [ERROR] Error 10091, reqId 452: Part of requested market data requires additional subscription for API. See link in 'Market Data Connections' dialog for more details.ADBE NASDAQ.NMS/TOP/BID_ASK, contract: Option(conId=768555735, symbol='ADBE', lastTradeDateOrContractMonth='20271217', strike=220.0, right='C', multiplier='100', exchange='NASDAQOM', currency='USD', localSymbol='ADBE  271217C00220000', tradingClass='ADBE')
2026-07-29 21:31:21,819 [ERROR] Error 10091, reqId 453: Part of requested market data requires additional subscription for API. See link in 'Market Data Connections' dialog for more details.ADBE NASDAQ.NMS/TOP/ALL, contract: Option(conId=768557898, symbol='ADBE', lastTradeDateOrContractMonth='20271217', strike=220.0, right='P', multiplier='100', exchange='NASDAQOM', currency='USD', localSymbol='ADBE  271217P00220000', tradingClass='ADBE')
2026-07-29 21:31:21,833 [ERROR] Error 10091, reqId 454: Part of requested market data requires additional subscription for API. See link in 'Market Data Connections' dialog for more details.ADBE NASDAQ.NMS/TOP/ALL, contract: Option(conId=768555792, symbol='ADBE', lastTradeDateOrContractMonth='20271217', strike=230.0, right='C', multiplier='100', exchange='NASDAQOM', currency='USD', localSymbol='ADBE  271217C00230000', tradingClass='ADBE')
2026-07-29 21:31:21,835 [ERROR] Error 10091, reqId 438: Part of requested market data requires additional subscription for API. See link in 'Market Data Connections' dialog for more details.ADBE NASDAQ.NMS/TOP/ALL, contract: Option(conId=799740357, symbol='ADBE', lastTradeDateOrContractMonth='20270617', strike=330.0, right='C', multiplier='100', exchange='NASDAQOM', currency='USD', localSymbol='ADBE  270617C00330000', tradingClass='ADBE')
2026-07-29 21:31:21,840 [ERROR] Error 10091, reqId 436: Part of requested market data requires additional subscription for API. See link in 'Market Data Connections' dialog for more details.ADBE NASDAQ.NMS/TOP/ALL, contract: Option(conId=799740237, symbol='ADBE', lastTradeDateOrContractMonth='20270617', strike=320.0, right='C', multiplier='100', exchange='NASDAQOM', currency='USD', localSymbol='ADBE  270617C00320000', tradingClass='ADBE')
2026-07-29 21:31:21,845 [ERROR] Error 10091, reqId 437: Part of requested market data requires additional subscription for API. See link in 'Market Data Connections' dialog for more details.ADBE NASDAQ.NMS/TOP/ALL, contract: Option(conId=799743447, symbol='ADBE', lastTradeDateOrContractMonth='20270617', strike=320.0, right='P', multiplier='100', exchange='NASDAQOM', currency='USD', localSymbol='ADBE  270617P00320000', tradingClass='ADBE')
2026-07-29 21:31:21,953 [ERROR] Error 10091, reqId 439: Part of requested market data requires additional subscription for API. See link in 'Market Data Connections' dialog for more details.ADBE NASDAQ.NMS/TOP/ALL, contract: Option(conId=799743512, symbol='ADBE', lastTradeDateOrContractMonth='20270617', strike=330.0, right='P', multiplier='100', exchange='NASDAQOM', currency='USD', localSymbol='ADBE  270617P00330000', tradingClass='ADBE')
2026-07-29 21:31:21,957 [ERROR] Error 10091, reqId 441: Part of requested market data requires additional subscription for API. See link in 'Market Data Connections' dialog for more details.ADBE NASDAQ.NMS/TOP/ALL, contract: Option(conId=799743580, symbol='ADBE', lastTradeDateOrContractMonth='20270617', strike=340.0, right='P', multiplier='100', exchange='NASDAQOM', currency='USD', localSymbol='ADBE  270617P00340000', tradingClass='ADBE')
2026-07-29 21:31:21,960 [ERROR] Error 10091, reqId 444: Part of requested market data requires additional subscription for API. See link in 'Market Data Connections' dialog for more details.ADBE NASDAQ.NMS/TOP/ALL, contract: Option(conId=772795713, symbol='ADBE', lastTradeDateOrContractMonth='20271217', strike=190.0, right='C', multiplier='100', exchange='NASDAQOM', currency='USD', localSymbol='ADBE  271217C00190000', tradingClass='ADBE')
2026-07-29 21:31:22,055 [ERROR] Error 10091, reqId 442: Part of requested market data requires additional subscription for API. See link in 'Market Data Connections' dialog for more details.ADBE NASDAQ.NMS/TOP/ALL
2026-07-29 21:31:22,070 [ERROR] Error 10091, reqId 435: Part of requested market data requires additional subscription for API. See link in 'Market Data Connections' dialog for more details.ADBE NASDAQ.NMS/TOP/ALL
2026-07-29 21:31:22,073 [ERROR] Error 10091, reqId 445: Part of requested market data requires additional subscription for API. See link in 'Market Data Connections' dialog for more details.ADBE NASDAQ.NMS/TOP/ALL
2026-07-29 21:31:22,075 [ERROR] Error 10091, reqId 443: Part of requested market data requires additional subscription for API. See link in 'Market Data Connections' dialog for more details.ADBE NASDAQ.NMS/TOP/ALL
2026-07-29 21:31:22,076 [ERROR] Error 10091, reqId 440: Part of requested market data requires additional subscription for API. See link in 'Market Data Connections' dialog for more details.ADBE NASDAQ.NMS/TOP/ALL
2026-07-29 21:31:22,078 [ERROR] Error 10091, reqId 447: Part of requested market data requires additional subscription for API. See link in 'Market Data Connections' dialog for more details.ADBE NASDAQ.NMS/TOP/ALL
2026-07-29 21:31:22,079 [ERROR] Error 10091, reqId 446: Part of requested market data requires additional subscription for API. See link in 'Market Data Connections' dialog for more details.ADBE NASDAQ.NMS/TOP/ALL
2026-07-29 21:31:22,081 [ERROR] Error 10091, reqId 448: Part of requested market data requires additional subscription for API. See link in 'Market Data Connections' dialog for more details.ADBE NASDAQ.NMS/TOP/ALL
2026-07-29 21:31:22,081 [ERROR] Error 10091, reqId 449: Part of requested market data requires additional subscription for API. See link in 'Market Data Connections' dialog for more details.ADBE NASDAQ.NMS/TOP/ALL
2026-07-29 21:31:22,088 [INFO] Warning 10167, reqId 438: Requested market data is not subscribed. Displaying delayed market data.
2026-07-29 21:31:22,090 [INFO] Warning 10167, reqId 436: Requested market data is not subscribed. Displaying delayed market data.
2026-07-29 21:31:22,182 [INFO] Warning 10167, reqId 437: Requested market data is not subscribed. Displaying delayed market data.
2026-07-29 21:31:22,187 [INFO] Warning 10167, reqId 439: Requested market data is not subscribed. Displaying delayed market data.
2026-07-29 21:31:22,191 [INFO] Warning 10167, reqId 441: Requested market data is not subscribed. Displaying delayed market data.
2026-07-29 21:31:22,194 [INFO] Warning 10167, reqId 444: Requested market data is not subscribed. Displaying delayed market data.
2026-07-29 21:31:22,200 [INFO] Warning 10167, reqId 442: Requested market data is not subscribed. Displaying delayed market data.
2026-07-29 21:31:22,205 [INFO] Warning 10167, reqId 435: Requested market data is not subscribed. Displaying delayed market data.
2026-07-29 21:31:22,208 [INFO] Warning 10167, reqId 445: Requested market data is not subscribed. Displaying delayed market data.
2026-07-29 21:31:22,211 [INFO] Warning 10167, reqId 443: Requested market data is not subscribed. Displaying delayed market data.
2026-07-29 21:31:22,308 [INFO] Warning 10167, reqId 440: Requested market data is not subscribed. Displaying delayed market data.
2026-07-29 21:31:22,310 [INFO] Warning 10167, reqId 447: Requested market data is not subscribed. Displaying delayed market data.
2026-07-29 21:31:22,311 [INFO] Warning 10167, reqId 446: Requested market data is not subscribed. Displaying delayed market data.
2026-07-29 21:31:22,312 [INFO] Warning 10167, reqId 448: Requested market data is not subscribed. Displaying delayed market data.
2026-07-29 21:31:22,314 [INFO] Warning 10167, reqId 449: Requested market data is not subscribed. Displaying delayed market data.
2026-07-29 21:31:22,424 [ERROR] Error 10091, reqId 455: Part of requested market data requires additional subscription for API. See link in 'Market Data Connections' dialog for more details.ADBE NASDAQ.NMS/TOP/ALL
2026-07-29 21:31:22,541 [INFO] Warning 10167, reqId 452: Requested market data is not subscribed. Displaying delayed market data.
2026-07-29 21:31:22,545 [INFO] Warning 10167, reqId 451: Requested market data is not subscribed. Displaying delayed market data.
2026-07-29 21:31:22,864 [INFO] Warning 10167, reqId 455: Requested market data is not subscribed. Displaying delayed market data.
2026-07-29 21:31:23,449 [INFO] Warning 10167, reqId 456: Requested market data is not subscribed. Displaying delayed market data., contract: Option(conId=768555837, symbol='ADBE', lastTradeDateOrContractMonth='20271217', strike=240.0, right='C', multiplier='100', exchange='NASDAQOM', currency='USD', localSymbol='ADBE  271217C00240000', tradingClass='ADBE')
2026-07-29 21:31:23,456 [INFO] Warning 10167, reqId 461: Requested market data is not subscribed. Displaying delayed market data., contract: Option(conId=768558089, symbol='ADBE', lastTradeDateOrContractMonth='20271217', strike=260.0, right='P', multiplier='100', exchange='NASDAQOM', currency='USD', localSymbol='ADBE  271217P00260000', tradingClass='ADBE')
2026-07-29 21:31:23,756 [ERROR] Error 10091, reqId 464: Part of requested market data requires additional subscription for API. See link in 'Market Data Connections' dialog for more details.ADBE NASDAQ.NMS/TOP/BID_ASK, contract: Option(conId=768556015, symbol='ADBE', lastTradeDateOrContractMonth='20271217', strike=280.0, right='C', multiplier='100', exchange='NASDAQOM', currency='USD', localSymbol='ADBE  271217C00280000', tradingClass='ADBE')
2026-07-29 21:31:23,758 [ERROR] Error 10091, reqId 468: Part of requested market data requires additional subscription for API. See link in 'Market Data Connections' dialog for more details.ADBE NASDAQ.NMS/TOP/BID_ASK, contract: Option(conId=768556145, symbol='ADBE', lastTradeDateOrContractMonth='20271217', strike=300.0, right='C', multiplier='100', exchange='NASDAQOM', currency='USD', localSymbol='ADBE  271217C00300000', tradingClass='ADBE')
2026-07-29 21:31:23,759 [ERROR] Error 10091, reqId 467: Part of requested market data requires additional subscription for API. See link in 'Market Data Connections' dialog for more details.ADBE NASDAQ.NMS/TOP/BID_ASK, contract: Option(conId=768558272, symbol='ADBE', lastTradeDateOrContractMonth='20271217', strike=290.0, right='P', multiplier='100', exchange='NASDAQOM', currency='USD', localSymbol='ADBE  271217P00290000', tradingClass='ADBE')
2026-07-29 21:31:23,761 [ERROR] Error 10091, reqId 459: Part of requested market data requires additional subscription for API. See link in 'Market Data Connections' dialog for more details.ADBE NASDAQ.NMS/TOP/BID_ASK, contract: Option(conId=768558048, symbol='ADBE', lastTradeDateOrContractMonth='20271217', strike=250.0, right='P', multiplier='100', exchange='NASDAQOM', currency='USD', localSymbol='ADBE  271217P00250000', tradingClass='ADBE')
2026-07-29 21:31:23,762 [ERROR] Error 10091, reqId 466: Part of requested market data requires additional subscription for API. See link in 'Market Data Connections' dialog for more details.ADBE NASDAQ.NMS/TOP/BID_ASK, contract: Option(conId=768556080, symbol='ADBE', lastTradeDateOrContractMonth='20271217', strike=290.0, right='C', multiplier='100', exchange='NASDAQOM', currency='USD', localSymbol='ADBE  271217C00290000', tradingClass='ADBE')
2026-07-29 21:31:23,767 [ERROR] Error 10091, reqId 463: Part of requested market data requires additional subscription for API. See link in 'Market Data Connections' dialog for more details.ADBE NASDAQ.NMS/TOP/BID_ASK, contract: Option(conId=768558152, symbol='ADBE', lastTradeDateOrContractMonth='20271217', strike=270.0, right='P', multiplier='100', exchange='NASDAQOM', currency='USD', localSymbol='ADBE  271217P00270000', tradingClass='ADBE')
2026-07-29 21:31:23,775 [ERROR] Error 10091, reqId 458: Part of requested market data requires additional subscription for API. See link in 'Market Data Connections' dialog for more details.ADBE NASDAQ.NMS/TOP/BID_ASK, contract: Option(conId=768555874, symbol='ADBE', lastTradeDateOrContractMonth='20271217', strike=250.0, right='C', multiplier='100', exchange='NASDAQOM', currency='USD', localSymbol='ADBE  271217C00250000', tradingClass='ADBE')
2026-07-29 21:31:23,776 [ERROR] Error 10091, reqId 462: Part of requested market data requires additional subscription for API. See link in 'Market Data Connections' dialog for more details.ADBE NASDAQ.NMS/TOP/BID_ASK, contract: Option(conId=768555967, symbol='ADBE', lastTradeDateOrContractMonth='20271217', strike=270.0, right='C', multiplier='100', exchange='NASDAQOM', currency='USD', localSymbol='ADBE  271217C00270000', tradingClass='ADBE')
2026-07-29 21:31:23,778 [ERROR] Error 10091, reqId 460: Part of requested market data requires additional subscription for API. See link in 'Market Data Connections' dialog for more details.ADBE NASDAQ.NMS/TOP/BID_ASK, contract: Option(conId=768555913, symbol='ADBE', lastTradeDateOrContractMonth='20271217', strike=260.0, right='C', multiplier='100', exchange='NASDAQOM', currency='USD', localSymbol='ADBE  271217C00260000', tradingClass='ADBE')
2026-07-29 21:31:23,779 [ERROR] Error 10091, reqId 465: Part of requested market data requires additional subscription for API. See link in 'Market Data Connections' dialog for more details.ADBE NASDAQ.NMS/TOP/BID_ASK, contract: Option(conId=768558222, symbol='ADBE', lastTradeDateOrContractMonth='20271217', strike=280.0, right='P', multiplier='100', exchange='NASDAQOM', currency='USD', localSymbol='ADBE  271217P00280000', tradingClass='ADBE')
2026-07-29 21:31:23,780 [ERROR] Error 10091, reqId 457: Part of requested market data requires additional subscription for API. See link in 'Market Data Connections' dialog for more details.ADBE NASDAQ.NMS/TOP/BID_ASK, contract: Option(conId=768558005, symbol='ADBE', lastTradeDateOrContractMonth='20271217', strike=240.0, right='P', multiplier='100', exchange='NASDAQOM', currency='USD', localSymbol='ADBE  271217P00240000', tradingClass='ADBE')
2026-07-29 21:31:23,785 [INFO] Warning 10167, reqId 464: Requested market data is not subscribed. Displaying delayed market data., contract: Option(conId=768556015, symbol='ADBE', lastTradeDateOrContractMonth='20271217', strike=280.0, right='C', multiplier='100', exchange='NASDAQOM', currency='USD', localSymbol='ADBE  271217C00280000', tradingClass='ADBE')
2026-07-29 21:31:23,790 [INFO] Warning 10167, reqId 468: Requested market data is not subscribed. Displaying delayed market data., contract: Option(conId=768556145, symbol='ADBE', lastTradeDateOrContractMonth='20271217', strike=300.0, right='C', multiplier='100', exchange='NASDAQOM', currency='USD', localSymbol='ADBE  271217C00300000', tradingClass='ADBE')
2026-07-29 21:31:23,795 [INFO] Warning 10167, reqId 467: Requested market data is not subscribed. Displaying delayed market data., contract: Option(conId=768558272, symbol='ADBE', lastTradeDateOrContractMonth='20271217', strike=290.0, right='P', multiplier='100', exchange='NASDAQOM', currency='USD', localSymbol='ADBE  271217P00290000', tradingClass='ADBE')
2026-07-29 21:31:23,798 [INFO] Warning 10167, reqId 459: Requested market data is not subscribed. Displaying delayed market data., contract: Option(conId=768558048, symbol='ADBE', lastTradeDateOrContractMonth='20271217', strike=250.0, right='P', multiplier='100', exchange='NASDAQOM', currency='USD', localSymbol='ADBE  271217P00250000', tradingClass='ADBE')
2026-07-29 21:31:23,799 [ERROR] Error 10091, reqId 456: Part of requested market data requires additional subscription for API. See link in 'Market Data Connections' dialog for more details.ADBE NASDAQ.NMS/TOP/BID_ASK, contract: Option(conId=768555837, symbol='ADBE', lastTradeDateOrContractMonth='20271217', strike=240.0, right='C', multiplier='100', exchange='NASDAQOM', currency='USD', localSymbol='ADBE  271217C00240000', tradingClass='ADBE')
2026-07-29 21:31:23,799 [ERROR] Error 10091, reqId 469: Part of requested market data requires additional subscription for API. See link in 'Market Data Connections' dialog for more details.ADBE NASDAQ.NMS/TOP/BID_ASK, contract: Option(conId=768558343, symbol='ADBE', lastTradeDateOrContractMonth='20271217', strike=300.0, right='P', multiplier='100', exchange='NASDAQOM', currency='USD', localSymbol='ADBE  271217P00300000', tradingClass='ADBE')
2026-07-29 21:31:23,800 [ERROR] Error 10091, reqId 470: Part of requested market data requires additional subscription for API. See link in 'Market Data Connections' dialog for more details.ADBE NASDAQ.NMS/TOP/BID_ASK, contract: Option(conId=768556229, symbol='ADBE', lastTradeDateOrContractMonth='20271217', strike=310.0, right='C', multiplier='100', exchange='NASDAQOM', currency='USD', localSymbol='ADBE  271217C00310000', tradingClass='ADBE')
2026-07-29 21:31:23,801 [INFO] Warning 10167, reqId 466: Requested market data is not subscribed. Displaying delayed market data., contract: Option(conId=768556080, symbol='ADBE', lastTradeDateOrContractMonth='20271217', strike=290.0, right='C', multiplier='100', exchange='NASDAQOM', currency='USD', localSymbol='ADBE  271217C00290000', tradingClass='ADBE')
2026-07-29 21:31:23,813 [ERROR] Error 10091, reqId 471: Part of requested market data requires additional subscription for API. See link in 'Market Data Connections' dialog for more details.ADBE NASDAQ.NMS/TOP/BID_ASK, contract: Option(conId=768558398, symbol='ADBE', lastTradeDateOrContractMonth='20271217', strike=310.0, right='P', multiplier='100', exchange='NASDAQOM', currency='USD', localSymbol='ADBE  271217P00310000', tradingClass='ADBE')
2026-07-29 21:31:23,814 [ERROR] Error 10091, reqId 472: Part of requested market data requires additional subscription for API. See link in 'Market Data Connections' dialog for more details.ADBE NASDAQ.NMS/TOP/BID_ASK, contract: Option(conId=768556275, symbol='ADBE', lastTradeDateOrContractMonth='20271217', strike=320.0, right='C', multiplier='100', exchange='NASDAQOM', currency='USD', localSymbol='ADBE  271217C00320000', tradingClass='ADBE')
2026-07-29 21:31:23,814 [ERROR] Error 10091, reqId 473: Part of requested market data requires additional subscription for API. See link in 'Market Data Connections' dialog for more details.ADBE NASDAQ.NMS/TOP/BID_ASK, contract: Option(conId=768558453, symbol='ADBE', lastTradeDateOrContractMonth='20271217', strike=320.0, right='P', multiplier='100', exchange='NASDAQOM', currency='USD', localSymbol='ADBE  271217P00320000', tradingClass='ADBE')
2026-07-29 21:31:23,814 [ERROR] Error 10091, reqId 474: Part of requested market data requires additional subscription for API. See link in 'Market Data Connections' dialog for more details.ADBE NASDAQ.NMS/TOP/BID_ASK, contract: Option(conId=768556330, symbol='ADBE', lastTradeDateOrContractMonth='20271217', strike=330.0, right='C', multiplier='100', exchange='NASDAQOM', currency='USD', localSymbol='ADBE  271217C00330000', tradingClass='ADBE')
2026-07-29 21:31:23,815 [ERROR] Error 10091, reqId 475: Part of requested market data requires additional subscription for API. See link in 'Market Data Connections' dialog for more details.ADBE NASDAQ.NMS/TOP/BID_ASK, contract: Option(conId=768558498, symbol='ADBE', lastTradeDateOrContractMonth='20271217', strike=330.0, right='P', multiplier='100', exchange='NASDAQOM', currency='USD', localSymbol='ADBE  271217P00330000', tradingClass='ADBE')
2026-07-29 21:31:23,815 [ERROR] Error 10091, reqId 476: Part of requested market data requires additional subscription for API. See link in 'Market Data Connections' dialog for more details.ADBE NASDAQ.NMS/TOP/BID_ASK, contract: Option(conId=768556370, symbol='ADBE', lastTradeDateOrContractMonth='20271217', strike=340.0, right='C', multiplier='100', exchange='NASDAQOM', currency='USD', localSymbol='ADBE  271217C00340000', tradingClass='ADBE')
2026-07-29 21:31:23,829 [INFO] Warning 10167, reqId 463: Requested market data is not subscribed. Displaying delayed market data., contract: Option(conId=768558152, symbol='ADBE', lastTradeDateOrContractMonth='20271217', strike=270.0, right='P', multiplier='100', exchange='NASDAQOM', currency='USD', localSymbol='ADBE  271217P00270000', tradingClass='ADBE')
2026-07-29 21:31:23,848 [ERROR] Error 10091, reqId 477: Part of requested market data requires additional subscription for API. See link in 'Market Data Connections' dialog for more details.ADBE NASDAQ.NMS/TOP/BID_ASK, contract: Option(conId=768558563, symbol='ADBE', lastTradeDateOrContractMonth='20271217', strike=340.0, right='P', multiplier='100', exchange='NASDAQOM', currency='USD', localSymbol='ADBE  271217P00340000', tradingClass='ADBE')
2026-07-29 21:31:23,849 [ERROR] Error 10091, reqId 478: Part of requested market data requires additional subscription for API. See link in 'Market Data Connections' dialog for more details.ADBE NASDAQ.NMS/TOP/BID_ASK, contract: Option(conId=817242324, symbol='ADBE', lastTradeDateOrContractMonth='20280121', strike=185.0, right='C', multiplier='100', exchange='NASDAQOM', currency='USD', localSymbol='ADBE  280121C00185000', tradingClass='ADBE')
2026-07-29 21:31:23,849 [INFO] Warning 10167, reqId 458: Requested market data is not subscribed. Displaying delayed market data., contract: Option(conId=768555874, symbol='ADBE', lastTradeDateOrContractMonth='20271217', strike=250.0, right='C', multiplier='100', exchange='NASDAQOM', currency='USD', localSymbol='ADBE  271217C00250000', tradingClass='ADBE')
2026-07-29 21:31:23,879 [INFO] Warning 10167, reqId 462: Requested market data is not subscribed. Displaying delayed market data., contract: Option(conId=768555967, symbol='ADBE', lastTradeDateOrContractMonth='20271217', strike=270.0, right='C', multiplier='100', exchange='NASDAQOM', currency='USD', localSymbol='ADBE  271217C00270000', tradingClass='ADBE')
2026-07-29 21:31:23,885 [ERROR] Error 10091, reqId 479: Part of requested market data requires additional subscription for API. See link in 'Market Data Connections' dialog for more details.ADBE NASDAQ.NMS/TOP/BID_ASK, contract: Option(conId=817242456, symbol='ADBE', lastTradeDateOrContractMonth='20280121', strike=185.0, right='P', multiplier='100', exchange='NASDAQOM', currency='USD', localSymbol='ADBE  280121P00185000', tradingClass='ADBE')
2026-07-29 21:31:23,886 [ERROR] Error 10091, reqId 480: Part of requested market data requires additional subscription for API. See link in 'Market Data Connections' dialog for more details.ADBE NASDAQ.NMS/TOP/BID_ASK, contract: Option(conId=816944736, symbol='ADBE', lastTradeDateOrContractMonth='20280121', strike=190.0, right='C', multiplier='100', exchange='NASDAQOM', currency='USD', localSymbol='ADBE  280121C00190000', tradingClass='ADBE')
2026-07-29 21:31:23,886 [ERROR] Error 10091, reqId 461: Part of requested market data requires additional subscription for API. See link in 'Market Data Connections' dialog for more details.ADBE NASDAQ.NMS/TOP/BID_ASK, contract: Option(conId=768558089, symbol='ADBE', lastTradeDateOrContractMonth='20271217', strike=260.0, right='P', multiplier='100', exchange='NASDAQOM', currency='USD', localSymbol='ADBE  271217P00260000', tradingClass='ADBE')
2026-07-29 21:31:23,887 [INFO] Warning 10167, reqId 460: Requested market data is not subscribed. Displaying delayed market data., contract: Option(conId=768555913, symbol='ADBE', lastTradeDateOrContractMonth='20271217', strike=260.0, right='C', multiplier='100', exchange='NASDAQOM', currency='USD', localSymbol='ADBE  271217C00260000', tradingClass='ADBE')
2026-07-29 21:31:23,890 [INFO] Warning 10167, reqId 465: Requested market data is not subscribed. Displaying delayed market data., contract: Option(conId=768558222, symbol='ADBE', lastTradeDateOrContractMonth='20271217', strike=280.0, right='P', multiplier='100', exchange='NASDAQOM', currency='USD', localSymbol='ADBE  271217P00280000', tradingClass='ADBE')
2026-07-29 21:31:23,898 [INFO] Warning 10167, reqId 457: Requested market data is not subscribed. Displaying delayed market data., contract: Option(conId=768558005, symbol='ADBE', lastTradeDateOrContractMonth='20271217', strike=240.0, right='P', multiplier='100', exchange='NASDAQOM', currency='USD', localSymbol='ADBE  271217P00240000', tradingClass='ADBE')
2026-07-29 21:31:23,997 [INFO] Warning 10167, reqId 469: Requested market data is not subscribed. Displaying delayed market data., contract: Option(conId=768558343, symbol='ADBE', lastTradeDateOrContractMonth='20271217', strike=300.0, right='P', multiplier='100', exchange='NASDAQOM', currency='USD', localSymbol='ADBE  271217P00300000', tradingClass='ADBE')
2026-07-29 21:31:24,249 [INFO] Warning 10167, reqId 473: Requested market data is not subscribed. Displaying delayed market data., contract: Option(conId=768558453, symbol='ADBE', lastTradeDateOrContractMonth='20271217', strike=320.0, right='P', multiplier='100', exchange='NASDAQOM', currency='USD', localSymbol='ADBE  271217P00320000', tradingClass='ADBE')
2026-07-29 21:31:24,256 [INFO] Warning 10167, reqId 472: Requested market data is not subscribed. Displaying delayed market data., contract: Option(conId=768556275, symbol='ADBE', lastTradeDateOrContractMonth='20271217', strike=320.0, right='C', multiplier='100', exchange='NASDAQOM', currency='USD', localSymbol='ADBE  271217C00320000', tradingClass='ADBE')
2026-07-29 21:31:24,267 [INFO] Warning 10167, reqId 474: Requested market data is not subscribed. Displaying delayed market data., contract: Option(conId=768556330, symbol='ADBE', lastTradeDateOrContractMonth='20271217', strike=330.0, right='C', multiplier='100', exchange='NASDAQOM', currency='USD', localSymbol='ADBE  271217C00330000', tradingClass='ADBE')
2026-07-29 21:31:24,269 [INFO] Warning 10167, reqId 475: Requested market data is not subscribed. Displaying delayed market data., contract: Option(conId=768558498, symbol='ADBE', lastTradeDateOrContractMonth='20271217', strike=330.0, right='P', multiplier='100', exchange='NASDAQOM', currency='USD', localSymbol='ADBE  271217P00330000', tradingClass='ADBE')
2026-07-29 21:31:24,283 [INFO] Warning 10167, reqId 470: Requested market data is not subscribed. Displaying delayed market data., contract: Option(conId=768556229, symbol='ADBE', lastTradeDateOrContractMonth='20271217', strike=310.0, right='C', multiplier='100', exchange='NASDAQOM', currency='USD', localSymbol='ADBE  271217C00310000', tradingClass='ADBE')
2026-07-29 21:31:24,287 [INFO] Warning 10167, reqId 471: Requested market data is not subscribed. Displaying delayed market data., contract: Option(conId=768558398, symbol='ADBE', lastTradeDateOrContractMonth='20271217', strike=310.0, right='P', multiplier='100', exchange='NASDAQOM', currency='USD', localSymbol='ADBE  271217P00310000', tradingClass='ADBE')
2026-07-29 21:31:24,384 [INFO] Warning 10167, reqId 479: Requested market data is not subscribed. Displaying delayed market data., contract: Option(conId=817242456, symbol='ADBE', lastTradeDateOrContractMonth='20280121', strike=185.0, right='P', multiplier='100', exchange='NASDAQOM', currency='USD', localSymbol='ADBE  280121P00185000', tradingClass='ADBE')
2026-07-29 21:31:24,386 [INFO] Warning 10167, reqId 476: Requested market data is not subscribed. Displaying delayed market data., contract: Option(conId=768556370, symbol='ADBE', lastTradeDateOrContractMonth='20271217', strike=340.0, right='C', multiplier='100', exchange='NASDAQOM', currency='USD', localSymbol='ADBE  271217C00340000', tradingClass='ADBE')
2026-07-29 21:31:24,387 [INFO] Warning 10167, reqId 478: Requested market data is not subscribed. Displaying delayed market data., contract: Option(conId=817242324, symbol='ADBE', lastTradeDateOrContractMonth='20280121', strike=185.0, right='C', multiplier='100', exchange='NASDAQOM', currency='USD', localSymbol='ADBE  280121C00185000', tradingClass='ADBE')
2026-07-29 21:31:24,387 [INFO] Warning 10167, reqId 477: Requested market data is not subscribed. Displaying delayed market data., contract: Option(conId=768558563, symbol='ADBE', lastTradeDateOrContractMonth='20271217', strike=340.0, right='P', multiplier='100', exchange='NASDAQOM', currency='USD', localSymbol='ADBE  271217P00340000', tradingClass='ADBE')
2026-07-29 21:31:24,388 [INFO] Warning 10167, reqId 480: Requested market data is not subscribed. Displaying delayed market data., contract: Option(conId=816944736, symbol='ADBE', lastTradeDateOrContractMonth='20280121', strike=190.0, right='C', multiplier='100', exchange='NASDAQOM', currency='USD', localSymbol='ADBE  280121C00190000', tradingClass='ADBE')
2026-07-29 21:31:26,585 [ERROR] Error 10091, reqId 481: Part of requested market data requires additional subscription for API. See link in 'Market Data Connections' dialog for more details.ADBE NASDAQ.NMS/TOP/ALL, contract: Option(conId=816944943, symbol='ADBE', lastTradeDateOrContractMonth='20280121', strike=190.0, right='P', multiplier='100', exchange='NASDAQOM', currency='USD', localSymbol='ADBE  280121P00190000', tradingClass='ADBE')
2026-07-29 21:31:26,586 [ERROR] Error 10091, reqId 482: Part of requested market data requires additional subscription for API. See link in 'Market Data Connections' dialog for more details.ADBE NASDAQ.NMS/TOP/ALL, contract: Option(conId=817242393, symbol='ADBE', lastTradeDateOrContractMonth='20280121', strike=195.0, right='C', multiplier='100', exchange='NASDAQOM', currency='USD', localSymbol='ADBE  280121C00195000', tradingClass='ADBE')
2026-07-29 21:31:26,588 [ERROR] Error 10091, reqId 483: Part of requested market data requires additional subscription for API. See link in 'Market Data Connections' dialog for more details.ADBE NASDAQ.NMS/TOP/ALL, contract: Option(conId=817242485, symbol='ADBE', lastTradeDateOrContractMonth='20280121', strike=195.0, right='P', multiplier='100', exchange='NASDAQOM', currency='USD', localSymbol='ADBE  280121P00195000', tradingClass='ADBE')
2026-07-29 21:31:26,589 [ERROR] Error 10091, reqId 484: Part of requested market data requires additional subscription for API. See link in 'Market Data Connections' dialog for more details.ADBE NASDAQ.NMS/TOP/ALL, contract: Option(conId=816188875, symbol='ADBE', lastTradeDateOrContractMonth='20280121', strike=200.0, right='C', multiplier='100', exchange='NASDAQOM', currency='USD', localSymbol='ADBE  280121C00200000', tradingClass='ADBE')
2026-07-29 21:31:26,591 [ERROR] Error 10091, reqId 485: Part of requested market data requires additional subscription for API. See link in 'Market Data Connections' dialog for more details.ADBE NASDAQ.NMS/TOP/ALL, contract: Option(conId=816191104, symbol='ADBE', lastTradeDateOrContractMonth='20280121', strike=200.0, right='P', multiplier='100', exchange='NASDAQOM', currency='USD', localSymbol='ADBE  280121P00200000', tradingClass='ADBE')
2026-07-29 21:31:26,591 [ERROR] Error 10091, reqId 486: Part of requested market data requires additional subscription for API. See link in 'Market Data Connections' dialog for more details.ADBE NASDAQ.NMS/TOP/ALL, contract: Option(conId=816188942, symbol='ADBE', lastTradeDateOrContractMonth='20280121', strike=210.0, right='C', multiplier='100', exchange='NASDAQOM', currency='USD', localSymbol='ADBE  280121C00210000', tradingClass='ADBE')
2026-07-29 21:31:26,686 [ERROR] Error 10091, reqId 487: Part of requested market data requires additional subscription for API. See link in 'Market Data Connections' dialog for more details.ADBE NASDAQ.NMS/TOP/ALL, contract: Option(conId=816191184, symbol='ADBE', lastTradeDateOrContractMonth='20280121', strike=210.0, right='P', multiplier='100', exchange='NASDAQOM', currency='USD', localSymbol='ADBE  280121P00210000', tradingClass='ADBE')
2026-07-29 21:31:26,692 [ERROR] Error 10091, reqId 488: Part of requested market data requires additional subscription for API. See link in 'Market Data Connections' dialog for more details.ADBE NASDAQ.NMS/TOP/ALL, contract: Option(conId=816188997, symbol='ADBE', lastTradeDateOrContractMonth='20280121', strike=220.0, right='C', multiplier='100', exchange='NASDAQOM', currency='USD', localSymbol='ADBE  280121C00220000', tradingClass='ADBE')
2026-07-29 21:31:26,696 [ERROR] Error 10091, reqId 489: Part of requested market data requires additional subscription for API. See link in 'Market Data Connections' dialog for more details.ADBE NASDAQ.NMS/TOP/ALL, contract: Option(conId=816191265, symbol='ADBE', lastTradeDateOrContractMonth='20280121', strike=220.0, right='P', multiplier='100', exchange='NASDAQOM', currency='USD', localSymbol='ADBE  280121P00220000', tradingClass='ADBE')
2026-07-29 21:31:26,702 [ERROR] Error 10091, reqId 490: Part of requested market data requires additional subscription for API. See link in 'Market Data Connections' dialog for more details.ADBE NASDAQ.NMS/TOP/ALL, contract: Option(conId=816189059, symbol='ADBE', lastTradeDateOrContractMonth='20280121', strike=230.0, right='C', multiplier='100', exchange='NASDAQOM', currency='USD', localSymbol='ADBE  280121C00230000', tradingClass='ADBE')
2026-07-29 21:31:26,706 [ERROR] Error 10091, reqId 491: Part of requested market data requires additional subscription for API. See link in 'Market Data Connections' dialog for more details.ADBE NASDAQ.NMS/TOP/ALL, contract: Option(conId=816191348, symbol='ADBE', lastTradeDateOrContractMonth='20280121', strike=230.0, right='P', multiplier='100', exchange='NASDAQOM', currency='USD', localSymbol='ADBE  280121P00230000', tradingClass='ADBE')
2026-07-29 21:31:26,707 [ERROR] Error 10091, reqId 492: Part of requested market data requires additional subscription for API. See link in 'Market Data Connections' dialog for more details.ADBE NASDAQ.NMS/TOP/ALL, contract: Option(conId=816189122, symbol='ADBE', lastTradeDateOrContractMonth='20280121', strike=240.0, right='C', multiplier='100', exchange='NASDAQOM', currency='USD', localSymbol='ADBE  280121C00240000', tradingClass='ADBE')
2026-07-29 21:31:26,710 [ERROR] Error 10091, reqId 493: Part of requested market data requires additional subscription for API. See link in 'Market Data Connections' dialog for more details.ADBE NASDAQ.NMS/TOP/ALL, contract: Option(conId=816191429, symbol='ADBE', lastTradeDateOrContractMonth='20280121', strike=240.0, right='P', multiplier='100', exchange='NASDAQOM', currency='USD', localSymbol='ADBE  280121P00240000', tradingClass='ADBE')
2026-07-29 21:31:26,806 [ERROR] Error 10091, reqId 494: Part of requested market data requires additional subscription for API. See link in 'Market Data Connections' dialog for more details.ADBE NASDAQ.NMS/TOP/ALL, contract: Option(conId=816189182, symbol='ADBE', lastTradeDateOrContractMonth='20280121', strike=250.0, right='C', multiplier='100', exchange='NASDAQOM', currency='USD', localSymbol='ADBE  280121C00250000', tradingClass='ADBE')
2026-07-29 21:31:26,807 [ERROR] Error 10091, reqId 495: Part of requested market data requires additional subscription for API. See link in 'Market Data Connections' dialog for more details.ADBE NASDAQ.NMS/TOP/ALL, contract: Option(conId=816191497, symbol='ADBE', lastTradeDateOrContractMonth='20280121', strike=250.0, right='P', multiplier='100', exchange='NASDAQOM', currency='USD', localSymbol='ADBE  280121P00250000', tradingClass='ADBE')
2026-07-29 21:31:26,812 [ERROR] Error 10091, reqId 496: Part of requested market data requires additional subscription for API. See link in 'Market Data Connections' dialog for more details.ADBE NASDAQ.NMS/TOP/ALL, contract: Option(conId=816189244, symbol='ADBE', lastTradeDateOrContractMonth='20280121', strike=260.0, right='C', multiplier='100', exchange='NASDAQOM', currency='USD', localSymbol='ADBE  280121C00260000', tradingClass='ADBE')
2026-07-29 21:31:26,815 [ERROR] Error 10091, reqId 497: Part of requested market data requires additional subscription for API. See link in 'Market Data Connections' dialog for more details.ADBE NASDAQ.NMS/TOP/ALL, contract: Option(conId=816191584, symbol='ADBE', lastTradeDateOrContractMonth='20280121', strike=260.0, right='P', multiplier='100', exchange='NASDAQOM', currency='USD', localSymbol='ADBE  280121P00260000', tradingClass='ADBE')
2026-07-29 21:31:26,882 [ERROR] Error 10091, reqId 498: Part of requested market data requires additional subscription for API. See link in 'Market Data Connections' dialog for more details.ADBE NASDAQ.NMS/TOP/ALL, contract: Option(conId=816189304, symbol='ADBE', lastTradeDateOrContractMonth='20280121', strike=270.0, right='C', multiplier='100', exchange='NASDAQOM', currency='USD', localSymbol='ADBE  280121C00270000', tradingClass='ADBE')
2026-07-29 21:31:26,884 [ERROR] Error 10091, reqId 499: Part of requested market data requires additional subscription for API. See link in 'Market Data Connections' dialog for more details.ADBE NASDAQ.NMS/TOP/ALL, contract: Option(conId=816191660, symbol='ADBE', lastTradeDateOrContractMonth='20280121', strike=270.0, right='P', multiplier='100', exchange='NASDAQOM', currency='USD', localSymbol='ADBE  280121P00270000', tradingClass='ADBE')
2026-07-29 21:31:26,999 [ERROR] Error 10091, reqId 500: Part of requested market data requires additional subscription for API. See link in 'Market Data Connections' dialog for more details.ADBE NASDAQ.NMS/TOP/ALL, contract: Option(conId=816189364, symbol='ADBE', lastTradeDateOrContractMonth='20280121', strike=280.0, right='C', multiplier='100', exchange='NASDAQOM', currency='USD', localSymbol='ADBE  280121C00280000', tradingClass='ADBE')
2026-07-29 21:31:27,120 [INFO] Warning 10167, reqId 484: Requested market data is not subscribed. Displaying delayed market data., contract: Option(conId=816188875, symbol='ADBE', lastTradeDateOrContractMonth='20280121', strike=200.0, right='C', multiplier='100', exchange='NASDAQOM', currency='USD', localSymbol='ADBE  280121C00200000', tradingClass='ADBE')
2026-07-29 21:31:27,126 [INFO] Warning 10167, reqId 486: Requested market data is not subscribed. Displaying delayed market data., contract: Option(conId=816188942, symbol='ADBE', lastTradeDateOrContractMonth='20280121', strike=210.0, right='C', multiplier='100', exchange='NASDAQOM', currency='USD', localSymbol='ADBE  280121C00210000', tradingClass='ADBE')
2026-07-29 21:31:27,393 [INFO] Warning 10167, reqId 485: Requested market data is not subscribed. Displaying delayed market data., contract: Option(conId=816191104, symbol='ADBE', lastTradeDateOrContractMonth='20280121', strike=200.0, right='P', multiplier='100', exchange='NASDAQOM', currency='USD', localSymbol='ADBE  280121P00200000', tradingClass='ADBE')
2026-07-29 21:31:27,401 [INFO] Warning 10167, reqId 482: Requested market data is not subscribed. Displaying delayed market data., contract: Option(conId=817242393, symbol='ADBE', lastTradeDateOrContractMonth='20280121', strike=195.0, right='C', multiplier='100', exchange='NASDAQOM', currency='USD', localSymbol='ADBE  280121C00195000', tradingClass='ADBE')
2026-07-29 21:31:27,402 [INFO] Warning 10167, reqId 481: Requested market data is not subscribed. Displaying delayed market data., contract: Option(conId=816944943, symbol='ADBE', lastTradeDateOrContractMonth='20280121', strike=190.0, right='P', multiplier='100', exchange='NASDAQOM', currency='USD', localSymbol='ADBE  280121P00190000', tradingClass='ADBE')
2026-07-29 21:31:27,403 [INFO] Warning 10167, reqId 483: Requested market data is not subscribed. Displaying delayed market data., contract: Option(conId=817242485, symbol='ADBE', lastTradeDateOrContractMonth='20280121', strike=195.0, right='P', multiplier='100', exchange='NASDAQOM', currency='USD', localSymbol='ADBE  280121P00195000', tradingClass='ADBE')
2026-07-29 21:31:27,409 [ERROR] Error 10091, reqId 501: Part of requested market data requires additional subscription for API. See link in 'Market Data Connections' dialog for more details.ADBE NASDAQ.NMS/TOP/ALL, contract: Option(conId=816191740, symbol='ADBE', lastTradeDateOrContractMonth='20280121', strike=280.0, right='P', multiplier='100', exchange='NASDAQOM', currency='USD', localSymbol='ADBE  280121P00280000', tradingClass='ADBE')
2026-07-29 21:31:27,412 [ERROR] Error 10091, reqId 502: Part of requested market data requires additional subscription for API. See link in 'Market Data Connections' dialog for more details.ADBE NASDAQ.NMS/TOP/ALL, contract: Option(conId=816189422, symbol='ADBE', lastTradeDateOrContractMonth='20280121', strike=290.0, right='C', multiplier='100', exchange='NASDAQOM', currency='USD', localSymbol='ADBE  280121C00290000', tradingClass='ADBE')
2026-07-29 21:31:27,658 [INFO] Warning 10167, reqId 497: Requested market data is not subscribed. Displaying delayed market data., contract: Option(conId=816191584, symbol='ADBE', lastTradeDateOrContractMonth='20280121', strike=260.0, right='P', multiplier='100', exchange='NASDAQOM', currency='USD', localSymbol='ADBE  280121P00260000', tradingClass='ADBE')
2026-07-29 21:31:27,687 [ERROR] Error 10091, reqId 503: Part of requested market data requires additional subscription for API. See link in 'Market Data Connections' dialog for more details.ADBE NASDAQ.NMS/TOP/ALL, contract: Option(conId=816191831, symbol='ADBE', lastTradeDateOrContractMonth='20280121', strike=290.0, right='P', multiplier='100', exchange='NASDAQOM', currency='USD', localSymbol='ADBE  280121P00290000', tradingClass='ADBE')
2026-07-29 21:31:27,687 [ERROR] Error 10091, reqId 504: Part of requested market data requires additional subscription for API. See link in 'Market Data Connections' dialog for more details.ADBE NASDAQ.NMS/TOP/ALL, contract: Option(conId=816189475, symbol='ADBE', lastTradeDateOrContractMonth='20280121', strike=300.0, right='C', multiplier='100', exchange='NASDAQOM', currency='USD', localSymbol='ADBE  280121C00300000', tradingClass='ADBE')
2026-07-29 21:31:27,765 [INFO] Warning 10167, reqId 495: Requested market data is not subscribed. Displaying delayed market data., contract: Option(conId=816191497, symbol='ADBE', lastTradeDateOrContractMonth='20280121', strike=250.0, right='P', multiplier='100', exchange='NASDAQOM', currency='USD', localSymbol='ADBE  280121P00250000', tradingClass='ADBE')
2026-07-29 21:31:27,769 [INFO] Warning 10167, reqId 491: Requested market data is not subscribed. Displaying delayed market data., contract: Option(conId=816191348, symbol='ADBE', lastTradeDateOrContractMonth='20280121', strike=230.0, right='P', multiplier='100', exchange='NASDAQOM', currency='USD', localSymbol='ADBE  280121P00230000', tradingClass='ADBE')
2026-07-29 21:31:27,777 [INFO] Warning 10167, reqId 490: Requested market data is not subscribed. Displaying delayed market data., contract: Option(conId=816189059, symbol='ADBE', lastTradeDateOrContractMonth='20280121', strike=230.0, right='C', multiplier='100', exchange='NASDAQOM', currency='USD', localSymbol='ADBE  280121C00230000', tradingClass='ADBE')
2026-07-29 21:31:27,780 [INFO] Warning 10167, reqId 492: Requested market data is not subscribed. Displaying delayed market data., contract: Option(conId=816189122, symbol='ADBE', lastTradeDateOrContractMonth='20280121', strike=240.0, right='C', multiplier='100', exchange='NASDAQOM', currency='USD', localSymbol='ADBE  280121C00240000', tradingClass='ADBE')
2026-07-29 21:31:27,785 [INFO] Warning 10167, reqId 488: Requested market data is not subscribed. Displaying delayed market data., contract: Option(conId=816188997, symbol='ADBE', lastTradeDateOrContractMonth='20280121', strike=220.0, right='C', multiplier='100', exchange='NASDAQOM', currency='USD', localSymbol='ADBE  280121C00220000', tradingClass='ADBE')
2026-07-29 21:31:27,788 [INFO] Warning 10167, reqId 489: Requested market data is not subscribed. Displaying delayed market data., contract: Option(conId=816191265, symbol='ADBE', lastTradeDateOrContractMonth='20280121', strike=220.0, right='P', multiplier='100', exchange='NASDAQOM', currency='USD', localSymbol='ADBE  280121P00220000', tradingClass='ADBE')
2026-07-29 21:31:27,794 [INFO] Warning 10167, reqId 493: Requested market data is not subscribed. Displaying delayed market data., contract: Option(conId=816191429, symbol='ADBE', lastTradeDateOrContractMonth='20280121', strike=240.0, right='P', multiplier='100', exchange='NASDAQOM', currency='USD', localSymbol='ADBE  280121P00240000', tradingClass='ADBE')
2026-07-29 21:31:27,795 [INFO] Warning 10167, reqId 496: Requested market data is not subscribed. Displaying delayed market data., contract: Option(conId=816189244, symbol='ADBE', lastTradeDateOrContractMonth='20280121', strike=260.0, right='C', multiplier='100', exchange='NASDAQOM', currency='USD', localSymbol='ADBE  280121C00260000', tradingClass='ADBE')
2026-07-29 21:31:27,799 [INFO] Warning 10167, reqId 494: Requested market data is not subscribed. Displaying delayed market data., contract: Option(conId=816189182, symbol='ADBE', lastTradeDateOrContractMonth='20280121', strike=250.0, right='C', multiplier='100', exchange='NASDAQOM', currency='USD', localSymbol='ADBE  280121C00250000', tradingClass='ADBE')
2026-07-29 21:31:27,802 [INFO] Warning 10167, reqId 487: Requested market data is not subscribed. Displaying delayed market data., contract: Option(conId=816191184, symbol='ADBE', lastTradeDateOrContractMonth='20280121', strike=210.0, right='P', multiplier='100', exchange='NASDAQOM', currency='USD', localSymbol='ADBE  280121P00210000', tradingClass='ADBE')
2026-07-29 21:31:27,862 [ERROR] Error 10091, reqId 505: Part of requested market data requires additional subscription for API. See link in 'Market Data Connections' dialog for more details.ADBE NASDAQ.NMS/TOP/ALL, contract: Option(conId=816191906, symbol='ADBE', lastTradeDateOrContractMonth='20280121', strike=300.0, right='P', multiplier='100', exchange='NASDAQOM', currency='USD', localSymbol='ADBE  280121P00300000', tradingClass='ADBE')
2026-07-29 21:31:27,886 [INFO] Warning 10167, reqId 500: Requested market data is not subscribed. Displaying delayed market data., contract: Option(conId=816189364, symbol='ADBE', lastTradeDateOrContractMonth='20280121', strike=280.0, right='C', multiplier='100', exchange='NASDAQOM', currency='USD', localSymbol='ADBE  280121C00280000', tradingClass='ADBE')
2026-07-29 21:31:27,888 [INFO] Warning 10167, reqId 499: Requested market data is not subscribed. Displaying delayed market data., contract: Option(conId=816191660, symbol='ADBE', lastTradeDateOrContractMonth='20280121', strike=270.0, right='P', multiplier='100', exchange='NASDAQOM', currency='USD', localSymbol='ADBE  280121P00270000', tradingClass='ADBE')
2026-07-29 21:31:27,888 [INFO] Warning 10167, reqId 498: Requested market data is not subscribed. Displaying delayed market data., contract: Option(conId=816189304, symbol='ADBE', lastTradeDateOrContractMonth='20280121', strike=270.0, right='C', multiplier='100', exchange='NASDAQOM', currency='USD', localSymbol='ADBE  280121C00270000', tradingClass='ADBE')
2026-07-29 21:31:29,030 [INFO] Warning 10167, reqId 501: Requested market data is not subscribed. Displaying delayed market data., contract: Option(conId=816191740, symbol='ADBE', lastTradeDateOrContractMonth='20280121', strike=280.0, right='P', multiplier='100', exchange='NASDAQOM', currency='USD', localSymbol='ADBE  280121P00280000', tradingClass='ADBE')
2026-07-29 21:31:29,032 [INFO] Warning 10167, reqId 502: Requested market data is not subscribed. Displaying delayed market data., contract: Option(conId=816189422, symbol='ADBE', lastTradeDateOrContractMonth='20280121', strike=290.0, right='C', multiplier='100', exchange='NASDAQOM', currency='USD', localSymbol='ADBE  280121C00290000', tradingClass='ADBE')
2026-07-29 21:31:29,035 [INFO] Warning 10167, reqId 503: Requested market data is not subscribed. Displaying delayed market data., contract: Option(conId=816191831, symbol='ADBE', lastTradeDateOrContractMonth='20280121', strike=290.0, right='P', multiplier='100', exchange='NASDAQOM', currency='USD', localSymbol='ADBE  280121P00290000', tradingClass='ADBE')
2026-07-29 21:31:29,039 [INFO] Warning 10167, reqId 504: Requested market data is not subscribed. Displaying delayed market data., contract: Option(conId=816189475, symbol='ADBE', lastTradeDateOrContractMonth='20280121', strike=300.0, right='C', multiplier='100', exchange='NASDAQOM', currency='USD', localSymbol='ADBE  280121C00300000', tradingClass='ADBE')
2026-07-29 21:31:29,097 [INFO] Warning 10167, reqId 505: Requested market data is not subscribed. Displaying delayed market data., contract: Option(conId=816191906, symbol='ADBE', lastTradeDateOrContractMonth='20280121', strike=300.0, right='P', multiplier='100', exchange='NASDAQOM', currency='USD', localSymbol='ADBE  280121P00300000', tradingClass='ADBE')
2026-07-29 21:31:29,670 [ERROR] Error 10091, reqId 506: Part of requested market data requires additional subscription for API. See link in 'Market Data Connections' dialog for more details.ADBE NASDAQ.NMS/TOP/ALL, contract: Option(conId=816189538, symbol='ADBE', lastTradeDateOrContractMonth='20280121', strike=310.0, right='C', multiplier='100', exchange='NASDAQOM', currency='USD', localSymbol='ADBE  280121C00310000', tradingClass='ADBE')
2026-07-29 21:31:29,806 [ERROR] Error 10091, reqId 507: Part of requested market data requires additional subscription for API. See link in 'Market Data Connections' dialog for more details.ADBE NASDAQ.NMS/TOP/ALL, contract: Option(conId=816191986, symbol='ADBE', lastTradeDateOrContractMonth='20280121', strike=310.0, right='P', multiplier='100', exchange='NASDAQOM', currency='USD', localSymbol='ADBE  280121P00310000', tradingClass='ADBE')
2026-07-29 21:31:29,947 [ERROR] Error 10091, reqId 508: Part of requested market data requires additional subscription for API. See link in 'Market Data Connections' dialog for more details.ADBE NASDAQ.NMS/TOP/ALL, contract: Option(conId=816189597, symbol='ADBE', lastTradeDateOrContractMonth='20280121', strike=320.0, right='C', multiplier='100', exchange='NASDAQOM', currency='USD', localSymbol='ADBE  280121C00320000', tradingClass='ADBE')
2026-07-29 21:31:29,972 [ERROR] Error 10091, reqId 509: Part of requested market data requires additional subscription for API. See link in 'Market Data Connections' dialog for more details.ADBE NASDAQ.NMS/TOP/ALL, contract: Option(conId=816192061, symbol='ADBE', lastTradeDateOrContractMonth='20280121', strike=320.0, right='P', multiplier='100', exchange='NASDAQOM', currency='USD', localSymbol='ADBE  280121P00320000', tradingClass='ADBE')
2026-07-29 21:31:30,073 [ERROR] Error 10091, reqId 510: Part of requested market data requires additional subscription for API. See link in 'Market Data Connections' dialog for more details.ADBE NASDAQ.NMS/TOP/ALL, contract: Option(conId=816189640, symbol='ADBE', lastTradeDateOrContractMonth='20280121', strike=330.0, right='C', multiplier='100', exchange='NASDAQOM', currency='USD', localSymbol='ADBE  280121C00330000', tradingClass='ADBE')
2026-07-29 21:31:30,177 [ERROR] Error 10091, reqId 511: Part of requested market data requires additional subscription for API. See link in 'Market Data Connections' dialog for more details.ADBE NASDAQ.NMS/TOP/ALL, contract: Option(conId=816192152, symbol='ADBE', lastTradeDateOrContractMonth='20280121', strike=330.0, right='P', multiplier='100', exchange='NASDAQOM', currency='USD', localSymbol='ADBE  280121P00330000', tradingClass='ADBE')
2026-07-29 21:31:30,270 [ERROR] Error 10091, reqId 512: Part of requested market data requires additional subscription for API. See link in 'Market Data Connections' dialog for more details.ADBE NASDAQ.NMS/TOP/ALL, contract: Option(conId=816189684, symbol='ADBE', lastTradeDateOrContractMonth='20280121', strike=340.0, right='C', multiplier='100', exchange='NASDAQOM', currency='USD', localSymbol='ADBE  280121C00340000', tradingClass='ADBE')
2026-07-29 21:31:30,371 [ERROR] Error 10091, reqId 513: Part of requested market data requires additional subscription for API. See link in 'Market Data Connections' dialog for more details.ADBE NASDAQ.NMS/TOP/ALL, contract: Option(conId=816192234, symbol='ADBE', lastTradeDateOrContractMonth='20280121', strike=340.0, right='P', multiplier='100', exchange='NASDAQOM', currency='USD', localSymbol='ADBE  280121P00340000', tradingClass='ADBE')
2026-07-29 21:31:30,472 [ERROR] Error 10091, reqId 514: Part of requested market data requires additional subscription for API. See link in 'Market Data Connections' dialog for more details.ADBE NASDAQ.NMS/TOP/ALL, contract: Option(conId=903106775, symbol='ADBE', lastTradeDateOrContractMonth='20281215', strike=185.0, right='C', multiplier='100', exchange='NASDAQOM', currency='USD', localSymbol='ADBE  281215C00185000', tradingClass='ADBE')
2026-07-29 21:31:30,569 [ERROR] Error 10091, reqId 515: Part of requested market data requires additional subscription for API. See link in 'Market Data Connections' dialog for more details.ADBE NASDAQ.NMS/TOP/ALL, contract: Option(conId=903108870, symbol='ADBE', lastTradeDateOrContractMonth='20281215', strike=185.0, right='P', multiplier='100', exchange='NASDAQOM', currency='USD', localSymbol='ADBE  281215P00185000', tradingClass='ADBE')
2026-07-29 21:31:30,613 [INFO] Warning 10167, reqId 508: Requested market data is not subscribed. Displaying delayed market data., contract: Option(conId=816189597, symbol='ADBE', lastTradeDateOrContractMonth='20280121', strike=320.0, right='C', multiplier='100', exchange='NASDAQOM', currency='USD', localSymbol='ADBE  280121C00320000', tradingClass='ADBE')
2026-07-29 21:31:30,615 [INFO] Warning 10167, reqId 506: Requested market data is not subscribed. Displaying delayed market data., contract: Option(conId=816189538, symbol='ADBE', lastTradeDateOrContractMonth='20280121', strike=310.0, right='C', multiplier='100', exchange='NASDAQOM', currency='USD', localSymbol='ADBE  280121C00310000', tradingClass='ADBE')
2026-07-29 21:31:30,615 [INFO] Warning 10167, reqId 509: Requested market data is not subscribed. Displaying delayed market data., contract: Option(conId=816192061, symbol='ADBE', lastTradeDateOrContractMonth='20280121', strike=320.0, right='P', multiplier='100', exchange='NASDAQOM', currency='USD', localSymbol='ADBE  280121P00320000', tradingClass='ADBE')
2026-07-29 21:31:30,616 [INFO] Warning 10167, reqId 507: Requested market data is not subscribed. Displaying delayed market data., contract: Option(conId=816191986, symbol='ADBE', lastTradeDateOrContractMonth='20280121', strike=310.0, right='P', multiplier='100', exchange='NASDAQOM', currency='USD', localSymbol='ADBE  280121P00310000', tradingClass='ADBE')
2026-07-29 21:31:30,617 [INFO] Warning 10167, reqId 510: Requested market data is not subscribed. Displaying delayed market data., contract: Option(conId=816189640, symbol='ADBE', lastTradeDateOrContractMonth='20280121', strike=330.0, right='C', multiplier='100', exchange='NASDAQOM', currency='USD', localSymbol='ADBE  280121C00330000', tradingClass='ADBE')
2026-07-29 21:31:30,636 [INFO] Warning 10167, reqId 511: Requested market data is not subscribed. Displaying delayed market data., contract: Option(conId=816192152, symbol='ADBE', lastTradeDateOrContractMonth='20280121', strike=330.0, right='P', multiplier='100', exchange='NASDAQOM', currency='USD', localSymbol='ADBE  280121P00330000', tradingClass='ADBE')
2026-07-29 21:31:30,670 [ERROR] Error 10091, reqId 516: Part of requested market data requires additional subscription for API. See link in 'Market Data Connections' dialog for more details.ADBE NASDAQ.NMS/TOP/ALL, contract: Option(conId=903106830, symbol='ADBE', lastTradeDateOrContractMonth='20281215', strike=190.0, right='C', multiplier='100', exchange='NASDAQOM', currency='USD', localSymbol='ADBE  281215C00190000', tradingClass='ADBE')
2026-07-29 21:31:30,671 [ERROR] Error 10091, reqId 517: Part of requested market data requires additional subscription for API. See link in 'Market Data Connections' dialog for more details.ADBE NASDAQ.NMS/TOP/ALL, contract: Option(conId=903108935, symbol='ADBE', lastTradeDateOrContractMonth='20281215', strike=190.0, right='P', multiplier='100', exchange='NASDAQOM', currency='USD', localSymbol='ADBE  281215P00190000', tradingClass='ADBE')
2026-07-29 21:31:30,672 [ERROR] Error 10091, reqId 518: Part of requested market data requires additional subscription for API. See link in 'Market Data Connections' dialog for more details.ADBE NASDAQ.NMS/TOP/ALL, contract: Option(conId=903106885, symbol='ADBE', lastTradeDateOrContractMonth='20281215', strike=195.0, right='C', multiplier='100', exchange='NASDAQOM', currency='USD', localSymbol='ADBE  281215C00195000', tradingClass='ADBE')
2026-07-29 21:31:30,674 [ERROR] Error 10091, reqId 519: Part of requested market data requires additional subscription for API. See link in 'Market Data Connections' dialog for more details.ADBE NASDAQ.NMS/TOP/ALL, contract: Option(conId=903108996, symbol='ADBE', lastTradeDateOrContractMonth='20281215', strike=195.0, right='P', multiplier='100', exchange='NASDAQOM', currency='USD', localSymbol='ADBE  281215P00195000', tradingClass='ADBE')
2026-07-29 21:31:30,675 [ERROR] Error 10091, reqId 520: Part of requested market data requires additional subscription for API. See link in 'Market Data Connections' dialog for more details.ADBE NASDAQ.NMS/TOP/ALL, contract: Option(conId=903106962, symbol='ADBE', lastTradeDateOrContractMonth='20281215', strike=200.0, right='C', multiplier='100', exchange='NASDAQOM', currency='USD', localSymbol='ADBE  281215C00200000', tradingClass='ADBE')
2026-07-29 21:31:30,679 [ERROR] Error 10091, reqId 521: Part of requested market data requires additional subscription for API. See link in 'Market Data Connections' dialog for more details.ADBE NASDAQ.NMS/TOP/ALL, contract: Option(conId=903109061, symbol='ADBE', lastTradeDateOrContractMonth='20281215', strike=200.0, right='P', multiplier='100', exchange='NASDAQOM', currency='USD', localSymbol='ADBE  281215P00200000', tradingClass='ADBE')
2026-07-29 21:31:30,680 [ERROR] Error 10091, reqId 522: Part of requested market data requires additional subscription for API. See link in 'Market Data Connections' dialog for more details.ADBE NASDAQ.NMS/TOP/ALL, contract: Option(conId=903107016, symbol='ADBE', lastTradeDateOrContractMonth='20281215', strike=210.0, right='C', multiplier='100', exchange='NASDAQOM', currency='USD', localSymbol='ADBE  281215C00210000', tradingClass='ADBE')
2026-07-29 21:31:30,681 [ERROR] Error 10091, reqId 523: Part of requested market data requires additional subscription for API. See link in 'Market Data Connections' dialog for more details.ADBE NASDAQ.NMS/TOP/ALL, contract: Option(conId=903109130, symbol='ADBE', lastTradeDateOrContractMonth='20281215', strike=210.0, right='P', multiplier='100', exchange='NASDAQOM', currency='USD', localSymbol='ADBE  281215P00210000', tradingClass='ADBE')
2026-07-29 21:31:30,769 [ERROR] Error 10091, reqId 524: Part of requested market data requires additional subscription for API. See link in 'Market Data Connections' dialog for more details.ADBE NASDAQ.NMS/TOP/ALL, contract: Option(conId=903107080, symbol='ADBE', lastTradeDateOrContractMonth='20281215', strike=220.0, right='C', multiplier='100', exchange='NASDAQOM', currency='USD', localSymbol='ADBE  281215C00220000', tradingClass='ADBE')
2026-07-29 21:31:30,770 [ERROR] Error 10091, reqId 525: Part of requested market data requires additional subscription for API. See link in 'Market Data Connections' dialog for more details.ADBE NASDAQ.NMS/TOP/ALL, contract: Option(conId=903109188, symbol='ADBE', lastTradeDateOrContractMonth='20281215', strike=220.0, right='P', multiplier='100', exchange='NASDAQOM', currency='USD', localSymbol='ADBE  281215P00220000', tradingClass='ADBE')
2026-07-29 21:31:30,770 [ERROR] Error 10091, reqId 526: Part of requested market data requires additional subscription for API. See link in 'Market Data Connections' dialog for more details.ADBE NASDAQ.NMS/TOP/ALL, contract: Option(conId=903107145, symbol='ADBE', lastTradeDateOrContractMonth='20281215', strike=230.0, right='C', multiplier='100', exchange='NASDAQOM', currency='USD', localSymbol='ADBE  281215C00230000', tradingClass='ADBE')
2026-07-29 21:31:30,771 [ERROR] Error 10091, reqId 527: Part of requested market data requires additional subscription for API. See link in 'Market Data Connections' dialog for more details.ADBE NASDAQ.NMS/TOP/ALL, contract: Option(conId=903109245, symbol='ADBE', lastTradeDateOrContractMonth='20281215', strike=230.0, right='P', multiplier='100', exchange='NASDAQOM', currency='USD', localSymbol='ADBE  281215P00230000', tradingClass='ADBE')
2026-07-29 21:31:30,869 [ERROR] Error 10091, reqId 528: Part of requested market data requires additional subscription for API. See link in 'Market Data Connections' dialog for more details.ADBE NASDAQ.NMS/TOP/ALL, contract: Option(conId=903107200, symbol='ADBE', lastTradeDateOrContractMonth='20281215', strike=240.0, right='C', multiplier='100', exchange='NASDAQOM', currency='USD', localSymbol='ADBE  281215C00240000', tradingClass='ADBE')
2026-07-29 21:31:30,873 [ERROR] Error 10091, reqId 529: Part of requested market data requires additional subscription for API. See link in 'Market Data Connections' dialog for more details.ADBE NASDAQ.NMS/TOP/ALL, contract: Option(conId=903109310, symbol='ADBE', lastTradeDateOrContractMonth='20281215', strike=240.0, right='P', multiplier='100', exchange='NASDAQOM', currency='USD', localSymbol='ADBE  281215P00240000', tradingClass='ADBE')
2026-07-29 21:31:30,936 [INFO] Warning 10167, reqId 512: Requested market data is not subscribed. Displaying delayed market data., contract: Option(conId=816189684, symbol='ADBE', lastTradeDateOrContractMonth='20280121', strike=340.0, right='C', multiplier='100', exchange='NASDAQOM', currency='USD', localSymbol='ADBE  280121C00340000', tradingClass='ADBE')
2026-07-29 21:31:30,945 [INFO] Warning 10167, reqId 513: Requested market data is not subscribed. Displaying delayed market data., contract: Option(conId=816192234, symbol='ADBE', lastTradeDateOrContractMonth='20280121', strike=340.0, right='P', multiplier='100', exchange='NASDAQOM', currency='USD', localSymbol='ADBE  280121P00340000', tradingClass='ADBE')
2026-07-29 21:31:30,970 [ERROR] Error 10091, reqId 530: Part of requested market data requires additional subscription for API. See link in 'Market Data Connections' dialog for more details.ADBE NASDAQ.NMS/TOP/ALL, contract: Option(conId=903107260, symbol='ADBE', lastTradeDateOrContractMonth='20281215', strike=250.0, right='C', multiplier='100', exchange='NASDAQOM', currency='USD', localSymbol='ADBE  281215C00250000', tradingClass='ADBE')
2026-07-29 21:31:31,812 [INFO] Warning 10167, reqId 518: Requested market data is not subscribed. Displaying delayed market data., contract: Option(conId=903106885, symbol='ADBE', lastTradeDateOrContractMonth='20281215', strike=195.0, right='C', multiplier='100', exchange='NASDAQOM', currency='USD', localSymbol='ADBE  281215C00195000', tradingClass='ADBE')
2026-07-29 21:31:31,813 [INFO] Warning 10167, reqId 523: Requested market data is not subscribed. Displaying delayed market data., contract: Option(conId=903109130, symbol='ADBE', lastTradeDateOrContractMonth='20281215', strike=210.0, right='P', multiplier='100', exchange='NASDAQOM', currency='USD', localSymbol='ADBE  281215P00210000', tradingClass='ADBE')
2026-07-29 21:31:31,814 [INFO] Warning 10167, reqId 526: Requested market data is not subscribed. Displaying delayed market data., contract: Option(conId=903107145, symbol='ADBE', lastTradeDateOrContractMonth='20281215', strike=230.0, right='C', multiplier='100', exchange='NASDAQOM', currency='USD', localSymbol='ADBE  281215C00230000', tradingClass='ADBE')
2026-07-29 21:31:31,814 [INFO] Warning 10167, reqId 530: Requested market data is not subscribed. Displaying delayed market data., contract: Option(conId=903107260, symbol='ADBE', lastTradeDateOrContractMonth='20281215', strike=250.0, right='C', multiplier='100', exchange='NASDAQOM', currency='USD', localSymbol='ADBE  281215C00250000', tradingClass='ADBE')
2026-07-29 21:31:31,815 [INFO] Warning 10167, reqId 525: Requested market data is not subscribed. Displaying delayed market data., contract: Option(conId=903109188, symbol='ADBE', lastTradeDateOrContractMonth='20281215', strike=220.0, right='P', multiplier='100', exchange='NASDAQOM', currency='USD', localSymbol='ADBE  281215P00220000', tradingClass='ADBE')
2026-07-29 21:31:31,815 [INFO] Warning 10167, reqId 515: Requested market data is not subscribed. Displaying delayed market data., contract: Option(conId=903108870, symbol='ADBE', lastTradeDateOrContractMonth='20281215', strike=185.0, right='P', multiplier='100', exchange='NASDAQOM', currency='USD', localSymbol='ADBE  281215P00185000', tradingClass='ADBE')
2026-07-29 21:31:31,816 [INFO] Warning 10167, reqId 516: Requested market data is not subscribed. Displaying delayed market data., contract: Option(conId=903106830, symbol='ADBE', lastTradeDateOrContractMonth='20281215', strike=190.0, right='C', multiplier='100', exchange='NASDAQOM', currency='USD', localSymbol='ADBE  281215C00190000', tradingClass='ADBE')
2026-07-29 21:31:31,816 [INFO] Warning 10167, reqId 520: Requested market data is not subscribed. Displaying delayed market data., contract: Option(conId=903106962, symbol='ADBE', lastTradeDateOrContractMonth='20281215', strike=200.0, right='C', multiplier='100', exchange='NASDAQOM', currency='USD', localSymbol='ADBE  281215C00200000', tradingClass='ADBE')
2026-07-29 21:31:31,817 [INFO] Warning 10167, reqId 528: Requested market data is not subscribed. Displaying delayed market data., contract: Option(conId=903107200, symbol='ADBE', lastTradeDateOrContractMonth='20281215', strike=240.0, right='C', multiplier='100', exchange='NASDAQOM', currency='USD', localSymbol='ADBE  281215C00240000', tradingClass='ADBE')
2026-07-29 21:31:31,817 [INFO] Warning 10167, reqId 521: Requested market data is not subscribed. Displaying delayed market data., contract: Option(conId=903109061, symbol='ADBE', lastTradeDateOrContractMonth='20281215', strike=200.0, right='P', multiplier='100', exchange='NASDAQOM', currency='USD', localSymbol='ADBE  281215P00200000', tradingClass='ADBE')
2026-07-29 21:31:31,818 [INFO] Warning 10167, reqId 517: Requested market data is not subscribed. Displaying delayed market data., contract: Option(conId=903108935, symbol='ADBE', lastTradeDateOrContractMonth='20281215', strike=190.0, right='P', multiplier='100', exchange='NASDAQOM', currency='USD', localSymbol='ADBE  281215P00190000', tradingClass='ADBE')
2026-07-29 21:31:31,819 [INFO] Warning 10167, reqId 522: Requested market data is not subscribed. Displaying delayed market data., contract: Option(conId=903107016, symbol='ADBE', lastTradeDateOrContractMonth='20281215', strike=210.0, right='C', multiplier='100', exchange='NASDAQOM', currency='USD', localSymbol='ADBE  281215C00210000', tradingClass='ADBE')
2026-07-29 21:31:31,820 [INFO] Warning 10167, reqId 527: Requested market data is not subscribed. Displaying delayed market data., contract: Option(conId=903109245, symbol='ADBE', lastTradeDateOrContractMonth='20281215', strike=230.0, right='P', multiplier='100', exchange='NASDAQOM', currency='USD', localSymbol='ADBE  281215P00230000', tradingClass='ADBE')
2026-07-29 21:31:31,824 [INFO] Warning 10167, reqId 514: Requested market data is not subscribed. Displaying delayed market data., contract: Option(conId=903106775, symbol='ADBE', lastTradeDateOrContractMonth='20281215', strike=185.0, right='C', multiplier='100', exchange='NASDAQOM', currency='USD', localSymbol='ADBE  281215C00185000', tradingClass='ADBE')
2026-07-29 21:31:31,827 [INFO] Warning 10167, reqId 529: Requested market data is not subscribed. Displaying delayed market data., contract: Option(conId=903109310, symbol='ADBE', lastTradeDateOrContractMonth='20281215', strike=240.0, right='P', multiplier='100', exchange='NASDAQOM', currency='USD', localSymbol='ADBE  281215P00240000', tradingClass='ADBE')
2026-07-29 21:31:31,829 [INFO] Warning 10167, reqId 519: Requested market data is not subscribed. Displaying delayed market data., contract: Option(conId=903108996, symbol='ADBE', lastTradeDateOrContractMonth='20281215', strike=195.0, right='P', multiplier='100', exchange='NASDAQOM', currency='USD', localSymbol='ADBE  281215P00195000', tradingClass='ADBE')
2026-07-29 21:31:31,832 [INFO] Warning 10167, reqId 524: Requested market data is not subscribed. Displaying delayed market data., contract: Option(conId=903107080, symbol='ADBE', lastTradeDateOrContractMonth='20281215', strike=220.0, right='C', multiplier='100', exchange='NASDAQOM', currency='USD', localSymbol='ADBE  281215C00220000', tradingClass='ADBE')
2026-07-29 21:31:33,635 [ERROR] Error 10091, reqId 533: Part of requested market data requires additional subscription for API. See link in 'Market Data Connections' dialog for more details.ADBE NASDAQ.NMS/TOP/BID_ASK, contract: Option(conId=903109426, symbol='ADBE', lastTradeDateOrContractMonth='20281215', strike=260.0, right='P', multiplier='100', exchange='NASDAQOM', currency='USD', localSymbol='ADBE  281215P00260000', tradingClass='ADBE')
2026-07-29 21:31:33,661 [ERROR] Error 10091, reqId 531: Part of requested market data requires additional subscription for API. See link in 'Market Data Connections' dialog for more details.ADBE NASDAQ.NMS/TOP/BID_ASK, contract: Option(conId=903109360, symbol='ADBE', lastTradeDateOrContractMonth='20281215', strike=250.0, right='P', multiplier='100', exchange='NASDAQOM', currency='USD', localSymbol='ADBE  281215P00250000', tradingClass='ADBE')
2026-07-29 21:31:33,666 [INFO] Warning 10167, reqId 531: Requested market data is not subscribed. Displaying delayed market data., contract: Option(conId=903109360, symbol='ADBE', lastTradeDateOrContractMonth='20281215', strike=250.0, right='P', multiplier='100', exchange='NASDAQOM', currency='USD', localSymbol='ADBE  281215P00250000', tradingClass='ADBE')
2026-07-29 21:31:33,669 [ERROR] Error 10091, reqId 532: Part of requested market data requires additional subscription for API. See link in 'Market Data Connections' dialog for more details.ADBE NASDAQ.NMS/TOP/BID_ASK, contract: Option(conId=903107325, symbol='ADBE', lastTradeDateOrContractMonth='20281215', strike=260.0, right='C', multiplier='100', exchange='NASDAQOM', currency='USD', localSymbol='ADBE  281215C00260000', tradingClass='ADBE')
2026-07-29 21:31:33,679 [INFO] Warning 10167, reqId 532: Requested market data is not subscribed. Displaying delayed market data., contract: Option(conId=903107325, symbol='ADBE', lastTradeDateOrContractMonth='20281215', strike=260.0, right='C', multiplier='100', exchange='NASDAQOM', currency='USD', localSymbol='ADBE  281215C00260000', tradingClass='ADBE')
2026-07-29 21:31:33,680 [INFO] Warning 10167, reqId 533: Requested market data is not subscribed. Displaying delayed market data., contract: Option(conId=903109426, symbol='ADBE', lastTradeDateOrContractMonth='20281215', strike=260.0, right='P', multiplier='100', exchange='NASDAQOM', currency='USD', localSymbol='ADBE  281215P00260000', tradingClass='ADBE')
2026-07-29 21:31:33,738 [ERROR] Error 10091, reqId 538: Part of requested market data requires additional subscription for API. See link in 'Market Data Connections' dialog for more details.ADBE NASDAQ.NMS/TOP/BID_ASK, contract: Option(conId=903107517, symbol='ADBE', lastTradeDateOrContractMonth='20281215', strike=290.0, right='C', multiplier='100', exchange='NASDAQOM', currency='USD', localSymbol='ADBE  281215C00290000', tradingClass='ADBE')
2026-07-29 21:31:33,830 [ERROR] Error 10091, reqId 539: Part of requested market data requires additional subscription for API. See link in 'Market Data Connections' dialog for more details.ADBE NASDAQ.NMS/TOP/BID_ASK, contract: Option(conId=903109605, symbol='ADBE', lastTradeDateOrContractMonth='20281215', strike=290.0, right='P', multiplier='100', exchange='NASDAQOM', currency='USD', localSymbol='ADBE  281215P00290000', tradingClass='ADBE')
2026-07-29 21:31:33,930 [ERROR] Error 10091, reqId 540: Part of requested market data requires additional subscription for API. See link in 'Market Data Connections' dialog for more details.ADBE NASDAQ.NMS/TOP/BID_ASK, contract: Option(conId=903107580, symbol='ADBE', lastTradeDateOrContractMonth='20281215', strike=300.0, right='C', multiplier='100', exchange='NASDAQOM', currency='USD', localSymbol='ADBE  281215C00300000', tradingClass='ADBE')
2026-07-29 21:31:33,931 [ERROR] Error 10091, reqId 537: Part of requested market data requires additional subscription for API. See link in 'Market Data Connections' dialog for more details.ADBE NASDAQ.NMS/TOP/BID_ASK, contract: Option(conId=903109552, symbol='ADBE', lastTradeDateOrContractMonth='20281215', strike=280.0, right='P', multiplier='100', exchange='NASDAQOM', currency='USD', localSymbol='ADBE  281215P00280000', tradingClass='ADBE')
2026-07-29 21:31:33,934 [ERROR] Error 10091, reqId 534: Part of requested market data requires additional subscription for API. See link in 'Market Data Connections' dialog for more details.ADBE NASDAQ.NMS/TOP/BID_ASK, contract: Option(conId=903107394, symbol='ADBE', lastTradeDateOrContractMonth='20281215', strike=270.0, right='C', multiplier='100', exchange='NASDAQOM', currency='USD', localSymbol='ADBE  281215C00270000', tradingClass='ADBE')
2026-07-29 21:31:33,935 [ERROR] Error 10091, reqId 535: Part of requested market data requires additional subscription for API. See link in 'Market Data Connections' dialog for more details.ADBE NASDAQ.NMS/TOP/BID_ASK, contract: Option(conId=903109491, symbol='ADBE', lastTradeDateOrContractMonth='20281215', strike=270.0, right='P', multiplier='100', exchange='NASDAQOM', currency='USD', localSymbol='ADBE  281215P00270000', tradingClass='ADBE')
2026-07-29 21:31:33,937 [ERROR] Error 10091, reqId 536: Part of requested market data requires additional subscription for API. See link in 'Market Data Connections' dialog for more details.ADBE NASDAQ.NMS/TOP/BID_ASK, contract: Option(conId=903107457, symbol='ADBE', lastTradeDateOrContractMonth='20281215', strike=280.0, right='C', multiplier='100', exchange='NASDAQOM', currency='USD', localSymbol='ADBE  281215C00280000', tradingClass='ADBE')
2026-07-29 21:31:34,032 [ERROR] Error 10091, reqId 541: Part of requested market data requires additional subscription for API. See link in 'Market Data Connections' dialog for more details.ADBE NASDAQ.NMS/TOP/BID_ASK, contract: Option(conId=903109656, symbol='ADBE', lastTradeDateOrContractMonth='20281215', strike=300.0, right='P', multiplier='100', exchange='NASDAQOM', currency='USD', localSymbol='ADBE  281215P00300000', tradingClass='ADBE')
2026-07-29 21:31:34,033 [ERROR] Error 10091, reqId 542: Part of requested market data requires additional subscription for API. See link in 'Market Data Connections' dialog for more details.ADBE NASDAQ.NMS/TOP/BID_ASK, contract: Option(conId=903107645, symbol='ADBE', lastTradeDateOrContractMonth='20281215', strike=310.0, right='C', multiplier='100', exchange='NASDAQOM', currency='USD', localSymbol='ADBE  281215C00310000', tradingClass='ADBE')
2026-07-29 21:31:34,033 [ERROR] Error 10091, reqId 543: Part of requested market data requires additional subscription for API. See link in 'Market Data Connections' dialog for more details.ADBE NASDAQ.NMS/TOP/BID_ASK, contract: Option(conId=903109709, symbol='ADBE', lastTradeDateOrContractMonth='20281215', strike=310.0, right='P', multiplier='100', exchange='NASDAQOM', currency='USD', localSymbol='ADBE  281215P00310000', tradingClass='ADBE')
2026-07-29 21:31:34,037 [ERROR] Error 10091, reqId 544: Part of requested market data requires additional subscription for API. See link in 'Market Data Connections' dialog for more details.ADBE NASDAQ.NMS/TOP/BID_ASK, contract: Option(conId=903107718, symbol='ADBE', lastTradeDateOrContractMonth='20281215', strike=320.0, right='C', multiplier='100', exchange='NASDAQOM', currency='USD', localSymbol='ADBE  281215C00320000', tradingClass='ADBE')
2026-07-29 21:31:34,040 [ERROR] Error 10091, reqId 545: Part of requested market data requires additional subscription for API. See link in 'Market Data Connections' dialog for more details.ADBE NASDAQ.NMS/TOP/BID_ASK, contract: Option(conId=903109761, symbol='ADBE', lastTradeDateOrContractMonth='20281215', strike=320.0, right='P', multiplier='100', exchange='NASDAQOM', currency='USD', localSymbol='ADBE  281215P00320000', tradingClass='ADBE')
2026-07-29 21:31:34,053 [INFO] Warning 10167, reqId 534: Requested market data is not subscribed. Displaying delayed market data., contract: Option(conId=903107394, symbol='ADBE', lastTradeDateOrContractMonth='20281215', strike=270.0, right='C', multiplier='100', exchange='NASDAQOM', currency='USD', localSymbol='ADBE  281215C00270000', tradingClass='ADBE')
2026-07-29 21:31:34,065 [INFO] Warning 10167, reqId 536: Requested market data is not subscribed. Displaying delayed market data., contract: Option(conId=903107457, symbol='ADBE', lastTradeDateOrContractMonth='20281215', strike=280.0, right='C', multiplier='100', exchange='NASDAQOM', currency='USD', localSymbol='ADBE  281215C00280000', tradingClass='ADBE')
2026-07-29 21:31:34,066 [INFO] Warning 10167, reqId 535: Requested market data is not subscribed. Displaying delayed market data., contract: Option(conId=903109491, symbol='ADBE', lastTradeDateOrContractMonth='20281215', strike=270.0, right='P', multiplier='100', exchange='NASDAQOM', currency='USD', localSymbol='ADBE  281215P00270000', tradingClass='ADBE')
2026-07-29 21:31:34,068 [INFO] Warning 10167, reqId 537: Requested market data is not subscribed. Displaying delayed market data., contract: Option(conId=903109552, symbol='ADBE', lastTradeDateOrContractMonth='20281215', strike=280.0, right='P', multiplier='100', exchange='NASDAQOM', currency='USD', localSymbol='ADBE  281215P00280000', tradingClass='ADBE')
2026-07-29 21:31:34,131 [ERROR] Error 10091, reqId 546: Part of requested market data requires additional subscription for API. See link in 'Market Data Connections' dialog for more details.ADBE NASDAQ.NMS/TOP/ALL, contract: Option(conId=903107784, symbol='ADBE', lastTradeDateOrContractMonth='20281215', strike=330.0, right='C', multiplier='100', exchange='NASDAQOM', currency='USD', localSymbol='ADBE  281215C00330000', tradingClass='ADBE')
2026-07-29 21:31:34,135 [ERROR] Error 10091, reqId 547: Part of requested market data requires additional subscription for API. See link in 'Market Data Connections' dialog for more details.ADBE NASDAQ.NMS/TOP/ALL, contract: Option(conId=903109829, symbol='ADBE', lastTradeDateOrContractMonth='20281215', strike=330.0, right='P', multiplier='100', exchange='NASDAQOM', currency='USD', localSymbol='ADBE  281215P00330000', tradingClass='ADBE')
2026-07-29 21:31:34,136 [ERROR] Error 10091, reqId 548: Part of requested market data requires additional subscription for API. See link in 'Market Data Connections' dialog for more details.ADBE NASDAQ.NMS/TOP/ALL, contract: Option(conId=903107857, symbol='ADBE', lastTradeDateOrContractMonth='20281215', strike=340.0, right='C', multiplier='100', exchange='NASDAQOM', currency='USD', localSymbol='ADBE  281215C00340000', tradingClass='ADBE')
2026-07-29 21:31:34,233 [ERROR] Error 10091, reqId 549: Part of requested market data requires additional subscription for API. See link in 'Market Data Connections' dialog for more details.ADBE NASDAQ.NMS/TOP/ALL, contract: Option(conId=903109890, symbol='ADBE', lastTradeDateOrContractMonth='20281215', strike=340.0, right='P', multiplier='100', exchange='NASDAQOM', currency='USD', localSymbol='ADBE  281215P00340000', tradingClass='ADBE')
2026-07-29 21:31:35,141 [INFO] Warning 10167, reqId 538: Requested market data is not subscribed. Displaying delayed market data., contract: Option(conId=903107517, symbol='ADBE', lastTradeDateOrContractMonth='20281215', strike=290.0, right='C', multiplier='100', exchange='NASDAQOM', currency='USD', localSymbol='ADBE  281215C00290000', tradingClass='ADBE')
2026-07-29 21:31:35,143 [INFO] Warning 10167, reqId 541: Requested market data is not subscribed. Displaying delayed market data., contract: Option(conId=903109656, symbol='ADBE', lastTradeDateOrContractMonth='20281215', strike=300.0, right='P', multiplier='100', exchange='NASDAQOM', currency='USD', localSymbol='ADBE  281215P00300000', tradingClass='ADBE')
2026-07-29 21:31:35,144 [INFO] Warning 10167, reqId 540: Requested market data is not subscribed. Displaying delayed market data., contract: Option(conId=903107580, symbol='ADBE', lastTradeDateOrContractMonth='20281215', strike=300.0, right='C', multiplier='100', exchange='NASDAQOM', currency='USD', localSymbol='ADBE  281215C00300000', tradingClass='ADBE')
2026-07-29 21:31:35,148 [INFO] Warning 10167, reqId 543: Requested market data is not subscribed. Displaying delayed market data., contract: Option(conId=903109709, symbol='ADBE', lastTradeDateOrContractMonth='20281215', strike=310.0, right='P', multiplier='100', exchange='NASDAQOM', currency='USD', localSymbol='ADBE  281215P00310000', tradingClass='ADBE')
2026-07-29 21:31:35,149 [INFO] Warning 10167, reqId 539: Requested market data is not subscribed. Displaying delayed market data., contract: Option(conId=903109605, symbol='ADBE', lastTradeDateOrContractMonth='20281215', strike=290.0, right='P', multiplier='100', exchange='NASDAQOM', currency='USD', localSymbol='ADBE  281215P00290000', tradingClass='ADBE')
2026-07-29 21:31:35,156 [INFO] Warning 10167, reqId 542: Requested market data is not subscribed. Displaying delayed market data., contract: Option(conId=903107645, symbol='ADBE', lastTradeDateOrContractMonth='20281215', strike=310.0, right='C', multiplier='100', exchange='NASDAQOM', currency='USD', localSymbol='ADBE  281215C00310000', tradingClass='ADBE')
2026-07-29 21:31:35,161 [INFO] Warning 10167, reqId 544: Requested market data is not subscribed. Displaying delayed market data., contract: Option(conId=903107718, symbol='ADBE', lastTradeDateOrContractMonth='20281215', strike=320.0, right='C', multiplier='100', exchange='NASDAQOM', currency='USD', localSymbol='ADBE  281215C00320000', tradingClass='ADBE')
2026-07-29 21:31:35,171 [INFO] Warning 10167, reqId 545: Requested market data is not subscribed. Displaying delayed market data., contract: Option(conId=903109761, symbol='ADBE', lastTradeDateOrContractMonth='20281215', strike=320.0, right='P', multiplier='100', exchange='NASDAQOM', currency='USD', localSymbol='ADBE  281215P00320000', tradingClass='ADBE')
2026-07-29 21:31:35,456 [INFO] Warning 10167, reqId 547: Requested market data is not subscribed. Displaying delayed market data., contract: Option(conId=903109829, symbol='ADBE', lastTradeDateOrContractMonth='20281215', strike=330.0, right='P', multiplier='100', exchange='NASDAQOM', currency='USD', localSymbol='ADBE  281215P00330000', tradingClass='ADBE')
2026-07-29 21:31:35,462 [INFO] Warning 10167, reqId 549: Requested market data is not subscribed. Displaying delayed market data., contract: Option(conId=903109890, symbol='ADBE', lastTradeDateOrContractMonth='20281215', strike=340.0, right='P', multiplier='100', exchange='NASDAQOM', currency='USD', localSymbol='ADBE  281215P00340000', tradingClass='ADBE')
2026-07-29 21:31:35,464 [INFO] Warning 10167, reqId 546: Requested market data is not subscribed. Displaying delayed market data., contract: Option(conId=903107784, symbol='ADBE', lastTradeDateOrContractMonth='20281215', strike=330.0, right='C', multiplier='100', exchange='NASDAQOM', currency='USD', localSymbol='ADBE  281215C00330000', tradingClass='ADBE')
2026-07-29 21:31:35,598 [INFO] Warning 10167, reqId 548: Requested market data is not subscribed. Displaying delayed market data., contract: Option(conId=903107857, symbol='ADBE', lastTradeDateOrContractMonth='20281215', strike=340.0, right='C', multiplier='100', exchange='NASDAQOM', currency='USD', localSymbol='ADBE  281215C00340000', tradingClass='ADBE')
2026-07-29 21:31:36,662 [INFO]   -> 144 contrats récupérés pour ADBE
2026-07-29 21:31:36,662 [INFO] [2/2] A (Agilent Technologies)...
2026-07-29 21:31:42,178 [ERROR] Error 10091, reqId 587: Part of requested market data requires additional subscription for API. See link in 'Market Data Connections' dialog for more details.A NYSE/TOP/ALL, contract: Option(conId=894353028, symbol='A', lastTradeDateOrContractMonth='20270617', strike=100.0, right='C', multiplier='100', exchange='BOX', currency='USD', localSymbol='A     270617C00100000', tradingClass='A')
2026-07-29 21:31:42,179 [ERROR] Error 354, reqId 587: Requested market data is not subscribed. Check API status by selecting the Account menu then under Management choose Market Data Subscription Manager and/or availability of delayed data.A JUN 17 '27 100 Call (A     270617C00100000) /TOP/ALL, contract: Option(conId=894353028, symbol='A', lastTradeDateOrContractMonth='20270617', strike=100.0, right='C', multiplier='100', exchange='BOX', currency='USD', localSymbol='A     270617C00100000', tradingClass='A')
2026-07-29 21:31:42,180 [WARNING] Exchange 'BOX' BLACKLISTÉE (pas d'abonnement data, erreur 354: Requested market data is not subscribed. Check API status by selecting the Account menu then under Management choose Market Data Subscription Manager and/or availability of delayed data.A JUN 17 '27 100 Call (A     270617C00100000) /TOP/ALL) -> tickers suivants sur cet exchange ignorés sans requête réseau.
2026-07-29 21:31:42,187 [INFO] Warning 2117, reqId 587: Requested top market data is not subscribed. Subscription-independent ticks are still active.101; Error&BOX/OPT/Top&BEST/OPT/Top, contract: Option(conId=894353028, symbol='A', lastTradeDateOrContractMonth='20270617', strike=100.0, right='C', multiplier='100', exchange='BOX', currency='USD', localSymbol='A     270617C00100000', tradingClass='A')
2026-07-29 21:31:42,187 [ERROR] Error 10091, reqId 589: Part of requested market data requires additional subscription for API. See link in 'Market Data Connections' dialog for more details.A NYSE/TOP/ALL, contract: Option(conId=894354075, symbol='A', lastTradeDateOrContractMonth='20270617', strike=105.0, right='C', multiplier='100', exchange='BOX', currency='USD', localSymbol='A     270617C00105000', tradingClass='A')
2026-07-29 21:31:42,241 [ERROR] Error 10091, reqId 588: Part of requested market data requires additional subscription for API. See link in 'Market Data Connections' dialog for more details.A NYSE/TOP/ALL, contract: Option(conId=894355208, symbol='A', lastTradeDateOrContractMonth='20270617', strike=100.0, right='P', multiplier='100', exchange='BOX', currency='USD', localSymbol='A     270617P00100000', tradingClass='A')
2026-07-29 21:31:42,524 [ERROR] Error 354, reqId 588: Requested market data is not subscribed. Check API status by selecting the Account menu then under Management choose Market Data Subscription Manager and/or availability of delayed data.A JUN 17 '27 100 Put (A     270617P00100000) /TOP/ALL, contract: Option(conId=894355208, symbol='A', lastTradeDateOrContractMonth='20270617', strike=100.0, right='P', multiplier='100', exchange='BOX', currency='USD', localSymbol='A     270617P00100000', tradingClass='A')
2026-07-29 21:31:42,528 [INFO] Warning 2117, reqId 588: Requested top market data is not subscribed. Subscription-independent ticks are still active.101; Error&BEST/OPT/Top&BEST/OPT/Top&BOX/OPT/Top, contract: Option(conId=894355208, symbol='A', lastTradeDateOrContractMonth='20270617', strike=100.0, right='P', multiplier='100', exchange='BOX', currency='USD', localSymbol='A     270617P00100000', tradingClass='A')
2026-07-29 21:31:42,767 [INFO] Warning 2117, reqId 589: Requested top market data is not subscribed. Subscription-independent ticks are still active.101; Error&BEST/OPT/Top&BEST/OPT/Top&BOX/OPT/Top&BEST/OPT/Top&BEST/OPT/Top&BOX/OPT/Top, contract: Option(conId=894354075, symbol='A', lastTradeDateOrContractMonth='20270617', strike=105.0, right='C', multiplier='100', exchange='BOX', currency='USD', localSymbol='A     270617C00105000', tradingClass='A')
2026-07-29 21:31:42,779 [INFO] Warning 2117, reqId 590: Requested top market data is not subscribed. Subscription-independent ticks are still active.101; Error&BEST/OPT/Top&BEST/OPT/Top&BOX/OPT/Top&BEST/OPT/Top&BEST/OPT/Top&BOX/OPT/Top, contract: Option(conId=894355267, symbol='A', lastTradeDateOrContractMonth='20270617', strike=105.0, right='P', multiplier='100', exchange='BOX', currency='USD', localSymbol='A     270617P00105000', tradingClass='A')
2026-07-29 21:31:42,928 [ERROR] Error 354, reqId 591: Requested market data is not subscribed. Check API status by selecting the Account menu then under Management choose Market Data Subscription Manager and/or availability of delayed data.A JUN 17 '27 110 Call (A     270617C00110000) /TOP/ALL, contract: Option(conId=894354102, symbol='A', lastTradeDateOrContractMonth='20270617', strike=110.0, right='C', multiplier='100', exchange='BOX', currency='USD', localSymbol='A     270617C00110000', tradingClass='A')
2026-07-29 21:31:42,932 [INFO] Warning 2117, reqId 591: Requested top market data is not subscribed. Subscription-independent ticks are still active.101; Error&BEST/OPT/Top&BOX/OPT/Top&BEST/OPT/Top&BEST/OPT/Top&BOX/OPT/Top&BEST/OPT/Top, contract: Option(conId=894354102, symbol='A', lastTradeDateOrContractMonth='20270617', strike=110.0, right='C', multiplier='100', exchange='BOX', currency='USD', localSymbol='A     270617C00110000', tradingClass='A')
2026-07-29 21:31:42,933 [INFO] Warning 2117, reqId 592: Requested top market data is not subscribed. Subscription-independent ticks are still active.101; Error&BEST/OPT/Top&BOX/OPT/Top&BEST/OPT/Top&BEST/OPT/Top&BOX/OPT/Top&BEST/OPT/Top, contract: Option(conId=894355310, symbol='A', lastTradeDateOrContractMonth='20270617', strike=110.0, right='P', multiplier='100', exchange='BOX', currency='USD', localSymbol='A     270617P00110000', tradingClass='A')
2026-07-29 21:31:42,998 [ERROR] Error 10091, reqId 591: Part of requested market data requires additional subscription for API. See link in 'Market Data Connections' dialog for more details.A NYSE/TOP/ALL, contract: Option(conId=894354102, symbol='A', lastTradeDateOrContractMonth='20270617', strike=110.0, right='C', multiplier='100', exchange='BOX', currency='USD', localSymbol='A     270617C00110000', tradingClass='A')
2026-07-29 21:31:42,999 [ERROR] Error 10091, reqId 594: Part of requested market data requires additional subscription for API. See link in 'Market Data Connections' dialog for more details.A NYSE/TOP/ALL, contract: Option(conId=894355388, symbol='A', lastTradeDateOrContractMonth='20270617', strike=115.0, right='P', multiplier='100', exchange='BOX', currency='USD', localSymbol='A     270617P00115000', tradingClass='A')
2026-07-29 21:31:43,000 [ERROR] Error 10091, reqId 595: Part of requested market data requires additional subscription for API. See link in 'Market Data Connections' dialog for more details.A NYSE/TOP/ALL, contract: Option(conId=894354182, symbol='A', lastTradeDateOrContractMonth='20270617', strike=120.0, right='C', multiplier='100', exchange='BOX', currency='USD', localSymbol='A     270617C00120000', tradingClass='A')
2026-07-29 21:31:43,000 [ERROR] Error 10091, reqId 596: Part of requested market data requires additional subscription for API. See link in 'Market Data Connections' dialog for more details.A NYSE/TOP/ALL, contract: Option(conId=894355427, symbol='A', lastTradeDateOrContractMonth='20270617', strike=120.0, right='P', multiplier='100', exchange='BOX', currency='USD', localSymbol='A     270617P00120000', tradingClass='A')
2026-07-29 21:31:43,001 [ERROR] Error 10091, reqId 597: Part of requested market data requires additional subscription for API. See link in 'Market Data Connections' dialog for more details.A NYSE/TOP/ALL, contract: Option(conId=894354229, symbol='A', lastTradeDateOrContractMonth='20270617', strike=125.0, right='C', multiplier='100', exchange='BOX', currency='USD', localSymbol='A     270617C00125000', tradingClass='A')
2026-07-29 21:31:43,001 [ERROR] Error 10091, reqId 598: Part of requested market data requires additional subscription for API. See link in 'Market Data Connections' dialog for more details.A NYSE/TOP/ALL, contract: Option(conId=894355498, symbol='A', lastTradeDateOrContractMonth='20270617', strike=125.0, right='P', multiplier='100', exchange='BOX', currency='USD', localSymbol='A     270617P00125000', tradingClass='A')
2026-07-29 21:31:43,002 [ERROR] Error 10091, reqId 599: Part of requested market data requires additional subscription for API. See link in 'Market Data Connections' dialog for more details.A NYSE/TOP/ALL, contract: Option(conId=894354272, symbol='A', lastTradeDateOrContractMonth='20270617', strike=130.0, right='C', multiplier='100', exchange='BOX', currency='USD', localSymbol='A     270617C00130000', tradingClass='A')
2026-07-29 21:31:43,002 [ERROR] Error 10091, reqId 600: Part of requested market data requires additional subscription for API. See link in 'Market Data Connections' dialog for more details.A NYSE/TOP/ALL, contract: Option(conId=894355568, symbol='A', lastTradeDateOrContractMonth='20270617', strike=130.0, right='P', multiplier='100', exchange='BOX', currency='USD', localSymbol='A     270617P00130000', tradingClass='A')
2026-07-29 21:31:43,002 [ERROR] Error 10091, reqId 601: Part of requested market data requires additional subscription for API. See link in 'Market Data Connections' dialog for more details.A NYSE/TOP/ALL, contract: Option(conId=894354325, symbol='A', lastTradeDateOrContractMonth='20270617', strike=135.0, right='C', multiplier='100', exchange='BOX', currency='USD', localSymbol='A     270617C00135000', tradingClass='A')
2026-07-29 21:31:43,002 [ERROR] Error 10091, reqId 603: Part of requested market data requires additional subscription for API. See link in 'Market Data Connections' dialog for more details.A NYSE/TOP/ALL, contract: Option(conId=894354368, symbol='A', lastTradeDateOrContractMonth='20270617', strike=140.0, right='C', multiplier='100', exchange='BOX', currency='USD', localSymbol='A     270617C00140000', tradingClass='A')
2026-07-29 21:31:43,003 [ERROR] Error 10091, reqId 604: Part of requested market data requires additional subscription for API. See link in 'Market Data Connections' dialog for more details.A NYSE/TOP/ALL, contract: Option(conId=894355698, symbol='A', lastTradeDateOrContractMonth='20270617', strike=140.0, right='P', multiplier='100', exchange='BOX', currency='USD', localSymbol='A     270617P00140000', tradingClass='A')
2026-07-29 21:31:43,005 [ERROR] Error 10091, reqId 593: Part of requested market data requires additional subscription for API. See link in 'Market Data Connections' dialog for more details.A NYSE/TOP/ALL, contract: Option(conId=894354150, symbol='A', lastTradeDateOrContractMonth='20270617', strike=115.0, right='C', multiplier='100', exchange='BOX', currency='USD', localSymbol='A     270617C00115000', tradingClass='A')
2026-07-29 21:31:43,086 [ERROR] Error 10091, reqId 605: Part of requested market data requires additional subscription for API. See link in 'Market Data Connections' dialog for more details.A NYSE/TOP/ALL, contract: Option(conId=894354408, symbol='A', lastTradeDateOrContractMonth='20270617', strike=145.0, right='C', multiplier='100', exchange='BOX', currency='USD', localSymbol='A     270617C00145000', tradingClass='A')
2026-07-29 21:31:43,089 [ERROR] Error 10091, reqId 606: Part of requested market data requires additional subscription for API. See link in 'Market Data Connections' dialog for more details.A NYSE/TOP/ALL, contract: Option(conId=894355770, symbol='A', lastTradeDateOrContractMonth='20270617', strike=145.0, right='P', multiplier='100', exchange='BOX', currency='USD', localSymbol='A     270617P00145000', tradingClass='A')
2026-07-29 21:31:43,089 [ERROR] Error 10091, reqId 607: Part of requested market data requires additional subscription for API. See link in 'Market Data Connections' dialog for more details.A NYSE/TOP/ALL, contract: Option(conId=894354436, symbol='A', lastTradeDateOrContractMonth='20270617', strike=150.0, right='C', multiplier='100', exchange='BOX', currency='USD', localSymbol='A     270617C00150000', tradingClass='A')
2026-07-29 21:31:43,089 [ERROR] Error 10091, reqId 608: Part of requested market data requires additional subscription for API. See link in 'Market Data Connections' dialog for more details.A NYSE/TOP/ALL, contract: Option(conId=894355841, symbol='A', lastTradeDateOrContractMonth='20270617', strike=150.0, right='P', multiplier='100', exchange='BOX', currency='USD', localSymbol='A     270617P00150000', tradingClass='A')
2026-07-29 21:31:43,195 [ERROR] Error 10091, reqId 609: Part of requested market data requires additional subscription for API. See link in 'Market Data Connections' dialog for more details.A NYSE/TOP/ALL, contract: Option(conId=894354482, symbol='A', lastTradeDateOrContractMonth='20270617', strike=155.0, right='C', multiplier='100', exchange='BOX', currency='USD', localSymbol='A     270617C00155000', tradingClass='A')
2026-07-29 21:31:43,197 [ERROR] Error 10091, reqId 610: Part of requested market data requires additional subscription for API. See link in 'Market Data Connections' dialog for more details.A NYSE/TOP/ALL, contract: Option(conId=894355901, symbol='A', lastTradeDateOrContractMonth='20270617', strike=155.0, right='P', multiplier='100', exchange='BOX', currency='USD', localSymbol='A     270617P00155000', tradingClass='A')
2026-07-29 21:31:43,237 [ERROR] Error 10091, reqId 602: Part of requested market data requires additional subscription for API. See link in 'Market Data Connections' dialog for more details.A NYSE/TOP/ALL, contract: Option(conId=894355624, symbol='A', lastTradeDateOrContractMonth='20270617', strike=135.0, right='P', multiplier='100', exchange='BOX', currency='USD', localSymbol='A     270617P00135000', tradingClass='A')
2026-07-29 21:31:43,239 [ERROR] Error 354, reqId 593: Requested market data is not subscribed. Check API status by selecting the Account menu then under Management choose Market Data Subscription Manager and/or availability of delayed data.A JUN 17 '27 115 Call (A     270617C00115000) /TOP/ALL, contract: Option(conId=894354150, symbol='A', lastTradeDateOrContractMonth='20270617', strike=115.0, right='C', multiplier='100', exchange='BOX', currency='USD', localSymbol='A     270617C00115000', tradingClass='A')
2026-07-29 21:31:43,241 [INFO] Warning 2117, reqId 593: Requested top market data is not subscribed. Subscription-independent ticks are still active.101; Error&BEST/OPT/Top&BOX/OPT/Top, contract: Option(conId=894354150, symbol='A', lastTradeDateOrContractMonth='20270617', strike=115.0, right='C', multiplier='100', exchange='BOX', currency='USD', localSymbol='A     270617C00115000', tradingClass='A')
2026-07-29 21:31:43,289 [ERROR] Error 10091, reqId 611: Part of requested market data requires additional subscription for API. See link in 'Market Data Connections' dialog for more details.A NYSE/TOP/ALL, contract: Option(conId=894354541, symbol='A', lastTradeDateOrContractMonth='20270617', strike=160.0, right='C', multiplier='100', exchange='BOX', currency='USD', localSymbol='A     270617C00160000', tradingClass='A')
2026-07-29 21:31:43,442 [INFO] Warning 2117, reqId 596: Requested top market data is not subscribed. Subscription-independent ticks are still active.101; Error&BEST/OPT/Top&BOX/OPT/Top&BEST/OPT/Top&BOX/OPT/Top&BEST/OPT/Top&BEST/OPT/Top&BOX/OPT/Top&BEST/OPT/Top&BEST/OPT/Top&BOX/OPT/Top&BOX/OPT/Top&BEST/OPT/Top&BOX/OPT/Top&BEST/OPT/Top&BEST/OPT/Top&BEST/OPT/Top&BEST/OPT/Top&BOX/OPT/Top&BEST/OPT/Top&BOX/OPT/Top&BEST/OPT/Top&BEST/OPT/Top&BOX/OPT/Top&BEST/OPT/Top&BEST/OPT/Top&BEST/OPT/Top&BOX/OPT/Top, contract: Option(conId=894355427, symbol='A', lastTradeDateOrContractMonth='20270617', strike=120.0, right='P', multiplier='100', exchange='BOX', currency='USD', localSymbol='A     270617P00120000', tradingClass='A')
2026-07-29 21:31:43,443 [INFO] Warning 2117, reqId 594: Requested top market data is not subscribed. Subscription-independent ticks are still active.101; Error&BEST/OPT/Top&BOX/OPT/Top&BEST/OPT/Top&BOX/OPT/Top&BEST/OPT/Top&BEST/OPT/Top&BOX/OPT/Top&BEST/OPT/Top&BEST/OPT/Top&BOX/OPT/Top&BOX/OPT/Top&BEST/OPT/Top&BOX/OPT/Top&BEST/OPT/Top&BEST/OPT/Top&BEST/OPT/Top&BEST/OPT/Top&BOX/OPT/Top&BEST/OPT/Top&BOX/OPT/Top&BEST/OPT/Top&BEST/OPT/Top&BOX/OPT/Top&BEST/OPT/Top&BEST/OPT/Top&BEST/OPT/Top&BOX/OPT/Top, contract: Option(conId=894355388, symbol='A', lastTradeDateOrContractMonth='20270617', strike=115.0, right='P', multiplier='100', exchange='BOX', currency='USD', localSymbol='A     270617P00115000', tradingClass='A')
2026-07-29 21:31:43,446 [INFO] Warning 2117, reqId 597: Requested top market data is not subscribed. Subscription-independent ticks are still active.101; Error&BEST/OPT/Top&BOX/OPT/Top&BEST/OPT/Top&BOX/OPT/Top&BEST/OPT/Top&BEST/OPT/Top&BOX/OPT/Top&BEST/OPT/Top&BEST/OPT/Top&BOX/OPT/Top&BOX/OPT/Top&BEST/OPT/Top&BOX/OPT/Top&BEST/OPT/Top&BEST/OPT/Top&BEST/OPT/Top&BEST/OPT/Top&BOX/OPT/Top&BEST/OPT/Top&BOX/OPT/Top&BEST/OPT/Top&BEST/OPT/Top&BOX/OPT/Top&BEST/OPT/Top&BEST/OPT/Top&BEST/OPT/Top&BOX/OPT/Top, contract: Option(conId=894354229, symbol='A', lastTradeDateOrContractMonth='20270617', strike=125.0, right='C', multiplier='100', exchange='BOX', currency='USD', localSymbol='A     270617C00125000', tradingClass='A')
2026-07-29 21:31:43,448 [INFO] Warning 2117, reqId 600: Requested top market data is not subscribed. Subscription-independent ticks are still active.101; Error&BEST/OPT/Top&BOX/OPT/Top&BEST/OPT/Top&BOX/OPT/Top&BEST/OPT/Top&BEST/OPT/Top&BOX/OPT/Top&BEST/OPT/Top&BEST/OPT/Top&BOX/OPT/Top&BOX/OPT/Top&BEST/OPT/Top&BOX/OPT/Top&BEST/OPT/Top&BEST/OPT/Top&BEST/OPT/Top&BEST/OPT/Top&BOX/OPT/Top&BEST/OPT/Top&BOX/OPT/Top&BEST/OPT/Top&BEST/OPT/Top&BOX/OPT/Top&BEST/OPT/Top&BEST/OPT/Top&BEST/OPT/Top&BOX/OPT/Top, contract: Option(conId=894355568, symbol='A', lastTradeDateOrContractMonth='20270617', strike=130.0, right='P', multiplier='100', exchange='BOX', currency='USD', localSymbol='A     270617P00130000', tradingClass='A')
2026-07-29 21:31:43,448 [INFO] Warning 2117, reqId 595: Requested top market data is not subscribed. Subscription-independent ticks are still active.101; Error&BEST/OPT/Top&BOX/OPT/Top&BEST/OPT/Top&BOX/OPT/Top&BEST/OPT/Top&BEST/OPT/Top&BOX/OPT/Top&BEST/OPT/Top&BEST/OPT/Top&BOX/OPT/Top&BOX/OPT/Top&BEST/OPT/Top&BOX/OPT/Top&BEST/OPT/Top&BEST/OPT/Top&BEST/OPT/Top&BEST/OPT/Top&BOX/OPT/Top&BEST/OPT/Top&BOX/OPT/Top&BEST/OPT/Top&BEST/OPT/Top&BOX/OPT/Top&BEST/OPT/Top&BEST/OPT/Top&BEST/OPT/Top&BOX/OPT/Top, contract: Option(conId=894354182, symbol='A', lastTradeDateOrContractMonth='20270617', strike=120.0, right='C', multiplier='100', exchange='BOX', currency='USD', localSymbol='A     270617C00120000', tradingClass='A')
2026-07-29 21:31:43,450 [INFO] Warning 2117, reqId 604: Requested top market data is not subscribed. Subscription-independent ticks are still active.101; Error&BEST/OPT/Top&BOX/OPT/Top&BEST/OPT/Top&BOX/OPT/Top&BEST/OPT/Top&BEST/OPT/Top&BOX/OPT/Top&BEST/OPT/Top&BEST/OPT/Top&BOX/OPT/Top&BOX/OPT/Top&BEST/OPT/Top&BOX/OPT/Top&BEST/OPT/Top&BEST/OPT/Top&BEST/OPT/Top&BEST/OPT/Top&BOX/OPT/Top&BEST/OPT/Top&BOX/OPT/Top&BEST/OPT/Top&BEST/OPT/Top&BOX/OPT/Top&BEST/OPT/Top&BEST/OPT/Top&BEST/OPT/Top&BOX/OPT/Top, contract: Option(conId=894355698, symbol='A', lastTradeDateOrContractMonth='20270617', strike=140.0, right='P', multiplier='100', exchange='BOX', currency='USD', localSymbol='A     270617P00140000', tradingClass='A')
2026-07-29 21:31:43,451 [INFO] Warning 2117, reqId 599: Requested top market data is not subscribed. Subscription-independent ticks are still active.101; Error&BEST/OPT/Top&BOX/OPT/Top&BEST/OPT/Top&BOX/OPT/Top&BEST/OPT/Top&BEST/OPT/Top&BOX/OPT/Top&BEST/OPT/Top&BEST/OPT/Top&BOX/OPT/Top&BOX/OPT/Top&BEST/OPT/Top&BOX/OPT/Top&BEST/OPT/Top&BEST/OPT/Top&BEST/OPT/Top&BEST/OPT/Top&BOX/OPT/Top&BEST/OPT/Top&BOX/OPT/Top&BEST/OPT/Top&BEST/OPT/Top&BOX/OPT/Top&BEST/OPT/Top&BEST/OPT/Top&BEST/OPT/Top&BOX/OPT/Top, contract: Option(conId=894354272, symbol='A', lastTradeDateOrContractMonth='20270617', strike=130.0, right='C', multiplier='100', exchange='BOX', currency='USD', localSymbol='A     270617C00130000', tradingClass='A')
2026-07-29 21:31:43,451 [INFO] Warning 2117, reqId 598: Requested top market data is not subscribed. Subscription-independent ticks are still active.101; Error&BEST/OPT/Top&BOX/OPT/Top&BEST/OPT/Top&BOX/OPT/Top&BEST/OPT/Top&BEST/OPT/Top&BOX/OPT/Top&BEST/OPT/Top&BEST/OPT/Top&BOX/OPT/Top&BOX/OPT/Top&BEST/OPT/Top&BOX/OPT/Top&BEST/OPT/Top&BEST/OPT/Top&BEST/OPT/Top&BEST/OPT/Top&BOX/OPT/Top&BEST/OPT/Top&BOX/OPT/Top&BEST/OPT/Top&BEST/OPT/Top&BOX/OPT/Top&BEST/OPT/Top&BEST/OPT/Top&BEST/OPT/Top&BOX/OPT/Top, contract: Option(conId=894355498, symbol='A', lastTradeDateOrContractMonth='20270617', strike=125.0, right='P', multiplier='100', exchange='BOX', currency='USD', localSymbol='A     270617P00125000', tradingClass='A')
2026-07-29 21:31:43,452 [INFO] Warning 2117, reqId 603: Requested top market data is not subscribed. Subscription-independent ticks are still active.101; Error&BEST/OPT/Top&BOX/OPT/Top&BEST/OPT/Top&BOX/OPT/Top&BEST/OPT/Top&BEST/OPT/Top&BOX/OPT/Top&BEST/OPT/Top&BEST/OPT/Top&BOX/OPT/Top&BOX/OPT/Top&BEST/OPT/Top&BOX/OPT/Top&BEST/OPT/Top&BEST/OPT/Top&BEST/OPT/Top&BEST/OPT/Top&BOX/OPT/Top&BEST/OPT/Top&BOX/OPT/Top&BEST/OPT/Top&BEST/OPT/Top&BOX/OPT/Top&BEST/OPT/Top&BEST/OPT/Top&BEST/OPT/Top&BOX/OPT/Top, contract: Option(conId=894354368, symbol='A', lastTradeDateOrContractMonth='20270617', strike=140.0, right='C', multiplier='100', exchange='BOX', currency='USD', localSymbol='A     270617C00140000', tradingClass='A')
2026-07-29 21:31:43,453 [INFO] Warning 2117, reqId 601: Requested top market data is not subscribed. Subscription-independent ticks are still active.101; Error&BEST/OPT/Top&BOX/OPT/Top&BEST/OPT/Top&BOX/OPT/Top&BEST/OPT/Top&BEST/OPT/Top&BOX/OPT/Top&BEST/OPT/Top&BEST/OPT/Top&BOX/OPT/Top&BOX/OPT/Top&BEST/OPT/Top&BOX/OPT/Top&BEST/OPT/Top&BEST/OPT/Top&BEST/OPT/Top&BEST/OPT/Top&BOX/OPT/Top&BEST/OPT/Top&BOX/OPT/Top&BEST/OPT/Top&BEST/OPT/Top&BOX/OPT/Top&BEST/OPT/Top&BEST/OPT/Top&BEST/OPT/Top&BOX/OPT/Top, contract: Option(conId=894354325, symbol='A', lastTradeDateOrContractMonth='20270617', strike=135.0, right='C', multiplier='100', exchange='BOX', currency='USD', localSymbol='A     270617C00135000', tradingClass='A')
2026-07-29 21:31:43,782 [INFO] Warning 2117, reqId 602: Requested top market data is not subscribed. Subscription-independent ticks are still active.101; Error&BOX/OPT/Top&BEST/OPT/Top&BEST/OPT/Top&BEST/OPT/Top&BOX/OPT/Top&BEST/OPT/Top&BEST/OPT/Top&BOX/OPT/Top&BEST/OPT/Top&BEST/OPT/Top&BEST/OPT/Top&BOX/OPT/Top&BOX/OPT/Top&BEST/OPT/Top&BEST/OPT/Top&BEST/OPT/Top&BOX/OPT/Top&BEST/OPT/Top&BEST/OPT/Top&BOX/OPT/Top&BEST/OPT/Top&BOX/OPT/Top&BEST/OPT/Top&BEST/OPT/Top, contract: Option(conId=894355624, symbol='A', lastTradeDateOrContractMonth='20270617', strike=135.0, right='P', multiplier='100', exchange='BOX', currency='USD', localSymbol='A     270617P00135000', tradingClass='A')
2026-07-29 21:31:43,801 [INFO] Warning 2117, reqId 610: Requested top market data is not subscribed. Subscription-independent ticks are still active.101; Error&BOX/OPT/Top&BEST/OPT/Top&BEST/OPT/Top&BEST/OPT/Top&BOX/OPT/Top&BEST/OPT/Top&BEST/OPT/Top&BOX/OPT/Top&BEST/OPT/Top&BEST/OPT/Top&BEST/OPT/Top&BOX/OPT/Top&BOX/OPT/Top&BEST/OPT/Top&BEST/OPT/Top&BEST/OPT/Top&BOX/OPT/Top&BEST/OPT/Top&BEST/OPT/Top&BOX/OPT/Top&BEST/OPT/Top&BOX/OPT/Top&BEST/OPT/Top&BEST/OPT/Top, contract: Option(conId=894355901, symbol='A', lastTradeDateOrContractMonth='20270617', strike=155.0, right='P', multiplier='100', exchange='BOX', currency='USD', localSymbol='A     270617P00155000', tradingClass='A')
2026-07-29 21:31:43,801 [INFO] Warning 2117, reqId 605: Requested top market data is not subscribed. Subscription-independent ticks are still active.101; Error&BOX/OPT/Top&BEST/OPT/Top&BEST/OPT/Top&BEST/OPT/Top&BOX/OPT/Top&BEST/OPT/Top&BEST/OPT/Top&BOX/OPT/Top&BEST/OPT/Top&BEST/OPT/Top&BEST/OPT/Top&BOX/OPT/Top&BOX/OPT/Top&BEST/OPT/Top&BEST/OPT/Top&BEST/OPT/Top&BOX/OPT/Top&BEST/OPT/Top&BEST/OPT/Top&BOX/OPT/Top&BEST/OPT/Top&BOX/OPT/Top&BEST/OPT/Top&BEST/OPT/Top, contract: Option(conId=894354408, symbol='A', lastTradeDateOrContractMonth='20270617', strike=145.0, right='C', multiplier='100', exchange='BOX', currency='USD', localSymbol='A     270617C00145000', tradingClass='A')
2026-07-29 21:31:43,802 [INFO] Warning 2117, reqId 607: Requested top market data is not subscribed. Subscription-independent ticks are still active.101; Error&BOX/OPT/Top&BEST/OPT/Top&BEST/OPT/Top&BEST/OPT/Top&BOX/OPT/Top&BEST/OPT/Top&BEST/OPT/Top&BOX/OPT/Top&BEST/OPT/Top&BEST/OPT/Top&BEST/OPT/Top&BOX/OPT/Top&BOX/OPT/Top&BEST/OPT/Top&BEST/OPT/Top&BEST/OPT/Top&BOX/OPT/Top&BEST/OPT/Top&BEST/OPT/Top&BOX/OPT/Top&BEST/OPT/Top&BOX/OPT/Top&BEST/OPT/Top&BEST/OPT/Top, contract: Option(conId=894354436, symbol='A', lastTradeDateOrContractMonth='20270617', strike=150.0, right='C', multiplier='100', exchange='BOX', currency='USD', localSymbol='A     270617C00150000', tradingClass='A')
2026-07-29 21:31:43,803 [INFO] Warning 2117, reqId 609: Requested top market data is not subscribed. Subscription-independent ticks are still active.101; Error&BOX/OPT/Top&BEST/OPT/Top&BEST/OPT/Top&BEST/OPT/Top&BOX/OPT/Top&BEST/OPT/Top&BEST/OPT/Top&BOX/OPT/Top&BEST/OPT/Top&BEST/OPT/Top&BEST/OPT/Top&BOX/OPT/Top&BOX/OPT/Top&BEST/OPT/Top&BEST/OPT/Top&BEST/OPT/Top&BOX/OPT/Top&BEST/OPT/Top&BEST/OPT/Top&BOX/OPT/Top&BEST/OPT/Top&BOX/OPT/Top&BEST/OPT/Top&BEST/OPT/Top, contract: Option(conId=894354482, symbol='A', lastTradeDateOrContractMonth='20270617', strike=155.0, right='C', multiplier='100', exchange='BOX', currency='USD', localSymbol='A     270617C00155000', tradingClass='A')
2026-07-29 21:31:43,803 [INFO] Warning 2117, reqId 611: Requested top market data is not subscribed. Subscription-independent ticks are still active.101; Error&BOX/OPT/Top&BEST/OPT/Top&BEST/OPT/Top&BEST/OPT/Top&BOX/OPT/Top&BEST/OPT/Top&BEST/OPT/Top&BOX/OPT/Top&BEST/OPT/Top&BEST/OPT/Top&BEST/OPT/Top&BOX/OPT/Top&BOX/OPT/Top&BEST/OPT/Top&BEST/OPT/Top&BEST/OPT/Top&BOX/OPT/Top&BEST/OPT/Top&BEST/OPT/Top&BOX/OPT/Top&BEST/OPT/Top&BOX/OPT/Top&BEST/OPT/Top&BEST/OPT/Top, contract: Option(conId=894354541, symbol='A', lastTradeDateOrContractMonth='20270617', strike=160.0, right='C', multiplier='100', exchange='BOX', currency='USD', localSymbol='A     270617C00160000', tradingClass='A')
2026-07-29 21:31:43,804 [INFO] Warning 2117, reqId 606: Requested top market data is not subscribed. Subscription-independent ticks are still active.101; Error&BOX/OPT/Top&BEST/OPT/Top&BEST/OPT/Top&BEST/OPT/Top&BOX/OPT/Top&BEST/OPT/Top&BEST/OPT/Top&BOX/OPT/Top&BEST/OPT/Top&BEST/OPT/Top&BEST/OPT/Top&BOX/OPT/Top&BOX/OPT/Top&BEST/OPT/Top&BEST/OPT/Top&BEST/OPT/Top&BOX/OPT/Top&BEST/OPT/Top&BEST/OPT/Top&BOX/OPT/Top&BEST/OPT/Top&BOX/OPT/Top&BEST/OPT/Top&BEST/OPT/Top, contract: Option(conId=894355770, symbol='A', lastTradeDateOrContractMonth='20270617', strike=145.0, right='P', multiplier='100', exchange='BOX', currency='USD', localSymbol='A     270617P00145000', tradingClass='A')
2026-07-29 21:31:43,814 [INFO] Warning 2117, reqId 608: Requested top market data is not subscribed. Subscription-independent ticks are still active.101; Error&BOX/OPT/Top&BEST/OPT/Top&BEST/OPT/Top&BEST/OPT/Top&BOX/OPT/Top&BEST/OPT/Top&BEST/OPT/Top&BOX/OPT/Top&BEST/OPT/Top&BEST/OPT/Top&BEST/OPT/Top&BOX/OPT/Top&BOX/OPT/Top&BEST/OPT/Top&BEST/OPT/Top&BEST/OPT/Top&BOX/OPT/Top&BEST/OPT/Top&BEST/OPT/Top&BOX/OPT/Top&BEST/OPT/Top&BOX/OPT/Top&BEST/OPT/Top&BEST/OPT/Top, contract: Option(conId=894355841, symbol='A', lastTradeDateOrContractMonth='20270617', strike=150.0, right='P', multiplier='100', exchange='BOX', currency='USD', localSymbol='A     270617P00150000', tradingClass='A')
2026-07-29 21:31:46,255 [ERROR] Error 10091, reqId 612: Part of requested market data requires additional subscription for API. See link in 'Market Data Connections' dialog for more details.A NYSE/TOP/BID_ASK, contract: Option(conId=894355968, symbol='A', lastTradeDateOrContractMonth='20270617', strike=160.0, right='P', multiplier='100', exchange='BOX', currency='USD', localSymbol='A     270617P00160000', tradingClass='A')
2026-07-29 21:31:46,261 [ERROR] Error 10091, reqId 618: Part of requested market data requires additional subscription for API. See link in 'Market Data Connections' dialog for more details.A NYSE/TOP/BID_ASK, contract: Option(conId=894356155, symbol='A', lastTradeDateOrContractMonth='20270617', strike=175.0, right='P', multiplier='100', exchange='BOX', currency='USD', localSymbol='A     270617P00175000', tradingClass='A')
2026-07-29 21:31:46,264 [ERROR] Error 10091, reqId 613: Part of requested market data requires additional subscription for API. See link in 'Market Data Connections' dialog for more details.A NYSE/TOP/BID_ASK, contract: Option(conId=894354589, symbol='A', lastTradeDateOrContractMonth='20270617', strike=165.0, right='C', multiplier='100', exchange='BOX', currency='USD', localSymbol='A     270617C00165000', tradingClass='A')
2026-07-29 21:31:46,264 [ERROR] Error 10091, reqId 614: Part of requested market data requires additional subscription for API. See link in 'Market Data Connections' dialog for more details.A NYSE/TOP/BID_ASK, contract: Option(conId=894356022, symbol='A', lastTradeDateOrContractMonth='20270617', strike=165.0, right='P', multiplier='100', exchange='BOX', currency='USD', localSymbol='A     270617P00165000', tradingClass='A')
2026-07-29 21:31:46,265 [ERROR] Error 10091, reqId 614: Part of requested market data requires additional subscription for API. See link in 'Market Data Connections' dialog for more details.A NYSE/TOP/BID_ASK, contract: Option(conId=894356022, symbol='A', lastTradeDateOrContractMonth='20270617', strike=165.0, right='P', multiplier='100', exchange='BOX', currency='USD', localSymbol='A     270617P00165000', tradingClass='A')
2026-07-29 21:31:46,267 [ERROR] Error 10091, reqId 615: Part of requested market data requires additional subscription for API. See link in 'Market Data Connections' dialog for more details.A NYSE/TOP/BID_ASK, contract: Option(conId=894354637, symbol='A', lastTradeDateOrContractMonth='20270617', strike=170.0, right='C', multiplier='100', exchange='BOX', currency='USD', localSymbol='A     270617C00170000', tradingClass='A')
2026-07-29 21:31:46,276 [ERROR] Error 10091, reqId 616: Part of requested market data requires additional subscription for API. See link in 'Market Data Connections' dialog for more details.A NYSE/TOP/BID_ASK, contract: Option(conId=894356088, symbol='A', lastTradeDateOrContractMonth='20270617', strike=170.0, right='P', multiplier='100', exchange='BOX', currency='USD', localSymbol='A     270617P00170000', tradingClass='A')
2026-07-29 21:31:46,276 [ERROR] Error 10091, reqId 617: Part of requested market data requires additional subscription for API. See link in 'Market Data Connections' dialog for more details.A NYSE/TOP/BID_ASK, contract: Option(conId=894354683, symbol='A', lastTradeDateOrContractMonth='20270617', strike=175.0, right='C', multiplier='100', exchange='BOX', currency='USD', localSymbol='A     270617C00175000', tradingClass='A')
2026-07-29 21:31:46,277 [ERROR] Error 10091, reqId 619: Part of requested market data requires additional subscription for API. See link in 'Market Data Connections' dialog for more details.A NYSE/TOP/BID_ASK, contract: Option(conId=894354733, symbol='A', lastTradeDateOrContractMonth='20270617', strike=180.0, right='C', multiplier='100', exchange='BOX', currency='USD', localSymbol='A     270617C00180000', tradingClass='A')
2026-07-29 21:31:46,277 [ERROR] Error 10091, reqId 620: Part of requested market data requires additional subscription for API. See link in 'Market Data Connections' dialog for more details.A NYSE/TOP/BID_ASK, contract: Option(conId=894356208, symbol='A', lastTradeDateOrContractMonth='20270617', strike=180.0, right='P', multiplier='100', exchange='BOX', currency='USD', localSymbol='A     270617P00180000', tradingClass='A')
2026-07-29 21:31:46,753 [INFO] Warning 2117, reqId 612: Requested top market data is not subscribed. Subscription-independent ticks are still active.101; Error&BOX/OPT/Top&BEST/OPT/Top&BEST/OPT/Top, contract: Option(conId=894355968, symbol='A', lastTradeDateOrContractMonth='20270617', strike=160.0, right='P', multiplier='100', exchange='BOX', currency='USD', localSymbol='A     270617P00160000', tradingClass='A')
2026-07-29 21:31:48,292 [ERROR] Error 354, reqId 618: Requested market data is not subscribed. Check API status by selecting the Account menu then under Management choose Market Data Subscription Manager and/or availability of delayed data.A JUN 17 '27 175 Put (A     270617P00175000) /TOP/ALL, contract: Option(conId=894356155, symbol='A', lastTradeDateOrContractMonth='20270617', strike=175.0, right='P', multiplier='100', exchange='BOX', currency='USD', localSymbol='A     270617P00175000', tradingClass='A')
2026-07-29 21:31:48,293 [ERROR] Error 354, reqId 613: Requested market data is not subscribed. Check API status by selecting the Account menu then under Management choose Market Data Subscription Manager and/or availability of delayed data.A JUN 17 '27 165 Call (A     270617C00165000) /TOP/ALL, contract: Option(conId=894354589, symbol='A', lastTradeDateOrContractMonth='20270617', strike=165.0, right='C', multiplier='100', exchange='BOX', currency='USD', localSymbol='A     270617C00165000', tradingClass='A')
2026-07-29 21:31:48,297 [ERROR] Error 354, reqId 620: Requested market data is not subscribed. Check API status by selecting the Account menu then under Management choose Market Data Subscription Manager and/or availability of delayed data.A JUN 17 '27 180 Put (A     270617P00180000) /TOP/ALL, contract: Option(conId=894356208, symbol='A', lastTradeDateOrContractMonth='20270617', strike=180.0, right='P', multiplier='100', exchange='BOX', currency='USD', localSymbol='A     270617P00180000', tradingClass='A')
2026-07-29 21:31:48,298 [ERROR] Error 354, reqId 619: Requested market data is not subscribed. Check API status by selecting the Account menu then under Management choose Market Data Subscription Manager and/or availability of delayed data.A JUN 17 '27 180 Call (A     270617C00180000) /TOP/ALL, contract: Option(conId=894354733, symbol='A', lastTradeDateOrContractMonth='20270617', strike=180.0, right='C', multiplier='100', exchange='BOX', currency='USD', localSymbol='A     270617C00180000', tradingClass='A')
2026-07-29 21:31:48,307 [INFO] Warning 2117, reqId 614: Requested top market data is not subscribed. Subscription-independent ticks are still active.101; Error&BOX/OPT/Top&BEST/OPT/Top&BEST/OPT/Top&BOX/OPT/Top&BEST/OPT/Top&BEST/OPT/Top&BOX/OPT/Top&BEST/OPT/Top&BEST/OPT/Top&BEST/OPT/Top&BEST/OPT/Top&BOX/OPT/Top&BOX/OPT/Top&BEST/OPT/Top&BEST/OPT/Top&BEST/OPT/Top&BEST/OPT/Top&BOX/OPT/Top&BOX/OPT/Top&BEST/OPT/Top&BEST/OPT/Top&BEST/OPT/Top&BOX/OPT/Top&BEST/OPT/Top, contract: Option(conId=894356022, symbol='A', lastTradeDateOrContractMonth='20270617', strike=165.0, right='P', multiplier='100', exchange='BOX', currency='USD', localSymbol='A     270617P00165000', tradingClass='A')
2026-07-29 21:31:48,318 [INFO] Warning 2117, reqId 618: Requested top market data is not subscribed. Subscription-independent ticks are still active.101; Error&BOX/OPT/Top&BEST/OPT/Top&BEST/OPT/Top&BOX/OPT/Top&BEST/OPT/Top&BEST/OPT/Top&BOX/OPT/Top&BEST/OPT/Top&BEST/OPT/Top&BEST/OPT/Top&BEST/OPT/Top&BOX/OPT/Top&BOX/OPT/Top&BEST/OPT/Top&BEST/OPT/Top&BEST/OPT/Top&BEST/OPT/Top&BOX/OPT/Top&BOX/OPT/Top&BEST/OPT/Top&BEST/OPT/Top&BEST/OPT/Top&BOX/OPT/Top&BEST/OPT/Top, contract: Option(conId=894356155, symbol='A', lastTradeDateOrContractMonth='20270617', strike=175.0, right='P', multiplier='100', exchange='BOX', currency='USD', localSymbol='A     270617P00175000', tradingClass='A')
2026-07-29 21:31:48,319 [INFO] Warning 2117, reqId 613: Requested top market data is not subscribed. Subscription-independent ticks are still active.101; Error&BOX/OPT/Top&BEST/OPT/Top&BEST/OPT/Top&BOX/OPT/Top&BEST/OPT/Top&BEST/OPT/Top&BOX/OPT/Top&BEST/OPT/Top&BEST/OPT/Top&BEST/OPT/Top&BEST/OPT/Top&BOX/OPT/Top&BOX/OPT/Top&BEST/OPT/Top&BEST/OPT/Top&BEST/OPT/Top&BEST/OPT/Top&BOX/OPT/Top&BOX/OPT/Top&BEST/OPT/Top&BEST/OPT/Top&BEST/OPT/Top&BOX/OPT/Top&BEST/OPT/Top, contract: Option(conId=894354589, symbol='A', lastTradeDateOrContractMonth='20270617', strike=165.0, right='C', multiplier='100', exchange='BOX', currency='USD', localSymbol='A     270617C00165000', tradingClass='A')
2026-07-29 21:31:48,320 [INFO] Warning 2117, reqId 615: Requested top market data is not subscribed. Subscription-independent ticks are still active.101; Error&BOX/OPT/Top&BEST/OPT/Top&BEST/OPT/Top&BOX/OPT/Top&BEST/OPT/Top&BEST/OPT/Top&BOX/OPT/Top&BEST/OPT/Top&BEST/OPT/Top&BEST/OPT/Top&BEST/OPT/Top&BOX/OPT/Top&BOX/OPT/Top&BEST/OPT/Top&BEST/OPT/Top&BEST/OPT/Top&BEST/OPT/Top&BOX/OPT/Top&BOX/OPT/Top&BEST/OPT/Top&BEST/OPT/Top&BEST/OPT/Top&BOX/OPT/Top&BEST/OPT/Top, contract: Option(conId=894354637, symbol='A', lastTradeDateOrContractMonth='20270617', strike=170.0, right='C', multiplier='100', exchange='BOX', currency='USD', localSymbol='A     270617C00170000', tradingClass='A')
2026-07-29 21:31:48,320 [INFO] Warning 2117, reqId 617: Requested top market data is not subscribed. Subscription-independent ticks are still active.101; Error&BOX/OPT/Top&BEST/OPT/Top&BEST/OPT/Top&BOX/OPT/Top&BEST/OPT/Top&BEST/OPT/Top&BOX/OPT/Top&BEST/OPT/Top&BEST/OPT/Top&BEST/OPT/Top&BEST/OPT/Top&BOX/OPT/Top&BOX/OPT/Top&BEST/OPT/Top&BEST/OPT/Top&BEST/OPT/Top&BEST/OPT/Top&BOX/OPT/Top&BOX/OPT/Top&BEST/OPT/Top&BEST/OPT/Top&BEST/OPT/Top&BOX/OPT/Top&BEST/OPT/Top, contract: Option(conId=894354683, symbol='A', lastTradeDateOrContractMonth='20270617', strike=175.0, right='C', multiplier='100', exchange='BOX', currency='USD', localSymbol='A     270617C00175000', tradingClass='A')
2026-07-29 21:31:48,323 [INFO] Warning 2117, reqId 616: Requested top market data is not subscribed. Subscription-independent ticks are still active.101; Error&BOX/OPT/Top&BEST/OPT/Top&BEST/OPT/Top&BOX/OPT/Top&BEST/OPT/Top&BEST/OPT/Top&BOX/OPT/Top&BEST/OPT/Top&BEST/OPT/Top&BEST/OPT/Top&BEST/OPT/Top&BOX/OPT/Top&BOX/OPT/Top&BEST/OPT/Top&BEST/OPT/Top&BEST/OPT/Top&BEST/OPT/Top&BOX/OPT/Top&BOX/OPT/Top&BEST/OPT/Top&BEST/OPT/Top&BEST/OPT/Top&BOX/OPT/Top&BEST/OPT/Top, contract: Option(conId=894356088, symbol='A', lastTradeDateOrContractMonth='20270617', strike=170.0, right='P', multiplier='100', exchange='BOX', currency='USD', localSymbol='A     270617P00170000', tradingClass='A')
2026-07-29 21:31:48,325 [INFO] Warning 2117, reqId 620: Requested top market data is not subscribed. Subscription-independent ticks are still active.101; Error&BOX/OPT/Top&BEST/OPT/Top&BEST/OPT/Top&BOX/OPT/Top&BEST/OPT/Top&BEST/OPT/Top&BOX/OPT/Top&BEST/OPT/Top&BEST/OPT/Top&BEST/OPT/Top&BEST/OPT/Top&BOX/OPT/Top&BOX/OPT/Top&BEST/OPT/Top&BEST/OPT/Top&BEST/OPT/Top&BEST/OPT/Top&BOX/OPT/Top&BOX/OPT/Top&BEST/OPT/Top&BEST/OPT/Top&BEST/OPT/Top&BOX/OPT/Top&BEST/OPT/Top, contract: Option(conId=894356208, symbol='A', lastTradeDateOrContractMonth='20270617', strike=180.0, right='P', multiplier='100', exchange='BOX', currency='USD', localSymbol='A     270617P00180000', tradingClass='A')
2026-07-29 21:31:48,331 [INFO] Warning 2117, reqId 619: Requested top market data is not subscribed. Subscription-independent ticks are still active.101; Error&BOX/OPT/Top&BEST/OPT/Top&BEST/OPT/Top&BOX/OPT/Top&BEST/OPT/Top&BEST/OPT/Top&BOX/OPT/Top&BEST/OPT/Top&BEST/OPT/Top&BEST/OPT/Top&BEST/OPT/Top&BOX/OPT/Top&BOX/OPT/Top&BEST/OPT/Top&BEST/OPT/Top&BEST/OPT/Top&BEST/OPT/Top&BOX/OPT/Top&BOX/OPT/Top&BEST/OPT/Top&BEST/OPT/Top&BEST/OPT/Top&BOX/OPT/Top&BEST/OPT/Top, contract: Option(conId=894354733, symbol='A', lastTradeDateOrContractMonth='20270617', strike=180.0, right='C', multiplier='100', exchange='BOX', currency='USD', localSymbol='A     270617C00180000', tradingClass='A')
2026-07-29 21:31:49,165 [INFO]   -> 34 contrats récupérés pour A
2026-07-29 21:31:49,167 [INFO] Disconnecting from 127.0.0.1:4002, 50.4 kB sent in 805 messages, 316 kB received in 2263 messages, session time 55.8 s.
2026-07-29 21:31:49,169 [INFO] Disconnecting
2026-07-29 21:31:49,169 [INFO] Déconnecté d'IBKR.
2026-07-29 21:31:49,173 [INFO] Terminé. OK: 2 | Echecs: 0 | Skippés: 0 | Exchanges blacklistés: ['BOX']
2026-07-29 21:31:49,237 [INFO] Fichier écrit (dernier snapshot) : data\options\option_chains.parquet (178 lignes)
2026-07-29 21:31:49,243 [INFO] Fichier archivé (historique) : data\options\history\option_chains_20260729_213149.parquet (178 lignes)
