2026-07-30 21:08:50,700 [INFO] Log file: data\prices\daily_prices_20260730_210850.log
2026-07-30 21:08:50,743 [INFO] Univers chargé : 503 tickers.
2026-07-30 21:08:50,782 [INFO] 0/503 tickers déjà à jour (ignorés), 503 à récupérer.
2026-07-30 21:08:50,898 [INFO] Connecting to 127.0.0.1:4002 with clientId 4...
2026-07-30 21:08:50,899 [INFO] Connected
2026-07-30 21:08:50,983 [INFO] Logged on to server version 176
2026-07-30 21:08:51,031 [INFO] API connection ready
2026-07-30 21:08:51,045 [INFO] Warning 2104, reqId -1: Market data farm connection is OK:eufarm
2026-07-30 21:08:51,051 [INFO] Warning 2106, reqId -1: HMDS data farm connection is OK:euhmds
2026-07-30 21:08:51,052 [INFO] Warning 2158, reqId -1: Sec-def data farm connection is OK:secdefeu
2026-07-30 21:08:51,624 [INFO] Synchronization complete
2026-07-30 21:08:51,625 [INFO] Connecté à IBKR sur 127.0.0.1:4002 (clientId=4)
2026-07-30 21:08:51,625 [INFO] [1/503] A (Agilent Technologies), depuis 2010-01-01...
2026-07-30 21:08:52,142 [ERROR] Error 321, reqId 4: Error validating request.-'bH' : cause - Historical data requests for durations longer than 365 days must be made in years., contract: Contract(secType='STK', conId=1715006, symbol='A', exchange='SMART', primaryExchange='NYSE', currency='USD', localSymbol='A', tradingClass='A')
2026-07-30 21:09:04,979 [WARNING]   -> ECHEC (ni IBKR ni Stooq) pour A : Aucune donnée (ni IBKR ni Stooq) pour A -- TROU DE COUVERTURE.
2026-07-30 21:09:04,980 [INFO] [2/503] AAPL (Apple Inc.), depuis 2010-01-01...
2026-07-30 21:09:05,120 [ERROR] Error 321, reqId 6: Error validating request.-'bH' : cause - Historical data requests for durations longer than 365 days must be made in years., contract: Contract(secType='STK', conId=265598, symbol='AAPL', exchange='SMART', primaryExchange='NASDAQ', currency='USD', localSymbol='AAPL', tradingClass='NMS')
2026-07-30 21:09:18,004 [WARNING]   -> ECHEC (ni IBKR ni Stooq) pour AAPL : Aucune donnée (ni IBKR ni Stooq) pour AAPL -- TROU DE COUVERTURE.
2026-07-30 21:09:18,005 [INFO] [3/503] ABBV (AbbVie), depuis 2010-01-01...
2026-07-30 21:09:18,091 [ERROR] Error 321, reqId 8: Error validating request.-'bH' : cause - Historical data requests for durations longer than 365 days must be made in years., contract: Contract(secType='STK', conId=118089500, symbol='ABBV', exchange='SMART', primaryExchange='NYSE', currency='USD', localSymbol='ABBV', tradingClass='ABBV')
2026-07-30 21:09:31,203 [WARNING]   -> ECHEC (ni IBKR ni Stooq) pour ABBV : Aucune donnée (ni IBKR ni Stooq) pour ABBV -- TROU DE COUVERTURE.
2026-07-30 21:09:31,203 [INFO] [4/503] ABNB (Airbnb), depuis 2010-01-01...
2026-07-30 21:09:31,290 [ERROR] Error 321, reqId 10: Error validating request.-'bH' : cause - Historical data requests for durations longer than 365 days must be made in years., contract: Contract(secType='STK', conId=459530964, symbol='ABNB', exchange='SMART', primaryExchange='NASDAQ', currency='USD', localSymbol='ABNB', tradingClass='NMS')
2026-07-30 21:09:44,274 [WARNING]   -> ECHEC (ni IBKR ni Stooq) pour ABNB : Aucune donnée (ni IBKR ni Stooq) pour ABNB -- TROU DE COUVERTURE.
2026-07-30 21:09:44,276 [INFO] [5/503] ABT (Abbott Laboratories), depuis 2010-01-01...
2026-07-30 21:09:44,387 [ERROR] Error 321, reqId 12: Error validating request.-'bH' : cause - Historical data requests for durations longer than 365 days must be made in years., contract: Contract(secType='STK', conId=4065, symbol='ABT', exchange='SMART', primaryExchange='NYSE', currency='USD', localSymbol='ABT', tradingClass='ABT')
2026-07-30 21:09:58,329 [WARNING]   -> ECHEC (ni IBKR ni Stooq) pour ABT : Aucune donnée (ni IBKR ni Stooq) pour ABT -- TROU DE COUVERTURE.
2026-07-30 21:09:58,330 [INFO] [6/503] ACGL (Arch Capital Group), depuis 2010-01-01...
2026-07-30 21:09:58,390 [ERROR] Error 321, reqId 14: Error validating request.-'bH' : cause - Historical data requests for durations longer than 365 days must be made in years., contract: Contract(secType='STK', conId=10763362, symbol='ACGL', exchange='SMART', primaryExchange='NASDAQ', currency='USD', localSymbol='ACGL', tradingClass='NMS')
2026-07-30 21:10:11,308 [WARNING]   -> ECHEC (ni IBKR ni Stooq) pour ACGL : Aucune donnée (ni IBKR ni Stooq) pour ACGL -- TROU DE COUVERTURE.
2026-07-30 21:10:11,309 [INFO] [7/503] ACN (Accenture), depuis 2010-01-01...
2026-07-30 21:10:11,375 [ERROR] Error 321, reqId 16: Error validating request.-'bH' : cause - Historical data requests for durations longer than 365 days must be made in years., contract: Contract(secType='STK', conId=67889930, symbol='ACN', exchange='SMART', primaryExchange='NYSE', currency='USD', localSymbol='ACN', tradingClass='ACN')
2026-07-30 21:10:24,963 [WARNING]   -> ECHEC (ni IBKR ni Stooq) pour ACN : Aucune donnée (ni IBKR ni Stooq) pour ACN -- TROU DE COUVERTURE.
2026-07-30 21:10:24,963 [INFO] [8/503] ADBE (Adobe Inc.), depuis 2010-01-01...
2026-07-30 21:10:25,029 [ERROR] Error 321, reqId 18: Error validating request.-'bH' : cause - Historical data requests for durations longer than 365 days must be made in years., contract: Contract(secType='STK', conId=265768, symbol='ADBE', exchange='SMART', primaryExchange='NASDAQ', currency='USD', localSymbol='ADBE', tradingClass='NMS')
2026-07-30 21:10:38,153 [WARNING]   -> ECHEC (ni IBKR ni Stooq) pour ADBE : Aucune donnée (ni IBKR ni Stooq) pour ADBE -- TROU DE COUVERTURE.
2026-07-30 21:10:38,154 [INFO] [9/503] ADI (Analog Devices), depuis 2010-01-01...
2026-07-30 21:10:38,315 [ERROR] Error 321, reqId 20: Error validating request.-'bH' : cause - Historical data requests for durations longer than 365 days must be made in years., contract: Contract(secType='STK', conId=4157, symbol='ADI', exchange='SMART', primaryExchange='NASDAQ', currency='USD', localSymbol='ADI', tradingClass='NMS')
2026-07-30 21:10:53,029 [WARNING]   -> ECHEC (ni IBKR ni Stooq) pour ADI : Aucune donnée (ni IBKR ni Stooq) pour ADI -- TROU DE COUVERTURE.
2026-07-30 21:10:53,029 [INFO] [10/503] ADM (Archer Daniels Midland), depuis 2010-01-01...
2026-07-30 21:10:53,267 [ERROR] Error 321, reqId 22: Error validating request.-'bH' : cause - Historical data requests for durations longer than 365 days must be made in years., contract: Contract(secType='STK', conId=4165, symbol='ADM', exchange='SMART', primaryExchange='NYSE', currency='USD', localSymbol='ADM', tradingClass='ADM')
2026-07-30 21:11:06,118 [WARNING]   -> ECHEC (ni IBKR ni Stooq) pour ADM : Aucune donnée (ni IBKR ni Stooq) pour ADM -- TROU DE COUVERTURE.
2026-07-30 21:11:06,119 [INFO] [11/503] ADP (Automatic Data Processing), depuis 2010-01-01...
2026-07-30 21:11:06,186 [ERROR] Error 321, reqId 24: Error validating request.-'bH' : cause - Historical data requests for durations longer than 365 days must be made in years., contract: Contract(secType='STK', conId=4661, symbol='ADP', exchange='SMART', primaryExchange='NASDAQ', currency='USD', localSymbol='ADP', tradingClass='NMS')
2026-07-30 21:11:19,036 [WARNING]   -> ECHEC (ni IBKR ni Stooq) pour ADP : Aucune donnée (ni IBKR ni Stooq) pour ADP -- TROU DE COUVERTURE.
2026-07-30 21:11:19,037 [INFO] [12/503] ADSK (Autodesk), depuis 2010-01-01...
2026-07-30 21:11:19,099 [ERROR] Error 321, reqId 26: Error validating request.-'bH' : cause - Historical data requests for durations longer than 365 days must be made in years., contract: Contract(secType='STK', conId=265681, symbol='ADSK', exchange='SMART', primaryExchange='NASDAQ', currency='USD', localSymbol='ADSK', tradingClass='NMS')
2026-07-30 21:11:31,925 [WARNING]   -> ECHEC (ni IBKR ni Stooq) pour ADSK : Aucune donnée (ni IBKR ni Stooq) pour ADSK -- TROU DE COUVERTURE.
2026-07-30 21:11:31,926 [INFO] [13/503] AEE (Ameren), depuis 2010-01-01...
2026-07-30 21:11:32,003 [ERROR] Error 321, reqId 28: Error validating request.-'bH' : cause - Historical data requests for durations longer than 365 days must be made in years., contract: Contract(secType='STK', conId=13181, symbol='AEE', exchange='SMART', primaryExchange='NYSE', currency='USD', localSymbol='AEE', tradingClass='AEE')
2026-07-30 21:11:44,794 [WARNING]   -> ECHEC (ni IBKR ni Stooq) pour AEE : Aucune donnée (ni IBKR ni Stooq) pour AEE -- TROU DE COUVERTURE.
2026-07-30 21:11:44,795 [INFO] [14/503] AEP (American Electric Power), depuis 2010-01-01...
2026-07-30 21:11:44,862 [ERROR] Error 321, reqId 30: Error validating request.-'bH' : cause - Historical data requests for durations longer than 365 days must be made in years., contract: Contract(secType='STK', conId=4211, symbol='AEP', exchange='SMART', primaryExchange='NASDAQ', currency='USD', localSymbol='AEP', tradingClass='NMS')
2026-07-30 21:11:57,975 [WARNING]   -> ECHEC (ni IBKR ni Stooq) pour AEP : Aucune donnée (ni IBKR ni Stooq) pour AEP -- TROU DE COUVERTURE.
2026-07-30 21:11:57,975 [INFO] [15/503] AES (AES Corporation), depuis 2010-01-01...
2026-07-30 21:11:58,059 [ERROR] Error 321, reqId 32: Error validating request.-'bH' : cause - Historical data requests for durations longer than 365 days must be made in years., contract: Contract(secType='STK', conId=2560358, symbol='AES', exchange='SMART', primaryExchange='NYSE', currency='USD', localSymbol='AES', tradingClass='AES')
2026-07-30 21:12:10,872 [WARNING]   -> ECHEC (ni IBKR ni Stooq) pour AES : Aucune donnée (ni IBKR ni Stooq) pour AES -- TROU DE COUVERTURE.
2026-07-30 21:12:10,872 [INFO] [16/503] AFL (Aflac), depuis 2010-01-01...
2026-07-30 21:12:10,942 [ERROR] Error 321, reqId 34: Error validating request.-'bH' : cause - Historical data requests for durations longer than 365 days must be made in years., contract: Contract(secType='STK', conId=4227, symbol='AFL', exchange='SMART', primaryExchange='NYSE', currency='USD', localSymbol='AFL', tradingClass='AFL')
2026-07-30 21:12:23,717 [WARNING]   -> ECHEC (ni IBKR ni Stooq) pour AFL : Aucune donnée (ni IBKR ni Stooq) pour AFL -- TROU DE COUVERTURE.
2026-07-30 21:12:23,718 [INFO] [17/503] AIG (American International Group), depuis 2010-01-01...
2026-07-30 21:12:23,780 [ERROR] Error 321, reqId 36: Error validating request.-'bH' : cause - Historical data requests for durations longer than 365 days must be made in years., contract: Contract(secType='STK', conId=61319701, symbol='AIG', exchange='SMART', primaryExchange='NYSE', currency='USD', localSymbol='AIG', tradingClass='AIG')
2026-07-30 21:12:36,470 [WARNING]   -> ECHEC (ni IBKR ni Stooq) pour AIG : Aucune donnée (ni IBKR ni Stooq) pour AIG -- TROU DE COUVERTURE.
2026-07-30 21:12:36,471 [INFO] [18/503] AIZ (Assurant), depuis 2010-01-01...
2026-07-30 21:12:36,528 [ERROR] Error 321, reqId 38: Error validating request.-'bH' : cause - Historical data requests for durations longer than 365 days must be made in years., contract: Contract(secType='STK', conId=27727424, symbol='AIZ', exchange='SMART', primaryExchange='NYSE', currency='USD', localSymbol='AIZ', tradingClass='AIZ')
2026-07-30 21:12:49,259 [WARNING]   -> ECHEC (ni IBKR ni Stooq) pour AIZ : Aucune donnée (ni IBKR ni Stooq) pour AIZ -- TROU DE COUVERTURE.
2026-07-30 21:12:49,260 [INFO] [19/503] AJG (Arthur J. Gallagher & Co.), depuis 2010-01-01...
2026-07-30 21:12:49,313 [ERROR] Error 321, reqId 40: Error validating request.-'bH' : cause - Historical data requests for durations longer than 365 days must be made in years., contract: Contract(secType='STK', conId=4325, symbol='AJG', exchange='SMART', primaryExchange='NYSE', currency='USD', localSymbol='AJG', tradingClass='AJG')
2026-07-30 21:13:02,134 [WARNING]   -> ECHEC (ni IBKR ni Stooq) pour AJG : Aucune donnée (ni IBKR ni Stooq) pour AJG -- TROU DE COUVERTURE.
2026-07-30 21:13:02,135 [INFO] [20/503] AKAM (Akamai Technologies), depuis 2010-01-01...
2026-07-30 21:13:02,197 [ERROR] Error 321, reqId 42: Error validating request.-'bH' : cause - Historical data requests for durations longer than 365 days must be made in years., contract: Contract(secType='STK', conId=6220356, symbol='AKAM', exchange='SMART', primaryExchange='NASDAQ', currency='USD', localSymbol='AKAM', tradingClass='NMS')
2026-07-30 21:13:14,960 [WARNING]   -> ECHEC (ni IBKR ni Stooq) pour AKAM : Aucune donnée (ni IBKR ni Stooq) pour AKAM -- TROU DE COUVERTURE.
2026-07-30 21:13:14,961 [INFO] [21/503] ALB (Albemarle Corporation), depuis 2010-01-01...
2026-07-30 21:13:15,014 [ERROR] Error 321, reqId 44: Error validating request.-'bH' : cause - Historical data requests for durations longer than 365 days must be made in years., contract: Contract(secType='STK', conId=4347, symbol='ALB', exchange='SMART', primaryExchange='NYSE', currency='USD', localSymbol='ALB', tradingClass='ALB')
2026-07-30 21:13:27,804 [WARNING]   -> ECHEC (ni IBKR ni Stooq) pour ALB : Aucune donnée (ni IBKR ni Stooq) pour ALB -- TROU DE COUVERTURE.
2026-07-30 21:13:27,805 [INFO] [22/503] ALGN (Align Technology), depuis 2010-01-01...
2026-07-30 21:13:27,878 [ERROR] Error 321, reqId 46: Error validating request.-'bH' : cause - Historical data requests for durations longer than 365 days must be made in years., contract: Contract(secType='STK', conId=11459264, symbol='ALGN', exchange='SMART', primaryExchange='NASDAQ', currency='USD', localSymbol='ALGN', tradingClass='NMS')
2026-07-30 21:13:40,913 [WARNING]   -> ECHEC (ni IBKR ni Stooq) pour ALGN : Aucune donnée (ni IBKR ni Stooq) pour ALGN -- TROU DE COUVERTURE.
2026-07-30 21:13:40,914 [INFO] [23/503] ALL (Allstate), depuis 2010-01-01...
2026-07-30 21:13:41,092 [ERROR] Error 321, reqId 48: Error validating request.-'bH' : cause - Historical data requests for durations longer than 365 days must be made in years., contract: Contract(secType='STK', conId=4357, symbol='ALL', exchange='SMART', primaryExchange='NYSE', currency='USD', localSymbol='ALL', tradingClass='ALL')
2026-07-30 21:13:54,050 [WARNING]   -> ECHEC (ni IBKR ni Stooq) pour ALL : Aucune donnée (ni IBKR ni Stooq) pour ALL -- TROU DE COUVERTURE.
2026-07-30 21:13:54,051 [INFO] [24/503] ALLE (Allegion), depuis 2010-01-01...
2026-07-30 21:13:54,132 [ERROR] Error 321, reqId 50: Error validating request.-'bH' : cause - Historical data requests for durations longer than 365 days must be made in years., contract: Contract(secType='STK', conId=138438437, symbol='ALLE', exchange='SMART', primaryExchange='NYSE', currency='USD', localSymbol='ALLE', tradingClass='ALLE')
2026-07-30 21:14:07,030 [WARNING]   -> ECHEC (ni IBKR ni Stooq) pour ALLE : Aucune donnée (ni IBKR ni Stooq) pour ALLE -- TROU DE COUVERTURE.
2026-07-30 21:14:07,031 [INFO] [25/503] AMAT (Applied Materials), depuis 2010-01-01...
2026-07-30 21:14:07,093 [ERROR] Error 321, reqId 52: Error validating request.-'bH' : cause - Historical data requests for durations longer than 365 days must be made in years., contract: Contract(secType='STK', conId=266093, symbol='AMAT', exchange='SMART', primaryExchange='NASDAQ', currency='USD', localSymbol='AMAT', tradingClass='NMS')
2026-07-30 21:14:20,614 [WARNING]   -> ECHEC (ni IBKR ni Stooq) pour AMAT : Aucune donnée (ni IBKR ni Stooq) pour AMAT -- TROU DE COUVERTURE.
2026-07-30 21:14:20,616 [INFO] [26/503] AMCR (Amcor), depuis 2010-01-01...
2026-07-30 21:14:20,726 [ERROR] Error 321, reqId 54: Error validating request.-'bH' : cause - Historical data requests for durations longer than 365 days must be made in years., contract: Contract(secType='STK', conId=845305949, symbol='AMCR', exchange='SMART', primaryExchange='NYSE', currency='USD', localSymbol='AMCR', tradingClass='AMCR')
2026-07-30 21:14:33,646 [WARNING]   -> ECHEC (ni IBKR ni Stooq) pour AMCR : Aucune donnée (ni IBKR ni Stooq) pour AMCR -- TROU DE COUVERTURE.
2026-07-30 21:14:33,647 [INFO] [27/503] AMD (Advanced Micro Devices), depuis 2010-01-01...
2026-07-30 21:14:33,652 [INFO] Warning 2107, reqId -1: HMDS data farm connection is inactive but should be available upon demand.euhmds
2026-07-30 21:14:33,768 [ERROR] Error 321, reqId 56: Error validating request.-'bH' : cause - Historical data requests for durations longer than 365 days must be made in years., contract: Contract(secType='STK', conId=4391, symbol='AMD', exchange='SMART', primaryExchange='NASDAQ', currency='USD', localSymbol='AMD', tradingClass='NMS')
2026-07-30 21:14:47,049 [WARNING]   -> ECHEC (ni IBKR ni Stooq) pour AMD : Aucune donnée (ni IBKR ni Stooq) pour AMD -- TROU DE COUVERTURE.
2026-07-30 21:14:47,050 [INFO] [28/503] AME (Ametek), depuis 2010-01-01...
2026-07-30 21:14:47,109 [ERROR] Error 321, reqId 58: Error validating request.-'bH' : cause - Historical data requests for durations longer than 365 days must be made in years., contract: Contract(secType='STK', conId=4392, symbol='AME', exchange='SMART', primaryExchange='NYSE', currency='USD', localSymbol='AME', tradingClass='AME')
2026-07-30 21:14:59,962 [WARNING]   -> ECHEC (ni IBKR ni Stooq) pour AME : Aucune donnée (ni IBKR ni Stooq) pour AME -- TROU DE COUVERTURE.
2026-07-30 21:14:59,964 [INFO] [29/503] AMGN (Amgen), depuis 2010-01-01...
2026-07-30 21:15:00,046 [ERROR] Error 321, reqId 60: Error validating request.-'bH' : cause - Historical data requests for durations longer than 365 days must be made in years., contract: Contract(secType='STK', conId=266145, symbol='AMGN', exchange='SMART', primaryExchange='NASDAQ', currency='USD', localSymbol='AMGN', tradingClass='NMS')
2026-07-30 21:15:13,315 [WARNING]   -> ECHEC (ni IBKR ni Stooq) pour AMGN : Aucune donnée (ni IBKR ni Stooq) pour AMGN -- TROU DE COUVERTURE.
2026-07-30 21:15:13,319 [INFO] [30/503] AMP (Ameriprise Financial), depuis 2010-01-01...
2026-07-30 21:15:13,475 [ERROR] Error 321, reqId 62: Error validating request.-'bH' : cause - Historical data requests for durations longer than 365 days must be made in years., contract: Contract(secType='STK', conId=35970258, symbol='AMP', exchange='SMART', primaryExchange='NYSE', currency='USD', localSymbol='AMP', tradingClass='AMP')
2026-07-30 21:15:26,304 [WARNING]   -> ECHEC (ni IBKR ni Stooq) pour AMP : Aucune donnée (ni IBKR ni Stooq) pour AMP -- TROU DE COUVERTURE.
2026-07-30 21:15:26,313 [INFO] [31/503] AMT (American Tower), depuis 2010-01-01...
2026-07-30 21:15:26,399 [ERROR] Error 321, reqId 64: Error validating request.-'bH' : cause - Historical data requests for durations longer than 365 days must be made in years., contract: Contract(secType='STK', conId=99831145, symbol='AMT', exchange='SMART', primaryExchange='NYSE', currency='USD', localSymbol='AMT', tradingClass='AMT')
2026-07-30 21:15:39,237 [WARNING]   -> ECHEC (ni IBKR ni Stooq) pour AMT : Aucune donnée (ni IBKR ni Stooq) pour AMT -- TROU DE COUVERTURE.
2026-07-30 21:15:39,238 [INFO] [32/503] AMZN (Amazon), depuis 2010-01-01...
2026-07-30 21:15:39,295 [ERROR] Error 321, reqId 66: Error validating request.-'bH' : cause - Historical data requests for durations longer than 365 days must be made in years., contract: Contract(secType='STK', conId=3691937, symbol='AMZN', exchange='SMART', primaryExchange='NASDAQ', currency='USD', localSymbol='AMZN', tradingClass='NMS')
2026-07-30 21:15:52,253 [WARNING]   -> ECHEC (ni IBKR ni Stooq) pour AMZN : Aucune donnée (ni IBKR ni Stooq) pour AMZN -- TROU DE COUVERTURE.
2026-07-30 21:15:52,255 [INFO] [33/503] ANET (Arista Networks), depuis 2010-01-01...
2026-07-30 21:15:52,314 [ERROR] Error 321, reqId 68: Error validating request.-'bH' : cause - Historical data requests for durations longer than 365 days must be made in years., contract: Contract(secType='STK', conId=740948854, symbol='ANET', exchange='SMART', primaryExchange='NYSE', currency='USD', localSymbol='ANET', tradingClass='ANET')
2026-07-30 21:16:05,101 [WARNING]   -> ECHEC (ni IBKR ni Stooq) pour ANET : Aucune donnée (ni IBKR ni Stooq) pour ANET -- TROU DE COUVERTURE.
2026-07-30 21:16:05,102 [INFO] [34/503] AON (Aon plc), depuis 2010-01-01...
2026-07-30 21:16:05,179 [ERROR] Error 321, reqId 70: Error validating request.-'bH' : cause - Historical data requests for durations longer than 365 days must be made in years., contract: Contract(secType='STK', conId=414366114, symbol='AON', exchange='SMART', primaryExchange='NYSE', currency='USD', localSymbol='AON', tradingClass='AON')
2026-07-30 21:16:18,070 [WARNING]   -> ECHEC (ni IBKR ni Stooq) pour AON : Aucune donnée (ni IBKR ni Stooq) pour AON -- TROU DE COUVERTURE.
2026-07-30 21:16:18,072 [INFO] [35/503] AOS (A. O. Smith), depuis 2010-01-01...
2026-07-30 21:16:18,143 [ERROR] Error 321, reqId 72: Error validating request.-'bH' : cause - Historical data requests for durations longer than 365 days must be made in years., contract: Contract(secType='STK', conId=12225, symbol='AOS', exchange='SMART', primaryExchange='NYSE', currency='USD', localSymbol='AOS', tradingClass='AOS')
2026-07-30 21:16:31,377 [WARNING]   -> ECHEC (ni IBKR ni Stooq) pour AOS : Aucune donnée (ni IBKR ni Stooq) pour AOS -- TROU DE COUVERTURE.
2026-07-30 21:16:31,378 [INFO] [36/503] APA (APA Corporation), depuis 2010-01-01...
2026-07-30 21:16:32,011 [ERROR] Error 321, reqId 74: Error validating request.-'bH' : cause - Historical data requests for durations longer than 365 days must be made in years., contract: Contract(secType='STK', conId=474515500, symbol='APA', exchange='SMART', primaryExchange='NASDAQ', currency='USD', localSymbol='APA', tradingClass='NMS')
2026-07-30 21:16:45,314 [WARNING]   -> ECHEC (ni IBKR ni Stooq) pour APA : Aucune donnée (ni IBKR ni Stooq) pour APA -- TROU DE COUVERTURE.
2026-07-30 21:16:45,315 [INFO] [37/503] APD (Air Products), depuis 2010-01-01...
2026-07-30 21:16:45,439 [ERROR] Error 321, reqId 76: Error validating request.-'bH' : cause - Historical data requests for durations longer than 365 days must be made in years., contract: Contract(secType='STK', conId=4487, symbol='APD', exchange='SMART', primaryExchange='NYSE', currency='USD', localSymbol='APD', tradingClass='APD')
2026-07-30 21:16:58,487 [WARNING]   -> ECHEC (ni IBKR ni Stooq) pour APD : Aucune donnée (ni IBKR ni Stooq) pour APD -- TROU DE COUVERTURE.
2026-07-30 21:16:58,488 [INFO] [38/503] APH (Amphenol), depuis 2010-01-01...
2026-07-30 21:16:58,687 [ERROR] Error 321, reqId 78: Error validating request.-'bH' : cause - Historical data requests for durations longer than 365 days must be made in years., contract: Contract(secType='STK', conId=4493, symbol='APH', exchange='SMART', primaryExchange='NYSE', currency='USD', localSymbol='APH', tradingClass='APH')
2026-07-30 21:17:12,154 [WARNING]   -> ECHEC (ni IBKR ni Stooq) pour APH : Aucune donnée (ni IBKR ni Stooq) pour APH -- TROU DE COUVERTURE.
2026-07-30 21:17:12,155 [INFO] [39/503] APO (Apollo Global Management), depuis 2010-01-01...
2026-07-30 21:17:13,022 [ERROR] Error 321, reqId 80: Error validating request.-'bH' : cause - Historical data requests for durations longer than 365 days must be made in years., contract: Contract(secType='STK', conId=535288388, symbol='APO', exchange='SMART', primaryExchange='NYSE', currency='USD', localSymbol='APO', tradingClass='APO')
2026-07-30 21:17:26,409 [WARNING]   -> ECHEC (ni IBKR ni Stooq) pour APO : Aucune donnée (ni IBKR ni Stooq) pour APO -- TROU DE COUVERTURE.
2026-07-30 21:17:26,410 [INFO] [40/503] APP (AppLovin), depuis 2010-01-01...
2026-07-30 21:17:26,726 [ERROR] Error 321, reqId 82: Error validating request.-'bH' : cause - Historical data requests for durations longer than 365 days must be made in years., contract: Contract(secType='STK', conId=481863646, symbol='APP', exchange='SMART', primaryExchange='NASDAQ', currency='USD', localSymbol='APP', tradingClass='NMS')
2026-07-30 21:17:39,568 [WARNING]   -> ECHEC (ni IBKR ni Stooq) pour APP : Aucune donnée (ni IBKR ni Stooq) pour APP -- TROU DE COUVERTURE.
2026-07-30 21:17:39,569 [INFO] [41/503] APTV (Aptiv), depuis 2010-01-01...
2026-07-30 21:17:39,621 [ERROR] Error 321, reqId 84: Error validating request.-'bH' : cause - Historical data requests for durations longer than 365 days must be made in years., contract: Contract(secType='STK', conId=748351585, symbol='APTV', exchange='SMART', primaryExchange='NYSE', currency='USD', localSymbol='APTV', tradingClass='APTV')
2026-07-30 21:17:52,502 [WARNING]   -> ECHEC (ni IBKR ni Stooq) pour APTV : Aucune donnée (ni IBKR ni Stooq) pour APTV -- TROU DE COUVERTURE.
2026-07-30 21:17:52,503 [INFO] [42/503] ARE (Alexandria Real Estate Equities), depuis 2010-01-01...
2026-07-30 21:17:52,583 [ERROR] Error 321, reqId 86: Error validating request.-'bH' : cause - Historical data requests for durations longer than 365 days must be made in years., contract: Contract(secType='STK', conId=6607487, symbol='ARE', exchange='SMART', primaryExchange='NYSE', currency='USD', localSymbol='ARE', tradingClass='ARE')
2026-07-30 21:18:08,630 [WARNING]   -> ECHEC (ni IBKR ni Stooq) pour ARE : Aucune donnée (ni IBKR ni Stooq) pour ARE -- TROU DE COUVERTURE.
2026-07-30 21:18:08,631 [INFO] [43/503] ARES (Ares Management), depuis 2010-01-01...
2026-07-30 21:18:09,034 [ERROR] Error 321, reqId 88: Error validating request.-'bH' : cause - Historical data requests for durations longer than 365 days must be made in years., contract: Contract(secType='STK', conId=341904548, symbol='ARES', exchange='SMART', primaryExchange='NYSE', currency='USD', localSymbol='ARES', tradingClass='ARES')
2026-07-30 21:18:24,331 [WARNING]   -> ECHEC (ni IBKR ni Stooq) pour ARES : Aucune donnée (ni IBKR ni Stooq) pour ARES -- TROU DE COUVERTURE.
2026-07-30 21:18:24,332 [INFO] [44/503] ATO (Atmos Energy), depuis 2010-01-01...
2026-07-30 21:18:25,279 [ERROR] Error 321, reqId 90: Error validating request.-'bH' : cause - Historical data requests for durations longer than 365 days must be made in years., contract: Contract(secType='STK', conId=4644, symbol='ATO', exchange='SMART', primaryExchange='NYSE', currency='USD', localSymbol='ATO', tradingClass='ATO')
2026-07-30 21:18:38,285 [WARNING]   -> ECHEC (ni IBKR ni Stooq) pour ATO : Aucune donnée (ni IBKR ni Stooq) pour ATO -- TROU DE COUVERTURE.
2026-07-30 21:18:38,285 [INFO] [45/503] AVB (AvalonBay Communities), depuis 2010-01-01...
2026-07-30 21:18:38,399 [ERROR] Error 321, reqId 92: Error validating request.-'bH' : cause - Historical data requests for durations longer than 365 days must be made in years., contract: Contract(secType='STK', conId=5026974, symbol='AVB', exchange='SMART', primaryExchange='NYSE', currency='USD', localSymbol='AVB', tradingClass='AVB')
2026-07-30 21:18:51,551 [WARNING]   -> ECHEC (ni IBKR ni Stooq) pour AVB : Aucune donnée (ni IBKR ni Stooq) pour AVB -- TROU DE COUVERTURE.
2026-07-30 21:18:51,551 [INFO] [46/503] AVGO (Broadcom), depuis 2010-01-01...
2026-07-30 21:18:51,617 [ERROR] Error 321, reqId 94: Error validating request.-'bH' : cause - Historical data requests for durations longer than 365 days must be made in years., contract: Contract(secType='STK', conId=313130367, symbol='AVGO', exchange='SMART', primaryExchange='NASDAQ', currency='USD', localSymbol='AVGO', tradingClass='NMS')
2026-07-30 21:19:04,733 [WARNING]   -> ECHEC (ni IBKR ni Stooq) pour AVGO : Aucune donnée (ni IBKR ni Stooq) pour AVGO -- TROU DE COUVERTURE.
2026-07-30 21:19:04,733 [INFO] [47/503] AVY (Avery Dennison), depuis 2010-01-01...
2026-07-30 21:19:04,834 [ERROR] Error 321, reqId 96: Error validating request.-'bH' : cause - Historical data requests for durations longer than 365 days must be made in years., contract: Contract(secType='STK', conId=4694, symbol='AVY', exchange='SMART', primaryExchange='NYSE', currency='USD', localSymbol='AVY', tradingClass='AVY')
2026-07-30 21:19:17,952 [WARNING]   -> ECHEC (ni IBKR ni Stooq) pour AVY : Aucune donnée (ni IBKR ni Stooq) pour AVY -- TROU DE COUVERTURE.
2026-07-30 21:19:17,954 [INFO] [48/503] AWK (American Water Works), depuis 2010-01-01...
2026-07-30 21:19:18,065 [ERROR] Error 321, reqId 98: Error validating request.-'bH' : cause - Historical data requests for durations longer than 365 days must be made in years., contract: Contract(secType='STK', conId=50530752, symbol='AWK', exchange='SMART', primaryExchange='NYSE', currency='USD', localSymbol='AWK', tradingClass='AWK')
2026-07-30 21:19:30,940 [WARNING]   -> ECHEC (ni IBKR ni Stooq) pour AWK : Aucune donnée (ni IBKR ni Stooq) pour AWK -- TROU DE COUVERTURE.
2026-07-30 21:19:30,942 [INFO] [49/503] AXON (Axon Enterprise), depuis 2010-01-01...
2026-07-30 21:19:31,037 [ERROR] Error 321, reqId 100: Error validating request.-'bH' : cause - Historical data requests for durations longer than 365 days must be made in years., contract: Contract(secType='STK', conId=272104927, symbol='AXON', exchange='SMART', primaryExchange='NASDAQ', currency='USD', localSymbol='AXON', tradingClass='NMS')
2026-07-30 21:19:44,087 [WARNING]   -> ECHEC (ni IBKR ni Stooq) pour AXON : Aucune donnée (ni IBKR ni Stooq) pour AXON -- TROU DE COUVERTURE.
2026-07-30 21:19:44,087 [INFO] [50/503] AXP (American Express), depuis 2010-01-01...
2026-07-30 21:19:44,141 [ERROR] Error 321, reqId 102: Error validating request.-'bH' : cause - Historical data requests for durations longer than 365 days must be made in years., contract: Contract(secType='STK', conId=4721, symbol='AXP', exchange='SMART', primaryExchange='NYSE', currency='USD', localSymbol='AXP', tradingClass='AXP')
2026-07-30 21:19:57,020 [WARNING]   -> ECHEC (ni IBKR ni Stooq) pour AXP : Aucune donnée (ni IBKR ni Stooq) pour AXP -- TROU DE COUVERTURE.
2026-07-30 21:19:57,022 [INFO] [51/503] AZO (AutoZone), depuis 2010-01-01...
2026-07-30 21:19:57,127 [ERROR] Error 321, reqId 104: Error validating request.-'bH' : cause - Historical data requests for durations longer than 365 days must be made in years., contract: Contract(secType='STK', conId=4750, symbol='AZO', exchange='SMART', primaryExchange='NYSE', currency='USD', localSymbol='AZO', tradingClass='AZO')
2026-07-30 21:20:10,340 [WARNING]   -> ECHEC (ni IBKR ni Stooq) pour AZO : Aucune donnée (ni IBKR ni Stooq) pour AZO -- TROU DE COUVERTURE.
2026-07-30 21:20:10,343 [INFO] [52/503] BA (Boeing), depuis 2010-01-01...
2026-07-30 21:20:10,480 [ERROR] Error 321, reqId 106: Error validating request.-'bH' : cause - Historical data requests for durations longer than 365 days must be made in years., contract: Contract(secType='STK', conId=4762, symbol='BA', exchange='SMART', primaryExchange='NYSE', currency='USD', localSymbol='BA', tradingClass='BA')
2026-07-30 21:20:23,819 [WARNING]   -> ECHEC (ni IBKR ni Stooq) pour BA : Aucune donnée (ni IBKR ni Stooq) pour BA -- TROU DE COUVERTURE.
2026-07-30 21:20:23,820 [INFO] [53/503] BAC (Bank of America), depuis 2010-01-01...
2026-07-30 21:20:23,932 [ERROR] Error 321, reqId 108: Error validating request.-'bH' : cause - Historical data requests for durations longer than 365 days must be made in years., contract: Contract(secType='STK', conId=10098, symbol='BAC', exchange='SMART', primaryExchange='NYSE', currency='USD', localSymbol='BAC', tradingClass='BAC')
2026-07-30 21:20:37,122 [WARNING]   -> ECHEC (ni IBKR ni Stooq) pour BAC : Aucune donnée (ni IBKR ni Stooq) pour BAC -- TROU DE COUVERTURE.
2026-07-30 21:20:37,124 [INFO] [54/503] BALL (Ball Corporation), depuis 2010-01-01...
2026-07-30 21:20:37,185 [ERROR] Error 321, reqId 110: Error validating request.-'bH' : cause - Historical data requests for durations longer than 365 days must be made in years., contract: Contract(secType='STK', conId=5052, symbol='BALL', exchange='SMART', primaryExchange='NYSE', currency='USD', localSymbol='BALL', tradingClass='BALL')
2026-07-30 21:20:50,224 [WARNING]   -> ECHEC (ni IBKR ni Stooq) pour BALL : Aucune donnée (ni IBKR ni Stooq) pour BALL -- TROU DE COUVERTURE.
2026-07-30 21:20:50,226 [INFO] [55/503] BAX (Baxter International), depuis 2010-01-01...
2026-07-30 21:20:50,345 [ERROR] Error 321, reqId 112: Error validating request.-'bH' : cause - Historical data requests for durations longer than 365 days must be made in years., contract: Contract(secType='STK', conId=8111188, symbol='BAX', exchange='SMART', primaryExchange='NYSE', currency='USD', localSymbol='BAX', tradingClass='BAX')
2026-07-30 21:21:03,166 [WARNING]   -> ECHEC (ni IBKR ni Stooq) pour BAX : Aucune donnée (ni IBKR ni Stooq) pour BAX -- TROU DE COUVERTURE.
2026-07-30 21:21:03,167 [INFO] [56/503] BBY (Best Buy), depuis 2010-01-01...
2026-07-30 21:21:03,291 [ERROR] Error 321, reqId 114: Error validating request.-'bH' : cause - Historical data requests for durations longer than 365 days must be made in years., contract: Contract(secType='STK', conId=4817, symbol='BBY', exchange='SMART', primaryExchange='NYSE', currency='USD', localSymbol='BBY', tradingClass='BBY')
2026-07-30 21:21:16,307 [WARNING]   -> ECHEC (ni IBKR ni Stooq) pour BBY : Aucune donnée (ni IBKR ni Stooq) pour BBY -- TROU DE COUVERTURE.
2026-07-30 21:21:16,308 [INFO] [57/503] BDX (Becton Dickinson), depuis 2010-01-01...
2026-07-30 21:21:16,575 [ERROR] Error 321, reqId 116: Error validating request.-'bH' : cause - Historical data requests for durations longer than 365 days must be made in years., contract: Contract(secType='STK', conId=4886, symbol='BDX', exchange='SMART', primaryExchange='NYSE', currency='USD', localSymbol='BDX', tradingClass='BDX')
2026-07-30 21:21:29,409 [WARNING]   -> ECHEC (ni IBKR ni Stooq) pour BDX : Aucune donnée (ni IBKR ni Stooq) pour BDX -- TROU DE COUVERTURE.
2026-07-30 21:21:29,411 [INFO] [58/503] BEN (Franklin Resources), depuis 2010-01-01...
2026-07-30 21:21:29,474 [ERROR] Error 321, reqId 118: Error validating request.-'bH' : cause - Historical data requests for durations longer than 365 days must be made in years., contract: Contract(secType='STK', conId=4906, symbol='BEN', exchange='SMART', primaryExchange='NYSE', currency='USD', localSymbol='BEN', tradingClass='BEN')
2026-07-30 21:21:42,868 [WARNING]   -> ECHEC (ni IBKR ni Stooq) pour BEN : Aucune donnée (ni IBKR ni Stooq) pour BEN -- TROU DE COUVERTURE.
2026-07-30 21:21:42,869 [INFO] [59/503] BF B (Brown–Forman), depuis 2010-01-01...
2026-07-30 21:21:43,093 [ERROR] Error 321, reqId 120: Error validating request.-'bH' : cause - Historical data requests for durations longer than 365 days must be made in years., contract: Contract(secType='STK', conId=4931, symbol='BF B', exchange='SMART', primaryExchange='NYSE', currency='USD', localSymbol='BF B', tradingClass='BF B')
2026-07-30 21:21:58,119 [WARNING]   -> ECHEC (ni IBKR ni Stooq) pour BF B : Aucune donnée (ni IBKR ni Stooq) pour BF B -- TROU DE COUVERTURE.
2026-07-30 21:21:58,120 [INFO] [60/503] BG (Bunge Global), depuis 2010-01-01...
2026-07-30 21:21:58,231 [ERROR] Error 321, reqId 122: Error validating request.-'bH' : cause - Historical data requests for durations longer than 365 days must be made in years., contract: Contract(secType='STK', conId=663174498, symbol='BG', exchange='SMART', primaryExchange='NYSE', currency='USD', localSymbol='BG', tradingClass='BG')
2026-07-30 21:22:11,000 [WARNING]   -> ECHEC (ni IBKR ni Stooq) pour BG : Aucune donnée (ni IBKR ni Stooq) pour BG -- TROU DE COUVERTURE.
2026-07-30 21:22:11,001 [INFO] [61/503] BIIB (Biogen), depuis 2010-01-01...
2026-07-30 21:22:11,108 [ERROR] Error 321, reqId 124: Error validating request.-'bH' : cause - Historical data requests for durations longer than 365 days must be made in years., contract: Contract(secType='STK', conId=26734397, symbol='BIIB', exchange='SMART', primaryExchange='NASDAQ', currency='USD', localSymbol='BIIB', tradingClass='NMS')
2026-07-30 21:22:23,627 [WARNING]   -> ECHEC (ni IBKR ni Stooq) pour BIIB : Aucune donnée (ni IBKR ni Stooq) pour BIIB -- TROU DE COUVERTURE.
2026-07-30 21:22:23,628 [INFO] [62/503] BKNG (Booking Holdings), depuis 2010-01-01...
2026-07-30 21:22:23,686 [ERROR] Error 321, reqId 126: Error validating request.-'bH' : cause - Historical data requests for durations longer than 365 days must be made in years., contract: Contract(secType='STK', conId=308728373, symbol='BKNG', exchange='SMART', primaryExchange='NASDAQ', currency='USD', localSymbol='BKNG', tradingClass='NMS')
2026-07-30 21:22:36,241 [WARNING]   -> ECHEC (ni IBKR ni Stooq) pour BKNG : Aucune donnée (ni IBKR ni Stooq) pour BKNG -- TROU DE COUVERTURE.
2026-07-30 21:22:36,242 [INFO] [63/503] BKR (Baker Hughes), depuis 2010-01-01...
2026-07-30 21:22:36,333 [ERROR] Error 321, reqId 128: Error validating request.-'bH' : cause - Historical data requests for durations longer than 365 days must be made in years., contract: Contract(secType='STK', conId=281316445, symbol='BKR', exchange='SMART', primaryExchange='NASDAQ', currency='USD', localSymbol='BKR', tradingClass='NMS')
2026-07-30 21:22:48,938 [WARNING]   -> ECHEC (ni IBKR ni Stooq) pour BKR : Aucune donnée (ni IBKR ni Stooq) pour BKR -- TROU DE COUVERTURE.
2026-07-30 21:22:48,939 [INFO] [64/503] BLDR (Builders FirstSource), depuis 2010-01-01...
2026-07-30 21:22:49,036 [ERROR] Error 321, reqId 130: Error validating request.-'bH' : cause - Historical data requests for durations longer than 365 days must be made in years., contract: Contract(secType='STK', conId=34851874, symbol='BLDR', exchange='SMART', primaryExchange='NYSE', currency='USD', localSymbol='BLDR', tradingClass='BLDR')
2026-07-30 21:23:02,204 [WARNING]   -> ECHEC (ni IBKR ni Stooq) pour BLDR : Aucune donnée (ni IBKR ni Stooq) pour BLDR -- TROU DE COUVERTURE.
2026-07-30 21:23:02,206 [INFO] [65/503] BLK (BlackRock), depuis 2010-01-01...
2026-07-30 21:23:02,560 [ERROR] Error 321, reqId 132: Error validating request.-'bH' : cause - Historical data requests for durations longer than 365 days must be made in years., contract: Contract(secType='STK', conId=729193719, symbol='BLK', exchange='SMART', primaryExchange='NYSE', currency='USD', localSymbol='BLK', tradingClass='BLK')
2026-07-30 21:23:15,397 [WARNING]   -> ECHEC (ni IBKR ni Stooq) pour BLK : Aucune donnée (ni IBKR ni Stooq) pour BLK -- TROU DE COUVERTURE.
2026-07-30 21:23:15,398 [INFO] [66/503] BMY (Bristol Myers Squibb), depuis 2010-01-01...
2026-07-30 21:23:15,486 [ERROR] Error 321, reqId 134: Error validating request.-'bH' : cause - Historical data requests for durations longer than 365 days must be made in years., contract: Contract(secType='STK', conId=5111, symbol='BMY', exchange='SMART', primaryExchange='NYSE', currency='USD', localSymbol='BMY', tradingClass='BMY')
2026-07-30 21:23:28,134 [WARNING]   -> ECHEC (ni IBKR ni Stooq) pour BMY : Aucune donnée (ni IBKR ni Stooq) pour BMY -- TROU DE COUVERTURE.
2026-07-30 21:23:28,136 [INFO] [67/503] BNY (BNY Mellon), depuis 2010-01-01...
2026-07-30 21:23:28,227 [ERROR] Error 321, reqId 136: Error validating request.-'bH' : cause - Historical data requests for durations longer than 365 days must be made in years., contract: Contract(secType='STK', conId=44986804, symbol='BNY', exchange='SMART', primaryExchange='NYSE', currency='USD', localSymbol='BNY', tradingClass='BNY')
2026-07-30 21:23:40,797 [WARNING]   -> ECHEC (ni IBKR ni Stooq) pour BNY : Aucune donnée (ni IBKR ni Stooq) pour BNY -- TROU DE COUVERTURE.
2026-07-30 21:23:40,798 [INFO] [68/503] BR (Broadridge Financial Solutions), depuis 2010-01-01...
2026-07-30 21:23:40,864 [ERROR] Error 321, reqId 138: Error validating request.-'bH' : cause - Historical data requests for durations longer than 365 days must be made in years., contract: Contract(secType='STK', conId=43523793, symbol='BR', exchange='SMART', primaryExchange='NYSE', currency='USD', localSymbol='BR', tradingClass='BR')
2026-07-30 21:23:53,668 [WARNING]   -> ECHEC (ni IBKR ni Stooq) pour BR : Aucune donnée (ni IBKR ni Stooq) pour BR -- TROU DE COUVERTURE.
2026-07-30 21:23:53,669 [INFO] [69/503] BRK B (Berkshire Hathaway), depuis 2010-01-01...
2026-07-30 21:23:53,771 [ERROR] Error 321, reqId 140: Error validating request.-'bH' : cause - Historical data requests for durations longer than 365 days must be made in years., contract: Contract(secType='STK', conId=72063691, symbol='BRK B', exchange='SMART', primaryExchange='NYSE', currency='USD', localSymbol='BRK B', tradingClass='BRK B')
2026-07-30 21:24:06,404 [WARNING]   -> ECHEC (ni IBKR ni Stooq) pour BRK B : Aucune donnée (ni IBKR ni Stooq) pour BRK B -- TROU DE COUVERTURE.
2026-07-30 21:24:06,405 [INFO] [70/503] BRO (Brown & Brown), depuis 2010-01-01...
2026-07-30 21:24:06,569 [ERROR] Error 321, reqId 142: Error validating request.-'bH' : cause - Historical data requests for durations longer than 365 days must be made in years., contract: Contract(secType='STK', conId=6607613, symbol='BRO', exchange='SMART', primaryExchange='NYSE', currency='USD', localSymbol='BRO', tradingClass='BRO')
2026-07-30 21:24:19,195 [WARNING]   -> ECHEC (ni IBKR ni Stooq) pour BRO : Aucune donnée (ni IBKR ni Stooq) pour BRO -- TROU DE COUVERTURE.
2026-07-30 21:24:19,196 [INFO] [71/503] BSX (Boston Scientific), depuis 2010-01-01...
2026-07-30 21:24:19,258 [ERROR] Error 321, reqId 144: Error validating request.-'bH' : cause - Historical data requests for durations longer than 365 days must be made in years., contract: Contract(secType='STK', conId=5270, symbol='BSX', exchange='SMART', primaryExchange='NYSE', currency='USD', localSymbol='BSX', tradingClass='BSX')
2026-07-30 21:24:31,920 [WARNING]   -> ECHEC (ni IBKR ni Stooq) pour BSX : Aucune donnée (ni IBKR ni Stooq) pour BSX -- TROU DE COUVERTURE.
2026-07-30 21:24:31,922 [INFO] [72/503] BX (Blackstone Inc.), depuis 2010-01-01...
2026-07-30 21:24:32,000 [ERROR] Error 321, reqId 146: Error validating request.-'bH' : cause - Historical data requests for durations longer than 365 days must be made in years., contract: Contract(secType='STK', conId=372834689, symbol='BX', exchange='SMART', primaryExchange='NYSE', currency='USD', localSymbol='BX', tradingClass='BX')
2026-07-30 21:24:44,618 [WARNING]   -> ECHEC (ni IBKR ni Stooq) pour BX : Aucune donnée (ni IBKR ni Stooq) pour BX -- TROU DE COUVERTURE.
2026-07-30 21:24:44,619 [INFO] [73/503] BXP (BXP, Inc.), depuis 2010-01-01...
2026-07-30 21:24:44,706 [ERROR] Error 321, reqId 148: Error validating request.-'bH' : cause - Historical data requests for durations longer than 365 days must be made in years., contract: Contract(secType='STK', conId=5021340, symbol='BXP', exchange='SMART', primaryExchange='NYSE', currency='USD', localSymbol='BXP', tradingClass='BXP')
2026-07-30 21:24:57,595 [WARNING]   -> ECHEC (ni IBKR ni Stooq) pour BXP : Aucune donnée (ni IBKR ni Stooq) pour BXP -- TROU DE COUVERTURE.
2026-07-30 21:24:57,597 [INFO] [74/503] C (Citigroup), depuis 2010-01-01...
2026-07-30 21:24:57,711 [ERROR] Error 321, reqId 150: Error validating request.-'bH' : cause - Historical data requests for durations longer than 365 days must be made in years., contract: Contract(secType='STK', conId=87335484, symbol='C', exchange='SMART', primaryExchange='NYSE', currency='USD', localSymbol='C', tradingClass='C')
2026-07-30 21:25:10,396 [WARNING]   -> ECHEC (ni IBKR ni Stooq) pour C : Aucune donnée (ni IBKR ni Stooq) pour C -- TROU DE COUVERTURE.
2026-07-30 21:25:10,397 [INFO] [75/503] CAH (Cardinal Health), depuis 2010-01-01...
2026-07-30 21:25:10,457 [ERROR] Error 321, reqId 152: Error validating request.-'bH' : cause - Historical data requests for durations longer than 365 days must be made in years., contract: Contract(secType='STK', conId=5407, symbol='CAH', exchange='SMART', primaryExchange='NYSE', currency='USD', localSymbol='CAH', tradingClass='CAH')
2026-07-30 21:25:23,068 [WARNING]   -> ECHEC (ni IBKR ni Stooq) pour CAH : Aucune donnée (ni IBKR ni Stooq) pour CAH -- TROU DE COUVERTURE.
2026-07-30 21:25:23,069 [INFO] [76/503] CARR (Carrier Global), depuis 2010-01-01...
2026-07-30 21:25:23,157 [ERROR] Error 321, reqId 154: Error validating request.-'bH' : cause - Historical data requests for durations longer than 365 days must be made in years., contract: Contract(secType='STK', conId=410755397, symbol='CARR', exchange='SMART', primaryExchange='NYSE', currency='USD', localSymbol='CARR', tradingClass='CARR')
2026-07-30 21:25:35,834 [WARNING]   -> ECHEC (ni IBKR ni Stooq) pour CARR : Aucune donnée (ni IBKR ni Stooq) pour CARR -- TROU DE COUVERTURE.
2026-07-30 21:25:35,836 [INFO] [77/503] CASY (Casey's), depuis 2010-01-01...
2026-07-30 21:25:35,944 [ERROR] Error 321, reqId 156: Error validating request.-'bH' : cause - Historical data requests for durations longer than 365 days must be made in years., contract: Contract(secType='STK', conId=267265, symbol='CASY', exchange='SMART', primaryExchange='NASDAQ', currency='USD', localSymbol='CASY', tradingClass='NMS')
2026-07-30 21:25:48,586 [WARNING]   -> ECHEC (ni IBKR ni Stooq) pour CASY : Aucune donnée (ni IBKR ni Stooq) pour CASY -- TROU DE COUVERTURE.
2026-07-30 21:25:48,588 [INFO] [78/503] CAT (Caterpillar Inc.), depuis 2010-01-01...
2026-07-30 21:25:48,693 [ERROR] Error 321, reqId 158: Error validating request.-'bH' : cause - Historical data requests for durations longer than 365 days must be made in years., contract: Contract(secType='STK', conId=5437, symbol='CAT', exchange='SMART', primaryExchange='NYSE', currency='USD', localSymbol='CAT', tradingClass='CAT')
2026-07-30 21:26:01,401 [WARNING]   -> ECHEC (ni IBKR ni Stooq) pour CAT : Aucune donnée (ni IBKR ni Stooq) pour CAT -- TROU DE COUVERTURE.
2026-07-30 21:26:01,403 [INFO] [79/503] CB (Chubb Limited), depuis 2010-01-01...
2026-07-30 21:26:01,642 [ERROR] Error 321, reqId 160: Error validating request.-'bH' : cause - Historical data requests for durations longer than 365 days must be made in years., contract: Contract(secType='STK', conId=218939694, symbol='CB', exchange='SMART', primaryExchange='NYSE', currency='USD', localSymbol='CB', tradingClass='CB')
2026-07-30 21:26:14,251 [WARNING]   -> ECHEC (ni IBKR ni Stooq) pour CB : Aucune donnée (ni IBKR ni Stooq) pour CB -- TROU DE COUVERTURE.
2026-07-30 21:26:14,252 [INFO] [80/503] CBOE (Cboe Global Markets), depuis 2010-01-01...
2026-07-30 21:26:14,393 [ERROR] Error 321, reqId 162: Error validating request.-'bH' : cause - Historical data requests for durations longer than 365 days must be made in years., contract: Contract(secType='STK', conId=76227954, symbol='CBOE', exchange='SMART', primaryExchange='BATS', currency='USD', localSymbol='CBOE', tradingClass='CBOE')
2026-07-30 21:26:26,959 [WARNING]   -> ECHEC (ni IBKR ni Stooq) pour CBOE : Aucune donnée (ni IBKR ni Stooq) pour CBOE -- TROU DE COUVERTURE.
2026-07-30 21:26:26,961 [INFO] [81/503] CBRE (CBRE Group), depuis 2010-01-01...
2026-07-30 21:26:27,073 [ERROR] Error 321, reqId 164: Error validating request.-'bH' : cause - Historical data requests for durations longer than 365 days must be made in years., contract: Contract(secType='STK', conId=95514904, symbol='CBRE', exchange='SMART', primaryExchange='NYSE', currency='USD', localSymbol='CBRE', tradingClass='CBRE')
2026-07-30 21:26:39,812 [WARNING]   -> ECHEC (ni IBKR ni Stooq) pour CBRE : Aucune donnée (ni IBKR ni Stooq) pour CBRE -- TROU DE COUVERTURE.
2026-07-30 21:26:39,814 [INFO] [82/503] CCI (Crown Castle), depuis 2010-01-01...
2026-07-30 21:26:39,921 [ERROR] Error 321, reqId 166: Error validating request.-'bH' : cause - Historical data requests for durations longer than 365 days must be made in years., contract: Contract(secType='STK', conId=176571182, symbol='CCI', exchange='SMART', primaryExchange='NYSE', currency='USD', localSymbol='CCI', tradingClass='CCI')
2026-07-30 21:26:52,701 [WARNING]   -> ECHEC (ni IBKR ni Stooq) pour CCI : Aucune donnée (ni IBKR ni Stooq) pour CCI -- TROU DE COUVERTURE.
2026-07-30 21:26:52,702 [INFO] [83/503] CCL (Carnival Corporation), depuis 2010-01-01...
2026-07-30 21:26:52,782 [ERROR] Error 321, reqId 168: Error validating request.-'bH' : cause - Historical data requests for durations longer than 365 days must be made in years., contract: Contract(secType='STK', conId=878372298, symbol='CCL', exchange='SMART', primaryExchange='NYSE', currency='USD', localSymbol='CCL', tradingClass='CCL')
2026-07-30 21:27:05,987 [WARNING]   -> ECHEC (ni IBKR ni Stooq) pour CCL : Aucune donnée (ni IBKR ni Stooq) pour CCL -- TROU DE COUVERTURE.
2026-07-30 21:27:05,988 [INFO] [84/503] CDNS (Cadence Design Systems), depuis 2010-01-01...
2026-07-30 21:27:06,271 [ERROR] Error 321, reqId 170: Error validating request.-'bH' : cause - Historical data requests for durations longer than 365 days must be made in years., contract: Contract(secType='STK', conId=5552, symbol='CDNS', exchange='SMART', primaryExchange='NASDAQ', currency='USD', localSymbol='CDNS', tradingClass='NMS')
2026-07-30 21:27:19,173 [WARNING]   -> ECHEC (ni IBKR ni Stooq) pour CDNS : Aucune donnée (ni IBKR ni Stooq) pour CDNS -- TROU DE COUVERTURE.
2026-07-30 21:27:19,174 [INFO] [85/503] CDW (CDW Corporation), depuis 2010-01-01...
2026-07-30 21:27:19,329 [ERROR] Error 321, reqId 172: Error validating request.-'bH' : cause - Historical data requests for durations longer than 365 days must be made in years., contract: Contract(secType='STK', conId=130432552, symbol='CDW', exchange='SMART', primaryExchange='NASDAQ', currency='USD', localSymbol='CDW', tradingClass='NMS')
2026-07-30 21:27:32,025 [WARNING]   -> ECHEC (ni IBKR ni Stooq) pour CDW : Aucune donnée (ni IBKR ni Stooq) pour CDW -- TROU DE COUVERTURE.
2026-07-30 21:27:32,027 [INFO] [86/503] CEG (Constellation Energy), depuis 2010-01-01...
2026-07-30 21:27:32,144 [ERROR] Error 321, reqId 174: Error validating request.-'bH' : cause - Historical data requests for durations longer than 365 days must be made in years., contract: Contract(secType='STK', conId=538132976, symbol='CEG', exchange='SMART', primaryExchange='NASDAQ', currency='USD', localSymbol='CEG', tradingClass='NMS')
2026-07-30 21:27:45,012 [WARNING]   -> ECHEC (ni IBKR ni Stooq) pour CEG : Aucune donnée (ni IBKR ni Stooq) pour CEG -- TROU DE COUVERTURE.
2026-07-30 21:27:45,014 [INFO] [87/503] CF (CF Industries), depuis 2010-01-01...
2026-07-30 21:27:46,330 [ERROR] Error 321, reqId 176: Error validating request.-'bH' : cause - Historical data requests for durations longer than 365 days must be made in years., contract: Contract(secType='STK', conId=35447205, symbol='CF', exchange='SMART', primaryExchange='NYSE', currency='USD', localSymbol='CF', tradingClass='CF')
2026-07-30 21:27:58,984 [WARNING]   -> ECHEC (ni IBKR ni Stooq) pour CF : Aucune donnée (ni IBKR ni Stooq) pour CF -- TROU DE COUVERTURE.
2026-07-30 21:27:58,987 [INFO] [88/503] CFG (Citizens Financial Group), depuis 2010-01-01...
2026-07-30 21:27:59,115 [ERROR] Error 321, reqId 178: Error validating request.-'bH' : cause - Historical data requests for durations longer than 365 days must be made in years., contract: Contract(secType='STK', conId=167955370, symbol='CFG', exchange='SMART', primaryExchange='NYSE', currency='USD', localSymbol='CFG', tradingClass='CFG')
2026-07-30 21:28:11,799 [WARNING]   -> ECHEC (ni IBKR ni Stooq) pour CFG : Aucune donnée (ni IBKR ni Stooq) pour CFG -- TROU DE COUVERTURE.
2026-07-30 21:28:11,800 [INFO] [89/503] CHD (Church & Dwight), depuis 2010-01-01...
2026-07-30 21:28:11,883 [ERROR] Error 321, reqId 180: Error validating request.-'bH' : cause - Historical data requests for durations longer than 365 days must be made in years., contract: Contract(secType='STK', conId=5651, symbol='CHD', exchange='SMART', primaryExchange='NYSE', currency='USD', localSymbol='CHD', tradingClass='CHD')
2026-07-30 21:28:24,519 [WARNING]   -> ECHEC (ni IBKR ni Stooq) pour CHD : Aucune donnée (ni IBKR ni Stooq) pour CHD -- TROU DE COUVERTURE.
2026-07-30 21:28:24,526 [INFO] [90/503] CHRW (C.H. Robinson), depuis 2010-01-01...
2026-07-30 21:28:24,639 [ERROR] Error 321, reqId 182: Error validating request.-'bH' : cause - Historical data requests for durations longer than 365 days must be made in years., contract: Contract(secType='STK', conId=36320731, symbol='CHRW', exchange='SMART', primaryExchange='NASDAQ', currency='USD', localSymbol='CHRW', tradingClass='NMS')
2026-07-30 21:28:37,336 [WARNING]   -> ECHEC (ni IBKR ni Stooq) pour CHRW : Aucune donnée (ni IBKR ni Stooq) pour CHRW -- TROU DE COUVERTURE.
2026-07-30 21:28:37,338 [INFO] [91/503] CHTR (Charter Communications), depuis 2010-01-01...
2026-07-30 21:28:37,444 [ERROR] Error 321, reqId 184: Error validating request.-'bH' : cause - Historical data requests for durations longer than 365 days must be made in years., contract: Contract(secType='STK', conId=233674866, symbol='CHTR', exchange='SMART', primaryExchange='NASDAQ', currency='USD', localSymbol='CHTR', tradingClass='NMS')
2026-07-30 21:28:50,116 [WARNING]   -> ECHEC (ni IBKR ni Stooq) pour CHTR : Aucune donnée (ni IBKR ni Stooq) pour CHTR -- TROU DE COUVERTURE.
2026-07-30 21:28:50,117 [INFO] [92/503] CI (Cigna), depuis 2010-01-01...
2026-07-30 21:28:50,339 [ERROR] Error 321, reqId 186: Error validating request.-'bH' : cause - Historical data requests for durations longer than 365 days must be made in years., contract: Contract(secType='STK', conId=346403540, symbol='CI', exchange='SMART', primaryExchange='NYSE', currency='USD', localSymbol='CI', tradingClass='CI')
2026-07-30 21:29:02,915 [WARNING]   -> ECHEC (ni IBKR ni Stooq) pour CI : Aucune donnée (ni IBKR ni Stooq) pour CI -- TROU DE COUVERTURE.
2026-07-30 21:29:02,917 [INFO] [93/503] CIEN (Ciena), depuis 2010-01-01...
2026-07-30 21:29:03,004 [ERROR] Error 321, reqId 188: Error validating request.-'bH' : cause - Historical data requests for durations longer than 365 days must be made in years., contract: Contract(secType='STK', conId=41045553, symbol='CIEN', exchange='SMART', primaryExchange='NYSE', currency='USD', localSymbol='CIEN', tradingClass='CIEN')
2026-07-30 21:29:15,731 [WARNING]   -> ECHEC (ni IBKR ni Stooq) pour CIEN : Aucune donnée (ni IBKR ni Stooq) pour CIEN -- TROU DE COUVERTURE.
2026-07-30 21:29:15,731 [INFO] [94/503] CINF (Cincinnati Financial), depuis 2010-01-01...
2026-07-30 21:29:15,788 [ERROR] Error 321, reqId 190: Error validating request.-'bH' : cause - Historical data requests for durations longer than 365 days must be made in years., contract: Contract(secType='STK', conId=267661, symbol='CINF', exchange='SMART', primaryExchange='NASDAQ', currency='USD', localSymbol='CINF', tradingClass='NMS')
2026-07-30 21:29:34,533 [WARNING]   -> ECHEC (ni IBKR ni Stooq) pour CINF : Aucune donnée (ni IBKR ni Stooq) pour CINF -- TROU DE COUVERTURE.
2026-07-30 21:29:34,534 [INFO] [95/503] CL (Colgate-Palmolive), depuis 2010-01-01...
2026-07-30 21:29:34,672 [ERROR] Error 321, reqId 192: Error validating request.-'bH' : cause - Historical data requests for durations longer than 365 days must be made in years., contract: Contract(secType='STK', conId=5749, symbol='CL', exchange='SMART', primaryExchange='NYSE', currency='USD', localSymbol='CL', tradingClass='CL')
2026-07-30 21:29:47,540 [WARNING]   -> ECHEC (ni IBKR ni Stooq) pour CL : Aucune donnée (ni IBKR ni Stooq) pour CL -- TROU DE COUVERTURE.
2026-07-30 21:29:47,541 [INFO] [96/503] CLX (Clorox), depuis 2010-01-01...
2026-07-30 21:29:47,633 [ERROR] Error 321, reqId 194: Error validating request.-'bH' : cause - Historical data requests for durations longer than 365 days must be made in years., contract: Contract(secType='STK', conId=5794, symbol='CLX', exchange='SMART', primaryExchange='NYSE', currency='USD', localSymbol='CLX', tradingClass='CLX')
2026-07-30 21:30:00,521 [WARNING]   -> ECHEC (ni IBKR ni Stooq) pour CLX : Aucune donnée (ni IBKR ni Stooq) pour CLX -- TROU DE COUVERTURE.
2026-07-30 21:30:00,523 [INFO] [97/503] CMCSA (Comcast), depuis 2010-01-01...
2026-07-30 21:30:00,817 [ERROR] Error 321, reqId 196: Error validating request.-'bH' : cause - Historical data requests for durations longer than 365 days must be made in years., contract: Contract(secType='STK', conId=267748, symbol='CMCSA', exchange='SMART', primaryExchange='NASDAQ', currency='USD', localSymbol='CMCSA', tradingClass='NMS')
2026-07-30 21:30:13,505 [WARNING]   -> ECHEC (ni IBKR ni Stooq) pour CMCSA : Aucune donnée (ni IBKR ni Stooq) pour CMCSA -- TROU DE COUVERTURE.
2026-07-30 21:30:13,506 [INFO] [98/503] CME (CME Group), depuis 2010-01-01...
2026-07-30 21:30:13,652 [ERROR] Error 321, reqId 198: Error validating request.-'bH' : cause - Historical data requests for durations longer than 365 days must be made in years., contract: Contract(secType='STK', conId=45127739, symbol='CME', exchange='SMART', primaryExchange='NASDAQ', currency='USD', localSymbol='CME', tradingClass='NMS')
2026-07-30 21:30:26,298 [WARNING]   -> ECHEC (ni IBKR ni Stooq) pour CME : Aucune donnée (ni IBKR ni Stooq) pour CME -- TROU DE COUVERTURE.
2026-07-30 21:30:26,300 [INFO] [99/503] CMG (Chipotle Mexican Grill), depuis 2010-01-01...
2026-07-30 21:30:26,359 [ERROR] Error 321, reqId 200: Error validating request.-'bH' : cause - Historical data requests for durations longer than 365 days must be made in years., contract: Contract(secType='STK', conId=37655664, symbol='CMG', exchange='SMART', primaryExchange='NYSE', currency='USD', localSymbol='CMG', tradingClass='CMG')
2026-07-30 21:30:39,083 [WARNING]   -> ECHEC (ni IBKR ni Stooq) pour CMG : Aucune donnée (ni IBKR ni Stooq) pour CMG -- TROU DE COUVERTURE.
2026-07-30 21:30:39,085 [INFO] [100/503] CMI (Cummins), depuis 2010-01-01...
2026-07-30 21:30:39,178 [ERROR] Error 321, reqId 202: Error validating request.-'bH' : cause - Historical data requests for durations longer than 365 days must be made in years., contract: Contract(secType='STK', conId=6207, symbol='CMI', exchange='SMART', primaryExchange='NYSE', currency='USD', localSymbol='CMI', tradingClass='CMI')
2026-07-30 21:30:51,828 [WARNING]   -> ECHEC (ni IBKR ni Stooq) pour CMI : Aucune donnée (ni IBKR ni Stooq) pour CMI -- TROU DE COUVERTURE.
2026-07-30 21:30:51,830 [INFO] [101/503] CMS (CMS Energy), depuis 2010-01-01...
2026-07-30 21:30:51,906 [ERROR] Error 321, reqId 204: Error validating request.-'bH' : cause - Historical data requests for durations longer than 365 days must be made in years., contract: Contract(secType='STK', conId=5840, symbol='CMS', exchange='SMART', primaryExchange='NYSE', currency='USD', localSymbol='CMS', tradingClass='CMS')
2026-07-30 21:31:04,706 [WARNING]   -> ECHEC (ni IBKR ni Stooq) pour CMS : Aucune donnée (ni IBKR ni Stooq) pour CMS -- TROU DE COUVERTURE.
2026-07-30 21:31:04,707 [INFO] [102/503] CNC (Centene Corporation), depuis 2010-01-01...
2026-07-30 21:31:05,104 [ERROR] Error 321, reqId 206: Error validating request.-'bH' : cause - Historical data requests for durations longer than 365 days must be made in years., contract: Contract(secType='STK', conId=13878278, symbol='CNC', exchange='SMART', primaryExchange='NYSE', currency='USD', localSymbol='CNC', tradingClass='CNC')
2026-07-30 21:31:22,822 [WARNING]   -> ECHEC (ni IBKR ni Stooq) pour CNC : Aucune donnée (ni IBKR ni Stooq) pour CNC -- TROU DE COUVERTURE.
2026-07-30 21:31:22,849 [INFO] [103/503] CNP (CenterPoint Energy), depuis 2010-01-01...
2026-07-30 21:31:23,045 [ERROR] Error 321, reqId 208: Error validating request.-'bH' : cause - Historical data requests for durations longer than 365 days must be made in years., contract: Contract(secType='STK', conId=8093, symbol='CNP', exchange='SMART', primaryExchange='NYSE', currency='USD', localSymbol='CNP', tradingClass='CNP')
2026-07-30 21:31:35,767 [WARNING]   -> ECHEC (ni IBKR ni Stooq) pour CNP : Aucune donnée (ni IBKR ni Stooq) pour CNP -- TROU DE COUVERTURE.
2026-07-30 21:31:35,768 [INFO] [104/503] COF (Capital One), depuis 2010-01-01...
2026-07-30 21:31:35,887 [ERROR] Error 321, reqId 210: Error validating request.-'bH' : cause - Historical data requests for durations longer than 365 days must be made in years., contract: Contract(secType='STK', conId=5941, symbol='COF', exchange='SMART', primaryExchange='NYSE', currency='USD', localSymbol='COF', tradingClass='COF')
2026-07-30 21:31:49,537 [WARNING]   -> ECHEC (ni IBKR ni Stooq) pour COF : Aucune donnée (ni IBKR ni Stooq) pour COF -- TROU DE COUVERTURE.
2026-07-30 21:31:49,538 [INFO] [105/503] COHR (Coherent Corp.), depuis 2010-01-01...
2026-07-30 21:31:49,602 [ERROR] Error 321, reqId 212: Error validating request.-'bH' : cause - Historical data requests for durations longer than 365 days must be made in years., contract: Contract(secType='STK', conId=584127832, symbol='COHR', exchange='SMART', primaryExchange='NYSE', currency='USD', localSymbol='COHR', tradingClass='COHR')
2026-07-30 21:32:02,357 [WARNING]   -> ECHEC (ni IBKR ni Stooq) pour COHR : Aucune donnée (ni IBKR ni Stooq) pour COHR -- TROU DE COUVERTURE.
2026-07-30 21:32:02,358 [INFO] [106/503] COIN (Coinbase), depuis 2010-01-01...
2026-07-30 21:32:02,461 [ERROR] Error 321, reqId 214: Error validating request.-'bH' : cause - Historical data requests for durations longer than 365 days must be made in years., contract: Contract(secType='STK', conId=481691285, symbol='COIN', exchange='SMART', primaryExchange='NASDAQ', currency='USD', localSymbol='COIN', tradingClass='NMS')
2026-07-30 21:32:15,010 [WARNING]   -> ECHEC (ni IBKR ni Stooq) pour COIN : Aucune donnée (ni IBKR ni Stooq) pour COIN -- TROU DE COUVERTURE.
2026-07-30 21:32:15,014 [INFO] [107/503] COO (Cooper Companies (The)), depuis 2010-01-01...
2026-07-30 21:32:15,092 [ERROR] Error 321, reqId 216: Error validating request.-'bH' : cause - Historical data requests for durations longer than 365 days must be made in years., contract: Contract(secType='STK', conId=685217803, symbol='COO', exchange='SMART', primaryExchange='NASDAQ', currency='USD', localSymbol='COO', tradingClass='NMS')
2026-07-30 21:32:27,739 [WARNING]   -> ECHEC (ni IBKR ni Stooq) pour COO : Aucune donnée (ni IBKR ni Stooq) pour COO -- TROU DE COUVERTURE.
2026-07-30 21:32:27,741 [INFO] [108/503] COP (ConocoPhillips), depuis 2010-01-01...
2026-07-30 21:32:27,843 [ERROR] Error 321, reqId 218: Error validating request.-'bH' : cause - Historical data requests for durations longer than 365 days must be made in years., contract: Contract(secType='STK', conId=10885, symbol='COP', exchange='SMART', primaryExchange='NYSE', currency='USD', localSymbol='COP', tradingClass='COP')
2026-07-30 21:32:40,700 [WARNING]   -> ECHEC (ni IBKR ni Stooq) pour COP : Aucune donnée (ni IBKR ni Stooq) pour COP -- TROU DE COUVERTURE.
2026-07-30 21:32:40,702 [INFO] [109/503] COR (Cencora), depuis 2010-01-01...
2026-07-30 21:32:40,808 [ERROR] Error 321, reqId 220: Error validating request.-'bH' : cause - Historical data requests for durations longer than 365 days must be made in years., contract: Contract(secType='STK', conId=1714996, symbol='COR', exchange='SMART', primaryExchange='NYSE', currency='USD', localSymbol='COR', tradingClass='COR')
2026-07-30 21:32:53,428 [WARNING]   -> ECHEC (ni IBKR ni Stooq) pour COR : Aucune donnée (ni IBKR ni Stooq) pour COR -- TROU DE COUVERTURE.
2026-07-30 21:32:53,430 [INFO] [110/503] COST (Costco), depuis 2010-01-01...
2026-07-30 21:32:53,509 [ERROR] Error 321, reqId 222: Error validating request.-'bH' : cause - Historical data requests for durations longer than 365 days must be made in years., contract: Contract(secType='STK', conId=272997, symbol='COST', exchange='SMART', primaryExchange='NASDAQ', currency='USD', localSymbol='COST', tradingClass='NMS')
2026-07-30 21:33:06,494 [WARNING]   -> ECHEC (ni IBKR ni Stooq) pour COST : Aucune donnée (ni IBKR ni Stooq) pour COST -- TROU DE COUVERTURE.
2026-07-30 21:33:06,495 [INFO] [111/503] CPAY (Corpay), depuis 2010-01-01...
2026-07-30 21:33:06,591 [ERROR] Error 321, reqId 224: Error validating request.-'bH' : cause - Historical data requests for durations longer than 365 days must be made in years., contract: Contract(secType='STK', conId=691994611, symbol='CPAY', exchange='SMART', primaryExchange='NYSE', currency='USD', localSymbol='CPAY', tradingClass='CPAY')
2026-07-30 21:33:19,459 [WARNING]   -> ECHEC (ni IBKR ni Stooq) pour CPAY : Aucune donnée (ni IBKR ni Stooq) pour CPAY -- TROU DE COUVERTURE.
2026-07-30 21:33:19,462 [INFO] [112/503] CPRT (Copart), depuis 2010-01-01...
2026-07-30 21:33:19,569 [ERROR] Error 321, reqId 226: Error validating request.-'bH' : cause - Historical data requests for durations longer than 365 days must be made in years., contract: Contract(secType='STK', conId=4728523, symbol='CPRT', exchange='SMART', primaryExchange='NASDAQ', currency='USD', localSymbol='CPRT', tradingClass='NMS')
2026-07-30 21:33:32,119 [WARNING]   -> ECHEC (ni IBKR ni Stooq) pour CPRT : Aucune donnée (ni IBKR ni Stooq) pour CPRT -- TROU DE COUVERTURE.
2026-07-30 21:33:32,122 [INFO] [113/503] CPT (Camden Property Trust), depuis 2010-01-01...
2026-07-30 21:33:32,202 [ERROR] Error 321, reqId 228: Error validating request.-'bH' : cause - Historical data requests for durations longer than 365 days must be made in years., contract: Contract(secType='STK', conId=6004, symbol='CPT', exchange='SMART', primaryExchange='NYSE', currency='USD', localSymbol='CPT', tradingClass='CPT')
2026-07-30 21:33:44,957 [WARNING]   -> ECHEC (ni IBKR ni Stooq) pour CPT : Aucune donnée (ni IBKR ni Stooq) pour CPT -- TROU DE COUVERTURE.
2026-07-30 21:33:44,958 [INFO] [114/503] CRH (CRH plc), depuis 2010-01-01...
2026-07-30 21:33:45,053 [ERROR] Error 321, reqId 230: Error validating request.-'bH' : cause - Historical data requests for durations longer than 365 days must be made in years., contract: Contract(secType='STK', conId=655276609, symbol='CRH', exchange='SMART', primaryExchange='NYSE', currency='USD', localSymbol='CRH', tradingClass='CRH')
2026-07-30 21:33:57,753 [WARNING]   -> ECHEC (ni IBKR ni Stooq) pour CRH : Aucune donnée (ni IBKR ni Stooq) pour CRH -- TROU DE COUVERTURE.
2026-07-30 21:33:57,756 [INFO] [115/503] CRL (Charles River Laboratories), depuis 2010-01-01...
2026-07-30 21:33:57,849 [ERROR] Error 321, reqId 232: Error validating request.-'bH' : cause - Historical data requests for durations longer than 365 days must be made in years., contract: Contract(secType='STK', conId=2730877, symbol='CRL', exchange='SMART', primaryExchange='NYSE', currency='USD', localSymbol='CRL', tradingClass='CRL')
2026-07-30 21:34:10,406 [WARNING]   -> ECHEC (ni IBKR ni Stooq) pour CRL : Aucune donnée (ni IBKR ni Stooq) pour CRL -- TROU DE COUVERTURE.
2026-07-30 21:34:10,409 [INFO] [116/503] CRM (Salesforce), depuis 2010-01-01...
2026-07-30 21:34:10,509 [ERROR] Error 321, reqId 234: Error validating request.-'bH' : cause - Historical data requests for durations longer than 365 days must be made in years., contract: Contract(secType='STK', conId=29624264, symbol='CRM', exchange='SMART', primaryExchange='NYSE', currency='USD', localSymbol='CRM', tradingClass='CRM')
2026-07-30 21:34:23,118 [WARNING]   -> ECHEC (ni IBKR ni Stooq) pour CRM : Aucune donnée (ni IBKR ni Stooq) pour CRM -- TROU DE COUVERTURE.
2026-07-30 21:34:23,120 [INFO] [117/503] CRWD (CrowdStrike), depuis 2010-01-01...
2026-07-30 21:34:23,177 [ERROR] Error 321, reqId 236: Error validating request.-'bH' : cause - Historical data requests for durations longer than 365 days must be made in years., contract: Contract(secType='STK', conId=370757467, symbol='CRWD', exchange='SMART', primaryExchange='NASDAQ', currency='USD', localSymbol='CRWD', tradingClass='NMS')
2026-07-30 21:34:35,850 [WARNING]   -> ECHEC (ni IBKR ni Stooq) pour CRWD : Aucune donnée (ni IBKR ni Stooq) pour CRWD -- TROU DE COUVERTURE.
2026-07-30 21:34:35,851 [INFO] [118/503] CSCO (Cisco), depuis 2010-01-01...
2026-07-30 21:34:35,952 [ERROR] Error 321, reqId 238: Error validating request.-'bH' : cause - Historical data requests for durations longer than 365 days must be made in years., contract: Contract(secType='STK', conId=268084, symbol='CSCO', exchange='SMART', primaryExchange='NASDAQ', currency='USD', localSymbol='CSCO', tradingClass='NMS')
2026-07-30 21:34:48,575 [WARNING]   -> ECHEC (ni IBKR ni Stooq) pour CSCO : Aucune donnée (ni IBKR ni Stooq) pour CSCO -- TROU DE COUVERTURE.
2026-07-30 21:34:48,577 [INFO] [119/503] CSGP (CoStar Group), depuis 2010-01-01...
2026-07-30 21:34:48,672 [ERROR] Error 321, reqId 240: Error validating request.-'bH' : cause - Historical data requests for durations longer than 365 days must be made in years., contract: Contract(secType='STK', conId=6726677, symbol='CSGP', exchange='SMART', primaryExchange='NASDAQ', currency='USD', localSymbol='CSGP', tradingClass='NMS')
2026-07-30 21:35:01,277 [WARNING]   -> ECHEC (ni IBKR ni Stooq) pour CSGP : Aucune donnée (ni IBKR ni Stooq) pour CSGP -- TROU DE COUVERTURE.
2026-07-30 21:35:01,279 [INFO] [120/503] CSX (CSX Corporation), depuis 2010-01-01...
2026-07-30 21:35:01,370 [ERROR] Error 321, reqId 242: Error validating request.-'bH' : cause - Historical data requests for durations longer than 365 days must be made in years., contract: Contract(secType='STK', conId=6150, symbol='CSX', exchange='SMART', primaryExchange='NASDAQ', currency='USD', localSymbol='CSX', tradingClass='NMS')
2026-07-30 21:35:14,236 [WARNING]   -> ECHEC (ni IBKR ni Stooq) pour CSX : Aucune donnée (ni IBKR ni Stooq) pour CSX -- TROU DE COUVERTURE.
2026-07-30 21:35:14,237 [INFO] [121/503] CTAS (Cintas), depuis 2010-01-01...
2026-07-30 21:35:14,400 [ERROR] Error 321, reqId 244: Error validating request.-'bH' : cause - Historical data requests for durations longer than 365 days must be made in years., contract: Contract(secType='STK', conId=268149, symbol='CTAS', exchange='SMART', primaryExchange='NASDAQ', currency='USD', localSymbol='CTAS', tradingClass='NMS')
2026-07-30 21:35:27,193 [WARNING]   -> ECHEC (ni IBKR ni Stooq) pour CTAS : Aucune donnée (ni IBKR ni Stooq) pour CTAS -- TROU DE COUVERTURE.
2026-07-30 21:35:27,196 [INFO] [122/503] CTSH (Cognizant), depuis 2010-01-01...
2026-07-30 21:35:27,569 [ERROR] Error 321, reqId 246: Error validating request.-'bH' : cause - Historical data requests for durations longer than 365 days must be made in years., contract: Contract(secType='STK', conId=4728759, symbol='CTSH', exchange='SMART', primaryExchange='NASDAQ', currency='USD', localSymbol='CTSH', tradingClass='NMS')
2026-07-30 21:35:43,177 [WARNING]   -> ECHEC (ni IBKR ni Stooq) pour CTSH : Aucune donnée (ni IBKR ni Stooq) pour CTSH -- TROU DE COUVERTURE.
2026-07-30 21:35:43,178 [INFO] [123/503] CTVA (Corteva), depuis 2010-01-01...
2026-07-30 21:35:43,273 [ERROR] Error 321, reqId 248: Error validating request.-'bH' : cause - Historical data requests for durations longer than 365 days must be made in years., contract: Contract(secType='STK', conId=366239371, symbol='CTVA', exchange='SMART', primaryExchange='NYSE', currency='USD', localSymbol='CTVA', tradingClass='CTVA')
2026-07-30 21:35:57,064 [WARNING]   -> ECHEC (ni IBKR ni Stooq) pour CTVA : Aucune donnée (ni IBKR ni Stooq) pour CTVA -- TROU DE COUVERTURE.
2026-07-30 21:35:57,064 [INFO] [124/503] CVNA (Carvana), depuis 2010-01-01...
2026-07-30 21:35:57,141 [ERROR] Error 321, reqId 250: Error validating request.-'bH' : cause - Historical data requests for durations longer than 365 days must be made in years., contract: Contract(secType='STK', conId=274144952, symbol='CVNA', exchange='SMART', primaryExchange='NYSE', currency='USD', localSymbol='CVNA', tradingClass='CVNA')
2026-07-30 21:36:09,850 [WARNING]   -> ECHEC (ni IBKR ni Stooq) pour CVNA : Aucune donnée (ni IBKR ni Stooq) pour CVNA -- TROU DE COUVERTURE.
2026-07-30 21:36:09,851 [INFO] [125/503] CVS (CVS Health), depuis 2010-01-01...
2026-07-30 21:36:09,948 [ERROR] Error 321, reqId 252: Error validating request.-'bH' : cause - Historical data requests for durations longer than 365 days must be made in years., contract: Contract(secType='STK', conId=2585769, symbol='CVS', exchange='SMART', primaryExchange='NYSE', currency='USD', localSymbol='CVS', tradingClass='CVS')
2026-07-30 21:36:22,599 [WARNING]   -> ECHEC (ni IBKR ni Stooq) pour CVS : Aucune donnée (ni IBKR ni Stooq) pour CVS -- TROU DE COUVERTURE.
2026-07-30 21:36:22,601 [INFO] [126/503] CVX (Chevron Corporation), depuis 2010-01-01...
2026-07-30 21:36:22,690 [ERROR] Error 321, reqId 254: Error validating request.-'bH' : cause - Historical data requests for durations longer than 365 days must be made in years., contract: Contract(secType='STK', conId=5684, symbol='CVX', exchange='SMART', primaryExchange='NYSE', currency='USD', localSymbol='CVX', tradingClass='CVX')
2026-07-30 21:36:35,486 [WARNING]   -> ECHEC (ni IBKR ni Stooq) pour CVX : Aucune donnée (ni IBKR ni Stooq) pour CVX -- TROU DE COUVERTURE.
2026-07-30 21:36:35,488 [INFO] [127/503] D (Dominion Energy), depuis 2010-01-01...
2026-07-30 21:36:35,576 [ERROR] Error 321, reqId 256: Error validating request.-'bH' : cause - Historical data requests for durations longer than 365 days must be made in years., contract: Contract(secType='STK', conId=6327, symbol='D', exchange='SMART', primaryExchange='NYSE', currency='USD', localSymbol='D', tradingClass='D')
2026-07-30 21:36:48,456 [WARNING]   -> ECHEC (ni IBKR ni Stooq) pour D : Aucune donnée (ni IBKR ni Stooq) pour D -- TROU DE COUVERTURE.
2026-07-30 21:36:48,457 [INFO] [128/503] DAL (Delta Air Lines), depuis 2010-01-01...
2026-07-30 21:36:48,590 [ERROR] Error 321, reqId 258: Error validating request.-'bH' : cause - Historical data requests for durations longer than 365 days must be made in years., contract: Contract(secType='STK', conId=44001820, symbol='DAL', exchange='SMART', primaryExchange='NYSE', currency='USD', localSymbol='DAL', tradingClass='DAL')
2026-07-30 21:37:01,492 [WARNING]   -> ECHEC (ni IBKR ni Stooq) pour DAL : Aucune donnée (ni IBKR ni Stooq) pour DAL -- TROU DE COUVERTURE.
2026-07-30 21:37:01,493 [INFO] [129/503] DASH (DoorDash), depuis 2010-01-01...
2026-07-30 21:37:01,579 [ERROR] Error 321, reqId 260: Error validating request.-'bH' : cause - Historical data requests for durations longer than 365 days must be made in years., contract: Contract(secType='STK', conId=459309417, symbol='DASH', exchange='SMART', primaryExchange='NASDAQ', currency='USD', localSymbol='DASH', tradingClass='NMS')
2026-07-30 21:37:14,423 [WARNING]   -> ECHEC (ni IBKR ni Stooq) pour DASH : Aucune donnée (ni IBKR ni Stooq) pour DASH -- TROU DE COUVERTURE.
2026-07-30 21:37:14,424 [INFO] [130/503] DD (DuPont), depuis 2010-01-01...
2026-07-30 21:37:14,638 [ERROR] Error 321, reqId 262: Error validating request.-'bH' : cause - Historical data requests for durations longer than 365 days must be made in years., contract: Contract(secType='STK', conId=887235923, symbol='DD', exchange='SMART', primaryExchange='NYSE', currency='USD', localSymbol='DD', tradingClass='DD')
2026-07-30 21:37:27,382 [WARNING]   -> ECHEC (ni IBKR ni Stooq) pour DD : Aucune donnée (ni IBKR ni Stooq) pour DD -- TROU DE COUVERTURE.
2026-07-30 21:37:27,385 [INFO] [131/503] DDOG (Datadog), depuis 2010-01-01...
2026-07-30 21:37:27,476 [ERROR] Error 321, reqId 264: Error validating request.-'bH' : cause - Historical data requests for durations longer than 365 days must be made in years., contract: Contract(secType='STK', conId=383858515, symbol='DDOG', exchange='SMART', primaryExchange='NASDAQ', currency='USD', localSymbol='DDOG', tradingClass='NMS')
2026-07-30 21:37:40,269 [WARNING]   -> ECHEC (ni IBKR ni Stooq) pour DDOG : Aucune donnée (ni IBKR ni Stooq) pour DDOG -- TROU DE COUVERTURE.
2026-07-30 21:37:40,272 [INFO] [132/503] DE (Deere & Company), depuis 2010-01-01...
2026-07-30 21:37:40,347 [ERROR] Error 321, reqId 266: Error validating request.-'bH' : cause - Historical data requests for durations longer than 365 days must be made in years., contract: Contract(secType='STK', conId=6393, symbol='DE', exchange='SMART', primaryExchange='NYSE', currency='USD', localSymbol='DE', tradingClass='DE')
2026-07-30 21:37:53,109 [WARNING]   -> ECHEC (ni IBKR ni Stooq) pour DE : Aucune donnée (ni IBKR ni Stooq) pour DE -- TROU DE COUVERTURE.
2026-07-30 21:37:53,110 [INFO] [133/503] DECK (Deckers Brands), depuis 2010-01-01...
2026-07-30 21:37:53,380 [ERROR] Error 321, reqId 268: Error validating request.-'bH' : cause - Historical data requests for durations longer than 365 days must be made in years., contract: Contract(secType='STK', conId=268376, symbol='DECK', exchange='SMART', primaryExchange='NYSE', currency='USD', localSymbol='DECK', tradingClass='DECK')
2026-07-30 21:38:06,934 [WARNING]   -> ECHEC (ni IBKR ni Stooq) pour DECK : Aucune donnée (ni IBKR ni Stooq) pour DECK -- TROU DE COUVERTURE.
2026-07-30 21:38:06,935 [INFO] [134/503] DELL (Dell Technologies), depuis 2010-01-01...
2026-07-30 21:38:07,095 [ERROR] Error 321, reqId 270: Error validating request.-'bH' : cause - Historical data requests for durations longer than 365 days must be made in years., contract: Contract(secType='STK', conId=346218218, symbol='DELL', exchange='SMART', primaryExchange='NYSE', currency='USD', localSymbol='DELL', tradingClass='DELL')
2026-07-30 21:38:19,956 [WARNING]   -> ECHEC (ni IBKR ni Stooq) pour DELL : Aucune donnée (ni IBKR ni Stooq) pour DELL -- TROU DE COUVERTURE.
2026-07-30 21:38:19,957 [INFO] [135/503] DG (Dollar General), depuis 2010-01-01...
2026-07-30 21:38:20,046 [ERROR] Error 321, reqId 272: Error validating request.-'bH' : cause - Historical data requests for durations longer than 365 days must be made in years., contract: Contract(secType='STK', conId=70212228, symbol='DG', exchange='SMART', primaryExchange='NYSE', currency='USD', localSymbol='DG', tradingClass='DG')
2026-07-30 21:38:32,716 [WARNING]   -> ECHEC (ni IBKR ni Stooq) pour DG : Aucune donnée (ni IBKR ni Stooq) pour DG -- TROU DE COUVERTURE.
2026-07-30 21:38:32,717 [INFO] [136/503] DGX (Quest Diagnostics), depuis 2010-01-01...
2026-07-30 21:38:32,838 [ERROR] Error 321, reqId 274: Error validating request.-'bH' : cause - Historical data requests for durations longer than 365 days must be made in years., contract: Contract(secType='STK', conId=2459465, symbol='DGX', exchange='SMART', primaryExchange='NYSE', currency='USD', localSymbol='DGX', tradingClass='DGX')
2026-07-30 21:38:45,490 [WARNING]   -> ECHEC (ni IBKR ni Stooq) pour DGX : Aucune donnée (ni IBKR ni Stooq) pour DGX -- TROU DE COUVERTURE.
2026-07-30 21:38:45,491 [INFO] [137/503] DHI (D. R. Horton), depuis 2010-01-01...
2026-07-30 21:38:45,548 [ERROR] Error 321, reqId 276: Error validating request.-'bH' : cause - Historical data requests for durations longer than 365 days must be made in years., contract: Contract(secType='STK', conId=268627, symbol='DHI', exchange='SMART', primaryExchange='NYSE', currency='USD', localSymbol='DHI', tradingClass='DHI')
2026-07-30 21:38:58,253 [WARNING]   -> ECHEC (ni IBKR ni Stooq) pour DHI : Aucune donnée (ni IBKR ni Stooq) pour DHI -- TROU DE COUVERTURE.
2026-07-30 21:38:58,255 [INFO] [138/503] DHR (Danaher Corporation), depuis 2010-01-01...
2026-07-30 21:38:58,335 [ERROR] Error 321, reqId 278: Error validating request.-'bH' : cause - Historical data requests for durations longer than 365 days must be made in years., contract: Contract(secType='STK', conId=6442, symbol='DHR', exchange='SMART', primaryExchange='NYSE', currency='USD', localSymbol='DHR', tradingClass='DHR')
2026-07-30 21:39:11,039 [WARNING]   -> ECHEC (ni IBKR ni Stooq) pour DHR : Aucune donnée (ni IBKR ni Stooq) pour DHR -- TROU DE COUVERTURE.
2026-07-30 21:39:11,041 [INFO] [139/503] DIS (Walt Disney Company (The)), depuis 2010-01-01...
2026-07-30 21:39:11,170 [ERROR] Error 321, reqId 280: Error validating request.-'bH' : cause - Historical data requests for durations longer than 365 days must be made in years., contract: Contract(secType='STK', conId=6459, symbol='DIS', exchange='SMART', primaryExchange='NYSE', currency='USD', localSymbol='DIS', tradingClass='DIS')
2026-07-30 21:39:23,947 [WARNING]   -> ECHEC (ni IBKR ni Stooq) pour DIS : Aucune donnée (ni IBKR ni Stooq) pour DIS -- TROU DE COUVERTURE.
2026-07-30 21:39:23,948 [INFO] [140/503] DLR (Digital Realty), depuis 2010-01-01...
2026-07-30 21:39:24,034 [ERROR] Error 321, reqId 282: Error validating request.-'bH' : cause - Historical data requests for durations longer than 365 days must be made in years., contract: Contract(secType='STK', conId=31832526, symbol='DLR', exchange='SMART', primaryExchange='NYSE', currency='USD', localSymbol='DLR', tradingClass='DLR')
2026-07-30 21:39:36,636 [WARNING]   -> ECHEC (ni IBKR ni Stooq) pour DLR : Aucune donnée (ni IBKR ni Stooq) pour DLR -- TROU DE COUVERTURE.
2026-07-30 21:39:36,661 [INFO] [141/503] DLTR (Dollar Tree), depuis 2010-01-01...
2026-07-30 21:39:36,764 [ERROR] Error 321, reqId 284: Error validating request.-'bH' : cause - Historical data requests for durations longer than 365 days must be made in years., contract: Contract(secType='STK', conId=49388062, symbol='DLTR', exchange='SMART', primaryExchange='NASDAQ', currency='USD', localSymbol='DLTR', tradingClass='NMS')
2026-07-30 21:39:49,534 [WARNING]   -> ECHEC (ni IBKR ni Stooq) pour DLTR : Aucune donnée (ni IBKR ni Stooq) pour DLTR -- TROU DE COUVERTURE.
2026-07-30 21:39:49,536 [INFO] [142/503] DOC (Healthpeak Properties), depuis 2010-01-01...
2026-07-30 21:39:49,641 [ERROR] Error 321, reqId 286: Error validating request.-'bH' : cause - Historical data requests for durations longer than 365 days must be made in years., contract: Contract(secType='STK', conId=389700396, symbol='DOC', exchange='SMART', primaryExchange='NYSE', currency='USD', localSymbol='DOC', tradingClass='DOC')
2026-07-30 21:40:02,237 [WARNING]   -> ECHEC (ni IBKR ni Stooq) pour DOC : Aucune donnée (ni IBKR ni Stooq) pour DOC -- TROU DE COUVERTURE.
2026-07-30 21:40:02,238 [INFO] [143/503] DOV (Dover Corporation), depuis 2010-01-01...
2026-07-30 21:40:02,326 [ERROR] Error 321, reqId 288: Error validating request.-'bH' : cause - Historical data requests for durations longer than 365 days must be made in years., contract: Contract(secType='STK', conId=6517, symbol='DOV', exchange='SMART', primaryExchange='NYSE', currency='USD', localSymbol='DOV', tradingClass='DOV')
2026-07-30 21:40:14,966 [WARNING]   -> ECHEC (ni IBKR ni Stooq) pour DOV : Aucune donnée (ni IBKR ni Stooq) pour DOV -- TROU DE COUVERTURE.
2026-07-30 21:40:14,969 [INFO] [144/503] DOW (Dow Inc.), depuis 2010-01-01...
2026-07-30 21:40:15,086 [ERROR] Error 321, reqId 290: Error validating request.-'bH' : cause - Historical data requests for durations longer than 365 days must be made in years., contract: Contract(secType='STK', conId=356576040, symbol='DOW', exchange='SMART', primaryExchange='NYSE', currency='USD', localSymbol='DOW', tradingClass='DOW')
2026-07-30 21:40:27,756 [WARNING]   -> ECHEC (ni IBKR ni Stooq) pour DOW : Aucune donnée (ni IBKR ni Stooq) pour DOW -- TROU DE COUVERTURE.
2026-07-30 21:40:27,758 [INFO] [145/503] DPZ (Domino's), depuis 2010-01-01...
2026-07-30 21:40:27,821 [ERROR] Error 321, reqId 292: Error validating request.-'bH' : cause - Historical data requests for durations longer than 365 days must be made in years., contract: Contract(secType='STK', conId=29831612, symbol='DPZ', exchange='SMART', primaryExchange='NASDAQ', currency='USD', localSymbol='DPZ', tradingClass='NMS')
2026-07-30 21:40:40,489 [WARNING]   -> ECHEC (ni IBKR ni Stooq) pour DPZ : Aucune donnée (ni IBKR ni Stooq) pour DPZ -- TROU DE COUVERTURE.
2026-07-30 21:40:40,490 [INFO] [146/503] DRI (Darden Restaurants), depuis 2010-01-01...
2026-07-30 21:40:40,554 [ERROR] Error 321, reqId 294: Error validating request.-'bH' : cause - Historical data requests for durations longer than 365 days must be made in years., contract: Contract(secType='STK', conId=661440, symbol='DRI', exchange='SMART', primaryExchange='NYSE', currency='USD', localSymbol='DRI', tradingClass='DRI')
2026-07-30 21:40:53,213 [WARNING]   -> ECHEC (ni IBKR ni Stooq) pour DRI : Aucune donnée (ni IBKR ni Stooq) pour DRI -- TROU DE COUVERTURE.
2026-07-30 21:40:53,214 [INFO] [147/503] DTE (DTE Energy), depuis 2010-01-01...
2026-07-30 21:40:53,291 [ERROR] Error 321, reqId 296: Error validating request.-'bH' : cause - Historical data requests for durations longer than 365 days must be made in years., contract: Contract(secType='STK', conId=6585, symbol='DTE', exchange='SMART', primaryExchange='NYSE', currency='USD', localSymbol='DTE', tradingClass='DTE')
2026-07-30 21:41:06,017 [WARNING]   -> ECHEC (ni IBKR ni Stooq) pour DTE : Aucune donnée (ni IBKR ni Stooq) pour DTE -- TROU DE COUVERTURE.
2026-07-30 21:41:06,044 [INFO] [148/503] DUK (Duke Energy), depuis 2010-01-01...
2026-07-30 21:41:06,111 [ERROR] Error 321, reqId 298: Error validating request.-'bH' : cause - Historical data requests for durations longer than 365 days must be made in years., contract: Contract(secType='STK', conId=110176011, symbol='DUK', exchange='SMART', primaryExchange='NYSE', currency='USD', localSymbol='DUK', tradingClass='DUK')
2026-07-30 21:41:19,154 [WARNING]   -> ECHEC (ni IBKR ni Stooq) pour DUK : Aucune donnée (ni IBKR ni Stooq) pour DUK -- TROU DE COUVERTURE.
2026-07-30 21:41:19,158 [INFO] [149/503] DVA (DaVita), depuis 2010-01-01...
2026-07-30 21:41:19,230 [ERROR] Error 321, reqId 300: Error validating request.-'bH' : cause - Historical data requests for durations longer than 365 days must be made in years., contract: Contract(secType='STK', conId=1035459, symbol='DVA', exchange='SMART', primaryExchange='NYSE', currency='USD', localSymbol='DVA', tradingClass='DVA')
2026-07-30 21:41:31,864 [WARNING]   -> ECHEC (ni IBKR ni Stooq) pour DVA : Aucune donnée (ni IBKR ni Stooq) pour DVA -- TROU DE COUVERTURE.
2026-07-30 21:41:31,865 [INFO] [150/503] DVN (Devon Energy), depuis 2010-01-01...
2026-07-30 21:41:32,072 [ERROR] Error 321, reqId 302: Error validating request.-'bH' : cause - Historical data requests for durations longer than 365 days must be made in years., contract: Contract(secType='STK', conId=754442, symbol='DVN', exchange='SMART', primaryExchange='NYSE', currency='USD', localSymbol='DVN', tradingClass='DVN')
2026-07-30 21:41:44,769 [WARNING]   -> ECHEC (ni IBKR ni Stooq) pour DVN : Aucune donnée (ni IBKR ni Stooq) pour DVN -- TROU DE COUVERTURE.
2026-07-30 21:41:44,776 [INFO] [151/503] DXCM (Dexcom), depuis 2010-01-01...
2026-07-30 21:41:45,034 [ERROR] Error 321, reqId 304: Error validating request.-'bH' : cause - Historical data requests for durations longer than 365 days must be made in years., contract: Contract(secType='STK', conId=33837089, symbol='DXCM', exchange='SMART', primaryExchange='NASDAQ', currency='USD', localSymbol='DXCM', tradingClass='NMS')
2026-07-30 21:41:57,760 [WARNING]   -> ECHEC (ni IBKR ni Stooq) pour DXCM : Aucune donnée (ni IBKR ni Stooq) pour DXCM -- TROU DE COUVERTURE.
2026-07-30 21:41:57,761 [INFO] [152/503] EA (Electronic Arts), depuis 2010-01-01...
2026-07-30 21:41:57,825 [ERROR] Error 321, reqId 306: Error validating request.-'bH' : cause - Historical data requests for durations longer than 365 days must be made in years., contract: Contract(secType='STK', conId=268995, symbol='EA', exchange='SMART', primaryExchange='NASDAQ', currency='USD', localSymbol='EA', tradingClass='NMS')
2026-07-30 21:42:10,791 [WARNING]   -> ECHEC (ni IBKR ni Stooq) pour EA : Aucune donnée (ni IBKR ni Stooq) pour EA -- TROU DE COUVERTURE.
2026-07-30 21:42:10,793 [INFO] [153/503] EBAY (eBay Inc.), depuis 2010-01-01...
2026-07-30 21:42:10,942 [ERROR] Error 321, reqId 308: Error validating request.-'bH' : cause - Historical data requests for durations longer than 365 days must be made in years., contract: Contract(secType='STK', conId=4347086, symbol='EBAY', exchange='SMART', primaryExchange='NASDAQ', currency='USD', localSymbol='EBAY', tradingClass='NMS')
2026-07-30 21:42:28,367 [WARNING]   -> ECHEC (ni IBKR ni Stooq) pour EBAY : Aucune donnée (ni IBKR ni Stooq) pour EBAY -- TROU DE COUVERTURE.
2026-07-30 21:42:28,368 [INFO] [154/503] ECHO (EchoStar), depuis 2010-01-01...
2026-07-30 21:42:28,470 [ERROR] Error 321, reqId 310: Error validating request.-'bH' : cause - Historical data requests for durations longer than 365 days must be made in years., contract: Contract(secType='STK', conId=47965865, symbol='ECHO', exchange='SMART', primaryExchange='NASDAQ', currency='USD', localSymbol='ECHO', tradingClass='NMS')
2026-07-30 21:42:41,812 [WARNING]   -> ECHEC (ni IBKR ni Stooq) pour ECHO : Aucune donnée (ni IBKR ni Stooq) pour ECHO -- TROU DE COUVERTURE.
2026-07-30 21:42:41,816 [INFO] [155/503] ECL (Ecolab), depuis 2010-01-01...
2026-07-30 21:42:42,016 [ERROR] Error 321, reqId 312: Error validating request.-'bH' : cause - Historical data requests for durations longer than 365 days must be made in years., contract: Contract(secType='STK', conId=6682, symbol='ECL', exchange='SMART', primaryExchange='NYSE', currency='USD', localSymbol='ECL', tradingClass='ECL')
2026-07-30 21:42:54,675 [WARNING]   -> ECHEC (ni IBKR ni Stooq) pour ECL : Aucune donnée (ni IBKR ni Stooq) pour ECL -- TROU DE COUVERTURE.
2026-07-30 21:42:54,676 [INFO] [156/503] ED (Consolidated Edison), depuis 2010-01-01...
2026-07-30 21:42:54,754 [ERROR] Error 321, reqId 314: Error validating request.-'bH' : cause - Historical data requests for durations longer than 365 days must be made in years., contract: Contract(secType='STK', conId=6691, symbol='ED', exchange='SMART', primaryExchange='NYSE', currency='USD', localSymbol='ED', tradingClass='ED')
2026-07-30 21:43:07,538 [WARNING]   -> ECHEC (ni IBKR ni Stooq) pour ED : Aucune donnée (ni IBKR ni Stooq) pour ED -- TROU DE COUVERTURE.
2026-07-30 21:43:07,539 [INFO] [157/503] EFX (Equifax), depuis 2010-01-01...
2026-07-30 21:43:07,650 [ERROR] Error 321, reqId 316: Error validating request.-'bH' : cause - Historical data requests for durations longer than 365 days must be made in years., contract: Contract(secType='STK', conId=6735, symbol='EFX', exchange='SMART', primaryExchange='NYSE', currency='USD', localSymbol='EFX', tradingClass='EFX')
2026-07-30 21:43:22,176 [WARNING]   -> ECHEC (ni IBKR ni Stooq) pour EFX : Aucune donnée (ni IBKR ni Stooq) pour EFX -- TROU DE COUVERTURE.
2026-07-30 21:43:22,177 [INFO] [158/503] EG (Everest Group), depuis 2010-01-01...
2026-07-30 21:43:22,805 [ERROR] Error 321, reqId 318: Error validating request.-'bH' : cause - Historical data requests for durations longer than 365 days must be made in years., contract: Contract(secType='STK', conId=6477725, symbol='EG', exchange='SMART', primaryExchange='NYSE', currency='USD', localSymbol='EG', tradingClass='EG')
2026-07-30 21:43:35,579 [WARNING]   -> ECHEC (ni IBKR ni Stooq) pour EG : Aucune donnée (ni IBKR ni Stooq) pour EG -- TROU DE COUVERTURE.
2026-07-30 21:43:35,583 [INFO] [159/503] EIX (Edison International), depuis 2010-01-01...
2026-07-30 21:43:35,718 [ERROR] Error 321, reqId 320: Error validating request.-'bH' : cause - Historical data requests for durations longer than 365 days must be made in years., contract: Contract(secType='STK', conId=11899, symbol='EIX', exchange='SMART', primaryExchange='NYSE', currency='USD', localSymbol='EIX', tradingClass='EIX')
2026-07-30 21:43:48,467 [WARNING]   -> ECHEC (ni IBKR ni Stooq) pour EIX : Aucune donnée (ni IBKR ni Stooq) pour EIX -- TROU DE COUVERTURE.
2026-07-30 21:43:48,469 [INFO] [160/503] EL (Estée Lauder Companies (The)), depuis 2010-01-01...
2026-07-30 21:43:48,929 [ERROR] Error 321, reqId 322: Error validating request.-'bH' : cause - Historical data requests for durations longer than 365 days must be made in years., contract: Contract(secType='STK', conId=1448477, symbol='EL', exchange='SMART', primaryExchange='NYSE', currency='USD', localSymbol='EL', tradingClass='EL')
2026-07-30 21:44:24,146 [WARNING]   -> ECHEC (ni IBKR ni Stooq) pour EL : Aucune donnée (ni IBKR ni Stooq) pour EL -- TROU DE COUVERTURE.
2026-07-30 21:44:24,147 [INFO] [161/503] ELV (Elevance Health), depuis 2010-01-01...
2026-07-30 21:44:28,657 [ERROR] Error 321, reqId 324: Error validating request.-'bH' : cause - Historical data requests for durations longer than 365 days must be made in years., contract: Contract(secType='STK', conId=173962302, symbol='ELV', exchange='SMART', primaryExchange='NYSE', currency='USD', localSymbol='ELV', tradingClass='ELV')
2026-07-30 21:44:46,891 [WARNING]   -> ECHEC (ni IBKR ni Stooq) pour ELV : Aucune donnée (ni IBKR ni Stooq) pour ELV -- TROU DE COUVERTURE.
2026-07-30 21:44:46,892 [INFO] [162/503] EME (Emcor), depuis 2010-01-01...
2026-07-30 21:44:47,100 [ERROR] Error 321, reqId 326: Error validating request.-'bH' : cause - Historical data requests for durations longer than 365 days must be made in years., contract: Contract(secType='STK', conId=6820, symbol='EME', exchange='SMART', primaryExchange='NYSE', currency='USD', localSymbol='EME', tradingClass='EME')
2026-07-30 21:45:03,125 [WARNING]   -> ECHEC (ni IBKR ni Stooq) pour EME : Aucune donnée (ni IBKR ni Stooq) pour EME -- TROU DE COUVERTURE.
2026-07-30 21:45:03,126 [INFO] [163/503] EMR (Emerson Electric), depuis 2010-01-01...
2026-07-30 21:45:03,259 [ERROR] Error 321, reqId 328: Error validating request.-'bH' : cause - Historical data requests for durations longer than 365 days must be made in years., contract: Contract(secType='STK', conId=6842, symbol='EMR', exchange='SMART', primaryExchange='NYSE', currency='USD', localSymbol='EMR', tradingClass='EMR')
2026-07-30 21:45:29,310 [WARNING]   -> ECHEC (ni IBKR ni Stooq) pour EMR : Aucune donnée (ni IBKR ni Stooq) pour EMR -- TROU DE COUVERTURE.
2026-07-30 21:45:29,312 [INFO] [164/503] EOG (EOG Resources), depuis 2010-01-01...
2026-07-30 21:45:31,960 [ERROR] Error 321, reqId 330: Error validating request.-'bH' : cause - Historical data requests for durations longer than 365 days must be made in years., contract: Contract(secType='STK', conId=6890, symbol='EOG', exchange='SMART', primaryExchange='NYSE', currency='USD', localSymbol='EOG', tradingClass='EOG')
2026-07-30 21:45:44,676 [WARNING]   -> ECHEC (ni IBKR ni Stooq) pour EOG : Aucune donnée (ni IBKR ni Stooq) pour EOG -- TROU DE COUVERTURE.
2026-07-30 21:45:44,678 [INFO] [165/503] EQIX (Equinix), depuis 2010-01-01...
2026-07-30 21:45:44,792 [ERROR] Error 321, reqId 332: Error validating request.-'bH' : cause - Historical data requests for durations longer than 365 days must be made in years., contract: Contract(secType='STK', conId=181764593, symbol='EQIX', exchange='SMART', primaryExchange='NASDAQ', currency='USD', localSymbol='EQIX', tradingClass='NMS')
2026-07-30 21:45:57,489 [WARNING]   -> ECHEC (ni IBKR ni Stooq) pour EQIX : Aucune donnée (ni IBKR ni Stooq) pour EQIX -- TROU DE COUVERTURE.
2026-07-30 21:45:57,492 [INFO] [166/503] EQR (Equity Residential), depuis 2010-01-01...
2026-07-30 21:45:57,581 [ERROR] Error 321, reqId 334: Error validating request.-'bH' : cause - Historical data requests for durations longer than 365 days must be made in years., contract: Contract(secType='STK', conId=6917, symbol='EQR', exchange='SMART', primaryExchange='NYSE', currency='USD', localSymbol='EQR', tradingClass='EQR')
2026-07-30 21:46:10,369 [WARNING]   -> ECHEC (ni IBKR ni Stooq) pour EQR : Aucune donnée (ni IBKR ni Stooq) pour EQR -- TROU DE COUVERTURE.
2026-07-30 21:46:10,371 [INFO] [167/503] EQT (EQT Corporation), depuis 2010-01-01...
2026-07-30 21:46:10,519 [ERROR] Error 321, reqId 336: Error validating request.-'bH' : cause - Historical data requests for durations longer than 365 days must be made in years., contract: Contract(secType='STK', conId=57698865, symbol='EQT', exchange='SMART', primaryExchange='NYSE', currency='USD', localSymbol='EQT', tradingClass='EQT')
2026-07-30 21:46:23,294 [WARNING]   -> ECHEC (ni IBKR ni Stooq) pour EQT : Aucune donnée (ni IBKR ni Stooq) pour EQT -- TROU DE COUVERTURE.
2026-07-30 21:46:23,295 [INFO] [168/503] ERIE (Erie Indemnity), depuis 2010-01-01...
2026-07-30 21:46:23,382 [ERROR] Error 321, reqId 338: Error validating request.-'bH' : cause - Historical data requests for durations longer than 365 days must be made in years., contract: Contract(secType='STK', conId=4730254, symbol='ERIE', exchange='SMART', primaryExchange='NASDAQ', currency='USD', localSymbol='ERIE', tradingClass='NMS')
2026-07-30 21:46:36,075 [WARNING]   -> ECHEC (ni IBKR ni Stooq) pour ERIE : Aucune donnée (ni IBKR ni Stooq) pour ERIE -- TROU DE COUVERTURE.
2026-07-30 21:46:36,077 [INFO] [169/503] ES (Eversource Energy), depuis 2010-01-01...
2026-07-30 21:46:36,246 [ERROR] Error 321, reqId 340: Error validating request.-'bH' : cause - Historical data requests for durations longer than 365 days must be made in years., contract: Contract(secType='STK', conId=182880167, symbol='ES', exchange='SMART', primaryExchange='NYSE', currency='USD', localSymbol='ES', tradingClass='ES')
2026-07-30 21:46:48,996 [WARNING]   -> ECHEC (ni IBKR ni Stooq) pour ES : Aucune donnée (ni IBKR ni Stooq) pour ES -- TROU DE COUVERTURE.
2026-07-30 21:46:48,998 [INFO] [170/503] ESS (Essex Property Trust), depuis 2010-01-01...
2026-07-30 21:46:49,062 [ERROR] Error 321, reqId 342: Error validating request.-'bH' : cause - Historical data requests for durations longer than 365 days must be made in years., contract: Contract(secType='STK', conId=6946, symbol='ESS', exchange='SMART', primaryExchange='NYSE', currency='USD', localSymbol='ESS', tradingClass='ESS')
2026-07-30 21:47:02,078 [WARNING]   -> ECHEC (ni IBKR ni Stooq) pour ESS : Aucune donnée (ni IBKR ni Stooq) pour ESS -- TROU DE COUVERTURE.
2026-07-30 21:47:02,082 [INFO] [171/503] ETN (Eaton Corporation), depuis 2010-01-01...
2026-07-30 21:47:02,193 [ERROR] Error 321, reqId 344: Error validating request.-'bH' : cause - Historical data requests for durations longer than 365 days must be made in years., contract: Contract(secType='STK', conId=118017869, symbol='ETN', exchange='SMART', primaryExchange='NYSE', currency='USD', localSymbol='ETN', tradingClass='ETN')
2026-07-30 21:47:15,107 [WARNING]   -> ECHEC (ni IBKR ni Stooq) pour ETN : Aucune donnée (ni IBKR ni Stooq) pour ETN -- TROU DE COUVERTURE.
2026-07-30 21:47:15,108 [INFO] [172/503] ETR (Entergy), depuis 2010-01-01...
2026-07-30 21:47:15,177 [ERROR] Error 321, reqId 346: Error validating request.-'bH' : cause - Historical data requests for durations longer than 365 days must be made in years., contract: Contract(secType='STK', conId=6969, symbol='ETR', exchange='SMART', primaryExchange='NYSE', currency='USD', localSymbol='ETR', tradingClass='ETR')
2026-07-30 21:47:27,769 [WARNING]   -> ECHEC (ni IBKR ni Stooq) pour ETR : Aucune donnée (ni IBKR ni Stooq) pour ETR -- TROU DE COUVERTURE.
2026-07-30 21:47:27,771 [INFO] [173/503] EVRG (Evergy), depuis 2010-01-01...
2026-07-30 21:47:27,882 [ERROR] Error 321, reqId 348: Error validating request.-'bH' : cause - Historical data requests for durations longer than 365 days must be made in years., contract: Contract(secType='STK', conId=320106069, symbol='EVRG', exchange='SMART', primaryExchange='NASDAQ', currency='USD', localSymbol='EVRG', tradingClass='NMS')
2026-07-30 21:47:40,852 [WARNING]   -> ECHEC (ni IBKR ni Stooq) pour EVRG : Aucune donnée (ni IBKR ni Stooq) pour EVRG -- TROU DE COUVERTURE.
2026-07-30 21:47:40,853 [INFO] [174/503] EW (Edwards Lifesciences), depuis 2010-01-01...
2026-07-30 21:47:41,120 [ERROR] Error 321, reqId 350: Error validating request.-'bH' : cause - Historical data requests for durations longer than 365 days must be made in years., contract: Contract(secType='STK', conId=8101142, symbol='EW', exchange='SMART', primaryExchange='NYSE', currency='USD', localSymbol='EW', tradingClass='EW')
2026-07-30 21:47:53,748 [WARNING]   -> ECHEC (ni IBKR ni Stooq) pour EW : Aucune donnée (ni IBKR ni Stooq) pour EW -- TROU DE COUVERTURE.
2026-07-30 21:47:53,750 [INFO] [175/503] EXC (Exelon), depuis 2010-01-01...
2026-07-30 21:47:53,843 [ERROR] Error 321, reqId 352: Error validating request.-'bH' : cause - Historical data requests for durations longer than 365 days must be made in years., contract: Contract(secType='STK', conId=11000, symbol='EXC', exchange='SMART', primaryExchange='NASDAQ', currency='USD', localSymbol='EXC', tradingClass='NMS')
2026-07-30 21:48:06,568 [WARNING]   -> ECHEC (ni IBKR ni Stooq) pour EXC : Aucune donnée (ni IBKR ni Stooq) pour EXC -- TROU DE COUVERTURE.
2026-07-30 21:48:06,570 [INFO] [176/503] EXE (Expand Energy), depuis 2010-01-01...
2026-07-30 21:48:06,738 [ERROR] Error 321, reqId 354: Error validating request.-'bH' : cause - Historical data requests for durations longer than 365 days must be made in years., contract: Contract(secType='STK', conId=470458975, symbol='EXE', exchange='SMART', primaryExchange='NASDAQ', currency='USD', localSymbol='EXE', tradingClass='NMS')
2026-07-30 21:48:19,443 [WARNING]   -> ECHEC (ni IBKR ni Stooq) pour EXE : Aucune donnée (ni IBKR ni Stooq) pour EXE -- TROU DE COUVERTURE.
2026-07-30 21:48:19,465 [INFO] [177/503] EXPD (Expeditors International), depuis 2010-01-01...
2026-07-30 21:48:19,572 [ERROR] Error 321, reqId 356: Error validating request.-'bH' : cause - Historical data requests for durations longer than 365 days must be made in years., contract: Contract(secType='STK', conId=269082, symbol='EXPD', exchange='SMART', primaryExchange='NYSE', currency='USD', localSymbol='EXPD', tradingClass='EXPD')
2026-07-30 21:48:32,219 [WARNING]   -> ECHEC (ni IBKR ni Stooq) pour EXPD : Aucune donnée (ni IBKR ni Stooq) pour EXPD -- TROU DE COUVERTURE.
2026-07-30 21:48:32,220 [INFO] [178/503] EXPE (Expedia Group), depuis 2010-01-01...
2026-07-30 21:48:32,311 [ERROR] Error 321, reqId 358: Error validating request.-'bH' : cause - Historical data requests for durations longer than 365 days must be made in years., contract: Contract(secType='STK', conId=98542021, symbol='EXPE', exchange='SMART', primaryExchange='NASDAQ', currency='USD', localSymbol='EXPE', tradingClass='NMS')
2026-07-30 21:48:45,061 [WARNING]   -> ECHEC (ni IBKR ni Stooq) pour EXPE : Aucune donnée (ni IBKR ni Stooq) pour EXPE -- TROU DE COUVERTURE.
2026-07-30 21:48:45,061 [INFO] [179/503] EXR (Extra Space Storage), depuis 2010-01-01...
2026-07-30 21:48:45,150 [ERROR] Error 321, reqId 360: Error validating request.-'bH' : cause - Historical data requests for durations longer than 365 days must be made in years., contract: Contract(secType='STK', conId=30351205, symbol='EXR', exchange='SMART', primaryExchange='NYSE', currency='USD', localSymbol='EXR', tradingClass='EXR')
2026-07-30 21:48:57,983 [WARNING]   -> ECHEC (ni IBKR ni Stooq) pour EXR : Aucune donnée (ni IBKR ni Stooq) pour EXR -- TROU DE COUVERTURE.
2026-07-30 21:48:57,985 [INFO] [180/503] F (Ford Motor Company), depuis 2010-01-01...
2026-07-30 21:48:58,086 [ERROR] Error 321, reqId 362: Error validating request.-'bH' : cause - Historical data requests for durations longer than 365 days must be made in years., contract: Contract(secType='STK', conId=9599491, symbol='F', exchange='SMART', primaryExchange='NYSE', currency='USD', localSymbol='F', tradingClass='F')
2026-07-30 21:49:10,859 [WARNING]   -> ECHEC (ni IBKR ni Stooq) pour F : Aucune donnée (ni IBKR ni Stooq) pour F -- TROU DE COUVERTURE.
2026-07-30 21:49:10,860 [INFO] [181/503] FANG (Diamondback Energy), depuis 2010-01-01...
2026-07-30 21:49:11,005 [ERROR] Error 321, reqId 364: Error validating request.-'bH' : cause - Historical data requests for durations longer than 365 days must be made in years., contract: Contract(secType='STK', conId=115441080, symbol='FANG', exchange='SMART', primaryExchange='NASDAQ', currency='USD', localSymbol='FANG', tradingClass='NMS')
2026-07-30 21:49:23,845 [WARNING]   -> ECHEC (ni IBKR ni Stooq) pour FANG : Aucune donnée (ni IBKR ni Stooq) pour FANG -- TROU DE COUVERTURE.
2026-07-30 21:49:23,846 [INFO] [182/503] FAST (Fastenal), depuis 2010-01-01...
2026-07-30 21:49:23,923 [ERROR] Error 321, reqId 366: Error validating request.-'bH' : cause - Historical data requests for durations longer than 365 days must be made in years., contract: Contract(secType='STK', conId=269120, symbol='FAST', exchange='SMART', primaryExchange='NASDAQ', currency='USD', localSymbol='FAST', tradingClass='NMS')
2026-07-30 21:49:36,702 [WARNING]   -> ECHEC (ni IBKR ni Stooq) pour FAST : Aucune donnée (ni IBKR ni Stooq) pour FAST -- TROU DE COUVERTURE.
2026-07-30 21:49:36,704 [INFO] [183/503] FCX (Freeport-McMoRan), depuis 2010-01-01...
2026-07-30 21:49:36,818 [ERROR] Error 321, reqId 368: Error validating request.-'bH' : cause - Historical data requests for durations longer than 365 days must be made in years., contract: Contract(secType='STK', conId=7089, symbol='FCX', exchange='SMART', primaryExchange='NYSE', currency='USD', localSymbol='FCX', tradingClass='FCX')
2026-07-30 21:49:49,568 [WARNING]   -> ECHEC (ni IBKR ni Stooq) pour FCX : Aucune donnée (ni IBKR ni Stooq) pour FCX -- TROU DE COUVERTURE.
2026-07-30 21:49:49,570 [INFO] [184/503] FDS (FactSet), depuis 2010-01-01...
2026-07-30 21:49:49,687 [ERROR] Error 321, reqId 370: Error validating request.-'bH' : cause - Historical data requests for durations longer than 365 days must be made in years., contract: Contract(secType='STK', conId=1847145, symbol='FDS', exchange='SMART', primaryExchange='NYSE', currency='USD', localSymbol='FDS', tradingClass='FDS')
2026-07-30 21:50:02,293 [WARNING]   -> ECHEC (ni IBKR ni Stooq) pour FDS : Aucune donnée (ni IBKR ni Stooq) pour FDS -- TROU DE COUVERTURE.
2026-07-30 21:50:02,294 [INFO] [185/503] FDX (FedEx), depuis 2010-01-01...
2026-07-30 21:50:02,408 [ERROR] Error 321, reqId 372: Error validating request.-'bH' : cause - Historical data requests for durations longer than 365 days must be made in years., contract: Contract(secType='STK', conId=5100583, symbol='FDX', exchange='SMART', primaryExchange='NYSE', currency='USD', localSymbol='FDX', tradingClass='FDX')
2026-07-30 21:50:15,071 [WARNING]   -> ECHEC (ni IBKR ni Stooq) pour FDX : Aucune donnée (ni IBKR ni Stooq) pour FDX -- TROU DE COUVERTURE.
2026-07-30 21:50:15,072 [INFO] [186/503] FDXF (FedEx Freight), depuis 2010-01-01...
2026-07-30 21:50:15,166 [ERROR] Error 321, reqId 374: Error validating request.-'bH' : cause - Historical data requests for durations longer than 365 days must be made in years., contract: Contract(secType='STK', conId=884688186, symbol='FDXF', exchange='SMART', primaryExchange='NYSE', currency='USD', localSymbol='FDXF', tradingClass='FDXF')
2026-07-30 21:50:27,982 [WARNING]   -> ECHEC (ni IBKR ni Stooq) pour FDXF : Aucune donnée (ni IBKR ni Stooq) pour FDXF -- TROU DE COUVERTURE.
2026-07-30 21:50:27,983 [INFO] [187/503] FE (FirstEnergy), depuis 2010-01-01...
2026-07-30 21:50:28,048 [ERROR] Error 321, reqId 376: Error validating request.-'bH' : cause - Historical data requests for durations longer than 365 days must be made in years., contract: Contract(secType='STK', conId=3265376, symbol='FE', exchange='SMART', primaryExchange='NYSE', currency='USD', localSymbol='FE', tradingClass='FE')
2026-07-30 21:50:40,915 [WARNING]   -> ECHEC (ni IBKR ni Stooq) pour FE : Aucune donnée (ni IBKR ni Stooq) pour FE -- TROU DE COUVERTURE.
2026-07-30 21:50:40,917 [INFO] [188/503] FFIV (F5, Inc.), depuis 2010-01-01...
2026-07-30 21:50:41,018 [ERROR] Error 321, reqId 378: Error validating request.-'bH' : cause - Historical data requests for durations longer than 365 days must be made in years., contract: Contract(secType='STK', conId=6248713, symbol='FFIV', exchange='SMART', primaryExchange='NASDAQ', currency='USD', localSymbol='FFIV', tradingClass='NMS')
2026-07-30 21:50:53,655 [WARNING]   -> ECHEC (ni IBKR ni Stooq) pour FFIV : Aucune donnée (ni IBKR ni Stooq) pour FFIV -- TROU DE COUVERTURE.
2026-07-30 21:50:53,657 [INFO] [189/503] FICO (Fair Isaac), depuis 2010-01-01...
2026-07-30 21:50:53,785 [ERROR] Error 321, reqId 380: Error validating request.-'bH' : cause - Historical data requests for durations longer than 365 days must be made in years., contract: Contract(secType='STK', conId=269280, symbol='FICO', exchange='SMART', primaryExchange='NYSE', currency='USD', localSymbol='FICO', tradingClass='FICO')
2026-07-30 21:51:06,577 [WARNING]   -> ECHEC (ni IBKR ni Stooq) pour FICO : Aucune donnée (ni IBKR ni Stooq) pour FICO -- TROU DE COUVERTURE.
2026-07-30 21:51:06,580 [INFO] [190/503] FIS (Fidelity National Information Services), depuis 2010-01-01...
2026-07-30 21:51:06,682 [ERROR] Error 321, reqId 382: Error validating request.-'bH' : cause - Historical data requests for durations longer than 365 days must be made in years., contract: Contract(secType='STK', conId=37866641, symbol='FIS', exchange='SMART', primaryExchange='NYSE', currency='USD', localSymbol='FIS', tradingClass='FIS')
2026-07-30 21:51:19,336 [WARNING]   -> ECHEC (ni IBKR ni Stooq) pour FIS : Aucune donnée (ni IBKR ni Stooq) pour FIS -- TROU DE COUVERTURE.
2026-07-30 21:51:19,372 [INFO] [191/503] FISV (Fiserv), depuis 2010-01-01...
2026-07-30 21:51:19,437 [ERROR] Error 321, reqId 384: Error validating request.-'bH' : cause - Historical data requests for durations longer than 365 days must be made in years., contract: Contract(secType='STK', conId=269315, symbol='FISV', exchange='SMART', primaryExchange='NASDAQ', currency='USD', localSymbol='FISV', tradingClass='NMS')
2026-07-30 21:51:32,062 [WARNING]   -> ECHEC (ni IBKR ni Stooq) pour FISV : Aucune donnée (ni IBKR ni Stooq) pour FISV -- TROU DE COUVERTURE.
2026-07-30 21:51:32,062 [INFO] [192/503] FITB (Fifth Third Bancorp), depuis 2010-01-01...
2026-07-30 21:51:32,151 [ERROR] Error 321, reqId 386: Error validating request.-'bH' : cause - Historical data requests for durations longer than 365 days must be made in years., contract: Contract(secType='STK', conId=269318, symbol='FITB', exchange='SMART', primaryExchange='NYSE', currency='USD', localSymbol='FITB', tradingClass='FITB')
2026-07-30 21:51:44,919 [WARNING]   -> ECHEC (ni IBKR ni Stooq) pour FITB : Aucune donnée (ni IBKR ni Stooq) pour FITB -- TROU DE COUVERTURE.
2026-07-30 21:51:44,920 [INFO] [193/503] FIX (Comfort Systems USA), depuis 2010-01-01...
2026-07-30 21:51:44,996 [ERROR] Error 321, reqId 388: Error validating request.-'bH' : cause - Historical data requests for durations longer than 365 days must be made in years., contract: Contract(secType='STK', conId=6607708, symbol='FIX', exchange='SMART', primaryExchange='NYSE', currency='USD', localSymbol='FIX', tradingClass='FIX')
2026-07-30 21:51:57,684 [WARNING]   -> ECHEC (ni IBKR ni Stooq) pour FIX : Aucune donnée (ni IBKR ni Stooq) pour FIX -- TROU DE COUVERTURE.
2026-07-30 21:51:57,685 [INFO] [194/503] FLEX (Flex Ltd.), depuis 2010-01-01...
2026-07-30 21:51:57,800 [ERROR] Error 321, reqId 390: Error validating request.-'bH' : cause - Historical data requests for durations longer than 365 days must be made in years., contract: Contract(secType='STK', conId=4596077, symbol='FLEX', exchange='SMART', primaryExchange='NASDAQ', currency='USD', localSymbol='FLEX', tradingClass='NMS')
2026-07-30 21:52:10,480 [WARNING]   -> ECHEC (ni IBKR ni Stooq) pour FLEX : Aucune donnée (ni IBKR ni Stooq) pour FLEX -- TROU DE COUVERTURE.
2026-07-30 21:52:10,481 [INFO] [195/503] FOX (Fox Corporation (Class B)), depuis 2010-01-01...
2026-07-30 21:52:10,574 [ERROR] Error 321, reqId 392: Error validating request.-'bH' : cause - Historical data requests for durations longer than 365 days must be made in years., contract: Contract(secType='STK', conId=356858007, symbol='FOX', exchange='SMART', primaryExchange='NASDAQ', currency='USD', localSymbol='FOX', tradingClass='NMS')
2026-07-30 21:52:23,336 [WARNING]   -> ECHEC (ni IBKR ni Stooq) pour FOX : Aucune donnée (ni IBKR ni Stooq) pour FOX -- TROU DE COUVERTURE.
2026-07-30 21:52:23,338 [INFO] [196/503] FOXA (Fox Corporation (Class A)), depuis 2010-01-01...
2026-07-30 21:52:23,448 [ERROR] Error 321, reqId 394: Error validating request.-'bH' : cause - Historical data requests for durations longer than 365 days must be made in years., contract: Contract(secType='STK', conId=356858008, symbol='FOXA', exchange='SMART', primaryExchange='NASDAQ', currency='USD', localSymbol='FOXA', tradingClass='NMS')
2026-07-30 21:52:36,087 [WARNING]   -> ECHEC (ni IBKR ni Stooq) pour FOXA : Aucune donnée (ni IBKR ni Stooq) pour FOXA -- TROU DE COUVERTURE.
2026-07-30 21:52:36,088 [INFO] [197/503] FRT (Federal Realty Investment Trust), depuis 2010-01-01...
2026-07-30 21:52:36,179 [ERROR] Error 321, reqId 396: Error validating request.-'bH' : cause - Historical data requests for durations longer than 365 days must be made in years., contract: Contract(secType='STK', conId=535271307, symbol='FRT', exchange='SMART', primaryExchange='NYSE', currency='USD', localSymbol='FRT', tradingClass='FRT')
2026-07-30 21:52:48,821 [WARNING]   -> ECHEC (ni IBKR ni Stooq) pour FRT : Aucune donnée (ni IBKR ni Stooq) pour FRT -- TROU DE COUVERTURE.
2026-07-30 21:52:48,822 [INFO] [198/503] FSLR (First Solar), depuis 2010-01-01...
2026-07-30 21:52:48,919 [ERROR] Error 321, reqId 398: Error validating request.-'bH' : cause - Historical data requests for durations longer than 365 days must be made in years., contract: Contract(secType='STK', conId=41622169, symbol='FSLR', exchange='SMART', primaryExchange='NASDAQ', currency='USD', localSymbol='FSLR', tradingClass='NMS')
2026-07-30 21:53:01,539 [WARNING]   -> ECHEC (ni IBKR ni Stooq) pour FSLR : Aucune donnée (ni IBKR ni Stooq) pour FSLR -- TROU DE COUVERTURE.
2026-07-30 21:53:01,541 [INFO] [199/503] FTNT (Fortinet), depuis 2010-01-01...
2026-07-30 21:53:01,597 [ERROR] Error 321, reqId 400: Error validating request.-'bH' : cause - Historical data requests for durations longer than 365 days must be made in years., contract: Contract(secType='STK', conId=70236214, symbol='FTNT', exchange='SMART', primaryExchange='NASDAQ', currency='USD', localSymbol='FTNT', tradingClass='NMS')
2026-07-30 21:53:14,230 [WARNING]   -> ECHEC (ni IBKR ni Stooq) pour FTNT : Aucune donnée (ni IBKR ni Stooq) pour FTNT -- TROU DE COUVERTURE.
2026-07-30 21:53:14,232 [INFO] [200/503] FTV (Fortive), depuis 2010-01-01...
2026-07-30 21:53:14,354 [ERROR] Error 321, reqId 402: Error validating request.-'bH' : cause - Historical data requests for durations longer than 365 days must be made in years., contract: Contract(secType='STK', conId=236074120, symbol='FTV', exchange='SMART', primaryExchange='NYSE', currency='USD', localSymbol='FTV', tradingClass='FTV')
2026-07-30 21:53:27,084 [WARNING]   -> ECHEC (ni IBKR ni Stooq) pour FTV : Aucune donnée (ni IBKR ni Stooq) pour FTV -- TROU DE COUVERTURE.
2026-07-30 21:53:27,085 [INFO] [201/503] GD (General Dynamics), depuis 2010-01-01...
2026-07-30 21:53:27,171 [ERROR] Error 321, reqId 404: Error validating request.-'bH' : cause - Historical data requests for durations longer than 365 days must be made in years., contract: Contract(secType='STK', conId=7496, symbol='GD', exchange='SMART', primaryExchange='NYSE', currency='USD', localSymbol='GD', tradingClass='GD')
2026-07-30 21:53:39,855 [WARNING]   -> ECHEC (ni IBKR ni Stooq) pour GD : Aucune donnée (ni IBKR ni Stooq) pour GD -- TROU DE COUVERTURE.
2026-07-30 21:53:39,856 [INFO] [202/503] GDDY (GoDaddy), depuis 2010-01-01...
2026-07-30 21:53:39,948 [ERROR] Error 321, reqId 406: Error validating request.-'bH' : cause - Historical data requests for durations longer than 365 days must be made in years., contract: Contract(secType='STK', conId=188986978, symbol='GDDY', exchange='SMART', primaryExchange='NYSE', currency='USD', localSymbol='GDDY', tradingClass='GDDY')
2026-07-30 21:53:52,704 [WARNING]   -> ECHEC (ni IBKR ni Stooq) pour GDDY : Aucune donnée (ni IBKR ni Stooq) pour GDDY -- TROU DE COUVERTURE.
2026-07-30 21:53:52,707 [INFO] [203/503] GE (GE Aerospace), depuis 2010-01-01...
2026-07-30 21:53:52,787 [ERROR] Error 321, reqId 408: Error validating request.-'bH' : cause - Historical data requests for durations longer than 365 days must be made in years., contract: Contract(secType='STK', conId=498843743, symbol='GE', exchange='SMART', primaryExchange='NYSE', currency='USD', localSymbol='GE', tradingClass='GE')
2026-07-30 21:54:05,434 [WARNING]   -> ECHEC (ni IBKR ni Stooq) pour GE : Aucune donnée (ni IBKR ni Stooq) pour GE -- TROU DE COUVERTURE.
2026-07-30 21:54:05,435 [INFO] [204/503] GEHC (GE HealthCare), depuis 2010-01-01...
2026-07-30 21:54:05,534 [ERROR] Error 321, reqId 410: Error validating request.-'bH' : cause - Historical data requests for durations longer than 365 days must be made in years., contract: Contract(secType='STK', conId=601776309, symbol='GEHC', exchange='SMART', primaryExchange='NASDAQ', currency='USD', localSymbol='GEHC', tradingClass='NMS')
2026-07-30 21:54:18,263 [WARNING]   -> ECHEC (ni IBKR ni Stooq) pour GEHC : Aucune donnée (ni IBKR ni Stooq) pour GEHC -- TROU DE COUVERTURE.
2026-07-30 21:54:18,265 [INFO] [205/503] GEN (Gen Digital), depuis 2010-01-01...
2026-07-30 21:54:18,342 [ERROR] Error 321, reqId 412: Error validating request.-'bH' : cause - Historical data requests for durations longer than 365 days must be made in years., contract: Contract(secType='STK', conId=390332324, symbol='GEN', exchange='SMART', primaryExchange='NASDAQ', currency='USD', localSymbol='GEN', tradingClass='NMS')
2026-07-30 21:54:30,996 [WARNING]   -> ECHEC (ni IBKR ni Stooq) pour GEN : Aucune donnée (ni IBKR ni Stooq) pour GEN -- TROU DE COUVERTURE.
2026-07-30 21:54:30,997 [INFO] [206/503] GEV (GE Vernova), depuis 2010-01-01...
2026-07-30 21:54:31,113 [ERROR] Error 321, reqId 414: Error validating request.-'bH' : cause - Historical data requests for durations longer than 365 days must be made in years., contract: Contract(secType='STK', conId=691984365, symbol='GEV', exchange='SMART', primaryExchange='NYSE', currency='USD', localSymbol='GEV', tradingClass='GEV')
2026-07-30 21:54:43,761 [WARNING]   -> ECHEC (ni IBKR ni Stooq) pour GEV : Aucune donnée (ni IBKR ni Stooq) pour GEV -- TROU DE COUVERTURE.
2026-07-30 21:54:43,763 [INFO] [207/503] GILD (Gilead Sciences), depuis 2010-01-01...
2026-07-30 21:54:43,874 [ERROR] Error 321, reqId 416: Error validating request.-'bH' : cause - Historical data requests for durations longer than 365 days must be made in years., contract: Contract(secType='STK', conId=269753, symbol='GILD', exchange='SMART', primaryExchange='NASDAQ', currency='USD', localSymbol='GILD', tradingClass='NMS')
2026-07-30 21:54:56,577 [WARNING]   -> ECHEC (ni IBKR ni Stooq) pour GILD : Aucune donnée (ni IBKR ni Stooq) pour GILD -- TROU DE COUVERTURE.
2026-07-30 21:54:56,578 [INFO] [208/503] GIS (General Mills), depuis 2010-01-01...
2026-07-30 21:54:56,697 [ERROR] Error 321, reqId 418: Error validating request.-'bH' : cause - Historical data requests for durations longer than 365 days must be made in years., contract: Contract(secType='STK', conId=7616, symbol='GIS', exchange='SMART', primaryExchange='NYSE', currency='USD', localSymbol='GIS', tradingClass='GIS')
2026-07-30 21:55:09,361 [WARNING]   -> ECHEC (ni IBKR ni Stooq) pour GIS : Aucune donnée (ni IBKR ni Stooq) pour GIS -- TROU DE COUVERTURE.
2026-07-30 21:55:09,363 [INFO] [209/503] GL (Globe Life), depuis 2010-01-01...
2026-07-30 21:55:09,432 [ERROR] Error 321, reqId 420: Error validating request.-'bH' : cause - Historical data requests for durations longer than 365 days must be made in years., contract: Contract(secType='STK', conId=375868349, symbol='GL', exchange='SMART', primaryExchange='NYSE', currency='USD', localSymbol='GL', tradingClass='GL')
2026-07-30 21:55:22,007 [WARNING]   -> ECHEC (ni IBKR ni Stooq) pour GL : Aucune donnée (ni IBKR ni Stooq) pour GL -- TROU DE COUVERTURE.
2026-07-30 21:55:22,011 [INFO] [210/503] GLW (Corning Inc.), depuis 2010-01-01...
2026-07-30 21:55:22,103 [ERROR] Error 321, reqId 422: Error validating request.-'bH' : cause - Historical data requests for durations longer than 365 days must be made in years., contract: Contract(secType='STK', conId=7655, symbol='GLW', exchange='SMART', primaryExchange='NYSE', currency='USD', localSymbol='GLW', tradingClass='GLW')
2026-07-30 21:55:34,828 [WARNING]   -> ECHEC (ni IBKR ni Stooq) pour GLW : Aucune donnée (ni IBKR ni Stooq) pour GLW -- TROU DE COUVERTURE.
2026-07-30 21:55:34,829 [INFO] [211/503] GM (General Motors), depuis 2010-01-01...
2026-07-30 21:55:34,973 [ERROR] Error 321, reqId 424: Error validating request.-'bH' : cause - Historical data requests for durations longer than 365 days must be made in years., contract: Contract(secType='STK', conId=80986742, symbol='GM', exchange='SMART', primaryExchange='NYSE', currency='USD', localSymbol='GM', tradingClass='GM')
2026-07-30 21:55:47,643 [WARNING]   -> ECHEC (ni IBKR ni Stooq) pour GM : Aucune donnée (ni IBKR ni Stooq) pour GM -- TROU DE COUVERTURE.
2026-07-30 21:55:47,644 [INFO] [212/503] GNRC (Generac), depuis 2010-01-01...
2026-07-30 21:55:47,727 [ERROR] Error 321, reqId 426: Error validating request.-'bH' : cause - Historical data requests for durations longer than 365 days must be made in years., contract: Contract(secType='STK', conId=72529783, symbol='GNRC', exchange='SMART', primaryExchange='NYSE', currency='USD', localSymbol='GNRC', tradingClass='GNRC')
2026-07-30 21:56:00,346 [WARNING]   -> ECHEC (ni IBKR ni Stooq) pour GNRC : Aucune donnée (ni IBKR ni Stooq) pour GNRC -- TROU DE COUVERTURE.
2026-07-30 21:56:00,350 [INFO] [213/503] GOOG (Alphabet Inc. (Class C)), depuis 2010-01-01...
2026-07-30 21:56:00,435 [ERROR] Error 321, reqId 428: Error validating request.-'bH' : cause - Historical data requests for durations longer than 365 days must be made in years., contract: Contract(secType='STK', conId=208813720, symbol='GOOG', exchange='SMART', primaryExchange='NASDAQ', currency='USD', localSymbol='GOOG', tradingClass='NMS')
2026-07-30 21:56:13,160 [WARNING]   -> ECHEC (ni IBKR ni Stooq) pour GOOG : Aucune donnée (ni IBKR ni Stooq) pour GOOG -- TROU DE COUVERTURE.
2026-07-30 21:56:13,161 [INFO] [214/503] GOOGL (Alphabet Inc. (Class A)), depuis 2010-01-01...
2026-07-30 21:56:13,226 [ERROR] Error 321, reqId 430: Error validating request.-'bH' : cause - Historical data requests for durations longer than 365 days must be made in years., contract: Contract(secType='STK', conId=208813719, symbol='GOOGL', exchange='SMART', primaryExchange='NASDAQ', currency='USD', localSymbol='GOOGL', tradingClass='NMS')
2026-07-30 21:56:25,906 [WARNING]   -> ECHEC (ni IBKR ni Stooq) pour GOOGL : Aucune donnée (ni IBKR ni Stooq) pour GOOGL -- TROU DE COUVERTURE.
2026-07-30 21:56:25,908 [INFO] [215/503] GPC (Genuine Parts Company), depuis 2010-01-01...
2026-07-30 21:56:26,027 [ERROR] Error 321, reqId 432: Error validating request.-'bH' : cause - Historical data requests for durations longer than 365 days must be made in years., contract: Contract(secType='STK', conId=7745, symbol='GPC', exchange='SMART', primaryExchange='NYSE', currency='USD', localSymbol='GPC', tradingClass='GPC')
2026-07-30 21:56:38,719 [WARNING]   -> ECHEC (ni IBKR ni Stooq) pour GPC : Aucune donnée (ni IBKR ni Stooq) pour GPC -- TROU DE COUVERTURE.
2026-07-30 21:56:38,720 [INFO] [216/503] GPN (Global Payments), depuis 2010-01-01...
2026-07-30 21:56:38,797 [ERROR] Error 321, reqId 434: Error validating request.-'bH' : cause - Historical data requests for durations longer than 365 days must be made in years., contract: Contract(secType='STK', conId=11477774, symbol='GPN', exchange='SMART', primaryExchange='NYSE', currency='USD', localSymbol='GPN', tradingClass='GPN')
2026-07-30 21:56:51,502 [WARNING]   -> ECHEC (ni IBKR ni Stooq) pour GPN : Aucune donnée (ni IBKR ni Stooq) pour GPN -- TROU DE COUVERTURE.
2026-07-30 21:56:51,504 [INFO] [217/503] GRMN (Garmin), depuis 2010-01-01...
2026-07-30 21:56:51,605 [ERROR] Error 321, reqId 436: Error validating request.-'bH' : cause - Historical data requests for durations longer than 365 days must be made in years., contract: Contract(secType='STK', conId=76791198, symbol='GRMN', exchange='SMART', primaryExchange='NYSE', currency='USD', localSymbol='GRMN', tradingClass='GRMN')
2026-07-30 21:57:04,328 [WARNING]   -> ECHEC (ni IBKR ni Stooq) pour GRMN : Aucune donnée (ni IBKR ni Stooq) pour GRMN -- TROU DE COUVERTURE.
2026-07-30 21:57:04,329 [INFO] [218/503] GS (Goldman Sachs), depuis 2010-01-01...
2026-07-30 21:57:04,386 [ERROR] Error 321, reqId 438: Error validating request.-'bH' : cause - Historical data requests for durations longer than 365 days must be made in years., contract: Contract(secType='STK', conId=4627828, symbol='GS', exchange='SMART', primaryExchange='NYSE', currency='USD', localSymbol='GS', tradingClass='GS')
2026-07-30 21:57:17,062 [WARNING]   -> ECHEC (ni IBKR ni Stooq) pour GS : Aucune donnée (ni IBKR ni Stooq) pour GS -- TROU DE COUVERTURE.
2026-07-30 21:57:17,063 [INFO] [219/503] GWW (W. W. Grainger), depuis 2010-01-01...
2026-07-30 21:57:17,131 [ERROR] Error 321, reqId 440: Error validating request.-'bH' : cause - Historical data requests for durations longer than 365 days must be made in years., contract: Contract(secType='STK', conId=7867, symbol='GWW', exchange='SMART', primaryExchange='NYSE', currency='USD', localSymbol='GWW', tradingClass='GWW')
2026-07-30 21:57:29,820 [WARNING]   -> ECHEC (ni IBKR ni Stooq) pour GWW : Aucune donnée (ni IBKR ni Stooq) pour GWW -- TROU DE COUVERTURE.
2026-07-30 21:57:29,821 [INFO] [220/503] HAL (Halliburton), depuis 2010-01-01...
2026-07-30 21:57:29,905 [ERROR] Error 321, reqId 442: Error validating request.-'bH' : cause - Historical data requests for durations longer than 365 days must be made in years., contract: Contract(secType='STK', conId=7890, symbol='HAL', exchange='SMART', primaryExchange='NYSE', currency='USD', localSymbol='HAL', tradingClass='HAL')
2026-07-30 21:57:42,572 [WARNING]   -> ECHEC (ni IBKR ni Stooq) pour HAL : Aucune donnée (ni IBKR ni Stooq) pour HAL -- TROU DE COUVERTURE.
2026-07-30 21:57:42,575 [INFO] [221/503] HAS (Hasbro), depuis 2010-01-01...
2026-07-30 21:57:42,640 [ERROR] Error 321, reqId 444: Error validating request.-'bH' : cause - Historical data requests for durations longer than 365 days must be made in years., contract: Contract(secType='STK', conId=754956, symbol='HAS', exchange='SMART', primaryExchange='NASDAQ', currency='USD', localSymbol='HAS', tradingClass='NMS')
2026-07-30 21:57:55,250 [WARNING]   -> ECHEC (ni IBKR ni Stooq) pour HAS : Aucune donnée (ni IBKR ni Stooq) pour HAS -- TROU DE COUVERTURE.
2026-07-30 21:57:55,251 [INFO] [222/503] HBAN (Huntington Bancshares), depuis 2010-01-01...
2026-07-30 21:57:55,351 [ERROR] Error 321, reqId 446: Error validating request.-'bH' : cause - Historical data requests for durations longer than 365 days must be made in years., contract: Contract(secType='STK', conId=270018, symbol='HBAN', exchange='SMART', primaryExchange='NASDAQ', currency='USD', localSymbol='HBAN', tradingClass='NMS')
2026-07-30 21:58:07,985 [WARNING]   -> ECHEC (ni IBKR ni Stooq) pour HBAN : Aucune donnée (ni IBKR ni Stooq) pour HBAN -- TROU DE COUVERTURE.
2026-07-30 21:58:07,987 [INFO] [223/503] HCA (HCA Healthcare), depuis 2010-01-01...
2026-07-30 21:58:08,049 [ERROR] Error 321, reqId 448: Error validating request.-'bH' : cause - Historical data requests for durations longer than 365 days must be made in years., contract: Contract(secType='STK', conId=85076790, symbol='HCA', exchange='SMART', primaryExchange='NYSE', currency='USD', localSymbol='HCA', tradingClass='HCA')
2026-07-30 21:58:20,760 [WARNING]   -> ECHEC (ni IBKR ni Stooq) pour HCA : Aucune donnée (ni IBKR ni Stooq) pour HCA -- TROU DE COUVERTURE.
2026-07-30 21:58:20,764 [INFO] [224/503] HD (Home Depot (The)), depuis 2010-01-01...
2026-07-30 21:58:20,820 [ERROR] Error 321, reqId 450: Error validating request.-'bH' : cause - Historical data requests for durations longer than 365 days must be made in years., contract: Contract(secType='STK', conId=7930, symbol='HD', exchange='SMART', primaryExchange='NYSE', currency='USD', localSymbol='HD', tradingClass='HD')
2026-07-30 21:58:33,516 [WARNING]   -> ECHEC (ni IBKR ni Stooq) pour HD : Aucune donnée (ni IBKR ni Stooq) pour HD -- TROU DE COUVERTURE.
2026-07-30 21:58:33,517 [INFO] [225/503] HIG (Hartford (The)), depuis 2010-01-01...
2026-07-30 21:58:33,585 [ERROR] Error 321, reqId 452: Error validating request.-'bH' : cause - Historical data requests for durations longer than 365 days must be made in years., contract: Contract(secType='STK', conId=1217009, symbol='HIG', exchange='SMART', primaryExchange='NYSE', currency='USD', localSymbol='HIG', tradingClass='HIG')
2026-07-30 21:58:46,269 [WARNING]   -> ECHEC (ni IBKR ni Stooq) pour HIG : Aucune donnée (ni IBKR ni Stooq) pour HIG -- TROU DE COUVERTURE.
2026-07-30 21:58:46,270 [INFO] [226/503] HII (Huntington Ingalls Industries), depuis 2010-01-01...
2026-07-30 21:58:46,333 [ERROR] Error 321, reqId 454: Error validating request.-'bH' : cause - Historical data requests for durations longer than 365 days must be made in years., contract: Contract(secType='STK', conId=86033355, symbol='HII', exchange='SMART', primaryExchange='NYSE', currency='USD', localSymbol='HII', tradingClass='HII')
2026-07-30 21:58:58,987 [WARNING]   -> ECHEC (ni IBKR ni Stooq) pour HII : Aucune donnée (ni IBKR ni Stooq) pour HII -- TROU DE COUVERTURE.
2026-07-30 21:58:58,988 [INFO] [227/503] HLT (Hilton Worldwide), depuis 2010-01-01...
2026-07-30 21:58:59,079 [ERROR] Error 321, reqId 456: Error validating request.-'bH' : cause - Historical data requests for durations longer than 365 days must be made in years., contract: Contract(secType='STK', conId=257944570, symbol='HLT', exchange='SMART', primaryExchange='NYSE', currency='USD', localSymbol='HLT', tradingClass='HLT')
2026-07-30 21:59:11,820 [WARNING]   -> ECHEC (ni IBKR ni Stooq) pour HLT : Aucune donnée (ni IBKR ni Stooq) pour HLT -- TROU DE COUVERTURE.
2026-07-30 21:59:11,820 [INFO] [228/503] HON (Honeywell Technologies), depuis 2010-01-01...
2026-07-30 21:59:11,917 [ERROR] Error 321, reqId 458: Error validating request.-'bH' : cause - Historical data requests for durations longer than 365 days must be made in years., contract: Contract(secType='STK', conId=892744244, symbol='HON', exchange='SMART', primaryExchange='NASDAQ', currency='USD', localSymbol='HON', tradingClass='NMS')
2026-07-30 21:59:24,669 [WARNING]   -> ECHEC (ni IBKR ni Stooq) pour HON : Aucune donnée (ni IBKR ni Stooq) pour HON -- TROU DE COUVERTURE.
2026-07-30 21:59:24,669 [INFO] [229/503] HONA (Honeywell Aerospace), depuis 2010-01-01...
2026-07-30 21:59:24,729 [ERROR] Error 321, reqId 460: Error validating request.-'bH' : cause - Historical data requests for durations longer than 365 days must be made in years., contract: Contract(secType='STK', conId=891050670, symbol='HONA', exchange='SMART', primaryExchange='NASDAQ', currency='USD', localSymbol='HONA', tradingClass='NMS')
2026-07-30 21:59:37,433 [WARNING]   -> ECHEC (ni IBKR ni Stooq) pour HONA : Aucune donnée (ni IBKR ni Stooq) pour HONA -- TROU DE COUVERTURE.
2026-07-30 21:59:37,434 [INFO] [230/503] HOOD (Robinhood Markets), depuis 2010-01-01...
2026-07-30 21:59:37,509 [ERROR] Error 321, reqId 462: Error validating request.-'bH' : cause - Historical data requests for durations longer than 365 days must be made in years., contract: Contract(secType='STK', conId=504546674, symbol='HOOD', exchange='SMART', primaryExchange='NASDAQ', currency='USD', localSymbol='HOOD', tradingClass='NMS')
2026-07-30 21:59:50,223 [WARNING]   -> ECHEC (ni IBKR ni Stooq) pour HOOD : Aucune donnée (ni IBKR ni Stooq) pour HOOD -- TROU DE COUVERTURE.
2026-07-30 21:59:50,224 [INFO] [231/503] HPE (Hewlett Packard Enterprise), depuis 2010-01-01...
2026-07-30 21:59:50,281 [ERROR] Error 321, reqId 464: Error validating request.-'bH' : cause - Historical data requests for durations longer than 365 days must be made in years., contract: Contract(secType='STK', conId=209411798, symbol='HPE', exchange='SMART', primaryExchange='NYSE', currency='USD', localSymbol='HPE', tradingClass='HPE')
2026-07-30 22:00:02,876 [WARNING]   -> ECHEC (ni IBKR ni Stooq) pour HPE : Aucune donnée (ni IBKR ni Stooq) pour HPE -- TROU DE COUVERTURE.
2026-07-30 22:00:02,877 [INFO] [232/503] HPQ (HP Inc.), depuis 2010-01-01...
2026-07-30 22:00:02,930 [ERROR] Error 321, reqId 466: Error validating request.-'bH' : cause - Historical data requests for durations longer than 365 days must be made in years., contract: Contract(secType='STK', conId=209411801, symbol='HPQ', exchange='SMART', primaryExchange='NYSE', currency='USD', localSymbol='HPQ', tradingClass='HPQ')
2026-07-30 22:00:15,500 [WARNING]   -> ECHEC (ni IBKR ni Stooq) pour HPQ : Aucune donnée (ni IBKR ni Stooq) pour HPQ -- TROU DE COUVERTURE.
2026-07-30 22:00:15,500 [INFO] [233/503] HRL (Hormel Foods), depuis 2010-01-01...
2026-07-30 22:00:15,550 [ERROR] Error 321, reqId 468: Error validating request.-'bH' : cause - Historical data requests for durations longer than 365 days must be made in years., contract: Contract(secType='STK', conId=8153, symbol='HRL', exchange='SMART', primaryExchange='NYSE', currency='USD', localSymbol='HRL', tradingClass='HRL')
2026-07-30 22:00:28,080 [WARNING]   -> ECHEC (ni IBKR ni Stooq) pour HRL : Aucune donnée (ni IBKR ni Stooq) pour HRL -- TROU DE COUVERTURE.
2026-07-30 22:00:28,083 [INFO] [234/503] HSIC (Henry Schein), depuis 2010-01-01...
2026-07-30 22:00:28,185 [ERROR] Error 321, reqId 470: Error validating request.-'bH' : cause - Historical data requests for durations longer than 365 days must be made in years., contract: Contract(secType='STK', conId=3655640, symbol='HSIC', exchange='SMART', primaryExchange='NASDAQ', currency='USD', localSymbol='HSIC', tradingClass='NMS')
2026-07-30 22:00:40,937 [WARNING]   -> ECHEC (ni IBKR ni Stooq) pour HSIC : Aucune donnée (ni IBKR ni Stooq) pour HSIC -- TROU DE COUVERTURE.
2026-07-30 22:00:40,938 [INFO] [235/503] HST (Host Hotels & Resorts), depuis 2010-01-01...
2026-07-30 22:00:41,046 [ERROR] Error 321, reqId 472: Error validating request.-'bH' : cause - Historical data requests for durations longer than 365 days must be made in years., contract: Contract(secType='STK', conId=8057, symbol='HST', exchange='SMART', primaryExchange='NASDAQ', currency='USD', localSymbol='HST', tradingClass='NMS')
2026-07-30 22:00:53,820 [WARNING]   -> ECHEC (ni IBKR ni Stooq) pour HST : Aucune donnée (ni IBKR ni Stooq) pour HST -- TROU DE COUVERTURE.
2026-07-30 22:00:53,840 [INFO] [236/503] HSY (Hershey Company (The)), depuis 2010-01-01...
2026-07-30 22:00:53,898 [ERROR] Error 321, reqId 474: Error validating request.-'bH' : cause - Historical data requests for durations longer than 365 days must be made in years., contract: Contract(secType='STK', conId=8199, symbol='HSY', exchange='SMART', primaryExchange='NYSE', currency='USD', localSymbol='HSY', tradingClass='HSY')
2026-07-30 22:01:06,520 [WARNING]   -> ECHEC (ni IBKR ni Stooq) pour HSY : Aucune donnée (ni IBKR ni Stooq) pour HSY -- TROU DE COUVERTURE.
2026-07-30 22:01:06,522 [INFO] [237/503] HUBB (Hubbell Incorporated), depuis 2010-01-01...
2026-07-30 22:01:06,605 [ERROR] Error 321, reqId 476: Error validating request.-'bH' : cause - Historical data requests for durations longer than 365 days must be made in years., contract: Contract(secType='STK', conId=216386790, symbol='HUBB', exchange='SMART', primaryExchange='NYSE', currency='USD', localSymbol='HUBB', tradingClass='HUBB')
2026-07-30 22:01:19,258 [WARNING]   -> ECHEC (ni IBKR ni Stooq) pour HUBB : Aucune donnée (ni IBKR ni Stooq) pour HUBB -- TROU DE COUVERTURE.
2026-07-30 22:01:19,258 [INFO] [238/503] HUM (Humana), depuis 2010-01-01...
2026-07-30 22:01:19,360 [ERROR] Error 321, reqId 478: Error validating request.-'bH' : cause - Historical data requests for durations longer than 365 days must be made in years., contract: Contract(secType='STK', conId=8251, symbol='HUM', exchange='SMART', primaryExchange='NYSE', currency='USD', localSymbol='HUM', tradingClass='HUM')
2026-07-30 22:01:32,119 [WARNING]   -> ECHEC (ni IBKR ni Stooq) pour HUM : Aucune donnée (ni IBKR ni Stooq) pour HUM -- TROU DE COUVERTURE.
2026-07-30 22:01:32,119 [INFO] [239/503] HWM (Howmet Aerospace), depuis 2010-01-01...
2026-07-30 22:01:32,173 [ERROR] Error 321, reqId 480: Error validating request.-'bH' : cause - Historical data requests for durations longer than 365 days must be made in years., contract: Contract(secType='STK', conId=403121976, symbol='HWM', exchange='SMART', primaryExchange='NYSE', currency='USD', localSymbol='HWM', tradingClass='HWM')
2026-07-30 22:01:44,835 [WARNING]   -> ECHEC (ni IBKR ni Stooq) pour HWM : Aucune donnée (ni IBKR ni Stooq) pour HWM -- TROU DE COUVERTURE.
2026-07-30 22:01:44,838 [INFO] [240/503] IBKR (Interactive Brokers), depuis 2010-01-01...
2026-07-30 22:01:44,906 [ERROR] Error 321, reqId 482: Error validating request.-'bH' : cause - Historical data requests for durations longer than 365 days must be made in years., contract: Contract(secType='STK', conId=43645865, symbol='IBKR', exchange='SMART', primaryExchange='NASDAQ', currency='USD', localSymbol='IBKR', tradingClass='NMS')
2026-07-30 22:01:57,491 [WARNING]   -> ECHEC (ni IBKR ni Stooq) pour IBKR : Aucune donnée (ni IBKR ni Stooq) pour IBKR -- TROU DE COUVERTURE.
2026-07-30 22:01:57,491 [INFO] [241/503] IBM (IBM), depuis 2010-01-01...
2026-07-30 22:01:57,582 [ERROR] Error 321, reqId 484: Error validating request.-'bH' : cause - Historical data requests for durations longer than 365 days must be made in years., contract: Contract(secType='STK', conId=8314, symbol='IBM', exchange='SMART', primaryExchange='NYSE', currency='USD', localSymbol='IBM', tradingClass='IBM')
2026-07-30 22:02:10,259 [WARNING]   -> ECHEC (ni IBKR ni Stooq) pour IBM : Aucune donnée (ni IBKR ni Stooq) pour IBM -- TROU DE COUVERTURE.
2026-07-30 22:02:10,259 [INFO] [242/503] ICE (Intercontinental Exchange), depuis 2010-01-01...
2026-07-30 22:02:10,355 [ERROR] Error 321, reqId 486: Error validating request.-'bH' : cause - Historical data requests for durations longer than 365 days must be made in years., contract: Contract(secType='STK', conId=136370275, symbol='ICE', exchange='SMART', primaryExchange='NYSE', currency='USD', localSymbol='ICE', tradingClass='ICE')
2026-07-30 22:02:22,907 [WARNING]   -> ECHEC (ni IBKR ni Stooq) pour ICE : Aucune donnée (ni IBKR ni Stooq) pour ICE -- TROU DE COUVERTURE.
2026-07-30 22:02:22,908 [INFO] [243/503] IDXX (Idexx Laboratories), depuis 2010-01-01...
2026-07-30 22:02:22,993 [ERROR] Error 321, reqId 488: Error validating request.-'bH' : cause - Historical data requests for durations longer than 365 days must be made in years., contract: Contract(secType='STK', conId=270413, symbol='IDXX', exchange='SMART', primaryExchange='NASDAQ', currency='USD', localSymbol='IDXX', tradingClass='NMS')
2026-07-30 22:02:35,592 [WARNING]   -> ECHEC (ni IBKR ni Stooq) pour IDXX : Aucune donnée (ni IBKR ni Stooq) pour IDXX -- TROU DE COUVERTURE.
2026-07-30 22:02:35,593 [INFO] [244/503] IEX (IDEX Corporation), depuis 2010-01-01...
2026-07-30 22:02:35,682 [ERROR] Error 321, reqId 490: Error validating request.-'bH' : cause - Historical data requests for durations longer than 365 days must be made in years., contract: Contract(secType='STK', conId=8377, symbol='IEX', exchange='SMART', primaryExchange='NYSE', currency='USD', localSymbol='IEX', tradingClass='IEX')
2026-07-30 22:02:48,417 [WARNING]   -> ECHEC (ni IBKR ni Stooq) pour IEX : Aucune donnée (ni IBKR ni Stooq) pour IEX -- TROU DE COUVERTURE.
2026-07-30 22:02:48,418 [INFO] [245/503] IFF (International Flavors & Fragrances), depuis 2010-01-01...
2026-07-30 22:02:48,554 [ERROR] Error 321, reqId 492: Error validating request.-'bH' : cause - Historical data requests for durations longer than 365 days must be made in years., contract: Contract(secType='STK', conId=8385, symbol='IFF', exchange='SMART', primaryExchange='NYSE', currency='USD', localSymbol='IFF', tradingClass='IFF')
2026-07-30 22:03:01,474 [WARNING]   -> ECHEC (ni IBKR ni Stooq) pour IFF : Aucune donnée (ni IBKR ni Stooq) pour IFF -- TROU DE COUVERTURE.
2026-07-30 22:03:01,475 [INFO] [246/503] INCY (Incyte), depuis 2010-01-01...
2026-07-30 22:03:01,714 [ERROR] Error 321, reqId 494: Error validating request.-'bH' : cause - Historical data requests for durations longer than 365 days must be made in years., contract: Contract(secType='STK', conId=4369855, symbol='INCY', exchange='SMART', primaryExchange='NASDAQ', currency='USD', localSymbol='INCY', tradingClass='NMS')
2026-07-30 22:03:14,395 [WARNING]   -> ECHEC (ni IBKR ni Stooq) pour INCY : Aucune donnée (ni IBKR ni Stooq) pour INCY -- TROU DE COUVERTURE.
2026-07-30 22:03:14,396 [INFO] [247/503] INTC (Intel), depuis 2010-01-01...
2026-07-30 22:03:14,456 [ERROR] Error 321, reqId 496: Error validating request.-'bH' : cause - Historical data requests for durations longer than 365 days must be made in years., contract: Contract(secType='STK', conId=270639, symbol='INTC', exchange='SMART', primaryExchange='NASDAQ', currency='USD', localSymbol='INTC', tradingClass='NMS')
2026-07-30 22:03:27,134 [WARNING]   -> ECHEC (ni IBKR ni Stooq) pour INTC : Aucune donnée (ni IBKR ni Stooq) pour INTC -- TROU DE COUVERTURE.
2026-07-30 22:03:27,135 [INFO] [248/503] INTU (Intuit), depuis 2010-01-01...
2026-07-30 22:03:27,210 [ERROR] Error 321, reqId 498: Error validating request.-'bH' : cause - Historical data requests for durations longer than 365 days must be made in years., contract: Contract(secType='STK', conId=270662, symbol='INTU', exchange='SMART', primaryExchange='NASDAQ', currency='USD', localSymbol='INTU', tradingClass='NMS')
2026-07-30 22:03:39,866 [WARNING]   -> ECHEC (ni IBKR ni Stooq) pour INTU : Aucune donnée (ni IBKR ni Stooq) pour INTU -- TROU DE COUVERTURE.
2026-07-30 22:03:39,867 [INFO] [249/503] INVH (Invitation Homes), depuis 2010-01-01...
2026-07-30 22:03:39,950 [ERROR] Error 321, reqId 500: Error validating request.-'bH' : cause - Historical data requests for durations longer than 365 days must be made in years., contract: Contract(secType='STK', conId=264405214, symbol='INVH', exchange='SMART', primaryExchange='NYSE', currency='USD', localSymbol='INVH', tradingClass='INVH')
2026-07-30 22:03:52,778 [WARNING]   -> ECHEC (ni IBKR ni Stooq) pour INVH : Aucune donnée (ni IBKR ni Stooq) pour INVH -- TROU DE COUVERTURE.
2026-07-30 22:03:52,779 [INFO] [250/503] IP (International Paper), depuis 2010-01-01...
2026-07-30 22:03:52,840 [ERROR] Error 321, reqId 502: Error validating request.-'bH' : cause - Historical data requests for durations longer than 365 days must be made in years., contract: Contract(secType='STK', conId=8511, symbol='IP', exchange='SMART', primaryExchange='NYSE', currency='USD', localSymbol='IP', tradingClass='IP')
2026-07-30 22:04:05,439 [WARNING]   -> ECHEC (ni IBKR ni Stooq) pour IP : Aucune donnée (ni IBKR ni Stooq) pour IP -- TROU DE COUVERTURE.
2026-07-30 22:04:05,440 [INFO] [251/503] IQV (IQVIA), depuis 2010-01-01...
2026-07-30 22:04:05,540 [ERROR] Error 321, reqId 504: Error validating request.-'bH' : cause - Historical data requests for durations longer than 365 days must be made in years., contract: Contract(secType='STK', conId=295757261, symbol='IQV', exchange='SMART', primaryExchange='NYSE', currency='USD', localSymbol='IQV', tradingClass='IQV')
2026-07-30 22:04:18,157 [WARNING]   -> ECHEC (ni IBKR ni Stooq) pour IQV : Aucune donnée (ni IBKR ni Stooq) pour IQV -- TROU DE COUVERTURE.
2026-07-30 22:04:18,159 [INFO] [252/503] IR (Ingersoll Rand), depuis 2010-01-01...
2026-07-30 22:04:18,271 [ERROR] Error 321, reqId 506: Error validating request.-'bH' : cause - Historical data requests for durations longer than 365 days must be made in years., contract: Contract(secType='STK', conId=404509190, symbol='IR', exchange='SMART', primaryExchange='NYSE', currency='USD', localSymbol='IR', tradingClass='IR')
2026-07-30 22:04:30,990 [WARNING]   -> ECHEC (ni IBKR ni Stooq) pour IR : Aucune donnée (ni IBKR ni Stooq) pour IR -- TROU DE COUVERTURE.
2026-07-30 22:04:30,994 [INFO] [253/503] IRM (Iron Mountain), depuis 2010-01-01...
2026-07-30 22:04:31,076 [ERROR] Error 321, reqId 508: Error validating request.-'bH' : cause - Historical data requests for durations longer than 365 days must be made in years., contract: Contract(secType='STK', conId=180350774, symbol='IRM', exchange='SMART', primaryExchange='NYSE', currency='USD', localSymbol='IRM', tradingClass='IRM')
2026-07-30 22:04:43,728 [WARNING]   -> ECHEC (ni IBKR ni Stooq) pour IRM : Aucune donnée (ni IBKR ni Stooq) pour IRM -- TROU DE COUVERTURE.
2026-07-30 22:04:43,731 [INFO] [254/503] ISRG (Intuitive Surgical), depuis 2010-01-01...
2026-07-30 22:04:43,826 [ERROR] Error 321, reqId 510: Error validating request.-'bH' : cause - Historical data requests for durations longer than 365 days must be made in years., contract: Contract(secType='STK', conId=9063285, symbol='ISRG', exchange='SMART', primaryExchange='NASDAQ', currency='USD', localSymbol='ISRG', tradingClass='NMS')
2026-07-30 22:04:56,628 [WARNING]   -> ECHEC (ni IBKR ni Stooq) pour ISRG : Aucune donnée (ni IBKR ni Stooq) pour ISRG -- TROU DE COUVERTURE.
2026-07-30 22:04:56,629 [INFO] [255/503] IT (Gartner), depuis 2010-01-01...
2026-07-30 22:04:56,712 [ERROR] Error 321, reqId 512: Error validating request.-'bH' : cause - Historical data requests for durations longer than 365 days must be made in years., contract: Contract(secType='STK', conId=4457287, symbol='IT', exchange='SMART', primaryExchange='NYSE', currency='USD', localSymbol='IT', tradingClass='IT')
2026-07-30 22:05:09,482 [WARNING]   -> ECHEC (ni IBKR ni Stooq) pour IT : Aucune donnée (ni IBKR ni Stooq) pour IT -- TROU DE COUVERTURE.
2026-07-30 22:05:09,486 [INFO] [256/503] ITW (Illinois Tool Works), depuis 2010-01-01...
2026-07-30 22:05:09,582 [ERROR] Error 321, reqId 514: Error validating request.-'bH' : cause - Historical data requests for durations longer than 365 days must be made in years., contract: Contract(secType='STK', conId=8620, symbol='ITW', exchange='SMART', primaryExchange='NYSE', currency='USD', localSymbol='ITW', tradingClass='ITW')
2026-07-30 22:05:22,183 [WARNING]   -> ECHEC (ni IBKR ni Stooq) pour ITW : Aucune donnée (ni IBKR ni Stooq) pour ITW -- TROU DE COUVERTURE.
2026-07-30 22:05:22,184 [INFO] [257/503] IVZ (Invesco), depuis 2010-01-01...
2026-07-30 22:05:22,248 [ERROR] Error 321, reqId 516: Error validating request.-'bH' : cause - Historical data requests for durations longer than 365 days must be made in years., contract: Contract(secType='STK', conId=47550606, symbol='IVZ', exchange='SMART', primaryExchange='NYSE', currency='USD', localSymbol='IVZ', tradingClass='IVZ')
2026-07-30 22:05:35,140 [WARNING]   -> ECHEC (ni IBKR ni Stooq) pour IVZ : Aucune donnée (ni IBKR ni Stooq) pour IVZ -- TROU DE COUVERTURE.
2026-07-30 22:05:35,142 [INFO] [258/503] J (Jacobs Solutions), depuis 2010-01-01...
2026-07-30 22:05:35,220 [ERROR] Error 321, reqId 518: Error validating request.-'bH' : cause - Historical data requests for durations longer than 365 days must be made in years., contract: Contract(secType='STK', conId=582332987, symbol='J', exchange='SMART', primaryExchange='NYSE', currency='USD', localSymbol='J', tradingClass='J')
2026-07-30 22:05:48,082 [WARNING]   -> ECHEC (ni IBKR ni Stooq) pour J : Aucune donnée (ni IBKR ni Stooq) pour J -- TROU DE COUVERTURE.
2026-07-30 22:05:48,087 [INFO] [259/503] JBHT (J.B. Hunt), depuis 2010-01-01...
2026-07-30 22:05:48,172 [ERROR] Error 321, reqId 520: Error validating request.-'bH' : cause - Historical data requests for durations longer than 365 days must be made in years., contract: Contract(secType='STK', conId=270825, symbol='JBHT', exchange='SMART', primaryExchange='NASDAQ', currency='USD', localSymbol='JBHT', tradingClass='NMS')
2026-07-30 22:06:00,748 [WARNING]   -> ECHEC (ni IBKR ni Stooq) pour JBHT : Aucune donnée (ni IBKR ni Stooq) pour JBHT -- TROU DE COUVERTURE.
2026-07-30 22:06:00,749 [INFO] [260/503] JBL (Jabil), depuis 2010-01-01...
2026-07-30 22:06:00,854 [ERROR] Error 321, reqId 522: Error validating request.-'bH' : cause - Historical data requests for durations longer than 365 days must be made in years., contract: Contract(secType='STK', conId=4457282, symbol='JBL', exchange='SMART', primaryExchange='NYSE', currency='USD', localSymbol='JBL', tradingClass='JBL')
2026-07-30 22:06:13,484 [WARNING]   -> ECHEC (ni IBKR ni Stooq) pour JBL : Aucune donnée (ni IBKR ni Stooq) pour JBL -- TROU DE COUVERTURE.
2026-07-30 22:06:13,488 [INFO] [261/503] JCI (Johnson Controls), depuis 2010-01-01...
2026-07-30 22:06:13,543 [ERROR] Error 321, reqId 524: Error validating request.-'bH' : cause - Historical data requests for durations longer than 365 days must be made in years., contract: Contract(secType='STK', conId=244164913, symbol='JCI', exchange='SMART', primaryExchange='NYSE', currency='USD', localSymbol='JCI', tradingClass='JCI')
2026-07-30 22:06:26,309 [WARNING]   -> ECHEC (ni IBKR ni Stooq) pour JCI : Aucune donnée (ni IBKR ni Stooq) pour JCI -- TROU DE COUVERTURE.
2026-07-30 22:06:26,310 [INFO] [262/503] JKHY (Jack Henry & Associates), depuis 2010-01-01...
2026-07-30 22:06:26,379 [ERROR] Error 321, reqId 526: Error validating request.-'bH' : cause - Historical data requests for durations longer than 365 days must be made in years., contract: Contract(secType='STK', conId=270869, symbol='JKHY', exchange='SMART', primaryExchange='NASDAQ', currency='USD', localSymbol='JKHY', tradingClass='NMS')
2026-07-30 22:06:39,126 [WARNING]   -> ECHEC (ni IBKR ni Stooq) pour JKHY : Aucune donnée (ni IBKR ni Stooq) pour JKHY -- TROU DE COUVERTURE.
2026-07-30 22:06:39,127 [INFO] [263/503] JNJ (Johnson & Johnson), depuis 2010-01-01...
2026-07-30 22:06:39,217 [ERROR] Error 321, reqId 528: Error validating request.-'bH' : cause - Historical data requests for durations longer than 365 days must be made in years., contract: Contract(secType='STK', conId=8719, symbol='JNJ', exchange='SMART', primaryExchange='NYSE', currency='USD', localSymbol='JNJ', tradingClass='JNJ')
2026-07-30 22:06:51,868 [WARNING]   -> ECHEC (ni IBKR ni Stooq) pour JNJ : Aucune donnée (ni IBKR ni Stooq) pour JNJ -- TROU DE COUVERTURE.
2026-07-30 22:06:51,871 [INFO] [264/503] JPM (JPMorgan Chase), depuis 2010-01-01...
2026-07-30 22:06:51,984 [ERROR] Error 321, reqId 530: Error validating request.-'bH' : cause - Historical data requests for durations longer than 365 days must be made in years., contract: Contract(secType='STK', conId=1520593, symbol='JPM', exchange='SMART', primaryExchange='NYSE', currency='USD', localSymbol='JPM', tradingClass='JPM')
2026-07-30 22:07:04,620 [WARNING]   -> ECHEC (ni IBKR ni Stooq) pour JPM : Aucune donnée (ni IBKR ni Stooq) pour JPM -- TROU DE COUVERTURE.
2026-07-30 22:07:04,621 [INFO] [265/503] KDP (Keurig Dr Pepper), depuis 2010-01-01...
2026-07-30 22:07:04,701 [ERROR] Error 321, reqId 532: Error validating request.-'bH' : cause - Historical data requests for durations longer than 365 days must be made in years., contract: Contract(secType='STK', conId=324057162, symbol='KDP', exchange='SMART', primaryExchange='NASDAQ', currency='USD', localSymbol='KDP', tradingClass='NMS')
2026-07-30 22:07:17,346 [WARNING]   -> ECHEC (ni IBKR ni Stooq) pour KDP : Aucune donnée (ni IBKR ni Stooq) pour KDP -- TROU DE COUVERTURE.
2026-07-30 22:07:17,347 [INFO] [266/503] KEY (KeyCorp), depuis 2010-01-01...
2026-07-30 22:07:17,415 [ERROR] Error 321, reqId 534: Error validating request.-'bH' : cause - Historical data requests for durations longer than 365 days must be made in years., contract: Contract(secType='STK', conId=8809, symbol='KEY', exchange='SMART', primaryExchange='NYSE', currency='USD', localSymbol='KEY', tradingClass='KEY')
2026-07-30 22:07:30,093 [WARNING]   -> ECHEC (ni IBKR ni Stooq) pour KEY : Aucune donnée (ni IBKR ni Stooq) pour KEY -- TROU DE COUVERTURE.
2026-07-30 22:07:30,094 [INFO] [267/503] KEYS (Keysight Technologies), depuis 2010-01-01...
2026-07-30 22:07:30,160 [ERROR] Error 321, reqId 536: Error validating request.-'bH' : cause - Historical data requests for durations longer than 365 days must be made in years., contract: Contract(secType='STK', conId=170167160, symbol='KEYS', exchange='SMART', primaryExchange='NYSE', currency='USD', localSymbol='KEYS', tradingClass='KEYS')
2026-07-30 22:07:42,736 [WARNING]   -> ECHEC (ni IBKR ni Stooq) pour KEYS : Aucune donnée (ni IBKR ni Stooq) pour KEYS -- TROU DE COUVERTURE.
2026-07-30 22:07:42,737 [INFO] [268/503] KHC (Kraft Heinz), depuis 2010-01-01...
2026-07-30 22:07:42,823 [ERROR] Error 321, reqId 538: Error validating request.-'bH' : cause - Historical data requests for durations longer than 365 days must be made in years., contract: Contract(secType='STK', conId=199169586, symbol='KHC', exchange='SMART', primaryExchange='NASDAQ', currency='USD', localSymbol='KHC', tradingClass='NMS')
2026-07-30 22:07:55,460 [WARNING]   -> ECHEC (ni IBKR ni Stooq) pour KHC : Aucune donnée (ni IBKR ni Stooq) pour KHC -- TROU DE COUVERTURE.
2026-07-30 22:07:55,461 [INFO] [269/503] KIM (Kimco Realty), depuis 2010-01-01...
2026-07-30 22:07:55,553 [ERROR] Error 321, reqId 540: Error validating request.-'bH' : cause - Historical data requests for durations longer than 365 days must be made in years., contract: Contract(secType='STK', conId=8845, symbol='KIM', exchange='SMART', primaryExchange='NYSE', currency='USD', localSymbol='KIM', tradingClass='KIM')
2026-07-30 22:08:08,233 [WARNING]   -> ECHEC (ni IBKR ni Stooq) pour KIM : Aucune donnée (ni IBKR ni Stooq) pour KIM -- TROU DE COUVERTURE.
2026-07-30 22:08:08,234 [INFO] [270/503] KKR (KKR & Co.), depuis 2010-01-01...
2026-07-30 22:08:08,316 [ERROR] Error 321, reqId 542: Error validating request.-'bH' : cause - Historical data requests for durations longer than 365 days must be made in years., contract: Contract(secType='STK', conId=321328198, symbol='KKR', exchange='SMART', primaryExchange='NYSE', currency='USD', localSymbol='KKR', tradingClass='KKR')
2026-07-30 22:08:20,948 [WARNING]   -> ECHEC (ni IBKR ni Stooq) pour KKR : Aucune donnée (ni IBKR ni Stooq) pour KKR -- TROU DE COUVERTURE.
2026-07-30 22:08:20,949 [INFO] [271/503] KLAC (KLA Corporation), depuis 2010-01-01...
2026-07-30 22:08:21,017 [ERROR] Error 321, reqId 544: Error validating request.-'bH' : cause - Historical data requests for durations longer than 365 days must be made in years., contract: Contract(secType='STK', conId=270957, symbol='KLAC', exchange='SMART', primaryExchange='NASDAQ', currency='USD', localSymbol='KLAC', tradingClass='NMS')
2026-07-30 22:08:33,781 [WARNING]   -> ECHEC (ni IBKR ni Stooq) pour KLAC : Aucune donnée (ni IBKR ni Stooq) pour KLAC -- TROU DE COUVERTURE.
2026-07-30 22:08:33,782 [INFO] [272/503] KMB (Kimberly-Clark), depuis 2010-01-01...
2026-07-30 22:08:33,835 [ERROR] Error 321, reqId 546: Error validating request.-'bH' : cause - Historical data requests for durations longer than 365 days must be made in years., contract: Contract(secType='STK', conId=8864, symbol='KMB', exchange='SMART', primaryExchange='NASDAQ', currency='USD', localSymbol='KMB', tradingClass='NMS')
2026-07-30 22:08:46,498 [WARNING]   -> ECHEC (ni IBKR ni Stooq) pour KMB : Aucune donnée (ni IBKR ni Stooq) pour KMB -- TROU DE COUVERTURE.
2026-07-30 22:08:46,499 [INFO] [273/503] KMI (Kinder Morgan), depuis 2010-01-01...
2026-07-30 22:08:46,581 [ERROR] Error 321, reqId 548: Error validating request.-'bH' : cause - Historical data requests for durations longer than 365 days must be made in years., contract: Contract(secType='STK', conId=83975037, symbol='KMI', exchange='SMART', primaryExchange='NYSE', currency='USD', localSymbol='KMI', tradingClass='KMI')
2026-07-30 22:08:59,118 [WARNING]   -> ECHEC (ni IBKR ni Stooq) pour KMI : Aucune donnée (ni IBKR ni Stooq) pour KMI -- TROU DE COUVERTURE.
2026-07-30 22:08:59,119 [INFO] [274/503] KO (Coca-Cola Company (The)), depuis 2010-01-01...
2026-07-30 22:08:59,194 [ERROR] Error 321, reqId 550: Error validating request.-'bH' : cause - Historical data requests for durations longer than 365 days must be made in years., contract: Contract(secType='STK', conId=8894, symbol='KO', exchange='SMART', primaryExchange='NYSE', currency='USD', localSymbol='KO', tradingClass='KO')
2026-07-30 22:09:11,982 [WARNING]   -> ECHEC (ni IBKR ni Stooq) pour KO : Aucune donnée (ni IBKR ni Stooq) pour KO -- TROU DE COUVERTURE.
2026-07-30 22:09:11,983 [INFO] [275/503] KR (Kroger), depuis 2010-01-01...
2026-07-30 22:09:12,057 [ERROR] Error 321, reqId 552: Error validating request.-'bH' : cause - Historical data requests for durations longer than 365 days must be made in years., contract: Contract(secType='STK', conId=8908, symbol='KR', exchange='SMART', primaryExchange='NYSE', currency='USD', localSymbol='KR', tradingClass='KR')
2026-07-30 22:09:24,816 [WARNING]   -> ECHEC (ni IBKR ni Stooq) pour KR : Aucune donnée (ni IBKR ni Stooq) pour KR -- TROU DE COUVERTURE.
2026-07-30 22:09:24,818 [INFO] [276/503] KVUE (Kenvue), depuis 2010-01-01...
2026-07-30 22:09:24,872 [ERROR] Error 321, reqId 554: Error validating request.-'bH' : cause - Historical data requests for durations longer than 365 days must be made in years., contract: Contract(secType='STK', conId=629043863, symbol='KVUE', exchange='SMART', primaryExchange='NYSE', currency='USD', localSymbol='KVUE', tradingClass='KVUE')
2026-07-30 22:09:37,434 [WARNING]   -> ECHEC (ni IBKR ni Stooq) pour KVUE : Aucune donnée (ni IBKR ni Stooq) pour KVUE -- TROU DE COUVERTURE.
2026-07-30 22:09:37,437 [INFO] [277/503] L (Loews Corporation), depuis 2010-01-01...
2026-07-30 22:09:37,502 [ERROR] Error 321, reqId 556: Error validating request.-'bH' : cause - Historical data requests for durations longer than 365 days must be made in years., contract: Contract(secType='STK', conId=9252, symbol='L', exchange='SMART', primaryExchange='NYSE', currency='USD', localSymbol='L', tradingClass='L')
2026-07-30 22:09:50,159 [WARNING]   -> ECHEC (ni IBKR ni Stooq) pour L : Aucune donnée (ni IBKR ni Stooq) pour L -- TROU DE COUVERTURE.
2026-07-30 22:09:50,160 [INFO] [278/503] LDOS (Leidos), depuis 2010-01-01...
2026-07-30 22:09:50,247 [ERROR] Error 321, reqId 558: Error validating request.-'bH' : cause - Historical data requests for durations longer than 365 days must be made in years., contract: Contract(secType='STK', conId=134280621, symbol='LDOS', exchange='SMART', primaryExchange='NYSE', currency='USD', localSymbol='LDOS', tradingClass='LDOS')
2026-07-30 22:10:02,876 [WARNING]   -> ECHEC (ni IBKR ni Stooq) pour LDOS : Aucune donnée (ni IBKR ni Stooq) pour LDOS -- TROU DE COUVERTURE.
2026-07-30 22:10:02,876 [INFO] [279/503] LEN (Lennar), depuis 2010-01-01...
2026-07-30 22:10:02,978 [ERROR] Error 321, reqId 560: Error validating request.-'bH' : cause - Historical data requests for durations longer than 365 days must be made in years., contract: Contract(secType='STK', conId=9091, symbol='LEN', exchange='SMART', primaryExchange='NYSE', currency='USD', localSymbol='LEN', tradingClass='LEN')
2026-07-30 22:10:15,608 [WARNING]   -> ECHEC (ni IBKR ni Stooq) pour LEN : Aucune donnée (ni IBKR ni Stooq) pour LEN -- TROU DE COUVERTURE.
2026-07-30 22:10:15,610 [INFO] [280/503] LH (Labcorp), depuis 2010-01-01...
2026-07-30 22:10:15,703 [ERROR] Error 321, reqId 562: Error validating request.-'bH' : cause - Historical data requests for durations longer than 365 days must be made in years., contract: Contract(secType='STK', conId=703660032, symbol='LH', exchange='SMART', primaryExchange='NYSE', currency='USD', localSymbol='LH', tradingClass='LH')
2026-07-30 22:10:28,371 [WARNING]   -> ECHEC (ni IBKR ni Stooq) pour LH : Aucune donnée (ni IBKR ni Stooq) pour LH -- TROU DE COUVERTURE.
2026-07-30 22:10:28,373 [INFO] [281/503] LHX (L3Harris), depuis 2010-01-01...
2026-07-30 22:10:28,436 [ERROR] Error 321, reqId 564: Error validating request.-'bH' : cause - Historical data requests for durations longer than 365 days must be made in years., contract: Contract(secType='STK', conId=371886040, symbol='LHX', exchange='SMART', primaryExchange='NYSE', currency='USD', localSymbol='LHX', tradingClass='LHX')
2026-07-30 22:10:41,069 [WARNING]   -> ECHEC (ni IBKR ni Stooq) pour LHX : Aucune donnée (ni IBKR ni Stooq) pour LHX -- TROU DE COUVERTURE.
2026-07-30 22:10:41,070 [INFO] [282/503] LII (Lennox International), depuis 2010-01-01...
2026-07-30 22:10:41,122 [ERROR] Error 321, reqId 566: Error validating request.-'bH' : cause - Historical data requests for durations longer than 365 days must be made in years., contract: Contract(secType='STK', conId=6608113, symbol='LII', exchange='SMART', primaryExchange='NYSE', currency='USD', localSymbol='LII', tradingClass='LII')
2026-07-30 22:10:53,768 [WARNING]   -> ECHEC (ni IBKR ni Stooq) pour LII : Aucune donnée (ni IBKR ni Stooq) pour LII -- TROU DE COUVERTURE.
2026-07-30 22:10:53,771 [INFO] [283/503] LIN (Linde plc), depuis 2010-01-01...
2026-07-30 22:10:53,878 [ERROR] Error 321, reqId 568: Error validating request.-'bH' : cause - Historical data requests for durations longer than 365 days must be made in years., contract: Contract(secType='STK', conId=617155599, symbol='LIN', exchange='SMART', primaryExchange='NASDAQ', currency='USD', localSymbol='LIN', tradingClass='NMS')
2026-07-30 22:11:06,532 [WARNING]   -> ECHEC (ni IBKR ni Stooq) pour LIN : Aucune donnée (ni IBKR ni Stooq) pour LIN -- TROU DE COUVERTURE.
2026-07-30 22:11:06,534 [INFO] [284/503] LITE (Lumentum), depuis 2010-01-01...
2026-07-30 22:11:06,630 [ERROR] Error 321, reqId 570: Error validating request.-'bH' : cause - Historical data requests for durations longer than 365 days must be made in years., contract: Contract(secType='STK', conId=201113895, symbol='LITE', exchange='SMART', primaryExchange='NASDAQ', currency='USD', localSymbol='LITE', tradingClass='NMS')
2026-07-30 22:11:19,500 [WARNING]   -> ECHEC (ni IBKR ni Stooq) pour LITE : Aucune donnée (ni IBKR ni Stooq) pour LITE -- TROU DE COUVERTURE.
2026-07-30 22:11:19,532 [INFO] [285/503] LLY (Lilly (Eli)), depuis 2010-01-01...
2026-07-30 22:11:19,592 [ERROR] Error 321, reqId 572: Error validating request.-'bH' : cause - Historical data requests for durations longer than 365 days must be made in years., contract: Contract(secType='STK', conId=9160, symbol='LLY', exchange='SMART', primaryExchange='NYSE', currency='USD', localSymbol='LLY', tradingClass='LLY')
2026-07-30 22:11:32,297 [WARNING]   -> ECHEC (ni IBKR ni Stooq) pour LLY : Aucune donnée (ni IBKR ni Stooq) pour LLY -- TROU DE COUVERTURE.
2026-07-30 22:11:32,299 [INFO] [286/503] LMT (Lockheed Martin), depuis 2010-01-01...
2026-07-30 22:11:32,395 [ERROR] Error 321, reqId 574: Error validating request.-'bH' : cause - Historical data requests for durations longer than 365 days must be made in years., contract: Contract(secType='STK', conId=611191, symbol='LMT', exchange='SMART', primaryExchange='NYSE', currency='USD', localSymbol='LMT', tradingClass='LMT')
2026-07-30 22:11:45,096 [WARNING]   -> ECHEC (ni IBKR ni Stooq) pour LMT : Aucune donnée (ni IBKR ni Stooq) pour LMT -- TROU DE COUVERTURE.
2026-07-30 22:11:45,097 [INFO] [287/503] LNT (Alliant Energy), depuis 2010-01-01...
2026-07-30 22:11:45,378 [ERROR] Error 321, reqId 576: Error validating request.-'bH' : cause - Historical data requests for durations longer than 365 days must be made in years., contract: Contract(secType='STK', conId=5026984, symbol='LNT', exchange='SMART', primaryExchange='NASDAQ', currency='USD', localSymbol='LNT', tradingClass='NMS')
2026-07-30 22:11:58,120 [WARNING]   -> ECHEC (ni IBKR ni Stooq) pour LNT : Aucune donnée (ni IBKR ni Stooq) pour LNT -- TROU DE COUVERTURE.
2026-07-30 22:11:58,122 [INFO] [288/503] LOW (Lowe's), depuis 2010-01-01...
2026-07-30 22:11:58,217 [ERROR] Error 321, reqId 578: Error validating request.-'bH' : cause - Historical data requests for durations longer than 365 days must be made in years., contract: Contract(secType='STK', conId=9199, symbol='LOW', exchange='SMART', primaryExchange='NYSE', currency='USD', localSymbol='LOW', tradingClass='LOW')
2026-07-30 22:12:10,957 [WARNING]   -> ECHEC (ni IBKR ni Stooq) pour LOW : Aucune donnée (ni IBKR ni Stooq) pour LOW -- TROU DE COUVERTURE.
2026-07-30 22:12:10,957 [INFO] [289/503] LRCX (Lam Research), depuis 2010-01-01...
2026-07-30 22:12:11,053 [ERROR] Error 321, reqId 580: Error validating request.-'bH' : cause - Historical data requests for durations longer than 365 days must be made in years., contract: Contract(secType='STK', conId=732440574, symbol='LRCX', exchange='SMART', primaryExchange='NASDAQ', currency='USD', localSymbol='LRCX', tradingClass='NMS')
2026-07-30 22:12:23,703 [WARNING]   -> ECHEC (ni IBKR ni Stooq) pour LRCX : Aucune donnée (ni IBKR ni Stooq) pour LRCX -- TROU DE COUVERTURE.
2026-07-30 22:12:23,707 [INFO] [290/503] LULU (Lululemon Athletica), depuis 2010-01-01...
2026-07-30 22:12:23,784 [ERROR] Error 321, reqId 582: Error validating request.-'bH' : cause - Historical data requests for durations longer than 365 days must be made in years., contract: Contract(secType='STK', conId=45157951, symbol='LULU', exchange='SMART', primaryExchange='NASDAQ', currency='USD', localSymbol='LULU', tradingClass='NMS')
2026-07-30 22:12:36,488 [WARNING]   -> ECHEC (ni IBKR ni Stooq) pour LULU : Aucune donnée (ni IBKR ni Stooq) pour LULU -- TROU DE COUVERTURE.
2026-07-30 22:12:36,489 [INFO] [291/503] LUV (Southwest Airlines), depuis 2010-01-01...
2026-07-30 22:12:36,576 [ERROR] Error 321, reqId 584: Error validating request.-'bH' : cause - Historical data requests for durations longer than 365 days must be made in years., contract: Contract(secType='STK', conId=9282, symbol='LUV', exchange='SMART', primaryExchange='NYSE', currency='USD', localSymbol='LUV', tradingClass='LUV')
2026-07-30 22:12:49,318 [WARNING]   -> ECHEC (ni IBKR ni Stooq) pour LUV : Aucune donnée (ni IBKR ni Stooq) pour LUV -- TROU DE COUVERTURE.
2026-07-30 22:12:49,319 [INFO] [292/503] LVS (Las Vegas Sands), depuis 2010-01-01...
2026-07-30 22:12:49,396 [ERROR] Error 321, reqId 586: Error validating request.-'bH' : cause - Historical data requests for durations longer than 365 days must be made in years., contract: Contract(secType='STK', conId=32602412, symbol='LVS', exchange='SMART', primaryExchange='NYSE', currency='USD', localSymbol='LVS', tradingClass='LVS')
2026-07-30 22:13:02,319 [WARNING]   -> ECHEC (ni IBKR ni Stooq) pour LVS : Aucune donnée (ni IBKR ni Stooq) pour LVS -- TROU DE COUVERTURE.
2026-07-30 22:13:02,320 [INFO] [293/503] LYB (LyondellBasell), depuis 2010-01-01...
2026-07-30 22:13:02,389 [ERROR] Error 321, reqId 588: Error validating request.-'bH' : cause - Historical data requests for durations longer than 365 days must be made in years., contract: Contract(secType='STK', conId=74866700, symbol='LYB', exchange='SMART', primaryExchange='NYSE', currency='USD', localSymbol='LYB', tradingClass='LYB')
2026-07-30 22:13:14,991 [WARNING]   -> ECHEC (ni IBKR ni Stooq) pour LYB : Aucune donnée (ni IBKR ni Stooq) pour LYB -- TROU DE COUVERTURE.
2026-07-30 22:13:14,999 [INFO] [294/503] LYV (Live Nation Entertainment), depuis 2010-01-01...
2026-07-30 22:13:15,092 [ERROR] Error 321, reqId 590: Error validating request.-'bH' : cause - Historical data requests for durations longer than 365 days must be made in years., contract: Contract(secType='STK', conId=37511786, symbol='LYV', exchange='SMART', primaryExchange='NYSE', currency='USD', localSymbol='LYV', tradingClass='LYV')
2026-07-30 22:13:27,770 [WARNING]   -> ECHEC (ni IBKR ni Stooq) pour LYV : Aucune donnée (ni IBKR ni Stooq) pour LYV -- TROU DE COUVERTURE.
2026-07-30 22:13:27,770 [INFO] [295/503] MA (Mastercard), depuis 2010-01-01...
2026-07-30 22:13:27,847 [ERROR] Error 321, reqId 592: Error validating request.-'bH' : cause - Historical data requests for durations longer than 365 days must be made in years., contract: Contract(secType='STK', conId=38685693, symbol='MA', exchange='SMART', primaryExchange='NYSE', currency='USD', localSymbol='MA', tradingClass='MA')
2026-07-30 22:13:40,546 [WARNING]   -> ECHEC (ni IBKR ni Stooq) pour MA : Aucune donnée (ni IBKR ni Stooq) pour MA -- TROU DE COUVERTURE.
2026-07-30 22:13:40,547 [INFO] [296/503] MAA (Mid-America Apartment Communities), depuis 2010-01-01...
2026-07-30 22:13:40,621 [ERROR] Error 321, reqId 594: Error validating request.-'bH' : cause - Historical data requests for durations longer than 365 days must be made in years., contract: Contract(secType='STK', conId=9317, symbol='MAA', exchange='SMART', primaryExchange='NYSE', currency='USD', localSymbol='MAA', tradingClass='MAA')
2026-07-30 22:13:53,284 [WARNING]   -> ECHEC (ni IBKR ni Stooq) pour MAA : Aucune donnée (ni IBKR ni Stooq) pour MAA -- TROU DE COUVERTURE.
2026-07-30 22:13:53,288 [INFO] [297/503] MAR (Marriott International), depuis 2010-01-01...
2026-07-30 22:13:53,360 [ERROR] Error 321, reqId 596: Error validating request.-'bH' : cause - Historical data requests for durations longer than 365 days must be made in years., contract: Contract(secType='STK', conId=9358, symbol='MAR', exchange='SMART', primaryExchange='NASDAQ', currency='USD', localSymbol='MAR', tradingClass='NMS')
2026-07-30 22:14:06,034 [WARNING]   -> ECHEC (ni IBKR ni Stooq) pour MAR : Aucune donnée (ni IBKR ni Stooq) pour MAR -- TROU DE COUVERTURE.
2026-07-30 22:14:06,036 [INFO] [298/503] MAS (Masco), depuis 2010-01-01...
2026-07-30 22:14:06,125 [ERROR] Error 321, reqId 598: Error validating request.-'bH' : cause - Historical data requests for durations longer than 365 days must be made in years., contract: Contract(secType='STK', conId=9360, symbol='MAS', exchange='SMART', primaryExchange='NYSE', currency='USD', localSymbol='MAS', tradingClass='MAS')
2026-07-30 22:14:18,891 [WARNING]   -> ECHEC (ni IBKR ni Stooq) pour MAS : Aucune donnée (ni IBKR ni Stooq) pour MAS -- TROU DE COUVERTURE.
2026-07-30 22:14:18,893 [INFO] [299/503] MCD (McDonald's), depuis 2010-01-01...
2026-07-30 22:14:19,007 [ERROR] Error 321, reqId 600: Error validating request.-'bH' : cause - Historical data requests for durations longer than 365 days must be made in years., contract: Contract(secType='STK', conId=9408, symbol='MCD', exchange='SMART', primaryExchange='NYSE', currency='USD', localSymbol='MCD', tradingClass='MCD')
2026-07-30 22:14:31,676 [WARNING]   -> ECHEC (ni IBKR ni Stooq) pour MCD : Aucune donnée (ni IBKR ni Stooq) pour MCD -- TROU DE COUVERTURE.
2026-07-30 22:14:31,677 [INFO] [300/503] MCHP (Microchip Technology), depuis 2010-01-01...
2026-07-30 22:14:31,738 [ERROR] Error 321, reqId 602: Error validating request.-'bH' : cause - Historical data requests for durations longer than 365 days must be made in years., contract: Contract(secType='STK', conId=271568, symbol='MCHP', exchange='SMART', primaryExchange='NASDAQ', currency='USD', localSymbol='MCHP', tradingClass='NMS')
2026-07-30 22:14:44,766 [WARNING]   -> ECHEC (ni IBKR ni Stooq) pour MCHP : Aucune donnée (ni IBKR ni Stooq) pour MCHP -- TROU DE COUVERTURE.
2026-07-30 22:14:44,767 [INFO] [301/503] MCK (McKesson Corporation), depuis 2010-01-01...
2026-07-30 22:14:44,867 [ERROR] Error 321, reqId 604: Error validating request.-'bH' : cause - Historical data requests for durations longer than 365 days must be made in years., contract: Contract(secType='STK', conId=9657, symbol='MCK', exchange='SMART', primaryExchange='NYSE', currency='USD', localSymbol='MCK', tradingClass='MCK')
2026-07-30 22:14:57,685 [WARNING]   -> ECHEC (ni IBKR ni Stooq) pour MCK : Aucune donnée (ni IBKR ni Stooq) pour MCK -- TROU DE COUVERTURE.
2026-07-30 22:14:57,685 [INFO] [302/503] MCO (Moody's Corporation), depuis 2010-01-01...
2026-07-30 22:14:57,803 [ERROR] Error 321, reqId 606: Error validating request.-'bH' : cause - Historical data requests for durations longer than 365 days must be made in years., contract: Contract(secType='STK', conId=6497, symbol='MCO', exchange='SMART', primaryExchange='NYSE', currency='USD', localSymbol='MCO', tradingClass='MCO')
2026-07-30 22:15:10,477 [WARNING]   -> ECHEC (ni IBKR ni Stooq) pour MCO : Aucune donnée (ni IBKR ni Stooq) pour MCO -- TROU DE COUVERTURE.
2026-07-30 22:15:10,481 [INFO] [303/503] MDLZ (Mondelez International), depuis 2010-01-01...
2026-07-30 22:15:10,556 [ERROR] Error 321, reqId 608: Error validating request.-'bH' : cause - Historical data requests for durations longer than 365 days must be made in years., contract: Contract(secType='STK', conId=113599091, symbol='MDLZ', exchange='SMART', primaryExchange='NASDAQ', currency='USD', localSymbol='MDLZ', tradingClass='NMS')
2026-07-30 22:15:23,227 [WARNING]   -> ECHEC (ni IBKR ni Stooq) pour MDLZ : Aucune donnée (ni IBKR ni Stooq) pour MDLZ -- TROU DE COUVERTURE.
2026-07-30 22:15:23,228 [INFO] [304/503] MDT (Medtronic), depuis 2010-01-01...
2026-07-30 22:15:23,314 [ERROR] Error 321, reqId 610: Error validating request.-'bH' : cause - Historical data requests for durations longer than 365 days must be made in years., contract: Contract(secType='STK', conId=181387075, symbol='MDT', exchange='SMART', primaryExchange='NYSE', currency='USD', localSymbol='MDT', tradingClass='MDT')
2026-07-30 22:15:35,968 [WARNING]   -> ECHEC (ni IBKR ni Stooq) pour MDT : Aucune donnée (ni IBKR ni Stooq) pour MDT -- TROU DE COUVERTURE.
2026-07-30 22:15:35,970 [INFO] [305/503] MET (MetLife), depuis 2010-01-01...
2026-07-30 22:15:36,063 [ERROR] Error 321, reqId 612: Error validating request.-'bH' : cause - Historical data requests for durations longer than 365 days must be made in years., contract: Contract(secType='STK', conId=8093509, symbol='MET', exchange='SMART', primaryExchange='NYSE', currency='USD', localSymbol='MET', tradingClass='MET')
2026-07-30 22:15:48,833 [WARNING]   -> ECHEC (ni IBKR ni Stooq) pour MET : Aucune donnée (ni IBKR ni Stooq) pour MET -- TROU DE COUVERTURE.
2026-07-30 22:15:48,836 [INFO] [306/503] META (Meta Platforms), depuis 2010-01-01...
2026-07-30 22:15:48,918 [ERROR] Error 321, reqId 614: Error validating request.-'bH' : cause - Historical data requests for durations longer than 365 days must be made in years., contract: Contract(secType='STK', conId=107113386, symbol='META', exchange='SMART', primaryExchange='NASDAQ', currency='USD', localSymbol='META', tradingClass='NMS')
2026-07-30 22:16:01,615 [WARNING]   -> ECHEC (ni IBKR ni Stooq) pour META : Aucune donnée (ni IBKR ni Stooq) pour META -- TROU DE COUVERTURE.
2026-07-30 22:16:01,616 [INFO] [307/503] MGM (MGM Resorts), depuis 2010-01-01...
2026-07-30 22:16:01,715 [ERROR] Error 321, reqId 616: Error validating request.-'bH' : cause - Historical data requests for durations longer than 365 days must be made in years., contract: Contract(secType='STK', conId=9560, symbol='MGM', exchange='SMART', primaryExchange='NYSE', currency='USD', localSymbol='MGM', tradingClass='MGM')
2026-07-30 22:16:14,398 [WARNING]   -> ECHEC (ni IBKR ni Stooq) pour MGM : Aucune donnée (ni IBKR ni Stooq) pour MGM -- TROU DE COUVERTURE.
2026-07-30 22:16:14,398 [INFO] [308/503] MKC (McCormick & Company), depuis 2010-01-01...
2026-07-30 22:16:14,501 [ERROR] Error 321, reqId 618: Error validating request.-'bH' : cause - Historical data requests for durations longer than 365 days must be made in years., contract: Contract(secType='STK', conId=271556, symbol='MKC', exchange='SMART', primaryExchange='NYSE', currency='USD', localSymbol='MKC', tradingClass='MKC')
2026-07-30 22:16:27,203 [WARNING]   -> ECHEC (ni IBKR ni Stooq) pour MKC : Aucune donnée (ni IBKR ni Stooq) pour MKC -- TROU DE COUVERTURE.
2026-07-30 22:16:27,204 [INFO] [309/503] MLM (Martin Marietta Materials), depuis 2010-01-01...
2026-07-30 22:16:27,260 [ERROR] Error 321, reqId 620: Error validating request.-'bH' : cause - Historical data requests for durations longer than 365 days must be made in years., contract: Contract(secType='STK', conId=9690, symbol='MLM', exchange='SMART', primaryExchange='NYSE', currency='USD', localSymbol='MLM', tradingClass='MLM')
2026-07-30 22:16:39,920 [WARNING]   -> ECHEC (ni IBKR ni Stooq) pour MLM : Aucune donnée (ni IBKR ni Stooq) pour MLM -- TROU DE COUVERTURE.
2026-07-30 22:16:39,921 [INFO] [310/503] MMM (3M), depuis 2010-01-01...
2026-07-30 22:16:39,982 [ERROR] Error 321, reqId 622: Error validating request.-'bH' : cause - Historical data requests for durations longer than 365 days must be made in years., contract: Contract(secType='STK', conId=9720, symbol='MMM', exchange='SMART', primaryExchange='NYSE', currency='USD', localSymbol='MMM', tradingClass='MMM')
2026-07-30 22:16:52,606 [WARNING]   -> ECHEC (ni IBKR ni Stooq) pour MMM : Aucune donnée (ni IBKR ni Stooq) pour MMM -- TROU DE COUVERTURE.
2026-07-30 22:16:52,608 [INFO] [311/503] MNST (Monster Beverage), depuis 2010-01-01...
2026-07-30 22:16:52,673 [ERROR] Error 321, reqId 624: Error validating request.-'bH' : cause - Historical data requests for durations longer than 365 days must be made in years., contract: Contract(secType='STK', conId=196986496, symbol='MNST', exchange='SMART', primaryExchange='NASDAQ', currency='USD', localSymbol='MNST', tradingClass='NMS')
2026-07-30 22:17:05,317 [WARNING]   -> ECHEC (ni IBKR ni Stooq) pour MNST : Aucune donnée (ni IBKR ni Stooq) pour MNST -- TROU DE COUVERTURE.
2026-07-30 22:17:05,318 [INFO] [312/503] MO (Altria), depuis 2010-01-01...
2026-07-30 22:17:05,400 [ERROR] Error 321, reqId 626: Error validating request.-'bH' : cause - Historical data requests for durations longer than 365 days must be made in years., contract: Contract(secType='STK', conId=9769, symbol='MO', exchange='SMART', primaryExchange='NYSE', currency='USD', localSymbol='MO', tradingClass='MO')
2026-07-30 22:17:18,034 [WARNING]   -> ECHEC (ni IBKR ni Stooq) pour MO : Aucune donnée (ni IBKR ni Stooq) pour MO -- TROU DE COUVERTURE.
2026-07-30 22:17:18,035 [INFO] [313/503] MOS (Mosaic Company (The)), depuis 2010-01-01...
2026-07-30 22:17:18,115 [ERROR] Error 321, reqId 628: Error validating request.-'bH' : cause - Historical data requests for durations longer than 365 days must be made in years., contract: Contract(secType='STK', conId=88292752, symbol='MOS', exchange='SMART', primaryExchange='NYSE', currency='USD', localSymbol='MOS', tradingClass='MOS')
2026-07-30 22:17:30,791 [WARNING]   -> ECHEC (ni IBKR ni Stooq) pour MOS : Aucune donnée (ni IBKR ni Stooq) pour MOS -- TROU DE COUVERTURE.
2026-07-30 22:17:30,811 [INFO] [314/503] MPC (Marathon Petroleum), depuis 2010-01-01...
2026-07-30 22:17:30,877 [ERROR] Error 321, reqId 630: Error validating request.-'bH' : cause - Historical data requests for durations longer than 365 days must be made in years., contract: Contract(secType='STK', conId=89495776, symbol='MPC', exchange='SMART', primaryExchange='NYSE', currency='USD', localSymbol='MPC', tradingClass='MPC')
2026-07-30 22:17:43,510 [WARNING]   -> ECHEC (ni IBKR ni Stooq) pour MPC : Aucune donnée (ni IBKR ni Stooq) pour MPC -- TROU DE COUVERTURE.
2026-07-30 22:17:43,511 [INFO] [315/503] MPWR (Monolithic Power Systems), depuis 2010-01-01...
2026-07-30 22:17:43,596 [ERROR] Error 321, reqId 632: Error validating request.-'bH' : cause - Historical data requests for durations longer than 365 days must be made in years., contract: Contract(secType='STK', conId=32106121, symbol='MPWR', exchange='SMART', primaryExchange='NASDAQ', currency='USD', localSymbol='MPWR', tradingClass='NMS')
2026-07-30 22:17:56,214 [WARNING]   -> ECHEC (ni IBKR ni Stooq) pour MPWR : Aucune donnée (ni IBKR ni Stooq) pour MPWR -- TROU DE COUVERTURE.
2026-07-30 22:17:56,215 [INFO] [316/503] MRK (Merck & Co.), depuis 2010-01-01...
2026-07-30 22:17:56,288 [ERROR] Error 321, reqId 634: Error validating request.-'bH' : cause - Historical data requests for durations longer than 365 days must be made in years., contract: Contract(secType='STK', conId=70101545, symbol='MRK', exchange='SMART', primaryExchange='NYSE', currency='USD', localSymbol='MRK', tradingClass='MRK')
2026-07-30 22:18:08,990 [WARNING]   -> ECHEC (ni IBKR ni Stooq) pour MRK : Aucune donnée (ni IBKR ni Stooq) pour MRK -- TROU DE COUVERTURE.
2026-07-30 22:18:08,991 [INFO] [317/503] MRNA (Moderna), depuis 2010-01-01...
2026-07-30 22:18:09,063 [ERROR] Error 321, reqId 636: Error validating request.-'bH' : cause - Historical data requests for durations longer than 365 days must be made in years., contract: Contract(secType='STK', conId=344809106, symbol='MRNA', exchange='SMART', primaryExchange='NASDAQ', currency='USD', localSymbol='MRNA', tradingClass='NMS')
2026-07-30 22:18:21,742 [WARNING]   -> ECHEC (ni IBKR ni Stooq) pour MRNA : Aucune donnée (ni IBKR ni Stooq) pour MRNA -- TROU DE COUVERTURE.
2026-07-30 22:18:21,744 [INFO] [318/503] MRSH (Marsh McLennan), depuis 2010-01-01...
2026-07-30 22:18:21,810 [ERROR] Error 321, reqId 638: Error validating request.-'bH' : cause - Historical data requests for durations longer than 365 days must be made in years., contract: Contract(secType='STK', conId=9705, symbol='MRSH', exchange='SMART', primaryExchange='NYSE', currency='USD', localSymbol='MRSH', tradingClass='MRSH')
2026-07-30 22:18:34,478 [WARNING]   -> ECHEC (ni IBKR ni Stooq) pour MRSH : Aucune donnée (ni IBKR ni Stooq) pour MRSH -- TROU DE COUVERTURE.
2026-07-30 22:18:34,479 [INFO] [319/503] MRVL (Marvell Technology), depuis 2010-01-01...
2026-07-30 22:18:34,555 [ERROR] Error 321, reqId 640: Error validating request.-'bH' : cause - Historical data requests for durations longer than 365 days must be made in years., contract: Contract(secType='STK', conId=483492393, symbol='MRVL', exchange='SMART', primaryExchange='NASDAQ', currency='USD', localSymbol='MRVL', tradingClass='NMS')
2026-07-30 22:18:47,243 [WARNING]   -> ECHEC (ni IBKR ni Stooq) pour MRVL : Aucune donnée (ni IBKR ni Stooq) pour MRVL -- TROU DE COUVERTURE.
2026-07-30 22:18:47,245 [INFO] [320/503] MS (Morgan Stanley), depuis 2010-01-01...
2026-07-30 22:18:47,324 [ERROR] Error 321, reqId 642: Error validating request.-'bH' : cause - Historical data requests for durations longer than 365 days must be made in years., contract: Contract(secType='STK', conId=2841574, symbol='MS', exchange='SMART', primaryExchange='NYSE', currency='USD', localSymbol='MS', tradingClass='MS')
2026-07-30 22:19:00,054 [WARNING]   -> ECHEC (ni IBKR ni Stooq) pour MS : Aucune donnée (ni IBKR ni Stooq) pour MS -- TROU DE COUVERTURE.
2026-07-30 22:19:00,056 [INFO] [321/503] MSCI (MSCI Inc.), depuis 2010-01-01...
2026-07-30 22:19:00,110 [ERROR] Error 321, reqId 644: Error validating request.-'bH' : cause - Historical data requests for durations longer than 365 days must be made in years., contract: Contract(secType='STK', conId=47101335, symbol='MSCI', exchange='SMART', primaryExchange='NYSE', currency='USD', localSymbol='MSCI', tradingClass='MSCI')
2026-07-30 22:19:12,663 [WARNING]   -> ECHEC (ni IBKR ni Stooq) pour MSCI : Aucune donnée (ni IBKR ni Stooq) pour MSCI -- TROU DE COUVERTURE.
2026-07-30 22:19:12,665 [INFO] [322/503] MSFT (Microsoft), depuis 2010-01-01...
2026-07-30 22:19:12,781 [ERROR] Error 321, reqId 646: Error validating request.-'bH' : cause - Historical data requests for durations longer than 365 days must be made in years., contract: Contract(secType='STK', conId=272093, symbol='MSFT', exchange='SMART', primaryExchange='NASDAQ', currency='USD', localSymbol='MSFT', tradingClass='NMS')
2026-07-30 22:19:25,451 [WARNING]   -> ECHEC (ni IBKR ni Stooq) pour MSFT : Aucune donnée (ni IBKR ni Stooq) pour MSFT -- TROU DE COUVERTURE.
2026-07-30 22:19:25,451 [INFO] [323/503] MSI (Motorola Solutions), depuis 2010-01-01...
2026-07-30 22:19:25,541 [ERROR] Error 321, reqId 648: Error validating request.-'bH' : cause - Historical data requests for durations longer than 365 days must be made in years., contract: Contract(secType='STK', conId=81581011, symbol='MSI', exchange='SMART', primaryExchange='NYSE', currency='USD', localSymbol='MSI', tradingClass='MSI')
2026-07-30 22:19:38,221 [WARNING]   -> ECHEC (ni IBKR ni Stooq) pour MSI : Aucune donnée (ni IBKR ni Stooq) pour MSI -- TROU DE COUVERTURE.
2026-07-30 22:19:38,223 [INFO] [324/503] MTB (M&T Bank), depuis 2010-01-01...
2026-07-30 22:19:38,281 [ERROR] Error 321, reqId 650: Error validating request.-'bH' : cause - Historical data requests for durations longer than 365 days must be made in years., contract: Contract(secType='STK', conId=2585323, symbol='MTB', exchange='SMART', primaryExchange='NYSE', currency='USD', localSymbol='MTB', tradingClass='MTB')
2026-07-30 22:19:51,331 [WARNING]   -> ECHEC (ni IBKR ni Stooq) pour MTB : Aucune donnée (ni IBKR ni Stooq) pour MTB -- TROU DE COUVERTURE.
2026-07-30 22:19:51,332 [INFO] [325/503] MTD (Mettler Toledo), depuis 2010-01-01...
2026-07-30 22:19:51,400 [ERROR] Error 321, reqId 652: Error validating request.-'bH' : cause - Historical data requests for durations longer than 365 days must be made in years., contract: Contract(secType='STK', conId=6477908, symbol='MTD', exchange='SMART', primaryExchange='NYSE', currency='USD', localSymbol='MTD', tradingClass='MTD')
2026-07-30 22:20:04,054 [WARNING]   -> ECHEC (ni IBKR ni Stooq) pour MTD : Aucune donnée (ni IBKR ni Stooq) pour MTD -- TROU DE COUVERTURE.
2026-07-30 22:20:04,056 [INFO] [326/503] MU (Micron Technology), depuis 2010-01-01...
2026-07-30 22:20:04,155 [ERROR] Error 321, reqId 654: Error validating request.-'bH' : cause - Historical data requests for durations longer than 365 days must be made in years., contract: Contract(secType='STK', conId=9939, symbol='MU', exchange='SMART', primaryExchange='NASDAQ', currency='USD', localSymbol='MU', tradingClass='NMS')
2026-07-30 22:20:16,815 [WARNING]   -> ECHEC (ni IBKR ni Stooq) pour MU : Aucune donnée (ni IBKR ni Stooq) pour MU -- TROU DE COUVERTURE.
2026-07-30 22:20:16,816 [INFO] [327/503] NCLH (Norwegian Cruise Line Holdings), depuis 2010-01-01...
2026-07-30 22:20:16,909 [ERROR] Error 321, reqId 656: Error validating request.-'bH' : cause - Historical data requests for durations longer than 365 days must be made in years., contract: Contract(secType='STK', conId=120643512, symbol='NCLH', exchange='SMART', primaryExchange='NYSE', currency='USD', localSymbol='NCLH', tradingClass='NCLH')
2026-07-30 22:20:29,566 [WARNING]   -> ECHEC (ni IBKR ni Stooq) pour NCLH : Aucune donnée (ni IBKR ni Stooq) pour NCLH -- TROU DE COUVERTURE.
2026-07-30 22:20:29,571 [INFO] [328/503] NDAQ (Nasdaq, Inc.), depuis 2010-01-01...
2026-07-30 22:20:29,658 [ERROR] Error 321, reqId 658: Error validating request.-'bH' : cause - Historical data requests for durations longer than 365 days must be made in years., contract: Contract(secType='STK', conId=29380756, symbol='NDAQ', exchange='SMART', primaryExchange='NASDAQ', currency='USD', localSymbol='NDAQ', tradingClass='NMS')
2026-07-30 22:20:42,467 [WARNING]   -> ECHEC (ni IBKR ni Stooq) pour NDAQ : Aucune donnée (ni IBKR ni Stooq) pour NDAQ -- TROU DE COUVERTURE.
2026-07-30 22:20:42,471 [INFO] [329/503] NDSN (Nordson Corporation), depuis 2010-01-01...
2026-07-30 22:20:42,568 [ERROR] Error 321, reqId 660: Error validating request.-'bH' : cause - Historical data requests for durations longer than 365 days must be made in years., contract: Contract(secType='STK', conId=272314, symbol='NDSN', exchange='SMART', primaryExchange='NASDAQ', currency='USD', localSymbol='NDSN', tradingClass='NMS')
2026-07-30 22:20:55,257 [WARNING]   -> ECHEC (ni IBKR ni Stooq) pour NDSN : Aucune donnée (ni IBKR ni Stooq) pour NDSN -- TROU DE COUVERTURE.
2026-07-30 22:20:55,258 [INFO] [330/503] NEE (NextEra Energy), depuis 2010-01-01...
2026-07-30 22:20:55,353 [ERROR] Error 321, reqId 662: Error validating request.-'bH' : cause - Historical data requests for durations longer than 365 days must be made in years., contract: Contract(secType='STK', conId=75960201, symbol='NEE', exchange='SMART', primaryExchange='NYSE', currency='USD', localSymbol='NEE', tradingClass='NEE')
2026-07-30 22:21:08,006 [WARNING]   -> ECHEC (ni IBKR ni Stooq) pour NEE : Aucune donnée (ni IBKR ni Stooq) pour NEE -- TROU DE COUVERTURE.
2026-07-30 22:21:08,007 [INFO] [331/503] NEM (Newmont), depuis 2010-01-01...
2026-07-30 22:21:08,099 [ERROR] Error 321, reqId 664: Error validating request.-'bH' : cause - Historical data requests for durations longer than 365 days must be made in years., contract: Contract(secType='STK', conId=10174, symbol='NEM', exchange='SMART', primaryExchange='NYSE', currency='USD', localSymbol='NEM', tradingClass='NEM')
2026-07-30 22:21:20,783 [WARNING]   -> ECHEC (ni IBKR ni Stooq) pour NEM : Aucune donnée (ni IBKR ni Stooq) pour NEM -- TROU DE COUVERTURE.
2026-07-30 22:21:20,784 [INFO] [332/503] NFLX (Netflix), depuis 2010-01-01...
2026-07-30 22:21:20,847 [ERROR] Error 321, reqId 666: Error validating request.-'bH' : cause - Historical data requests for durations longer than 365 days must be made in years., contract: Contract(secType='STK', conId=15124833, symbol='NFLX', exchange='SMART', primaryExchange='NASDAQ', currency='USD', localSymbol='NFLX', tradingClass='NMS')
2026-07-30 22:21:33,508 [WARNING]   -> ECHEC (ni IBKR ni Stooq) pour NFLX : Aucune donnée (ni IBKR ni Stooq) pour NFLX -- TROU DE COUVERTURE.
2026-07-30 22:21:33,508 [INFO] [333/503] NI (NiSource), depuis 2010-01-01...
2026-07-30 22:21:33,567 [ERROR] Error 321, reqId 668: Error validating request.-'bH' : cause - Historical data requests for durations longer than 365 days must be made in years., contract: Contract(secType='STK', conId=10260, symbol='NI', exchange='SMART', primaryExchange='NYSE', currency='USD', localSymbol='NI', tradingClass='NI')
2026-07-30 22:21:46,210 [WARNING]   -> ECHEC (ni IBKR ni Stooq) pour NI : Aucune donnée (ni IBKR ni Stooq) pour NI -- TROU DE COUVERTURE.
2026-07-30 22:21:46,213 [INFO] [334/503] NKE (Nike, Inc.), depuis 2010-01-01...
2026-07-30 22:21:46,295 [ERROR] Error 321, reqId 670: Error validating request.-'bH' : cause - Historical data requests for durations longer than 365 days must be made in years., contract: Contract(secType='STK', conId=10291, symbol='NKE', exchange='SMART', primaryExchange='NYSE', currency='USD', localSymbol='NKE', tradingClass='NKE')
2026-07-30 22:21:59,002 [WARNING]   -> ECHEC (ni IBKR ni Stooq) pour NKE : Aucune donnée (ni IBKR ni Stooq) pour NKE -- TROU DE COUVERTURE.
2026-07-30 22:21:59,010 [INFO] [335/503] NOC (Northrop Grumman), depuis 2010-01-01...
2026-07-30 22:21:59,113 [ERROR] Error 321, reqId 672: Error validating request.-'bH' : cause - Historical data requests for durations longer than 365 days must be made in years., contract: Contract(secType='STK', conId=10376, symbol='NOC', exchange='SMART', primaryExchange='NYSE', currency='USD', localSymbol='NOC', tradingClass='NOC')
2026-07-30 22:22:11,739 [WARNING]   -> ECHEC (ni IBKR ni Stooq) pour NOC : Aucune donnée (ni IBKR ni Stooq) pour NOC -- TROU DE COUVERTURE.
2026-07-30 22:22:11,740 [INFO] [336/503] NOW (ServiceNow), depuis 2010-01-01...
2026-07-30 22:22:11,841 [ERROR] Error 321, reqId 674: Error validating request.-'bH' : cause - Historical data requests for durations longer than 365 days must be made in years., contract: Contract(secType='STK', conId=109911821, symbol='NOW', exchange='SMART', primaryExchange='NYSE', currency='USD', localSymbol='NOW', tradingClass='NOW')
2026-07-30 22:22:24,501 [WARNING]   -> ECHEC (ni IBKR ni Stooq) pour NOW : Aucune donnée (ni IBKR ni Stooq) pour NOW -- TROU DE COUVERTURE.
2026-07-30 22:22:24,503 [INFO] [337/503] NRG (NRG Energy), depuis 2010-01-01...
2026-07-30 22:22:24,588 [ERROR] Error 321, reqId 676: Error validating request.-'bH' : cause - Historical data requests for durations longer than 365 days must be made in years., contract: Contract(secType='STK', conId=10188791, symbol='NRG', exchange='SMART', primaryExchange='NYSE', currency='USD', localSymbol='NRG', tradingClass='NRG')
2026-07-30 22:22:37,380 [WARNING]   -> ECHEC (ni IBKR ni Stooq) pour NRG : Aucune donnée (ni IBKR ni Stooq) pour NRG -- TROU DE COUVERTURE.
2026-07-30 22:22:37,382 [INFO] [338/503] NSC (Norfolk Southern), depuis 2010-01-01...
2026-07-30 22:22:37,449 [ERROR] Error 321, reqId 678: Error validating request.-'bH' : cause - Historical data requests for durations longer than 365 days must be made in years., contract: Contract(secType='STK', conId=10497, symbol='NSC', exchange='SMART', primaryExchange='NYSE', currency='USD', localSymbol='NSC', tradingClass='NSC')
2026-07-30 22:22:50,127 [WARNING]   -> ECHEC (ni IBKR ni Stooq) pour NSC : Aucune donnée (ni IBKR ni Stooq) pour NSC -- TROU DE COUVERTURE.
2026-07-30 22:22:50,127 [INFO] [339/503] NTAP (NetApp), depuis 2010-01-01...
2026-07-30 22:22:50,218 [ERROR] Error 321, reqId 680: Error validating request.-'bH' : cause - Historical data requests for durations longer than 365 days must be made in years., contract: Contract(secType='STK', conId=49921110, symbol='NTAP', exchange='SMART', primaryExchange='NASDAQ', currency='USD', localSymbol='NTAP', tradingClass='NMS')
2026-07-30 22:23:02,780 [WARNING]   -> ECHEC (ni IBKR ni Stooq) pour NTAP : Aucune donnée (ni IBKR ni Stooq) pour NTAP -- TROU DE COUVERTURE.
2026-07-30 22:23:02,783 [INFO] [340/503] NTRS (Northern Trust), depuis 2010-01-01...
2026-07-30 22:23:02,857 [ERROR] Error 321, reqId 682: Error validating request.-'bH' : cause - Historical data requests for durations longer than 365 days must be made in years., contract: Contract(secType='STK', conId=272565, symbol='NTRS', exchange='SMART', primaryExchange='NASDAQ', currency='USD', localSymbol='NTRS', tradingClass='NMS')
2026-07-30 22:23:15,407 [WARNING]   -> ECHEC (ni IBKR ni Stooq) pour NTRS : Aucune donnée (ni IBKR ni Stooq) pour NTRS -- TROU DE COUVERTURE.
2026-07-30 22:23:15,411 [INFO] [341/503] NUE (Nucor), depuis 2010-01-01...
2026-07-30 22:23:15,514 [ERROR] Error 321, reqId 684: Error validating request.-'bH' : cause - Historical data requests for durations longer than 365 days must be made in years., contract: Contract(secType='STK', conId=10557, symbol='NUE', exchange='SMART', primaryExchange='NYSE', currency='USD', localSymbol='NUE', tradingClass='NUE')
2026-07-30 22:23:28,156 [WARNING]   -> ECHEC (ni IBKR ni Stooq) pour NUE : Aucune donnée (ni IBKR ni Stooq) pour NUE -- TROU DE COUVERTURE.
2026-07-30 22:23:28,196 [INFO] [342/503] NVDA (Nvidia), depuis 2010-01-01...
2026-07-30 22:23:28,272 [ERROR] Error 321, reqId 686: Error validating request.-'bH' : cause - Historical data requests for durations longer than 365 days must be made in years., contract: Contract(secType='STK', conId=4815747, symbol='NVDA', exchange='SMART', primaryExchange='NASDAQ', currency='USD', localSymbol='NVDA', tradingClass='NMS')
2026-07-30 22:23:41,001 [WARNING]   -> ECHEC (ni IBKR ni Stooq) pour NVDA : Aucune donnée (ni IBKR ni Stooq) pour NVDA -- TROU DE COUVERTURE.
2026-07-30 22:23:41,005 [INFO] [343/503] NVR (NVR, Inc.), depuis 2010-01-01...
2026-07-30 22:23:41,094 [ERROR] Error 321, reqId 688: Error validating request.-'bH' : cause - Historical data requests for durations longer than 365 days must be made in years., contract: Contract(secType='STK', conId=755864, symbol='NVR', exchange='SMART', primaryExchange='NYSE', currency='USD', localSymbol='NVR', tradingClass='NVR')
2026-07-30 22:23:53,756 [WARNING]   -> ECHEC (ni IBKR ni Stooq) pour NVR : Aucune donnée (ni IBKR ni Stooq) pour NVR -- TROU DE COUVERTURE.
2026-07-30 22:23:53,801 [INFO] [344/503] NWS (News Corp (Class B)), depuis 2010-01-01...
2026-07-30 22:23:53,898 [ERROR] Error 321, reqId 690: Error validating request.-'bH' : cause - Historical data requests for durations longer than 365 days must be made in years., contract: Contract(secType='STK', conId=129348130, symbol='NWS', exchange='SMART', primaryExchange='NASDAQ', currency='USD', localSymbol='NWS', tradingClass='NMS')
2026-07-30 23:59:22,300 [WARNING]   -> ECHEC (ni IBKR ni Stooq) pour NWS : Aucune donnée (ni IBKR ni Stooq) pour NWS -- TROU DE COUVERTURE.
2026-07-30 23:59:22,301 [INFO] [345/503] NWSA (News Corp (Class A)), depuis 2010-01-01...
2026-07-30 23:59:36,176 [ERROR] Error 1100, reqId -1: Connectivity between IBKR and Trader Workstation has been lost.
2026-07-30 23:59:40,602 [INFO] Warning 2157, reqId -1: Sec-def data farm connection is broken:secdefeu
2026-07-30 23:59:40,626 [INFO] Warning 2103, reqId -1: Market data farm connection is broken:eufarm
2026-07-30 23:59:42,081 [INFO] Warning 2158, reqId -1: Sec-def data farm connection is OK:secdefeu
2026-07-30 23:59:42,491 [INFO] Warning 2104, reqId -1: Market data farm connection is OK:eufarm
2026-07-31 00:00:11,176 [ERROR] Error 1102, reqId -1: Connectivity between IBKR and Trader Workstation has been restored - data maintained. The following farms are connected: eufarm; secdefeu. The following farms are not connected: euhmds.
2026-07-31 00:00:11,395 [ERROR] Error 321, reqId 693: Error validating request.-'bH' : cause - Historical data requests for durations longer than 365 days must be made in years., contract: Contract(secType='STK', conId=129348126, symbol='NWSA', exchange='SMART', primaryExchange='NASDAQ', currency='USD', localSymbol='NWSA', tradingClass='NMS')
2026-07-31 00:00:23,871 [WARNING]   -> ECHEC (ni IBKR ni Stooq) pour NWSA : Aucune donnée (ni IBKR ni Stooq) pour NWSA -- TROU DE COUVERTURE.
2026-07-31 00:00:23,888 [INFO] [346/503] NXPI (NXP Semiconductors), depuis 2010-01-01...
2026-07-31 00:00:24,047 [ERROR] Error 321, reqId 695: Error validating request.-'bH' : cause - Historical data requests for durations longer than 365 days must be made in years., contract: Contract(secType='STK', conId=77791077, symbol='NXPI', exchange='SMART', primaryExchange='NASDAQ', currency='USD', localSymbol='NXPI', tradingClass='NMS')
2026-07-31 00:00:36,711 [WARNING]   -> ECHEC (ni IBKR ni Stooq) pour NXPI : Aucune donnée (ni IBKR ni Stooq) pour NXPI -- TROU DE COUVERTURE.
2026-07-31 00:00:36,711 [INFO] [347/503] O (Realty Income), depuis 2010-01-01...
2026-07-31 00:00:36,806 [ERROR] Error 321, reqId 697: Error validating request.-'bH' : cause - Historical data requests for durations longer than 365 days must be made in years., contract: Contract(secType='STK', conId=10672, symbol='O', exchange='SMART', primaryExchange='NYSE', currency='USD', localSymbol='O', tradingClass='O')
2026-07-31 00:00:49,548 [WARNING]   -> ECHEC (ni IBKR ni Stooq) pour O : Aucune donnée (ni IBKR ni Stooq) pour O -- TROU DE COUVERTURE.
2026-07-31 00:00:49,548 [INFO] [348/503] ODFL (Old Dominion), depuis 2010-01-01...
2026-07-31 00:00:49,626 [ERROR] Error 321, reqId 699: Error validating request.-'bH' : cause - Historical data requests for durations longer than 365 days must be made in years., contract: Contract(secType='STK', conId=272667, symbol='ODFL', exchange='SMART', primaryExchange='NASDAQ', currency='USD', localSymbol='ODFL', tradingClass='NMS')
2026-07-31 00:01:02,475 [WARNING]   -> ECHEC (ni IBKR ni Stooq) pour ODFL : Aucune donnée (ni IBKR ni Stooq) pour ODFL -- TROU DE COUVERTURE.
2026-07-31 00:01:02,476 [INFO] [349/503] OKE (Oneok), depuis 2010-01-01...
2026-07-31 00:01:02,591 [ERROR] Error 321, reqId 701: Error validating request.-'bH' : cause - Historical data requests for durations longer than 365 days must be made in years., contract: Contract(secType='STK', conId=10794, symbol='OKE', exchange='SMART', primaryExchange='NYSE', currency='USD', localSymbol='OKE', tradingClass='OKE')
2026-07-31 00:01:15,244 [WARNING]   -> ECHEC (ni IBKR ni Stooq) pour OKE : Aucune donnée (ni IBKR ni Stooq) pour OKE -- TROU DE COUVERTURE.
2026-07-31 00:01:15,244 [INFO] [350/503] OMC (Omnicom Group), depuis 2010-01-01...
2026-07-31 00:01:15,310 [ERROR] Error 321, reqId 703: Error validating request.-'bH' : cause - Historical data requests for durations longer than 365 days must be made in years., contract: Contract(secType='STK', conId=10811, symbol='OMC', exchange='SMART', primaryExchange='NYSE', currency='USD', localSymbol='OMC', tradingClass='OMC')
2026-07-31 00:01:28,238 [WARNING]   -> ECHEC (ni IBKR ni Stooq) pour OMC : Aucune donnée (ni IBKR ni Stooq) pour OMC -- TROU DE COUVERTURE.
2026-07-31 00:01:28,245 [INFO] [351/503] ON (ON Semiconductor), depuis 2010-01-01...
2026-07-31 00:01:28,327 [ERROR] Error 321, reqId 705: Error validating request.-'bH' : cause - Historical data requests for durations longer than 365 days must be made in years., contract: Contract(secType='STK', conId=8677881, symbol='ON', exchange='SMART', primaryExchange='NASDAQ', currency='USD', localSymbol='ON', tradingClass='NMS')
2026-07-31 00:01:41,158 [WARNING]   -> ECHEC (ni IBKR ni Stooq) pour ON : Aucune donnée (ni IBKR ni Stooq) pour ON -- TROU DE COUVERTURE.
2026-07-31 00:01:41,159 [INFO] [352/503] ORCL (Oracle Corporation), depuis 2010-01-01...
2026-07-31 00:01:41,238 [ERROR] Error 321, reqId 707: Error validating request.-'bH' : cause - Historical data requests for durations longer than 365 days must be made in years., contract: Contract(secType='STK', conId=272800, symbol='ORCL', exchange='SMART', primaryExchange='NYSE', currency='USD', localSymbol='ORCL', tradingClass='ORCL')
2026-07-31 00:01:54,050 [WARNING]   -> ECHEC (ni IBKR ni Stooq) pour ORCL : Aucune donnée (ni IBKR ni Stooq) pour ORCL -- TROU DE COUVERTURE.
2026-07-31 00:01:54,051 [INFO] [353/503] ORLY (O’Reilly Automotive), depuis 2010-01-01...
2026-07-31 00:01:54,131 [ERROR] Error 321, reqId 709: Error validating request.-'bH' : cause - Historical data requests for durations longer than 365 days must be made in years., contract: Contract(secType='STK', conId=82457808, symbol='ORLY', exchange='SMART', primaryExchange='NASDAQ', currency='USD', localSymbol='ORLY', tradingClass='NMS')
2026-07-31 00:02:07,161 [WARNING]   -> ECHEC (ni IBKR ni Stooq) pour ORLY : Aucune donnée (ni IBKR ni Stooq) pour ORLY -- TROU DE COUVERTURE.
2026-07-31 00:02:07,161 [INFO] [354/503] OTIS (Otis Worldwide), depuis 2010-01-01...
2026-07-31 00:02:07,245 [ERROR] Error 321, reqId 711: Error validating request.-'bH' : cause - Historical data requests for durations longer than 365 days must be made in years., contract: Contract(secType='STK', conId=410755402, symbol='OTIS', exchange='SMART', primaryExchange='NYSE', currency='USD', localSymbol='OTIS', tradingClass='OTIS')
2026-07-31 00:02:19,983 [WARNING]   -> ECHEC (ni IBKR ni Stooq) pour OTIS : Aucune donnée (ni IBKR ni Stooq) pour OTIS -- TROU DE COUVERTURE.
2026-07-31 00:02:19,984 [INFO] [355/503] OXY (Occidental Petroleum), depuis 2010-01-01...
2026-07-31 00:02:20,067 [ERROR] Error 321, reqId 713: Error validating request.-'bH' : cause - Historical data requests for durations longer than 365 days must be made in years., contract: Contract(secType='STK', conId=10880, symbol='OXY', exchange='SMART', primaryExchange='NYSE', currency='USD', localSymbol='OXY', tradingClass='OXY')
2026-07-31 00:02:33,366 [WARNING]   -> ECHEC (ni IBKR ni Stooq) pour OXY : Aucune donnée (ni IBKR ni Stooq) pour OXY -- TROU DE COUVERTURE.
2026-07-31 00:02:33,367 [INFO] [356/503] PANW (Palo Alto Networks), depuis 2010-01-01...
2026-07-31 00:02:33,471 [ERROR] Error 321, reqId 715: Error validating request.-'bH' : cause - Historical data requests for durations longer than 365 days must be made in years., contract: Contract(secType='STK', conId=110619459, symbol='PANW', exchange='SMART', primaryExchange='NASDAQ', currency='USD', localSymbol='PANW', tradingClass='NMS')
2026-07-31 00:02:46,533 [WARNING]   -> ECHEC (ni IBKR ni Stooq) pour PANW : Aucune donnée (ni IBKR ni Stooq) pour PANW -- TROU DE COUVERTURE.
2026-07-31 00:02:46,536 [INFO] [357/503] PAYX (Paychex), depuis 2010-01-01...
2026-07-31 00:02:46,675 [ERROR] Error 321, reqId 717: Error validating request.-'bH' : cause - Historical data requests for durations longer than 365 days must be made in years., contract: Contract(secType='STK', conId=272942, symbol='PAYX', exchange='SMART', primaryExchange='NASDAQ', currency='USD', localSymbol='PAYX', tradingClass='NMS')
2026-07-31 00:02:59,577 [WARNING]   -> ECHEC (ni IBKR ni Stooq) pour PAYX : Aucune donnée (ni IBKR ni Stooq) pour PAYX -- TROU DE COUVERTURE.
2026-07-31 00:02:59,579 [INFO] [358/503] PCAR (Paccar), depuis 2010-01-01...
2026-07-31 00:02:59,806 [ERROR] Error 321, reqId 719: Error validating request.-'bH' : cause - Historical data requests for durations longer than 365 days must be made in years., contract: Contract(secType='STK', conId=272992, symbol='PCAR', exchange='SMART', primaryExchange='NASDAQ', currency='USD', localSymbol='PCAR', tradingClass='NMS')
2026-07-31 00:03:12,694 [WARNING]   -> ECHEC (ni IBKR ni Stooq) pour PCAR : Aucune donnée (ni IBKR ni Stooq) pour PCAR -- TROU DE COUVERTURE.
2026-07-31 00:03:12,695 [INFO] [359/503] PCG (PG&E Corporation), depuis 2010-01-01...
2026-07-31 00:03:12,780 [ERROR] Error 321, reqId 721: Error validating request.-'bH' : cause - Historical data requests for durations longer than 365 days must be made in years., contract: Contract(secType='STK', conId=2586035, symbol='PCG', exchange='SMART', primaryExchange='NYSE', currency='USD', localSymbol='PCG', tradingClass='PCG')
2026-07-31 00:03:25,820 [WARNING]   -> ECHEC (ni IBKR ni Stooq) pour PCG : Aucune donnée (ni IBKR ni Stooq) pour PCG -- TROU DE COUVERTURE.
2026-07-31 00:03:25,823 [INFO] [360/503] PEG (Public Service Enterprise Group), depuis 2010-01-01...
2026-07-31 00:03:25,895 [ERROR] Error 321, reqId 723: Error validating request.-'bH' : cause - Historical data requests for durations longer than 365 days must be made in years., contract: Contract(secType='STK', conId=11005, symbol='PEG', exchange='SMART', primaryExchange='NYSE', currency='USD', localSymbol='PEG', tradingClass='PEG')
2026-07-31 00:03:38,798 [WARNING]   -> ECHEC (ni IBKR ni Stooq) pour PEG : Aucune donnée (ni IBKR ni Stooq) pour PEG -- TROU DE COUVERTURE.
2026-07-31 00:03:38,802 [INFO] [361/503] PEP (PepsiCo), depuis 2010-01-01...
2026-07-31 00:03:38,896 [ERROR] Error 321, reqId 725: Error validating request.-'bH' : cause - Historical data requests for durations longer than 365 days must be made in years., contract: Contract(secType='STK', conId=11017, symbol='PEP', exchange='SMART', primaryExchange='NASDAQ', currency='USD', localSymbol='PEP', tradingClass='NMS')
2026-07-31 00:03:51,833 [WARNING]   -> ECHEC (ni IBKR ni Stooq) pour PEP : Aucune donnée (ni IBKR ni Stooq) pour PEP -- TROU DE COUVERTURE.
2026-07-31 00:03:51,834 [INFO] [362/503] PFE (Pfizer), depuis 2010-01-01...
2026-07-31 00:03:51,978 [ERROR] Error 321, reqId 727: Error validating request.-'bH' : cause - Historical data requests for durations longer than 365 days must be made in years., contract: Contract(secType='STK', conId=11031, symbol='PFE', exchange='SMART', primaryExchange='NYSE', currency='USD', localSymbol='PFE', tradingClass='PFE')
2026-07-31 00:04:04,974 [WARNING]   -> ECHEC (ni IBKR ni Stooq) pour PFE : Aucune donnée (ni IBKR ni Stooq) pour PFE -- TROU DE COUVERTURE.
2026-07-31 00:04:04,975 [INFO] [363/503] PFG (Principal Financial Group), depuis 2010-01-01...
2026-07-31 00:04:05,079 [ERROR] Error 321, reqId 729: Error validating request.-'bH' : cause - Historical data requests for durations longer than 365 days must be made in years., contract: Contract(secType='STK', conId=11032, symbol='PFG', exchange='SMART', primaryExchange='NASDAQ', currency='USD', localSymbol='PFG', tradingClass='NMS')
2026-07-31 00:04:17,933 [WARNING]   -> ECHEC (ni IBKR ni Stooq) pour PFG : Aucune donnée (ni IBKR ni Stooq) pour PFG -- TROU DE COUVERTURE.
2026-07-31 00:04:17,934 [INFO] [364/503] PG (Procter & Gamble), depuis 2010-01-01...
2026-07-31 00:04:17,992 [ERROR] Error 321, reqId 731: Error validating request.-'bH' : cause - Historical data requests for durations longer than 365 days must be made in years., contract: Contract(secType='STK', conId=11054, symbol='PG', exchange='SMART', primaryExchange='NYSE', currency='USD', localSymbol='PG', tradingClass='PG')
2026-07-31 00:04:30,839 [WARNING]   -> ECHEC (ni IBKR ni Stooq) pour PG : Aucune donnée (ni IBKR ni Stooq) pour PG -- TROU DE COUVERTURE.
2026-07-31 00:04:30,840 [INFO] [365/503] PGR (Progressive Corporation), depuis 2010-01-01...
2026-07-31 00:04:31,101 [ERROR] Error 321, reqId 733: Error validating request.-'bH' : cause - Historical data requests for durations longer than 365 days must be made in years., contract: Contract(secType='STK', conId=11080, symbol='PGR', exchange='SMART', primaryExchange='NYSE', currency='USD', localSymbol='PGR', tradingClass='PGR')
2026-07-31 00:04:44,082 [WARNING]   -> ECHEC (ni IBKR ni Stooq) pour PGR : Aucune donnée (ni IBKR ni Stooq) pour PGR -- TROU DE COUVERTURE.
2026-07-31 00:04:44,083 [INFO] [366/503] PH (Parker Hannifin), depuis 2010-01-01...
2026-07-31 00:04:44,172 [ERROR] Error 321, reqId 735: Error validating request.-'bH' : cause - Historical data requests for durations longer than 365 days must be made in years., contract: Contract(secType='STK', conId=11094, symbol='PH', exchange='SMART', primaryExchange='NYSE', currency='USD', localSymbol='PH', tradingClass='PH')
2026-07-31 00:04:57,173 [WARNING]   -> ECHEC (ni IBKR ni Stooq) pour PH : Aucune donnée (ni IBKR ni Stooq) pour PH -- TROU DE COUVERTURE.
2026-07-31 00:04:57,173 [INFO] [367/503] PHM (PulteGroup), depuis 2010-01-01...
2026-07-31 00:04:57,406 [ERROR] Error 321, reqId 737: Error validating request.-'bH' : cause - Historical data requests for durations longer than 365 days must be made in years., contract: Contract(secType='STK', conId=11109, symbol='PHM', exchange='SMART', primaryExchange='NYSE', currency='USD', localSymbol='PHM', tradingClass='PHM')
2026-07-31 00:05:10,392 [WARNING]   -> ECHEC (ni IBKR ni Stooq) pour PHM : Aucune donnée (ni IBKR ni Stooq) pour PHM -- TROU DE COUVERTURE.
2026-07-31 00:05:10,393 [INFO] [368/503] PKG (Packaging Corporation of America), depuis 2010-01-01...
2026-07-31 00:05:10,449 [ERROR] Error 321, reqId 739: Error validating request.-'bH' : cause - Historical data requests for durations longer than 365 days must be made in years., contract: Contract(secType='STK', conId=7740411, symbol='PKG', exchange='SMART', primaryExchange='NYSE', currency='USD', localSymbol='PKG', tradingClass='PKG')
2026-07-31 00:05:13,722 [INFO] Disconnecting from 127.0.0.1:4002, 50.3 kB sent in 745 messages, 531 kB received in 1868 messages, session time 10.6 ks.
2026-07-31 00:05:13,723 [INFO] Disconnecting
2026-07-31 00:05:13,724 [INFO] Déconnecté d'IBKR.
