2026-08-26 12:52:58,045 [INFO] Log file: data\prices\daily_prices_20260826_125258.log
2026-08-26 12:52:58,066 [INFO] Univers chargé : 503 tickers.
2026-08-26 12:52:58,069 [INFO] Indice de référence SPY ajouté aux tickers à récupérer (SPDR S&P 500 ETF Trust). Il n'entre PAS dans l'univers investissable, qui vient de sp500_universe_history.parquet.
2026-08-26 12:52:58,401 [INFO] Cache existant chargé : data\prices\daily_prices.parquet (1924569 lignes, 505 symboles).
2026-08-26 12:53:20,462 [INFO] 0/504 tickers déjà à jour (ignorés), 504 à récupérer.
2026-08-26 12:53:20,565 [INFO] Connecting to 127.0.0.1:4002 with clientId 4...
2026-08-26 12:53:20,566 [INFO] Connected
2026-08-26 12:53:20,649 [INFO] Logged on to server version 176
2026-08-26 12:53:20,776 [INFO] API connection ready
2026-08-26 12:53:20,805 [INFO] Warning 2104, reqId -1: Market data farm connection is OK:eufarm
2026-08-26 12:53:20,810 [INFO] Warning 2106, reqId -1: HMDS data farm connection is OK:euhmds
2026-08-26 12:53:20,812 [INFO] Warning 2158, reqId -1: Sec-def data farm connection is OK:secdefeu
2026-08-26 12:53:21,349 [INFO] Synchronization complete
2026-08-26 12:53:21,349 [INFO] Connecté à IBKR sur 127.0.0.1:4002 (clientId=4, readonly=True).
2026-08-26 12:53:21,350 [INFO] [1/504] A (Agilent Technologies), depuis 2026-08-14...
2026-08-26 12:53:26,448 [INFO] Warning 2106, reqId -1: HMDS data farm connection is OK:ushmds
2026-08-26 12:53:38,527 [INFO]   -> 8 jours récupérés pour A (source: ibkr)
2026-08-26 12:53:38,527 [INFO] [2/504] AAPL (Apple Inc.), depuis 2026-08-14...
2026-08-26 12:53:50,485 [INFO]   -> 8 jours récupérés pour AAPL (source: ibkr)
2026-08-26 12:53:50,485 [INFO] [3/504] ABBV (AbbVie), depuis 2026-08-14...
2026-08-26 12:54:02,231 [INFO]   -> 8 jours récupérés pour ABBV (source: ibkr)
2026-08-26 12:54:02,231 [INFO] [4/504] ABNB (Airbnb), depuis 2026-08-14...
2026-08-26 12:54:14,048 [INFO]   -> 8 jours récupérés pour ABNB (source: ibkr)
2026-08-26 12:54:14,049 [INFO] [5/504] ABT (Abbott Laboratories), depuis 2026-08-14...
2026-08-26 12:54:25,928 [INFO]   -> 8 jours récupérés pour ABT (source: ibkr)
2026-08-26 12:54:25,928 [INFO] [6/504] ACGL (Arch Capital Group), depuis 2026-08-14...
2026-08-26 12:54:37,958 [INFO]   -> 8 jours récupérés pour ACGL (source: ibkr)
2026-08-26 12:54:37,959 [INFO] [7/504] ACN (Accenture), depuis 2026-08-14...
2026-08-26 12:54:49,731 [INFO]   -> 8 jours récupérés pour ACN (source: ibkr)
2026-08-26 12:54:49,731 [INFO] [8/504] ADBE (Adobe Inc.), depuis 2026-08-14...
2026-08-26 12:55:01,370 [INFO]   -> 8 jours récupérés pour ADBE (source: ibkr)
2026-08-26 12:55:01,371 [INFO] [9/504] ADI (Analog Devices), depuis 2026-08-14...
2026-08-26 12:55:13,090 [INFO]   -> 8 jours récupérés pour ADI (source: ibkr)
2026-08-26 12:55:13,091 [INFO] [10/504] ADM (Archer Daniels Midland), depuis 2026-08-14...
2026-08-26 12:55:24,856 [INFO]   -> 8 jours récupérés pour ADM (source: ibkr)
2026-08-26 12:55:24,857 [INFO] [11/504] ADP (Automatic Data Processing), depuis 2026-08-14...
2026-08-26 12:55:37,007 [INFO]   -> 8 jours récupérés pour ADP (source: ibkr)
2026-08-26 12:55:37,008 [INFO] [12/504] ADSK (Autodesk), depuis 2026-08-14...
2026-08-26 12:55:54,446 [INFO]   -> 8 jours récupérés pour ADSK (source: ibkr)
2026-08-26 12:55:54,449 [INFO] [13/504] AEE (Ameren), depuis 2026-08-14...
2026-08-26 12:55:54,452 [INFO] Warning 2119, reqId -1: Market data farm is connecting:usopt
2026-08-26 12:55:54,459 [INFO] Warning 2104, reqId -1: Market data farm connection is OK:usopt
2026-08-26 12:55:54,460 [INFO] Warning 2119, reqId -1: Market data farm is connecting:usfarm
2026-08-26 12:55:54,462 [INFO] Warning 2104, reqId -1: Market data farm connection is OK:usfarm
2026-08-26 12:56:11,021 [INFO]   -> 8 jours récupérés pour AEE (source: ibkr)
2026-08-26 12:56:11,035 [INFO] [14/504] AEP (American Electric Power), depuis 2026-08-14...
2026-08-26 12:56:23,840 [INFO]   -> 8 jours récupérés pour AEP (source: ibkr)
2026-08-26 12:56:23,922 [INFO] [15/504] AES (AES Corporation), depuis 2026-08-14...
2026-08-26 12:56:37,719 [INFO]   -> 8 jours récupérés pour AES (source: ibkr)
2026-08-26 12:56:37,720 [INFO] [16/504] AFL (Aflac), depuis 2026-08-14...
2026-08-26 12:56:49,261 [INFO]   -> 8 jours récupérés pour AFL (source: ibkr)
2026-08-26 12:56:49,263 [INFO] [17/504] AIG (American International Group), depuis 2026-08-14...
2026-08-26 12:57:01,069 [INFO]   -> 8 jours récupérés pour AIG (source: ibkr)
2026-08-26 12:57:01,070 [INFO] [18/504] AIZ (Assurant), depuis 2026-08-14...
2026-08-26 12:57:14,990 [INFO]   -> 8 jours récupérés pour AIZ (source: ibkr)
2026-08-26 12:57:14,991 [INFO] [19/504] AJG (Arthur J. Gallagher & Co.), depuis 2026-08-14...
2026-08-26 12:57:27,017 [INFO]   -> 8 jours récupérés pour AJG (source: ibkr)
2026-08-26 12:57:27,018 [INFO] [20/504] AKAM (Akamai Technologies), depuis 2026-08-14...
2026-08-26 12:57:39,263 [INFO]   -> 8 jours récupérés pour AKAM (source: ibkr)
2026-08-26 12:57:39,265 [INFO] [21/504] ALB (Albemarle Corporation), depuis 2026-08-14...
2026-08-26 12:57:52,942 [INFO]   -> 8 jours récupérés pour ALB (source: ibkr)
2026-08-26 12:57:52,942 [INFO] [22/504] ALGN (Align Technology), depuis 2026-08-14...
2026-08-26 12:58:04,235 [INFO]   -> 8 jours récupérés pour ALGN (source: ibkr)
2026-08-26 12:58:04,236 [INFO] [23/504] ALL (Allstate), depuis 2026-08-14...
2026-08-26 12:58:17,399 [INFO]   -> 8 jours récupérés pour ALL (source: ibkr)
2026-08-26 12:58:17,400 [INFO] [24/504] ALLE (Allegion), depuis 2026-08-14...
2026-08-26 12:58:28,844 [INFO]   -> 8 jours récupérés pour ALLE (source: ibkr)
2026-08-26 12:58:28,845 [INFO] [25/504] AMAT (Applied Materials), depuis 2026-08-14...
2026-08-26 12:58:40,740 [INFO]   -> 8 jours récupérés pour AMAT (source: ibkr)
2026-08-26 12:58:40,741 [INFO] [26/504] AMCR (Amcor), depuis 2026-08-14...
2026-08-26 12:58:52,611 [INFO]   -> 8 jours récupérés pour AMCR (source: ibkr)
2026-08-26 12:58:52,622 [INFO] [27/504] AMD (Advanced Micro Devices), depuis 2026-08-14...
2026-08-26 12:59:05,031 [INFO]   -> 8 jours récupérés pour AMD (source: ibkr)
2026-08-26 12:59:05,032 [INFO] [28/504] AME (Ametek), depuis 2026-08-14...
2026-08-26 12:59:17,140 [INFO]   -> 8 jours récupérés pour AME (source: ibkr)
2026-08-26 12:59:17,142 [INFO] [29/504] AMGN (Amgen), depuis 2026-08-14...
2026-08-26 12:59:30,075 [INFO]   -> 8 jours récupérés pour AMGN (source: ibkr)
2026-08-26 12:59:30,076 [INFO] [30/504] AMP (Ameriprise Financial), depuis 2026-08-14...
2026-08-26 12:59:43,822 [INFO]   -> 8 jours récupérés pour AMP (source: ibkr)
2026-08-26 12:59:43,827 [INFO] [31/504] AMT (American Tower), depuis 2026-08-14...
2026-08-26 12:59:56,195 [INFO]   -> 8 jours récupérés pour AMT (source: ibkr)
2026-08-26 12:59:56,195 [INFO] [32/504] AMZN (Amazon), depuis 2026-08-14...
2026-08-26 13:00:07,478 [INFO]   -> 8 jours récupérés pour AMZN (source: ibkr)
2026-08-26 13:00:07,480 [INFO] [33/504] ANET (Arista Networks), depuis 2026-08-14...
2026-08-26 13:00:19,015 [INFO]   -> 8 jours récupérés pour ANET (source: ibkr)
2026-08-26 13:00:19,016 [INFO] [34/504] AON (Aon plc), depuis 2026-08-14...
2026-08-26 13:00:30,674 [INFO]   -> 8 jours récupérés pour AON (source: ibkr)
2026-08-26 13:00:30,675 [INFO] [35/504] AOS (A. O. Smith), depuis 2026-08-14...
2026-08-26 13:00:44,043 [INFO]   -> 8 jours récupérés pour AOS (source: ibkr)
2026-08-26 13:00:44,044 [INFO] [36/504] APA (APA Corporation), depuis 2026-08-14...
2026-08-26 13:00:55,922 [INFO]   -> 8 jours récupérés pour APA (source: ibkr)
2026-08-26 13:00:55,923 [INFO] [37/504] APD (Air Products), depuis 2026-08-14...
2026-08-26 13:01:07,606 [INFO]   -> 8 jours récupérés pour APD (source: ibkr)
2026-08-26 13:01:07,607 [INFO] [38/504] APH (Amphenol), depuis 2026-08-14...
2026-08-26 13:01:18,879 [INFO]   -> 8 jours récupérés pour APH (source: ibkr)
2026-08-26 13:01:18,880 [INFO] [39/504] APO (Apollo Global Management), depuis 2026-08-14...
2026-08-26 13:01:32,226 [INFO]   -> 8 jours récupérés pour APO (source: ibkr)
2026-08-26 13:01:32,227 [INFO] [40/504] APP (AppLovin), depuis 2026-08-14...
2026-08-26 13:01:44,424 [INFO]   -> 8 jours récupérés pour APP (source: ibkr)
2026-08-26 13:01:44,424 [INFO] [41/504] APTV (Aptiv), depuis 2026-08-14...
2026-08-26 13:01:56,153 [INFO]   -> 8 jours récupérés pour APTV (source: ibkr)
2026-08-26 13:01:56,154 [INFO] [42/504] ARE (Alexandria Real Estate Equities), depuis 2026-08-14...
2026-08-26 13:02:08,865 [INFO]   -> 8 jours récupérés pour ARE (source: ibkr)
2026-08-26 13:02:08,867 [INFO] [43/504] ARES (Ares Management), depuis 2026-08-14...
2026-08-26 13:02:21,809 [INFO]   -> 8 jours récupérés pour ARES (source: ibkr)
2026-08-26 13:02:21,811 [INFO] [44/504] ATO (Atmos Energy), depuis 2026-08-14...
2026-08-26 13:02:33,495 [INFO]   -> 8 jours récupérés pour ATO (source: ibkr)
2026-08-26 13:02:33,496 [INFO] [45/504] AVB (AvalonBay Communities), depuis 2026-08-13...
2026-08-26 13:02:33,552 [ERROR] Error 200, reqId 91: No security definition has been found for the request, contract: Stock(symbol='AVB', exchange='SMART', currency='USD')
2026-08-26 13:02:37,538 [WARNING]   -> ECHEC (ni IBKR ni Stooq) pour AVB : Aucune donnée (ni IBKR ni Stooq) pour AVB -- TROU DE COUVERTURE.
2026-08-26 13:02:37,547 [INFO] [46/504] AVGO (Broadcom), depuis 2026-08-14...
2026-08-26 13:02:49,233 [INFO]   -> 8 jours récupérés pour AVGO (source: ibkr)
2026-08-26 13:02:49,233 [INFO] [47/504] AVY (Avery Dennison), depuis 2026-08-14...
2026-08-26 13:03:02,165 [INFO]   -> 8 jours récupérés pour AVY (source: ibkr)
2026-08-26 13:03:02,166 [INFO] [48/504] AWK (American Water Works), depuis 2026-08-14...
2026-08-26 13:03:13,451 [INFO]   -> 8 jours récupérés pour AWK (source: ibkr)
2026-08-26 13:03:13,452 [INFO] [49/504] AXON (Axon Enterprise), depuis 2026-08-14...
2026-08-26 13:03:25,112 [INFO]   -> 8 jours récupérés pour AXON (source: ibkr)
2026-08-26 13:03:25,113 [INFO] [50/504] AXP (American Express), depuis 2026-08-14...
2026-08-26 13:03:38,691 [INFO]   -> 8 jours récupérés pour AXP (source: ibkr)
2026-08-26 13:03:38,693 [INFO] [51/504] AZO (AutoZone), depuis 2026-08-14...
2026-08-26 13:03:52,255 [INFO]   -> 8 jours récupérés pour AZO (source: ibkr)
2026-08-26 13:03:52,255 [INFO] [52/504] BA (Boeing), depuis 2026-08-14...
2026-08-26 13:04:03,963 [INFO]   -> 8 jours récupérés pour BA (source: ibkr)
2026-08-26 13:04:03,963 [INFO] [53/504] BAC (Bank of America), depuis 2026-08-14...
2026-08-26 13:04:15,643 [INFO]   -> 8 jours récupérés pour BAC (source: ibkr)
2026-08-26 13:04:15,645 [INFO] [54/504] BALL (Ball Corporation), depuis 2026-08-14...
2026-08-26 13:04:28,534 [INFO]   -> 8 jours récupérés pour BALL (source: ibkr)
2026-08-26 13:04:28,534 [INFO] [55/504] BAX (Baxter International), depuis 2026-08-14...
2026-08-26 13:04:40,595 [INFO]   -> 8 jours récupérés pour BAX (source: ibkr)
2026-08-26 13:04:40,596 [INFO] [56/504] BBY (Best Buy), depuis 2026-08-14...
2026-08-26 13:04:52,328 [INFO]   -> 8 jours récupérés pour BBY (source: ibkr)
2026-08-26 13:04:52,328 [INFO] [57/504] BDX (Becton Dickinson), depuis 2026-08-14...
2026-08-26 13:05:04,239 [INFO]   -> 8 jours récupérés pour BDX (source: ibkr)
2026-08-26 13:05:04,240 [INFO] [58/504] BEN (Franklin Resources), depuis 2026-08-14...
2026-08-26 13:05:18,407 [INFO]   -> 8 jours récupérés pour BEN (source: ibkr)
2026-08-26 13:05:18,408 [INFO] [59/504] BF B (Brown–Forman), depuis 2026-08-14...
2026-08-26 13:05:30,339 [INFO]   -> 8 jours récupérés pour BF B (source: ibkr)
2026-08-26 13:05:30,340 [INFO] [60/504] BG (Bunge Global), depuis 2026-08-14...
2026-08-26 13:05:42,429 [INFO]   -> 8 jours récupérés pour BG (source: ibkr)
2026-08-26 13:05:42,430 [INFO] [61/504] BIIB (Biogen), depuis 2026-08-14...
2026-08-26 13:05:53,959 [INFO]   -> 8 jours récupérés pour BIIB (source: ibkr)
2026-08-26 13:05:53,959 [INFO] [62/504] BKNG (Booking Holdings), depuis 2026-08-14...
2026-08-26 13:06:06,369 [INFO]   -> 8 jours récupérés pour BKNG (source: ibkr)
2026-08-26 13:06:06,370 [INFO] [63/504] BKR (Baker Hughes), depuis 2026-08-14...
2026-08-26 13:06:17,658 [INFO]   -> 8 jours récupérés pour BKR (source: ibkr)
2026-08-26 13:06:17,659 [INFO] [64/504] BLDR (Builders FirstSource), depuis 2026-08-14...
2026-08-26 13:06:29,283 [INFO]   -> 8 jours récupérés pour BLDR (source: ibkr)
2026-08-26 13:06:29,284 [INFO] [65/504] BLK (BlackRock), depuis 2026-08-14...
2026-08-26 13:06:41,043 [INFO]   -> 8 jours récupérés pour BLK (source: ibkr)
2026-08-26 13:06:41,044 [INFO] [66/504] BMY (Bristol Myers Squibb), depuis 2026-08-14...
2026-08-26 13:06:53,815 [INFO]   -> 8 jours récupérés pour BMY (source: ibkr)
2026-08-26 13:06:53,816 [INFO] [67/504] BNY (BNY Mellon), depuis 2026-08-14...
2026-08-26 13:07:06,445 [INFO]   -> 8 jours récupérés pour BNY (source: ibkr)
2026-08-26 13:07:06,445 [INFO] [68/504] BR (Broadridge Financial Solutions), depuis 2026-08-14...
2026-08-26 13:07:18,780 [INFO]   -> 8 jours récupérés pour BR (source: ibkr)
2026-08-26 13:07:18,781 [INFO] [69/504] BRK B (Berkshire Hathaway), depuis 2026-08-17...
2026-08-26 13:07:30,141 [INFO]   -> 7 jours récupérés pour BRK B (source: ibkr)
2026-08-26 13:07:30,142 [INFO] [70/504] BRO (Brown & Brown), depuis 2026-08-17...
2026-08-26 13:07:41,823 [INFO]   -> 7 jours récupérés pour BRO (source: ibkr)
2026-08-26 13:07:41,824 [INFO] [71/504] BSX (Boston Scientific), depuis 2026-08-17...
2026-08-26 13:07:54,567 [INFO]   -> 7 jours récupérés pour BSX (source: ibkr)
2026-08-26 13:07:54,568 [INFO] [72/504] BX (Blackstone Inc.), depuis 2026-08-17...
2026-08-26 13:08:05,881 [INFO]   -> 7 jours récupérés pour BX (source: ibkr)
2026-08-26 13:08:05,882 [INFO] [73/504] BXP (BXP, Inc.), depuis 2026-08-17...
2026-08-26 13:08:17,784 [INFO]   -> 7 jours récupérés pour BXP (source: ibkr)
2026-08-26 13:08:17,855 [INFO] [74/504] C (Citigroup), depuis 2026-08-17...
2026-08-26 13:08:29,674 [INFO]   -> 7 jours récupérés pour C (source: ibkr)
2026-08-26 13:08:29,675 [INFO] [75/504] CAH (Cardinal Health), depuis 2026-08-17...
2026-08-26 13:08:41,390 [INFO]   -> 7 jours récupérés pour CAH (source: ibkr)
2026-08-26 13:08:41,393 [INFO] [76/504] CARR (Carrier Global), depuis 2026-08-17...
2026-08-26 13:08:54,590 [INFO]   -> 7 jours récupérés pour CARR (source: ibkr)
2026-08-26 13:08:54,590 [INFO] [77/504] CASY (Casey's), depuis 2026-08-17...
2026-08-26 13:09:06,189 [INFO]   -> 7 jours récupérés pour CASY (source: ibkr)
2026-08-26 13:09:06,190 [INFO] [78/504] CAT (Caterpillar Inc.), depuis 2026-08-17...
2026-08-26 13:09:18,037 [INFO]   -> 7 jours récupérés pour CAT (source: ibkr)
2026-08-26 13:09:18,037 [INFO] [79/504] CB (Chubb Limited), depuis 2026-08-17...
2026-08-26 13:09:30,590 [INFO]   -> 7 jours récupérés pour CB (source: ibkr)
2026-08-26 13:09:30,593 [INFO] [80/504] CBOE (Cboe Global Markets), depuis 2026-08-17...
2026-08-26 13:09:42,513 [INFO]   -> 7 jours récupérés pour CBOE (source: ibkr)
2026-08-26 13:09:42,527 [INFO] [81/504] CBRE (CBRE Group), depuis 2026-08-14...
2026-08-26 13:09:54,633 [INFO]   -> 8 jours récupérés pour CBRE (source: ibkr)
2026-08-26 13:09:54,634 [INFO] [82/504] CCI (Crown Castle), depuis 2026-08-17...
2026-08-26 13:10:06,231 [INFO]   -> 7 jours récupérés pour CCI (source: ibkr)
2026-08-26 13:10:06,233 [INFO] [83/504] CCL (Carnival Corporation), depuis 2026-08-17...
2026-08-26 13:10:18,416 [INFO]   -> 7 jours récupérés pour CCL (source: ibkr)
2026-08-26 13:10:18,417 [INFO] [84/504] CDNS (Cadence Design Systems), depuis 2026-08-17...
2026-08-26 13:10:31,332 [INFO]   -> 7 jours récupérés pour CDNS (source: ibkr)
2026-08-26 13:10:31,332 [INFO] [85/504] CDW (CDW Corporation), depuis 2026-08-17...
2026-08-26 13:10:44,741 [INFO]   -> 7 jours récupérés pour CDW (source: ibkr)
2026-08-26 13:10:44,742 [INFO] [86/504] CEG (Constellation Energy), depuis 2026-08-17...
2026-08-26 13:10:58,127 [INFO]   -> 7 jours récupérés pour CEG (source: ibkr)
2026-08-26 13:10:58,128 [INFO] [87/504] CF (CF Industries), depuis 2026-08-17...
2026-08-26 13:11:09,986 [INFO]   -> 7 jours récupérés pour CF (source: ibkr)
2026-08-26 13:11:09,987 [INFO] [88/504] CFG (Citizens Financial Group), depuis 2026-08-17...
2026-08-26 13:11:22,176 [INFO]   -> 7 jours récupérés pour CFG (source: ibkr)
2026-08-26 13:11:22,336 [INFO] [89/504] CHD (Church & Dwight), depuis 2026-08-17...
2026-08-26 13:11:35,411 [INFO]   -> 7 jours récupérés pour CHD (source: ibkr)
2026-08-26 13:11:35,413 [INFO] [90/504] CHRW (C.H. Robinson), depuis 2026-08-17...
2026-08-26 13:11:47,866 [INFO]   -> 7 jours récupérés pour CHRW (source: ibkr)
2026-08-26 13:11:47,867 [INFO] [91/504] CHTR (Charter Communications), depuis 2026-08-17...
2026-08-26 13:12:01,172 [INFO]   -> 7 jours récupérés pour CHTR (source: ibkr)
2026-08-26 13:12:01,180 [INFO] [92/504] CI (Cigna), depuis 2026-08-17...
2026-08-26 13:12:14,708 [INFO]   -> 7 jours récupérés pour CI (source: ibkr)
2026-08-26 13:12:14,709 [INFO] [93/504] CIEN (Ciena), depuis 2026-08-17...
2026-08-26 13:12:27,097 [INFO]   -> 7 jours récupérés pour CIEN (source: ibkr)
2026-08-26 13:12:27,098 [INFO] [94/504] CINF (Cincinnati Financial), depuis 2026-08-17...
2026-08-26 13:12:39,000 [INFO]   -> 7 jours récupérés pour CINF (source: ibkr)
2026-08-26 13:12:39,001 [INFO] [95/504] CL (Colgate-Palmolive), depuis 2026-08-17...
2026-08-26 13:12:52,054 [INFO]   -> 7 jours récupérés pour CL (source: ibkr)
2026-08-26 13:12:52,054 [INFO] [96/504] CLX (Clorox), depuis 2026-08-17...
2026-08-26 13:13:03,756 [INFO]   -> 7 jours récupérés pour CLX (source: ibkr)
2026-08-26 13:13:03,758 [INFO] [97/504] CMCSA (Comcast), depuis 2026-08-17...
2026-08-26 13:13:15,952 [INFO]   -> 7 jours récupérés pour CMCSA (source: ibkr)
2026-08-26 13:13:15,952 [INFO] [98/504] CME (CME Group), depuis 2026-08-17...
2026-08-26 13:13:27,752 [INFO]   -> 7 jours récupérés pour CME (source: ibkr)
2026-08-26 13:13:27,754 [INFO] [99/504] CMG (Chipotle Mexican Grill), depuis 2026-08-17...
2026-08-26 13:13:39,665 [INFO]   -> 7 jours récupérés pour CMG (source: ibkr)
2026-08-26 13:13:39,666 [INFO] [100/504] CMI (Cummins), depuis 2026-08-17...
2026-08-26 13:13:53,359 [INFO]   -> 7 jours récupérés pour CMI (source: ibkr)
2026-08-26 13:13:53,360 [INFO] [101/504] CMS (CMS Energy), depuis 2026-08-17...
2026-08-26 13:14:05,348 [INFO]   -> 7 jours récupérés pour CMS (source: ibkr)
2026-08-26 13:14:05,349 [INFO] [102/504] CNC (Centene Corporation), depuis 2026-08-17...
2026-08-26 13:14:17,685 [INFO]   -> 7 jours récupérés pour CNC (source: ibkr)
2026-08-26 13:14:17,687 [INFO] [103/504] CNP (CenterPoint Energy), depuis 2026-08-17...
2026-08-26 13:14:29,024 [INFO]   -> 7 jours récupérés pour CNP (source: ibkr)
2026-08-26 13:14:29,025 [INFO] [104/504] COF (Capital One), depuis 2026-08-17...
2026-08-26 13:14:41,976 [INFO]   -> 7 jours récupérés pour COF (source: ibkr)
2026-08-26 13:14:41,976 [INFO] [105/504] COHR (Coherent Corp.), depuis 2026-08-17...
2026-08-26 13:14:55,388 [INFO]   -> 7 jours récupérés pour COHR (source: ibkr)
2026-08-26 13:14:55,388 [INFO] [106/504] COIN (Coinbase), depuis 2026-08-17...
2026-08-26 13:15:07,684 [INFO]   -> 7 jours récupérés pour COIN (source: ibkr)
2026-08-26 13:15:07,684 [INFO] [107/504] COO (Cooper Companies (The)), depuis 2026-08-17...
2026-08-26 13:15:20,609 [INFO]   -> 7 jours récupérés pour COO (source: ibkr)
2026-08-26 13:15:20,610 [INFO] [108/504] COP (ConocoPhillips), depuis 2026-08-17...
2026-08-26 13:15:33,724 [INFO]   -> 7 jours récupérés pour COP (source: ibkr)
2026-08-26 13:15:33,724 [INFO] [109/504] COR (Cencora), depuis 2026-08-17...
2026-08-26 13:15:45,587 [INFO]   -> 7 jours récupérés pour COR (source: ibkr)
2026-08-26 13:15:46,210 [INFO] [110/504] COST (Costco), depuis 2026-08-17...
2026-08-26 13:15:59,475 [INFO]   -> 7 jours récupérés pour COST (source: ibkr)
2026-08-26 13:15:59,477 [INFO] [111/504] CPAY (Corpay), depuis 2026-08-17...
2026-08-26 13:16:11,826 [INFO]   -> 7 jours récupérés pour CPAY (source: ibkr)
2026-08-26 13:16:11,828 [INFO] [112/504] CPRT (Copart), depuis 2026-08-17...
2026-08-26 13:16:25,298 [INFO]   -> 7 jours récupérés pour CPRT (source: ibkr)
2026-08-26 13:16:25,333 [INFO] [113/504] CPT (Camden Property Trust), depuis 2026-08-17...
2026-08-26 13:16:38,508 [INFO]   -> 7 jours récupérés pour CPT (source: ibkr)
2026-08-26 13:16:38,510 [INFO] [114/504] CRH (CRH plc), depuis 2026-08-17...
2026-08-26 13:16:52,066 [INFO]   -> 7 jours récupérés pour CRH (source: ibkr)
2026-08-26 13:16:52,068 [INFO] [115/504] CRL (Charles River Laboratories), depuis 2026-08-17...
2026-08-26 13:17:03,779 [INFO]   -> 7 jours récupérés pour CRL (source: ibkr)
2026-08-26 13:17:03,781 [INFO] [116/504] CRM (Salesforce), depuis 2026-08-17...
2026-08-26 13:17:18,597 [INFO]   -> 7 jours récupérés pour CRM (source: ibkr)
2026-08-26 13:17:18,667 [INFO] [117/504] CRWD (CrowdStrike), depuis 2026-08-17...
2026-08-26 13:17:32,030 [INFO]   -> 7 jours récupérés pour CRWD (source: ibkr)
2026-08-26 13:17:32,030 [INFO] [118/504] CSCO (Cisco), depuis 2026-08-17...
2026-08-26 13:17:44,178 [INFO]   -> 7 jours récupérés pour CSCO (source: ibkr)
2026-08-26 13:17:44,179 [INFO] [119/504] CSGP (CoStar Group), depuis 2026-08-17...
2026-08-26 13:17:57,357 [INFO]   -> 7 jours récupérés pour CSGP (source: ibkr)
2026-08-26 13:17:57,360 [INFO] [120/504] CSX (CSX Corporation), depuis 2026-08-17...
2026-08-26 13:18:09,602 [INFO]   -> 7 jours récupérés pour CSX (source: ibkr)
2026-08-26 13:18:09,745 [INFO] [121/504] CTAS (Cintas), depuis 2026-08-17...
2026-08-26 13:18:22,911 [INFO]   -> 7 jours récupérés pour CTAS (source: ibkr)
2026-08-26 13:18:22,912 [INFO] [122/504] CTSH (Cognizant), depuis 2026-08-17...
2026-08-26 13:18:36,745 [INFO]   -> 7 jours récupérés pour CTSH (source: ibkr)
2026-08-26 13:18:36,746 [INFO] [123/504] CTVA (Corteva), depuis 2026-08-17...
2026-08-26 13:18:50,724 [INFO]   -> 7 jours récupérés pour CTVA (source: ibkr)
2026-08-26 13:18:50,873 [INFO] [124/504] CVNA (Carvana), depuis 2026-08-17...
2026-08-26 13:19:04,922 [INFO]   -> 7 jours récupérés pour CVNA (source: ibkr)
2026-08-26 13:19:04,923 [INFO] [125/504] CVS (CVS Health), depuis 2026-08-17...
2026-08-26 13:19:19,004 [INFO]   -> 7 jours récupérés pour CVS (source: ibkr)
2026-08-26 13:19:19,158 [INFO] [126/504] CVX (Chevron Corporation), depuis 2026-08-17...
2026-08-26 13:19:31,801 [INFO]   -> 7 jours récupérés pour CVX (source: ibkr)
2026-08-26 13:19:31,802 [INFO] [127/504] D (Dominion Energy), depuis 2026-08-17...
2026-08-26 13:19:46,357 [INFO]   -> 7 jours récupérés pour D (source: ibkr)
2026-08-26 13:19:46,359 [INFO] [128/504] DAL (Delta Air Lines), depuis 2026-08-17...
2026-08-26 13:20:00,545 [INFO]   -> 7 jours récupérés pour DAL (source: ibkr)
2026-08-26 13:20:00,816 [INFO] [129/504] DASH (DoorDash), depuis 2026-08-17...
2026-08-26 13:20:17,260 [INFO]   -> 7 jours récupérés pour DASH (source: ibkr)
2026-08-26 13:20:17,261 [INFO] [130/504] DD (DuPont), depuis 2026-08-17...
2026-08-26 13:20:37,098 [INFO]   -> 7 jours récupérés pour DD (source: ibkr)
2026-08-26 13:20:37,101 [INFO] [131/504] DDOG (Datadog), depuis 2026-08-17...
2026-08-26 13:20:49,840 [INFO]   -> 7 jours récupérés pour DDOG (source: ibkr)
2026-08-26 13:20:49,841 [INFO] [132/504] DE (Deere & Company), depuis 2026-08-17...
2026-08-26 13:20:52,701 [INFO] Warning 2108, reqId -1: Market data farm connection is inactive but should be available upon demand.usopt
2026-08-26 13:20:52,702 [INFO] Warning 2108, reqId -1: Market data farm connection is inactive but should be available upon demand.usopt
2026-08-26 13:20:52,707 [INFO] Warning 2108, reqId -1: Market data farm connection is inactive but should be available upon demand.usfarm
2026-08-26 13:20:52,718 [INFO] Warning 2108, reqId -1: Market data farm connection is inactive but should be available upon demand.usfarm
2026-08-26 13:21:05,905 [INFO]   -> 7 jours récupérés pour DE (source: ibkr)
2026-08-26 13:21:05,906 [INFO] [133/504] DECK (Deckers Brands), depuis 2026-08-17...
2026-08-26 13:21:22,082 [INFO]   -> 7 jours récupérés pour DECK (source: ibkr)
2026-08-26 13:21:22,085 [INFO] [134/504] DELL (Dell Technologies), depuis 2026-08-17...
2026-08-26 13:21:22,100 [INFO] Warning 2119, reqId -1: Market data farm is connecting:usopt
2026-08-26 13:21:22,106 [INFO] Warning 2119, reqId -1: Market data farm is connecting:usfarm
2026-08-26 13:21:22,107 [INFO] Warning 2104, reqId -1: Market data farm connection is OK:usopt
2026-08-26 13:21:22,108 [INFO] Warning 2104, reqId -1: Market data farm connection is OK:usfarm
2026-08-26 13:21:43,389 [INFO]   -> 7 jours récupérés pour DELL (source: ibkr)
2026-08-26 13:21:43,396 [INFO] [135/504] DG (Dollar General), depuis 2026-08-17...
2026-08-26 13:21:59,192 [INFO]   -> 7 jours récupérés pour DG (source: ibkr)
2026-08-26 13:21:59,195 [INFO] [136/504] DGX (Quest Diagnostics), depuis 2026-08-17...
2026-08-26 13:22:12,083 [INFO]   -> 7 jours récupérés pour DGX (source: ibkr)
2026-08-26 13:22:12,084 [INFO] [137/504] DHI (D. R. Horton), depuis 2026-08-17...
2026-08-26 13:22:26,124 [INFO]   -> 7 jours récupérés pour DHI (source: ibkr)
2026-08-26 13:22:26,127 [INFO] [138/504] DHR (Danaher Corporation), depuis 2026-08-17...
2026-08-26 13:22:39,747 [INFO]   -> 7 jours récupérés pour DHR (source: ibkr)
2026-08-26 13:22:39,751 [INFO] [139/504] DIS (Walt Disney Company (The)), depuis 2026-08-17...
2026-08-26 13:22:53,222 [INFO]   -> 7 jours récupérés pour DIS (source: ibkr)
2026-08-26 13:22:53,223 [INFO] [140/504] DLR (Digital Realty), depuis 2026-08-17...
2026-08-26 13:23:10,115 [INFO]   -> 7 jours récupérés pour DLR (source: ibkr)
2026-08-26 13:23:10,138 [INFO] [141/504] DLTR (Dollar Tree), depuis 2026-08-17...
2026-08-26 13:23:23,482 [INFO]   -> 7 jours récupérés pour DLTR (source: ibkr)
2026-08-26 13:23:23,625 [INFO] [142/504] DOC (Healthpeak Properties), depuis 2026-08-17...
2026-08-26 13:23:37,161 [INFO]   -> 7 jours récupérés pour DOC (source: ibkr)
2026-08-26 13:23:37,162 [INFO] [143/504] DOV (Dover Corporation), depuis 2026-08-17...
2026-08-26 13:23:49,823 [INFO]   -> 7 jours récupérés pour DOV (source: ibkr)
2026-08-26 13:23:49,824 [INFO] [144/504] DOW (Dow Inc.), depuis 2026-08-17...
2026-08-26 13:24:02,230 [INFO]   -> 7 jours récupérés pour DOW (source: ibkr)
2026-08-26 13:24:02,236 [INFO] [145/504] DPZ (Domino's), depuis 2026-08-17...
2026-08-26 13:24:16,169 [INFO]   -> 7 jours récupérés pour DPZ (source: ibkr)
2026-08-26 13:24:16,171 [INFO] [146/504] DRI (Darden Restaurants), depuis 2026-08-17...
2026-08-26 13:24:29,129 [INFO]   -> 7 jours récupérés pour DRI (source: ibkr)
2026-08-26 13:24:29,131 [INFO] [147/504] DTE (DTE Energy), depuis 2026-08-17...
2026-08-26 13:24:42,905 [INFO]   -> 7 jours récupérés pour DTE (source: ibkr)
2026-08-26 13:24:42,910 [INFO] [148/504] DUK (Duke Energy), depuis 2026-08-17...
2026-08-26 13:24:56,615 [INFO]   -> 7 jours récupérés pour DUK (source: ibkr)
2026-08-26 13:24:56,618 [INFO] [149/504] DVA (DaVita), depuis 2026-08-17...
2026-08-26 13:25:08,915 [INFO]   -> 7 jours récupérés pour DVA (source: ibkr)
2026-08-26 13:25:08,922 [INFO] [150/504] DVN (Devon Energy), depuis 2026-08-17...
2026-08-26 13:25:21,280 [INFO]   -> 7 jours récupérés pour DVN (source: ibkr)
2026-08-26 13:25:21,285 [INFO] [151/504] DXCM (Dexcom), depuis 2026-08-17...
2026-08-26 13:25:34,703 [INFO]   -> 7 jours récupérés pour DXCM (source: ibkr)
2026-08-26 13:25:34,705 [INFO] [152/504] EBAY (eBay Inc.), depuis 2026-08-17...
2026-08-26 13:25:51,141 [INFO]   -> 7 jours récupérés pour EBAY (source: ibkr)
2026-08-26 13:25:51,141 [INFO] [153/504] ECHO (EchoStar), depuis 2026-08-17...
2026-08-26 13:26:08,057 [INFO]   -> 7 jours récupérés pour ECHO (source: ibkr)
2026-08-26 13:26:08,424 [INFO] [154/504] ECL (Ecolab), depuis 2026-08-17...
2026-08-26 13:26:23,880 [INFO]   -> 7 jours récupérés pour ECL (source: ibkr)
2026-08-26 13:26:23,883 [INFO] [155/504] ED (Consolidated Edison), depuis 2026-08-17...
2026-08-26 13:26:37,529 [INFO]   -> 7 jours récupérés pour ED (source: ibkr)
2026-08-26 13:26:37,533 [INFO] [156/504] EFX (Equifax), depuis 2026-08-17...
2026-08-26 13:26:54,551 [INFO]   -> 7 jours récupérés pour EFX (source: ibkr)
2026-08-26 13:26:54,669 [INFO] [157/504] EG (Everest Group), depuis 2026-08-17...
2026-08-26 13:27:14,768 [INFO]   -> 7 jours récupérés pour EG (source: ibkr)
2026-08-26 13:27:14,769 [INFO] [158/504] EIX (Edison International), depuis 2026-08-17...
2026-08-26 13:27:31,492 [INFO]   -> 7 jours récupérés pour EIX (source: ibkr)
2026-08-26 13:27:31,695 [INFO] [159/504] EL (Estée Lauder Companies (The)), depuis 2026-08-17...
2026-08-26 13:27:47,002 [INFO]   -> 7 jours récupérés pour EL (source: ibkr)
2026-08-26 13:27:47,003 [INFO] [160/504] ELV (Elevance Health), depuis 2026-08-17...
2026-08-26 13:28:06,030 [INFO]   -> 7 jours récupérés pour ELV (source: ibkr)
2026-08-26 13:28:06,178 [INFO] [161/504] EME (Emcor), depuis 2026-08-17...
2026-08-26 13:28:19,364 [INFO]   -> 7 jours récupérés pour EME (source: ibkr)
2026-08-26 13:28:19,382 [INFO] [162/504] EMR (Emerson Electric), depuis 2026-08-17...
2026-08-26 13:28:31,934 [INFO]   -> 7 jours récupérés pour EMR (source: ibkr)
2026-08-26 13:28:31,937 [INFO] [163/504] EOG (EOG Resources), depuis 2026-08-17...
2026-08-26 13:29:14,941 [INFO]   -> 7 jours récupérés pour EOG (source: ibkr)
2026-08-26 13:29:14,943 [INFO] [164/504] EQIX (Equinix), depuis 2026-08-17...
2026-08-26 13:29:33,518 [INFO]   -> 7 jours récupérés pour EQIX (source: ibkr)
2026-08-26 13:29:33,943 [INFO] [165/504] EQR (Equity Residential), depuis 2026-08-17...
2026-08-26 13:29:36,219 [ERROR] Error 200, reqId 330: No security definition has been found for the request, contract: Stock(symbol='EQR', exchange='SMART', currency='USD')
2026-08-26 13:29:53,534 [WARNING]   -> ECHEC (ni IBKR ni Stooq) pour EQR : Aucune donnée (ni IBKR ni Stooq) pour EQR -- TROU DE COUVERTURE.
2026-08-26 13:29:53,535 [INFO] [166/504] EQT (EQT Corporation), depuis 2026-08-17...
2026-08-26 13:30:19,718 [INFO]   -> 7 jours récupérés pour EQT (source: ibkr)
2026-08-26 13:30:19,719 [INFO] [167/504] ERIE (Erie Indemnity), depuis 2026-08-17...
2026-08-26 13:30:49,141 [INFO]   -> 7 jours récupérés pour ERIE (source: ibkr)
2026-08-26 13:30:49,142 [INFO] [168/504] ES (Eversource Energy), depuis 2026-08-17...
2026-08-26 13:31:26,962 [INFO]   -> 7 jours récupérés pour ES (source: ibkr)
2026-08-26 13:31:26,963 [INFO] [169/504] ESS (Essex Property Trust), depuis 2026-08-17...
2026-08-26 13:31:46,477 [INFO]   -> 7 jours récupérés pour ESS (source: ibkr)
2026-08-26 13:31:46,480 [INFO] [170/504] ETN (Eaton Corporation), depuis 2026-08-17...
2026-08-26 13:32:14,820 [INFO]   -> 7 jours récupérés pour ETN (source: ibkr)
2026-08-26 13:32:14,821 [INFO] [171/504] ETR (Entergy), depuis 2026-08-17...
2026-08-26 13:32:44,371 [INFO]   -> 7 jours récupérés pour ETR (source: ibkr)
2026-08-26 13:32:44,373 [INFO] [172/504] EVRG (Evergy), depuis 2026-08-17...
2026-08-26 13:32:58,920 [INFO]   -> 7 jours récupérés pour EVRG (source: ibkr)
2026-08-26 13:32:58,921 [INFO] [173/504] EW (Edwards Lifesciences), depuis 2026-08-17...
2026-08-26 13:33:18,096 [INFO]   -> 7 jours récupérés pour EW (source: ibkr)
2026-08-26 13:33:18,268 [INFO] [174/504] EXC (Exelon), depuis 2026-08-17...
2026-08-26 13:33:34,324 [INFO]   -> 7 jours récupérés pour EXC (source: ibkr)
2026-08-26 13:33:34,325 [INFO] [175/504] EXE (Expand Energy), depuis 2026-08-17...
2026-08-26 13:33:58,147 [INFO]   -> 7 jours récupérés pour EXE (source: ibkr)
2026-08-26 13:33:58,419 [INFO] [176/504] EXPD (Expeditors International), depuis 2026-08-17...
2026-08-26 13:34:17,019 [INFO]   -> 7 jours récupérés pour EXPD (source: ibkr)
2026-08-26 13:34:17,020 [INFO] [177/504] EXPE (Expedia Group), depuis 2026-08-17...
2026-08-26 13:34:36,932 [INFO]   -> 7 jours récupérés pour EXPE (source: ibkr)
2026-08-26 13:34:37,087 [INFO] [178/504] EXR (Extra Space Storage), depuis 2026-08-17...
2026-08-26 13:35:32,541 [INFO]   -> 7 jours récupérés pour EXR (source: ibkr)
2026-08-26 13:35:32,546 [INFO] [179/504] F (Ford Motor Company), depuis 2026-08-17...
2026-08-26 13:35:50,521 [INFO]   -> 7 jours récupérés pour F (source: ibkr)
2026-08-26 13:35:50,521 [INFO] [180/504] FANG (Diamondback Energy), depuis 2026-08-17...
2026-08-26 13:36:09,497 [INFO]   -> 7 jours récupérés pour FANG (source: ibkr)
2026-08-26 13:36:09,499 [INFO] [181/504] FAST (Fastenal), depuis 2026-08-17...
2026-08-26 13:36:34,507 [INFO]   -> 7 jours récupérés pour FAST (source: ibkr)
2026-08-26 13:36:34,723 [INFO] [182/504] FCX (Freeport-McMoRan), depuis 2026-08-17...
2026-08-26 13:37:28,545 [INFO]   -> 7 jours récupérés pour FCX (source: ibkr)
2026-08-26 13:37:28,677 [INFO] [183/504] FDS (FactSet), depuis 2026-08-17...
2026-08-26 13:38:02,841 [INFO]   -> 7 jours récupérés pour FDS (source: ibkr)
2026-08-26 13:38:02,990 [INFO] [184/504] FDX (FedEx), depuis 2026-08-17...
2026-08-26 13:38:20,093 [INFO]   -> 7 jours récupérés pour FDX (source: ibkr)
2026-08-26 13:38:20,094 [INFO] [185/504] FDXF (FedEx Freight), depuis 2026-08-17...
2026-08-26 13:38:37,366 [INFO]   -> 7 jours récupérés pour FDXF (source: ibkr)
2026-08-26 13:38:37,371 [INFO] [186/504] FE (FirstEnergy), depuis 2026-08-17...
2026-08-26 13:39:04,192 [INFO]   -> 7 jours récupérés pour FE (source: ibkr)
2026-08-26 13:39:04,193 [INFO] [187/504] FERG (Ferguson Enterprises), depuis 2026-08-17...
2026-08-26 13:39:24,810 [INFO]   -> 7 jours récupérés pour FERG (source: ibkr)
2026-08-26 13:39:24,811 [INFO] [188/504] FFIV (F5, Inc.), depuis 2026-08-17...
2026-08-26 13:39:39,388 [INFO]   -> 7 jours récupérés pour FFIV (source: ibkr)
2026-08-26 13:39:39,393 [INFO] [189/504] FICO (Fair Isaac), depuis 2026-08-17...
2026-08-26 13:40:06,875 [INFO]   -> 7 jours récupérés pour FICO (source: ibkr)
2026-08-26 13:40:06,876 [INFO] [190/504] FIS (Fidelity National Information Services), depuis 2026-08-17...
2026-08-26 13:40:22,988 [INFO]   -> 7 jours récupérés pour FIS (source: ibkr)
2026-08-26 13:40:22,989 [INFO] [191/504] FISV (Fiserv), depuis 2026-08-17...
2026-08-26 13:40:38,896 [INFO]   -> 7 jours récupérés pour FISV (source: ibkr)
2026-08-26 13:40:38,897 [INFO] [192/504] FITB (Fifth Third Bancorp), depuis 2026-08-17...
2026-08-26 13:41:10,963 [INFO]   -> 7 jours récupérés pour FITB (source: ibkr)
2026-08-26 13:41:11,080 [INFO] [193/504] FIX (Comfort Systems USA), depuis 2026-08-17...
2026-08-26 13:41:30,721 [INFO]   -> 7 jours récupérés pour FIX (source: ibkr)
2026-08-26 13:41:30,838 [INFO] [194/504] FLEX (Flex Ltd.), depuis 2026-08-17...
2026-08-26 13:42:01,502 [INFO]   -> 7 jours récupérés pour FLEX (source: ibkr)
2026-08-26 13:42:01,502 [INFO] [195/504] FOX (Fox Corporation (Class B)), depuis 2026-08-17...
2026-08-26 13:42:33,402 [INFO]   -> 7 jours récupérés pour FOX (source: ibkr)
2026-08-26 13:42:33,404 [INFO] [196/504] FOXA (Fox Corporation (Class A)), depuis 2026-08-17...
2026-08-26 13:42:59,389 [INFO]   -> 7 jours récupérés pour FOXA (source: ibkr)
2026-08-26 13:42:59,501 [INFO] [197/504] FRT (Federal Realty Investment Trust), depuis 2026-08-17...
2026-08-26 13:43:29,195 [INFO]   -> 7 jours récupérés pour FRT (source: ibkr)
2026-08-26 13:43:29,217 [INFO] [198/504] FSLR (First Solar), depuis 2026-08-17...
2026-08-26 13:43:41,582 [INFO]   -> 7 jours récupérés pour FSLR (source: ibkr)
2026-08-26 13:43:41,583 [INFO] [199/504] FTNT (Fortinet), depuis 2026-08-17...
2026-08-26 13:43:55,761 [INFO]   -> 7 jours récupérés pour FTNT (source: ibkr)
2026-08-26 13:43:55,768 [INFO] [200/504] FTV (Fortive), depuis 2026-08-17...
2026-08-26 13:44:08,723 [INFO]   -> 7 jours récupérés pour FTV (source: ibkr)
2026-08-26 13:44:08,725 [INFO] [201/504] GD (General Dynamics), depuis 2026-08-17...
2026-08-26 13:44:28,041 [INFO]   -> 7 jours récupérés pour GD (source: ibkr)
2026-08-26 13:44:28,041 [INFO] [202/504] GDDY (GoDaddy), depuis 2026-08-17...
2026-08-26 13:44:43,053 [INFO]   -> 7 jours récupérés pour GDDY (source: ibkr)
2026-08-26 13:44:43,239 [INFO] [203/504] GE (GE Aerospace), depuis 2026-08-17...
2026-08-26 13:45:11,030 [INFO]   -> 7 jours récupérés pour GE (source: ibkr)
2026-08-26 13:45:11,031 [INFO] [204/504] GEHC (GE HealthCare), depuis 2026-08-17...
2026-08-26 13:45:40,089 [INFO]   -> 7 jours récupérés pour GEHC (source: ibkr)
2026-08-26 13:45:40,090 [INFO] [205/504] GEN (Gen Digital), depuis 2026-08-17...
2026-08-26 13:46:31,668 [INFO]   -> 7 jours récupérés pour GEN (source: ibkr)
2026-08-26 13:46:31,808 [INFO] [206/504] GEV (GE Vernova), depuis 2026-08-17...
2026-08-26 13:46:45,721 [INFO]   -> 7 jours récupérés pour GEV (source: ibkr)
2026-08-26 13:46:45,893 [INFO] [207/504] GILD (Gilead Sciences), depuis 2026-08-17...
2026-08-26 13:47:08,782 [INFO]   -> 7 jours récupérés pour GILD (source: ibkr)
2026-08-26 13:47:08,791 [INFO] [208/504] GIS (General Mills), depuis 2026-08-17...
2026-08-26 13:47:28,332 [INFO]   -> 7 jours récupérés pour GIS (source: ibkr)
2026-08-26 13:47:28,334 [INFO] [209/504] GL (Globe Life), depuis 2026-08-17...
2026-08-26 13:47:53,010 [INFO]   -> 7 jours récupérés pour GL (source: ibkr)
2026-08-26 13:47:53,256 [INFO] [210/504] GLW (Corning Inc.), depuis 2026-08-17...
2026-08-26 13:49:13,299 [INFO]   -> 7 jours récupérés pour GLW (source: ibkr)
2026-08-26 13:49:13,477 [INFO] [211/504] GM (General Motors), depuis 2026-08-17...
2026-08-26 13:49:43,425 [INFO]   -> 7 jours récupérés pour GM (source: ibkr)
2026-08-26 13:49:43,426 [INFO] [212/504] GNRC (Generac), depuis 2026-08-17...
2026-08-26 13:50:02,753 [INFO]   -> 7 jours récupérés pour GNRC (source: ibkr)
2026-08-26 13:50:02,756 [INFO] [213/504] GOOG (Alphabet Inc. (Class C)), depuis 2026-08-17...
2026-08-26 13:50:20,800 [INFO]   -> 7 jours récupérés pour GOOG (source: ibkr)
2026-08-26 13:50:20,954 [INFO] [214/504] GOOGL (Alphabet Inc. (Class A)), depuis 2026-08-17...
2026-08-26 13:50:37,864 [INFO]   -> 7 jours récupérés pour GOOGL (source: ibkr)
2026-08-26 13:50:37,867 [INFO] [215/504] GPC (Genuine Parts Company), depuis 2026-08-17...
2026-08-26 13:50:59,049 [INFO]   -> 7 jours récupérés pour GPC (source: ibkr)
2026-08-26 13:50:59,198 [INFO] [216/504] GPN (Global Payments), depuis 2026-08-17...
2026-08-26 13:51:21,581 [INFO]   -> 7 jours récupérés pour GPN (source: ibkr)
2026-08-26 13:51:21,582 [INFO] [217/504] GRMN (Garmin), depuis 2026-08-17...
2026-08-26 13:51:35,293 [INFO]   -> 7 jours récupérés pour GRMN (source: ibkr)
2026-08-26 13:51:35,295 [INFO] [218/504] GS (Goldman Sachs), depuis 2026-08-17...
2026-08-26 13:51:51,537 [INFO]   -> 7 jours récupérés pour GS (source: ibkr)
2026-08-26 13:51:51,681 [INFO] [219/504] GWW (W. W. Grainger), depuis 2026-08-17...
2026-08-26 13:52:26,940 [INFO]   -> 7 jours récupérés pour GWW (source: ibkr)
2026-08-26 13:52:27,111 [INFO] [220/504] HAL (Halliburton), depuis 2026-08-17...
2026-08-26 13:52:44,230 [INFO]   -> 7 jours récupérés pour HAL (source: ibkr)
2026-08-26 13:52:44,231 [INFO] [221/504] HAS (Hasbro), depuis 2026-08-17...
2026-08-26 13:53:06,541 [INFO]   -> 7 jours récupérés pour HAS (source: ibkr)
2026-08-26 13:53:06,734 [INFO] [222/504] HBAN (Huntington Bancshares), depuis 2026-08-17...
2026-08-26 13:53:40,368 [INFO]   -> 7 jours récupérés pour HBAN (source: ibkr)
2026-08-26 13:53:40,369 [INFO] [223/504] HCA (HCA Healthcare), depuis 2026-08-17...
2026-08-26 13:54:02,088 [INFO]   -> 7 jours récupérés pour HCA (source: ibkr)
2026-08-26 13:54:02,091 [INFO] [224/504] HD (Home Depot (The)), depuis 2026-08-17...
2026-08-26 13:54:41,985 [INFO]   -> 7 jours récupérés pour HD (source: ibkr)
2026-08-26 13:54:41,986 [INFO] [225/504] HIG (Hartford (The)), depuis 2026-08-17...
2026-08-26 13:55:55,664 [INFO]   -> 7 jours récupérés pour HIG (source: ibkr)
2026-08-26 13:55:55,972 [INFO] [226/504] HII (Huntington Ingalls Industries), depuis 2026-08-17...
2026-08-26 13:56:29,150 [INFO]   -> 7 jours récupérés pour HII (source: ibkr)
2026-08-26 13:56:29,236 [INFO] [227/504] HLT (Hilton Worldwide), depuis 2026-08-17...
2026-08-26 13:56:44,030 [INFO]   -> 7 jours récupérés pour HLT (source: ibkr)
2026-08-26 13:56:44,034 [INFO] [228/504] HON (Honeywell Technologies), depuis 2026-08-17...
2026-08-26 13:57:02,158 [INFO]   -> 7 jours récupérés pour HON (source: ibkr)
2026-08-26 13:57:02,310 [INFO] [229/504] HONA (Honeywell Aerospace), depuis 2026-08-17...
2026-08-26 13:57:26,814 [INFO]   -> 7 jours récupérés pour HONA (source: ibkr)
2026-08-26 13:57:26,815 [INFO] [230/504] HOOD (Robinhood Markets), depuis 2026-08-17...
2026-08-26 13:57:51,763 [INFO]   -> 7 jours récupérés pour HOOD (source: ibkr)
2026-08-26 13:57:51,765 [INFO] [231/504] HPE (Hewlett Packard Enterprise), depuis 2026-08-17...
2026-08-26 13:58:23,046 [INFO]   -> 7 jours récupérés pour HPE (source: ibkr)
2026-08-26 13:58:23,047 [INFO] [232/504] HPQ (HP Inc.), depuis 2026-08-17...
2026-08-26 13:59:01,525 [INFO]   -> 7 jours récupérés pour HPQ (source: ibkr)
2026-08-26 13:59:01,645 [INFO] [233/504] HRL (Hormel Foods), depuis 2026-08-17...
2026-08-26 14:00:25,438 [INFO] Warning 2108, reqId -1: Market data farm connection is inactive but should be available upon demand.usopt
2026-08-26 14:00:25,818 [INFO] Warning 2108, reqId -1: Market data farm connection is inactive but should be available upon demand.usfarm
2026-08-26 14:00:25,972 [INFO] Warning 2108, reqId -1: Market data farm connection is inactive but should be available upon demand.usopt
2026-08-26 14:00:25,990 [INFO] Warning 2108, reqId -1: Market data farm connection is inactive but should be available upon demand.usfarm
2026-08-26 14:00:44,628 [INFO]   -> 7 jours récupérés pour HRL (source: ibkr)
2026-08-26 14:00:44,630 [INFO] [234/504] HSIC (Henry Schein), depuis 2026-08-17...
2026-08-26 14:00:45,052 [INFO] Warning 2104, reqId -1: Market data farm connection is OK:usopt
2026-08-26 14:00:48,765 [INFO] Warning 2104, reqId -1: Market data farm connection is OK:usfarm
2026-08-26 14:01:10,375 [ERROR] Error 1100, reqId -1: Connectivity between IBKR and Trader Workstation has been lost.
2026-08-26 14:01:46,187 [INFO] Warning 2103, reqId -1: Market data farm connection is broken:usfarm
2026-08-26 14:01:46,191 [INFO] Warning 2103, reqId -1: Market data farm connection is broken:eufarm
2026-08-26 14:02:09,580 [INFO] Warning 2103, reqId -1: Market data farm connection is broken:usopt
2026-08-26 14:02:17,620 [INFO] Warning 2157, reqId -1: Sec-def data farm connection is broken:secdefeu
2026-08-26 14:02:22,395 [INFO] Warning 2105, reqId -1: HMDS data farm connection is broken:euhmds
2026-08-26 14:02:28,974 [INFO] Warning 2105, reqId -1: HMDS data farm connection is broken:ushmds
2026-08-26 14:02:28,981 [INFO] Warning 2104, reqId -1: Market data farm connection is OK:eufarm
2026-08-26 14:02:28,992 [INFO] Warning 2158, reqId -1: Sec-def data farm connection is OK:secdefeu
2026-08-26 14:02:28,995 [INFO] Warning 2106, reqId -1: HMDS data farm connection is OK:euhmds
2026-08-26 14:02:28,998 [INFO] Warning 2106, reqId -1: HMDS data farm connection is OK:ushmds
2026-08-26 14:02:29,008 [INFO] Warning 2104, reqId -1: Market data farm connection is OK:usfarm
2026-08-26 14:02:29,017 [INFO] Warning 2104, reqId -1: Market data farm connection is OK:usopt
2026-08-26 14:02:31,922 [ERROR] Error 1102, reqId -1: Connectivity between IBKR and Trader Workstation has been restored - data maintained. All data farms are connected: eufarm; usopt; usfarm; euhmds; ushmds; secdefeu.
2026-08-26 14:02:46,476 [INFO]   -> 7 jours récupérés pour HSIC (source: ibkr)
2026-08-26 14:02:46,478 [INFO] [235/504] HST (Host Hotels & Resorts), depuis 2026-08-17...
2026-08-26 14:03:01,227 [INFO]   -> 7 jours récupérés pour HST (source: ibkr)
2026-08-26 14:03:01,383 [INFO] [236/504] HSY (Hershey Company (The)), depuis 2026-08-17...
2026-08-26 14:03:29,598 [INFO]   -> 7 jours récupérés pour HSY (source: ibkr)
2026-08-26 14:03:29,602 [INFO] [237/504] HUBB (Hubbell Incorporated), depuis 2026-08-17...
2026-08-26 14:03:45,313 [INFO]   -> 7 jours récupérés pour HUBB (source: ibkr)
2026-08-26 14:03:45,473 [INFO] [238/504] HUM (Humana), depuis 2026-08-17...
2026-08-26 14:04:11,363 [INFO]   -> 7 jours récupérés pour HUM (source: ibkr)
2026-08-26 14:04:11,363 [INFO] [239/504] HWM (Howmet Aerospace), depuis 2026-08-17...
2026-08-26 14:04:46,771 [INFO]   -> 7 jours récupérés pour HWM (source: ibkr)
2026-08-26 14:04:46,987 [INFO] [240/504] IBKR (Interactive Brokers), depuis 2026-08-17...
2026-08-26 14:05:26,433 [INFO]   -> 7 jours récupérés pour IBKR (source: ibkr)
2026-08-26 14:05:26,433 [INFO] [241/504] IBM (IBM), depuis 2026-08-17...
2026-08-26 14:05:48,573 [INFO]   -> 7 jours récupérés pour IBM (source: ibkr)
2026-08-26 14:05:48,574 [INFO] [242/504] ICE (Intercontinental Exchange), depuis 2026-08-17...
2026-08-26 14:06:56,492 [INFO]   -> 7 jours récupérés pour ICE (source: ibkr)
2026-08-26 14:06:56,494 [INFO] [243/504] IDXX (Idexx Laboratories), depuis 2026-08-17...
2026-08-26 14:07:32,423 [INFO]   -> 7 jours récupérés pour IDXX (source: ibkr)
2026-08-26 14:07:32,423 [INFO] [244/504] IEX (IDEX Corporation), depuis 2026-08-17...
2026-08-26 14:07:59,422 [INFO]   -> 7 jours récupérés pour IEX (source: ibkr)
2026-08-26 14:07:59,558 [INFO] [245/504] IFF (International Flavors & Fragrances), depuis 2026-08-17...
2026-08-26 14:08:16,777 [INFO]   -> 7 jours récupérés pour IFF (source: ibkr)
2026-08-26 14:08:16,794 [INFO] [246/504] INCY (Incyte), depuis 2026-08-17...
2026-08-26 14:08:33,372 [INFO]   -> 7 jours récupérés pour INCY (source: ibkr)
2026-08-26 14:08:33,373 [INFO] [247/504] INTC (Intel), depuis 2026-08-17...
2026-08-26 14:09:00,524 [INFO]   -> 7 jours récupérés pour INTC (source: ibkr)
2026-08-26 14:09:00,530 [INFO] [248/504] INTU (Intuit), depuis 2026-08-17...
2026-08-26 14:09:26,488 [INFO]   -> 7 jours récupérés pour INTU (source: ibkr)
2026-08-26 14:09:26,489 [INFO] [249/504] INVH (Invitation Homes), depuis 2026-08-17...
2026-08-26 14:09:48,964 [INFO]   -> 7 jours récupérés pour INVH (source: ibkr)
2026-08-26 14:09:48,965 [INFO] [250/504] IP (International Paper), depuis 2026-08-17...
2026-08-26 14:10:37,750 [INFO]   -> 7 jours récupérés pour IP (source: ibkr)
2026-08-26 14:10:37,751 [INFO] [251/504] IQV (IQVIA), depuis 2026-08-17...
2026-08-26 14:11:03,976 [INFO]   -> 7 jours récupérés pour IQV (source: ibkr)
2026-08-26 14:11:03,977 [INFO] [252/504] IR (Ingersoll Rand), depuis 2026-08-17...
2026-08-26 14:12:27,167 [INFO]   -> 7 jours récupérés pour IR (source: ibkr)
2026-08-26 14:12:27,169 [INFO] [253/504] IRM (Iron Mountain), depuis 2026-08-17...
2026-08-26 14:12:41,663 [INFO]   -> 7 jours récupérés pour IRM (source: ibkr)
2026-08-26 14:12:41,664 [INFO] [254/504] ISRG (Intuitive Surgical), depuis 2026-08-17...
2026-08-26 14:12:57,792 [INFO]   -> 7 jours récupérés pour ISRG (source: ibkr)
2026-08-26 14:12:58,001 [INFO] [255/504] IT (Gartner), depuis 2026-08-17...
2026-08-26 14:13:12,356 [INFO]   -> 7 jours récupérés pour IT (source: ibkr)
2026-08-26 14:13:12,365 [INFO] [256/504] ITW (Illinois Tool Works), depuis 2026-08-17...
2026-08-26 14:13:49,927 [INFO]   -> 7 jours récupérés pour ITW (source: ibkr)
2026-08-26 14:13:49,931 [INFO] [257/504] IVZ (Invesco), depuis 2026-08-17...
2026-08-26 14:14:07,813 [INFO]   -> 7 jours récupérés pour IVZ (source: ibkr)
2026-08-26 14:14:07,814 [INFO] [258/504] J (Jacobs Solutions), depuis 2026-08-17...
2026-08-26 14:14:23,187 [INFO]   -> 7 jours récupérés pour J (source: ibkr)
2026-08-26 14:14:23,189 [INFO] [259/504] JBHT (J.B. Hunt), depuis 2026-08-17...
2026-08-26 14:14:53,511 [INFO]   -> 7 jours récupérés pour JBHT (source: ibkr)
2026-08-26 14:14:53,512 [INFO] [260/504] JBL (Jabil), depuis 2026-08-17...
2026-08-26 14:15:08,125 [INFO]   -> 7 jours récupérés pour JBL (source: ibkr)
2026-08-26 14:15:08,133 [INFO] [261/504] JCI (Johnson Controls), depuis 2026-08-17...
2026-08-26 14:15:23,870 [INFO]   -> 7 jours récupérés pour JCI (source: ibkr)
2026-08-26 14:15:23,875 [INFO] [262/504] JKHY (Jack Henry & Associates), depuis 2026-08-17...
2026-08-26 14:15:49,108 [INFO]   -> 7 jours récupérés pour JKHY (source: ibkr)
2026-08-26 14:15:49,260 [INFO] [263/504] JNJ (Johnson & Johnson), depuis 2026-08-17...
2026-08-26 14:16:31,010 [INFO]   -> 7 jours récupérés pour JNJ (source: ibkr)
2026-08-26 14:16:31,011 [INFO] [264/504] JPM (JPMorgan Chase), depuis 2026-08-17...
2026-08-26 14:17:15,500 [INFO]   -> 7 jours récupérés pour JPM (source: ibkr)
2026-08-26 14:17:15,501 [INFO] [265/504] KDP (Keurig Dr Pepper), depuis 2026-08-17...
2026-08-26 14:17:44,086 [INFO]   -> 7 jours récupérés pour KDP (source: ibkr)
2026-08-26 14:17:44,092 [INFO] [266/504] KEY (KeyCorp), depuis 2026-08-17...
2026-08-26 14:18:03,746 [INFO]   -> 7 jours récupérés pour KEY (source: ibkr)
2026-08-26 14:18:03,747 [INFO] [267/504] KEYS (Keysight Technologies), depuis 2026-08-17...
2026-08-26 14:18:31,740 [INFO]   -> 7 jours récupérés pour KEYS (source: ibkr)
2026-08-26 14:18:31,742 [INFO] [268/504] KHC (Kraft Heinz), depuis 2026-08-17...
2026-08-26 14:19:45,262 [INFO]   -> 7 jours récupérés pour KHC (source: ibkr)
2026-08-26 14:19:45,263 [INFO] [269/504] KIM (Kimco Realty), depuis 2026-08-17...
2026-08-26 14:19:57,097 [INFO]   -> 7 jours récupérés pour KIM (source: ibkr)
2026-08-26 14:19:57,098 [INFO] [270/504] KKR (KKR & Co.), depuis 2026-08-17...
2026-08-26 14:20:20,022 [INFO]   -> 7 jours récupérés pour KKR (source: ibkr)
2026-08-26 14:20:20,023 [INFO] [271/504] KLAC (KLA Corporation), depuis 2026-08-17...
2026-08-26 14:20:32,679 [INFO]   -> 7 jours récupérés pour KLAC (source: ibkr)
2026-08-26 14:20:32,679 [INFO] [272/504] KMB (Kimberly-Clark), depuis 2026-08-17...
2026-08-26 14:21:00,624 [INFO]   -> 7 jours récupérés pour KMB (source: ibkr)
2026-08-26 14:21:00,624 [INFO] [273/504] KMI (Kinder Morgan), depuis 2026-08-17...
2026-08-26 14:21:31,522 [INFO]   -> 7 jours récupérés pour KMI (source: ibkr)
2026-08-26 14:21:31,523 [INFO] [274/504] KO (Coca-Cola Company (The)), depuis 2026-08-17...
2026-08-26 14:21:50,248 [INFO]   -> 7 jours récupérés pour KO (source: ibkr)
2026-08-26 14:21:50,249 [INFO] [275/504] KR (Kroger), depuis 2026-08-17...
2026-08-26 14:24:10,714 [INFO]   -> 7 jours récupérés pour KR (source: ibkr)
2026-08-26 14:24:10,714 [INFO] [276/504] KVUE (Kenvue), depuis 2026-08-17...
2026-08-26 14:24:24,028 [INFO]   -> 7 jours récupérés pour KVUE (source: ibkr)
2026-08-26 14:24:24,030 [INFO] [277/504] L (Loews Corporation), depuis 2026-08-17...
2026-08-26 14:24:36,004 [INFO]   -> 7 jours récupérés pour L (source: ibkr)
2026-08-26 14:24:36,004 [INFO] [278/504] LDOS (Leidos), depuis 2026-08-17...
2026-08-26 14:24:59,035 [INFO]   -> 7 jours récupérés pour LDOS (source: ibkr)
2026-08-26 14:24:59,035 [INFO] [279/504] LEN (Lennar), depuis 2026-08-17...
2026-08-26 14:26:20,008 [INFO]   -> 7 jours récupérés pour LEN (source: ibkr)
2026-08-26 14:26:20,008 [INFO] [280/504] LH (Labcorp), depuis 2026-08-17...
2026-08-26 14:26:35,243 [INFO]   -> 7 jours récupérés pour LH (source: ibkr)
2026-08-26 14:26:35,244 [INFO] [281/504] LHX (L3Harris), depuis 2026-08-17...
2026-08-26 14:26:47,723 [INFO]   -> 7 jours récupérés pour LHX (source: ibkr)
2026-08-26 14:26:47,724 [INFO] [282/504] LII (Lennox International), depuis 2026-08-17...
2026-08-26 14:27:23,859 [INFO] Warning 2103, reqId -1: Market data farm connection is broken:usfarm
2026-08-26 14:27:27,122 [INFO] Warning 2105, reqId -1: HMDS data farm connection is broken:ushmds
2026-08-26 14:27:27,125 [INFO] Warning 2106, reqId -1: HMDS data farm connection is OK:ushmds
2026-08-26 14:27:27,129 [INFO] Warning 2104, reqId -1: Market data farm connection is OK:usfarm
2026-08-26 14:46:21,730 [ERROR] Error 1100, reqId -1: Connectivity between IBKR and Trader Workstation has been lost.
2026-08-26 14:46:23,790 [INFO] Warning 2103, reqId -1: Market data farm connection is broken:eufarm
2026-08-26 14:46:25,512 [INFO] Warning 2103, reqId -1: Market data farm connection is broken:usopt
2026-08-26 14:46:26,690 [INFO] Warning 2103, reqId -1: Market data farm connection is broken:usfarm
2026-08-26 14:46:27,779 [INFO] Warning 2157, reqId -1: Sec-def data farm connection is broken:secdefeu
2026-08-26 14:46:28,967 [INFO] Warning 2105, reqId -1: HMDS data farm connection is broken:euhmds
2026-08-26 14:46:30,027 [INFO] Warning 2105, reqId -1: HMDS data farm connection is broken:ushmds
2026-08-26 14:46:30,030 [INFO] Warning 2106, reqId -1: HMDS data farm connection is OK:euhmds
2026-08-26 14:46:30,034 [INFO] Warning 2158, reqId -1: Sec-def data farm connection is OK:secdefeu
2026-08-26 14:46:30,039 [INFO] Warning 2106, reqId -1: HMDS data farm connection is OK:ushmds
2026-08-26 14:46:30,039 [INFO] Warning 2104, reqId -1: Market data farm connection is OK:eufarm
2026-08-26 14:46:30,040 [INFO] Warning 2104, reqId -1: Market data farm connection is OK:usopt
2026-08-26 14:46:30,041 [INFO] Warning 2104, reqId -1: Market data farm connection is OK:usfarm
2026-08-26 14:46:30,118 [ERROR] Error 1102, reqId -1: Connectivity between IBKR and Trader Workstation has been restored - data maintained. All data farms are connected: eufarm; usopt; usfarm; euhmds; ushmds; secdefeu.
2026-08-26 14:47:30,748 [WARNING] reqHistoricalData: Timeout for Contract(secType='STK', conId=6608113, symbol='LII', exchange='SMART', primaryExchange='NYSE', currency='USD', localSymbol='LII', tradingClass='LII')
2026-08-26 14:47:43,546 [WARNING]   -> ECHEC (ni IBKR ni Stooq) pour LII : Aucune donnée (ni IBKR ni Stooq) pour LII -- TROU DE COUVERTURE.
2026-08-26 14:47:43,547 [INFO] [283/504] LIN (Linde plc), depuis 2026-08-17...
2026-08-26 14:47:43,549 [ERROR] Error 162, reqId 566: Historical Market Data Service error message:API historical data query cancelled: 566, contract: Contract(secType='STK', conId=6608113, symbol='LII', exchange='SMART', primaryExchange='NYSE', currency='USD', localSymbol='LII', tradingClass='LII')
2026-08-26 14:48:43,831 [WARNING] reqHistoricalData: Timeout for Contract(secType='STK', conId=617155599, symbol='LIN', exchange='SMART', primaryExchange='NASDAQ', currency='USD', localSymbol='LIN', tradingClass='NMS')
2026-08-26 14:48:56,810 [WARNING]   -> ECHEC (ni IBKR ni Stooq) pour LIN : Aucune donnée (ni IBKR ni Stooq) pour LIN -- TROU DE COUVERTURE.
2026-08-26 14:48:56,811 [INFO] [284/504] LITE (Lumentum), depuis 2026-08-17...
2026-08-26 14:48:56,812 [ERROR] Error 162, reqId 568: Historical Market Data Service error message:API historical data query cancelled: 568, contract: Contract(secType='STK', conId=617155599, symbol='LIN', exchange='SMART', primaryExchange='NASDAQ', currency='USD', localSymbol='LIN', tradingClass='NMS')
2026-08-26 14:49:57,314 [WARNING] reqHistoricalData: Timeout for Contract(secType='STK', conId=201113895, symbol='LITE', exchange='SMART', primaryExchange='NASDAQ', currency='USD', localSymbol='LITE', tradingClass='NMS')
2026-08-26 14:50:10,148 [WARNING]   -> ECHEC (ni IBKR ni Stooq) pour LITE : Aucune donnée (ni IBKR ni Stooq) pour LITE -- TROU DE COUVERTURE.
2026-08-26 14:50:10,149 [INFO] [285/504] LLY (Lilly (Eli)), depuis 2026-08-17...
2026-08-26 14:50:10,151 [ERROR] Error 162, reqId 570: Historical Market Data Service error message:API historical data query cancelled: 570, contract: Contract(secType='STK', conId=201113895, symbol='LITE', exchange='SMART', primaryExchange='NASDAQ', currency='USD', localSymbol='LITE', tradingClass='NMS')
2026-08-26 14:51:10,657 [WARNING] reqHistoricalData: Timeout for Contract(secType='STK', conId=9160, symbol='LLY', exchange='SMART', primaryExchange='NYSE', currency='USD', localSymbol='LLY', tradingClass='LLY')
2026-08-26 14:51:23,582 [WARNING]   -> ECHEC (ni IBKR ni Stooq) pour LLY : Aucune donnée (ni IBKR ni Stooq) pour LLY -- TROU DE COUVERTURE.
2026-08-26 14:51:23,583 [INFO] [286/504] LMT (Lockheed Martin), depuis 2026-08-17...
2026-08-26 14:51:23,584 [ERROR] Error 162, reqId 572: Historical Market Data Service error message:API historical data query cancelled: 572, contract: Contract(secType='STK', conId=9160, symbol='LLY', exchange='SMART', primaryExchange='NYSE', currency='USD', localSymbol='LLY', tradingClass='LLY')
2026-08-26 14:52:25,193 [WARNING] reqHistoricalData: Timeout for Contract(secType='STK', conId=611191, symbol='LMT', exchange='SMART', primaryExchange='NYSE', currency='USD', localSymbol='LMT', tradingClass='LMT')
2026-08-26 14:52:37,986 [WARNING]   -> ECHEC (ni IBKR ni Stooq) pour LMT : Aucune donnée (ni IBKR ni Stooq) pour LMT -- TROU DE COUVERTURE.
2026-08-26 14:52:37,987 [INFO] [287/504] LNT (Alliant Energy), depuis 2026-08-17...
2026-08-26 14:52:37,989 [ERROR] Error 162, reqId 574: Historical Market Data Service error message:API historical data query cancelled: 574, contract: Contract(secType='STK', conId=611191, symbol='LMT', exchange='SMART', primaryExchange='NYSE', currency='USD', localSymbol='LMT', tradingClass='LMT')
2026-08-26 14:53:38,042 [WARNING] reqHistoricalData: Timeout for Contract(secType='STK', conId=5026984, symbol='LNT', exchange='SMART', primaryExchange='NASDAQ', currency='USD', localSymbol='LNT', tradingClass='NMS')
2026-08-26 14:53:50,759 [WARNING]   -> ECHEC (ni IBKR ni Stooq) pour LNT : Aucune donnée (ni IBKR ni Stooq) pour LNT -- TROU DE COUVERTURE.
2026-08-26 14:53:50,761 [INFO] [288/504] LOW (Lowe's), depuis 2026-08-17...
2026-08-26 14:53:50,762 [ERROR] Error 162, reqId 576: Historical Market Data Service error message:API historical data query cancelled: 576, contract: Contract(secType='STK', conId=5026984, symbol='LNT', exchange='SMART', primaryExchange='NASDAQ', currency='USD', localSymbol='LNT', tradingClass='NMS')
2026-08-26 14:54:51,293 [WARNING] reqHistoricalData: Timeout for Contract(secType='STK', conId=9199, symbol='LOW', exchange='SMART', primaryExchange='NYSE', currency='USD', localSymbol='LOW', tradingClass='LOW')
2026-08-26 14:55:04,227 [WARNING]   -> ECHEC (ni IBKR ni Stooq) pour LOW : Aucune donnée (ni IBKR ni Stooq) pour LOW -- TROU DE COUVERTURE.
2026-08-26 14:55:04,228 [INFO] [289/504] LRCX (Lam Research), depuis 2026-08-17...
2026-08-26 14:55:04,230 [ERROR] Error 162, reqId 578: Historical Market Data Service error message:API historical data query cancelled: 578, contract: Contract(secType='STK', conId=9199, symbol='LOW', exchange='SMART', primaryExchange='NYSE', currency='USD', localSymbol='LOW', tradingClass='LOW')
2026-08-26 14:56:04,341 [WARNING] reqHistoricalData: Timeout for Contract(secType='STK', conId=732440574, symbol='LRCX', exchange='SMART', primaryExchange='NASDAQ', currency='USD', localSymbol='LRCX', tradingClass='NMS')
2026-08-26 14:56:17,320 [WARNING]   -> ECHEC (ni IBKR ni Stooq) pour LRCX : Aucune donnée (ni IBKR ni Stooq) pour LRCX -- TROU DE COUVERTURE.
2026-08-26 14:56:17,320 [INFO] [290/504] LULU (Lululemon Athletica), depuis 2026-08-17...
2026-08-26 14:56:17,322 [ERROR] Error 162, reqId 580: Historical Market Data Service error message:API historical data query cancelled: 580, contract: Contract(secType='STK', conId=732440574, symbol='LRCX', exchange='SMART', primaryExchange='NASDAQ', currency='USD', localSymbol='LRCX', tradingClass='NMS')
2026-08-26 14:57:18,224 [WARNING] reqHistoricalData: Timeout for Contract(secType='STK', conId=45157951, symbol='LULU', exchange='SMART', primaryExchange='NASDAQ', currency='USD', localSymbol='LULU', tradingClass='NMS')
2026-08-26 14:57:30,989 [WARNING]   -> ECHEC (ni IBKR ni Stooq) pour LULU : Aucune donnée (ni IBKR ni Stooq) pour LULU -- TROU DE COUVERTURE.
2026-08-26 14:57:30,990 [INFO] [291/504] LUV (Southwest Airlines), depuis 2026-08-17...
2026-08-26 14:57:30,991 [ERROR] Error 162, reqId 582: Historical Market Data Service error message:API historical data query cancelled: 582, contract: Contract(secType='STK', conId=45157951, symbol='LULU', exchange='SMART', primaryExchange='NASDAQ', currency='USD', localSymbol='LULU', tradingClass='NMS')
2026-08-26 14:58:31,772 [WARNING] reqHistoricalData: Timeout for Contract(secType='STK', conId=9282, symbol='LUV', exchange='SMART', primaryExchange='NYSE', currency='USD', localSymbol='LUV', tradingClass='LUV')
2026-08-26 14:58:44,541 [WARNING]   -> ECHEC (ni IBKR ni Stooq) pour LUV : Aucune donnée (ni IBKR ni Stooq) pour LUV -- TROU DE COUVERTURE.
2026-08-26 14:58:44,542 [INFO] [292/504] LVS (Las Vegas Sands), depuis 2026-08-17...
2026-08-26 14:58:44,543 [ERROR] Error 162, reqId 584: Historical Market Data Service error message:API historical data query cancelled: 584, contract: Contract(secType='STK', conId=9282, symbol='LUV', exchange='SMART', primaryExchange='NYSE', currency='USD', localSymbol='LUV', tradingClass='LUV')
2026-08-26 14:59:44,669 [WARNING] reqHistoricalData: Timeout for Contract(secType='STK', conId=32602412, symbol='LVS', exchange='SMART', primaryExchange='NYSE', currency='USD', localSymbol='LVS', tradingClass='LVS')
2026-08-26 14:59:57,585 [WARNING]   -> ECHEC (ni IBKR ni Stooq) pour LVS : Aucune donnée (ni IBKR ni Stooq) pour LVS -- TROU DE COUVERTURE.
2026-08-26 14:59:57,586 [INFO] [293/504] LYB (LyondellBasell), depuis 2026-08-17...
2026-08-26 14:59:57,588 [ERROR] Error 162, reqId 586: Historical Market Data Service error message:API historical data query cancelled: 586, contract: Contract(secType='STK', conId=32602412, symbol='LVS', exchange='SMART', primaryExchange='NYSE', currency='USD', localSymbol='LVS', tradingClass='LVS')
2026-08-26 15:00:57,817 [WARNING] reqHistoricalData: Timeout for Contract(secType='STK', conId=74866700, symbol='LYB', exchange='SMART', primaryExchange='NYSE', currency='USD', localSymbol='LYB', tradingClass='LYB')
2026-08-26 15:01:10,552 [WARNING]   -> ECHEC (ni IBKR ni Stooq) pour LYB : Aucune donnée (ni IBKR ni Stooq) pour LYB -- TROU DE COUVERTURE.
2026-08-26 15:01:10,553 [INFO] [294/504] LYV (Live Nation Entertainment), depuis 2026-08-17...
2026-08-26 15:01:10,554 [ERROR] Error 162, reqId 588: Historical Market Data Service error message:API historical data query cancelled: 588, contract: Contract(secType='STK', conId=74866700, symbol='LYB', exchange='SMART', primaryExchange='NYSE', currency='USD', localSymbol='LYB', tradingClass='LYB')
2026-08-26 15:02:11,587 [WARNING] reqHistoricalData: Timeout for Contract(secType='STK', conId=37511786, symbol='LYV', exchange='SMART', primaryExchange='NYSE', currency='USD', localSymbol='LYV', tradingClass='LYV')
2026-08-26 15:02:24,531 [WARNING]   -> ECHEC (ni IBKR ni Stooq) pour LYV : Aucune donnée (ni IBKR ni Stooq) pour LYV -- TROU DE COUVERTURE.
2026-08-26 15:02:24,532 [INFO] [295/504] MA (Mastercard), depuis 2026-08-17...
2026-08-26 15:02:24,534 [ERROR] Error 162, reqId 590: Historical Market Data Service error message:API historical data query cancelled: 590, contract: Contract(secType='STK', conId=37511786, symbol='LYV', exchange='SMART', primaryExchange='NYSE', currency='USD', localSymbol='LYV', tradingClass='LYV')
2026-08-26 15:03:24,596 [WARNING] reqHistoricalData: Timeout for Contract(secType='STK', conId=38685693, symbol='MA', exchange='SMART', primaryExchange='NYSE', currency='USD', localSymbol='MA', tradingClass='MA')
2026-08-26 15:03:37,432 [WARNING]   -> ECHEC (ni IBKR ni Stooq) pour MA : Aucune donnée (ni IBKR ni Stooq) pour MA -- TROU DE COUVERTURE.
2026-08-26 15:03:37,433 [INFO] [296/504] MAA (Mid-America Apartment Communities), depuis 2026-08-17...
2026-08-26 15:03:37,435 [ERROR] Error 162, reqId 592: Historical Market Data Service error message:API historical data query cancelled: 592, contract: Contract(secType='STK', conId=38685693, symbol='MA', exchange='SMART', primaryExchange='NYSE', currency='USD', localSymbol='MA', tradingClass='MA')
2026-08-26 15:04:37,803 [WARNING] reqHistoricalData: Timeout for Contract(secType='STK', conId=9317, symbol='MAA', exchange='SMART', primaryExchange='NYSE', currency='USD', localSymbol='MAA', tradingClass='MAA')
2026-08-26 15:04:50,649 [WARNING]   -> ECHEC (ni IBKR ni Stooq) pour MAA : Aucune donnée (ni IBKR ni Stooq) pour MAA -- TROU DE COUVERTURE.
2026-08-26 15:04:50,650 [INFO] [297/504] MAR (Marriott International), depuis 2026-08-17...
2026-08-26 15:04:50,652 [ERROR] Error 162, reqId 594: Historical Market Data Service error message:API historical data query cancelled: 594, contract: Contract(secType='STK', conId=9317, symbol='MAA', exchange='SMART', primaryExchange='NYSE', currency='USD', localSymbol='MAA', tradingClass='MAA')
2026-08-26 15:05:51,151 [WARNING] reqHistoricalData: Timeout for Contract(secType='STK', conId=9358, symbol='MAR', exchange='SMART', primaryExchange='NASDAQ', currency='USD', localSymbol='MAR', tradingClass='NMS')
2026-08-26 15:06:04,015 [WARNING]   -> ECHEC (ni IBKR ni Stooq) pour MAR : Aucune donnée (ni IBKR ni Stooq) pour MAR -- TROU DE COUVERTURE.
2026-08-26 15:06:04,016 [INFO] [298/504] MAS (Masco), depuis 2026-08-17...
2026-08-26 15:06:04,018 [ERROR] Error 162, reqId 596: Historical Market Data Service error message:API historical data query cancelled: 596, contract: Contract(secType='STK', conId=9358, symbol='MAR', exchange='SMART', primaryExchange='NASDAQ', currency='USD', localSymbol='MAR', tradingClass='NMS')
2026-08-26 15:07:04,085 [WARNING] reqHistoricalData: Timeout for Contract(secType='STK', conId=9360, symbol='MAS', exchange='SMART', primaryExchange='NYSE', currency='USD', localSymbol='MAS', tradingClass='MAS')
2026-08-26 15:07:16,956 [WARNING]   -> ECHEC (ni IBKR ni Stooq) pour MAS : Aucune donnée (ni IBKR ni Stooq) pour MAS -- TROU DE COUVERTURE.
2026-08-26 15:07:16,958 [INFO] [299/504] MCD (McDonald's), depuis 2026-08-17...
2026-08-26 15:07:16,961 [ERROR] Error 162, reqId 598: Historical Market Data Service error message:API historical data query cancelled: 598, contract: Contract(secType='STK', conId=9360, symbol='MAS', exchange='SMART', primaryExchange='NYSE', currency='USD', localSymbol='MAS', tradingClass='MAS')
2026-08-26 15:08:17,337 [WARNING] reqHistoricalData: Timeout for Contract(secType='STK', conId=9408, symbol='MCD', exchange='SMART', primaryExchange='NYSE', currency='USD', localSymbol='MCD', tradingClass='MCD')
2026-08-26 15:08:32,479 [WARNING]   -> ECHEC (ni IBKR ni Stooq) pour MCD : Aucune donnée (ni IBKR ni Stooq) pour MCD -- TROU DE COUVERTURE.
2026-08-26 15:08:32,479 [INFO] [300/504] MCHP (Microchip Technology), depuis 2026-08-17...
2026-08-26 15:08:32,481 [ERROR] Error 162, reqId 600: Historical Market Data Service error message:API historical data query cancelled: 600, contract: Contract(secType='STK', conId=9408, symbol='MCD', exchange='SMART', primaryExchange='NYSE', currency='USD', localSymbol='MCD', tradingClass='MCD')
2026-08-26 15:09:42,280 [WARNING] reqHistoricalData: Timeout for Contract(secType='STK', conId=271568, symbol='MCHP', exchange='SMART', primaryExchange='NASDAQ', currency='USD', localSymbol='MCHP', tradingClass='NMS')
2026-08-26 15:09:58,445 [WARNING]   -> ECHEC (ni IBKR ni Stooq) pour MCHP : Aucune donnée (ni IBKR ni Stooq) pour MCHP -- TROU DE COUVERTURE.
2026-08-26 15:09:58,446 [INFO] [301/504] MCK (McKesson Corporation), depuis 2026-08-17...
2026-08-26 15:10:37,720 [ERROR] Error 162, reqId 602: Historical Market Data Service error message:API historical data query cancelled: 602, contract: Contract(secType='STK', conId=271568, symbol='MCHP', exchange='SMART', primaryExchange='NASDAQ', currency='USD', localSymbol='MCHP', tradingClass='NMS')
2026-08-26 15:15:02,805 [WARNING] reqHistoricalData: Timeout for Contract(secType='STK', conId=9657, symbol='MCK', exchange='SMART', primaryExchange='NYSE', currency='USD', localSymbol='MCK', tradingClass='MCK')
2026-08-26 15:15:28,411 [WARNING]   -> ECHEC (ni IBKR ni Stooq) pour MCK : Aucune donnée (ni IBKR ni Stooq) pour MCK -- TROU DE COUVERTURE.
2026-08-26 15:15:28,528 [INFO] [302/504] MCO (Moody's Corporation), depuis 2026-08-17...
2026-08-26 15:15:28,750 [ERROR] Error 162, reqId 604: Historical Market Data Service error message:API historical data query cancelled: 604, contract: Contract(secType='STK', conId=9657, symbol='MCK', exchange='SMART', primaryExchange='NYSE', currency='USD', localSymbol='MCK', tradingClass='MCK')
2026-08-26 15:16:31,434 [WARNING] reqHistoricalData: Timeout for Contract(secType='STK', conId=6497, symbol='MCO', exchange='SMART', primaryExchange='NYSE', currency='USD', localSymbol='MCO', tradingClass='MCO')
2026-08-26 15:16:44,400 [WARNING]   -> ECHEC (ni IBKR ni Stooq) pour MCO : Aucune donnée (ni IBKR ni Stooq) pour MCO -- TROU DE COUVERTURE.
2026-08-26 15:16:44,401 [INFO] [303/504] MDLZ (Mondelez International), depuis 2026-08-17...
2026-08-26 15:16:44,403 [ERROR] Error 162, reqId 606: Historical Market Data Service error message:API historical data query cancelled: 606, contract: Contract(secType='STK', conId=6497, symbol='MCO', exchange='SMART', primaryExchange='NYSE', currency='USD', localSymbol='MCO', tradingClass='MCO')
2026-08-26 15:17:44,623 [WARNING] reqHistoricalData: Timeout for Contract(secType='STK', conId=113599091, symbol='MDLZ', exchange='SMART', primaryExchange='NASDAQ', currency='USD', localSymbol='MDLZ', tradingClass='NMS')
2026-08-26 15:18:05,227 [WARNING]   -> ECHEC (ni IBKR ni Stooq) pour MDLZ : Aucune donnée (ni IBKR ni Stooq) pour MDLZ -- TROU DE COUVERTURE.
2026-08-26 15:18:05,228 [INFO] [304/504] MDT (Medtronic), depuis 2026-08-17...
2026-08-26 15:18:05,229 [ERROR] Error 162, reqId 608: Historical Market Data Service error message:API historical data query cancelled: 608, contract: Contract(secType='STK', conId=113599091, symbol='MDLZ', exchange='SMART', primaryExchange='NASDAQ', currency='USD', localSymbol='MDLZ', tradingClass='NMS')
2026-08-26 15:19:05,286 [WARNING] reqHistoricalData: Timeout for Contract(secType='STK', conId=181387075, symbol='MDT', exchange='SMART', primaryExchange='NYSE', currency='USD', localSymbol='MDT', tradingClass='MDT')
2026-08-26 15:19:18,141 [WARNING]   -> ECHEC (ni IBKR ni Stooq) pour MDT : Aucune donnée (ni IBKR ni Stooq) pour MDT -- TROU DE COUVERTURE.
2026-08-26 15:19:18,142 [INFO] [305/504] MET (MetLife), depuis 2026-08-17...
2026-08-26 15:19:18,148 [ERROR] Error 162, reqId 610: Historical Market Data Service error message:API historical data query cancelled: 610, contract: Contract(secType='STK', conId=181387075, symbol='MDT', exchange='SMART', primaryExchange='NYSE', currency='USD', localSymbol='MDT', tradingClass='MDT')
2026-08-26 15:20:19,034 [WARNING] reqHistoricalData: Timeout for Contract(secType='STK', conId=8093509, symbol='MET', exchange='SMART', primaryExchange='NYSE', currency='USD', localSymbol='MET', tradingClass='MET')
2026-08-26 15:20:19,314 [ERROR] Error 162, reqId 612: Historical Market Data Service error message:API historical data query cancelled: 612, contract: Contract(secType='STK', conId=8093509, symbol='MET', exchange='SMART', primaryExchange='NYSE', currency='USD', localSymbol='MET', tradingClass='MET')
2026-08-26 15:20:32,272 [WARNING]   -> ECHEC (ni IBKR ni Stooq) pour MET : Aucune donnée (ni IBKR ni Stooq) pour MET -- TROU DE COUVERTURE.
2026-08-26 15:20:32,273 [INFO] [306/504] META (Meta Platforms), depuis 2026-08-17...
2026-08-26 15:21:32,593 [WARNING] reqHistoricalData: Timeout for Contract(secType='STK', conId=107113386, symbol='META', exchange='SMART', primaryExchange='NASDAQ', currency='USD', localSymbol='META', tradingClass='NMS')
2026-08-26 15:21:47,683 [WARNING]   -> ECHEC (ni IBKR ni Stooq) pour META : Aucune donnée (ni IBKR ni Stooq) pour META -- TROU DE COUVERTURE.
2026-08-26 15:21:47,710 [INFO] [307/504] MGM (MGM Resorts), depuis 2026-08-17...
2026-08-26 15:21:47,730 [ERROR] Error 162, reqId 614: Historical Market Data Service error message:API historical data query cancelled: 614, contract: Contract(secType='STK', conId=107113386, symbol='META', exchange='SMART', primaryExchange='NASDAQ', currency='USD', localSymbol='META', tradingClass='NMS')
2026-08-26 15:22:48,445 [WARNING] reqHistoricalData: Timeout for Contract(secType='STK', conId=9560, symbol='MGM', exchange='SMART', primaryExchange='NYSE', currency='USD', localSymbol='MGM', tradingClass='MGM')
2026-08-26 15:23:01,519 [WARNING]   -> ECHEC (ni IBKR ni Stooq) pour MGM : Aucune donnée (ni IBKR ni Stooq) pour MGM -- TROU DE COUVERTURE.
2026-08-26 15:23:01,524 [INFO] [308/504] MKC (McCormick & Company), depuis 2026-08-17...
2026-08-26 15:23:01,552 [ERROR] Error 162, reqId 616: Historical Market Data Service error message:API historical data query cancelled: 616, contract: Contract(secType='STK', conId=9560, symbol='MGM', exchange='SMART', primaryExchange='NYSE', currency='USD', localSymbol='MGM', tradingClass='MGM')
2026-08-26 15:24:01,825 [WARNING] reqHistoricalData: Timeout for Contract(secType='STK', conId=271556, symbol='MKC', exchange='SMART', primaryExchange='NYSE', currency='USD', localSymbol='MKC', tradingClass='MKC')
2026-08-26 15:24:20,823 [WARNING]   -> ECHEC (ni IBKR ni Stooq) pour MKC : Aucune donnée (ni IBKR ni Stooq) pour MKC -- TROU DE COUVERTURE.
2026-08-26 15:24:20,835 [INFO] [309/504] MLM (Martin Marietta Materials), depuis 2026-08-17...
2026-08-26 15:24:20,851 [ERROR] Error 162, reqId 618: Historical Market Data Service error message:API historical data query cancelled: 618, contract: Contract(secType='STK', conId=271556, symbol='MKC', exchange='SMART', primaryExchange='NYSE', currency='USD', localSymbol='MKC', tradingClass='MKC')
2026-08-26 15:25:23,634 [WARNING] reqHistoricalData: Timeout for Contract(secType='STK', conId=9690, symbol='MLM', exchange='SMART', primaryExchange='NYSE', currency='USD', localSymbol='MLM', tradingClass='MLM')
2026-08-26 15:25:37,279 [WARNING]   -> ECHEC (ni IBKR ni Stooq) pour MLM : Aucune donnée (ni IBKR ni Stooq) pour MLM -- TROU DE COUVERTURE.
2026-08-26 15:25:37,282 [INFO] [310/504] MMM (3M), depuis 2026-08-17...
2026-08-26 15:25:37,299 [ERROR] Error 162, reqId 620: Historical Market Data Service error message:API historical data query cancelled: 620, contract: Contract(secType='STK', conId=9690, symbol='MLM', exchange='SMART', primaryExchange='NYSE', currency='USD', localSymbol='MLM', tradingClass='MLM')
2026-08-26 15:26:37,494 [WARNING] reqHistoricalData: Timeout for Contract(secType='STK', conId=9720, symbol='MMM', exchange='SMART', primaryExchange='NYSE', currency='USD', localSymbol='MMM', tradingClass='MMM')
2026-08-26 15:26:51,962 [WARNING]   -> ECHEC (ni IBKR ni Stooq) pour MMM : Aucune donnée (ni IBKR ni Stooq) pour MMM -- TROU DE COUVERTURE.
2026-08-26 15:26:51,962 [INFO] [311/504] MNST (Monster Beverage), depuis 2026-08-17...
2026-08-26 15:26:51,964 [ERROR] Error 162, reqId 622: Historical Market Data Service error message:API historical data query cancelled: 622, contract: Contract(secType='STK', conId=9720, symbol='MMM', exchange='SMART', primaryExchange='NYSE', currency='USD', localSymbol='MMM', tradingClass='MMM')
2026-08-26 15:27:53,532 [WARNING] reqHistoricalData: Timeout for Contract(secType='STK', conId=196986496, symbol='MNST', exchange='SMART', primaryExchange='NASDAQ', currency='USD', localSymbol='MNST', tradingClass='NMS')
2026-08-26 15:28:18,141 [WARNING]   -> ECHEC (ni IBKR ni Stooq) pour MNST : Aucune donnée (ni IBKR ni Stooq) pour MNST -- TROU DE COUVERTURE.
2026-08-26 15:28:18,338 [INFO] [312/504] MO (Altria), depuis 2026-08-17...
2026-08-26 15:28:18,475 [ERROR] Error 162, reqId 624: Historical Market Data Service error message:API historical data query cancelled: 624, contract: Contract(secType='STK', conId=196986496, symbol='MNST', exchange='SMART', primaryExchange='NASDAQ', currency='USD', localSymbol='MNST', tradingClass='NMS')
2026-08-26 15:29:28,045 [WARNING] reqHistoricalData: Timeout for Contract(secType='STK', conId=9769, symbol='MO', exchange='SMART', primaryExchange='NYSE', currency='USD', localSymbol='MO', tradingClass='MO')
2026-08-26 15:29:49,066 [WARNING]   -> ECHEC (ni IBKR ni Stooq) pour MO : Aucune donnée (ni IBKR ni Stooq) pour MO -- TROU DE COUVERTURE.
2026-08-26 15:29:49,067 [INFO] [313/504] MOS (Mosaic Company (The)), depuis 2026-08-17...
2026-08-26 15:29:49,068 [ERROR] Error 162, reqId 626: Historical Market Data Service error message:API historical data query cancelled: 626, contract: Contract(secType='STK', conId=9769, symbol='MO', exchange='SMART', primaryExchange='NYSE', currency='USD', localSymbol='MO', tradingClass='MO')
2026-08-26 15:30:49,771 [WARNING] reqHistoricalData: Timeout for Contract(secType='STK', conId=88292752, symbol='MOS', exchange='SMART', primaryExchange='NYSE', currency='USD', localSymbol='MOS', tradingClass='MOS')
2026-08-26 15:31:09,043 [WARNING]   -> ECHEC (ni IBKR ni Stooq) pour MOS : Aucune donnée (ni IBKR ni Stooq) pour MOS -- TROU DE COUVERTURE.
2026-08-26 15:31:09,044 [INFO] [314/504] MPC (Marathon Petroleum), depuis 2026-08-17...
2026-08-26 15:31:09,046 [ERROR] Error 162, reqId 628: Historical Market Data Service error message:API historical data query cancelled: 628, contract: Contract(secType='STK', conId=88292752, symbol='MOS', exchange='SMART', primaryExchange='NYSE', currency='USD', localSymbol='MOS', tradingClass='MOS')
2026-08-26 15:32:10,201 [WARNING] reqHistoricalData: Timeout for Contract(secType='STK', conId=89495776, symbol='MPC', exchange='SMART', primaryExchange='NYSE', currency='USD', localSymbol='MPC', tradingClass='MPC')
2026-08-26 15:32:29,824 [WARNING]   -> ECHEC (ni IBKR ni Stooq) pour MPC : Aucune donnée (ni IBKR ni Stooq) pour MPC -- TROU DE COUVERTURE.
2026-08-26 15:32:29,825 [INFO] [315/504] MPWR (Monolithic Power Systems), depuis 2026-08-17...
2026-08-26 15:32:29,827 [ERROR] Error 162, reqId 630: Historical Market Data Service error message:API historical data query cancelled: 630, contract: Contract(secType='STK', conId=89495776, symbol='MPC', exchange='SMART', primaryExchange='NYSE', currency='USD', localSymbol='MPC', tradingClass='MPC')
2026-08-26 15:33:30,245 [WARNING] reqHistoricalData: Timeout for Contract(secType='STK', conId=32106121, symbol='MPWR', exchange='SMART', primaryExchange='NASDAQ', currency='USD', localSymbol='MPWR', tradingClass='NMS')
2026-08-26 15:33:43,296 [WARNING]   -> ECHEC (ni IBKR ni Stooq) pour MPWR : Aucune donnée (ni IBKR ni Stooq) pour MPWR -- TROU DE COUVERTURE.
2026-08-26 15:33:43,297 [INFO] [316/504] MRK (Merck & Co.), depuis 2026-08-17...
2026-08-26 15:33:43,304 [ERROR] Error 162, reqId 632: Historical Market Data Service error message:API historical data query cancelled: 632, contract: Contract(secType='STK', conId=32106121, symbol='MPWR', exchange='SMART', primaryExchange='NASDAQ', currency='USD', localSymbol='MPWR', tradingClass='NMS')
2026-08-26 15:34:43,535 [WARNING] reqHistoricalData: Timeout for Contract(secType='STK', conId=70101545, symbol='MRK', exchange='SMART', primaryExchange='NYSE', currency='USD', localSymbol='MRK', tradingClass='MRK')
2026-08-26 15:35:05,165 [WARNING]   -> ECHEC (ni IBKR ni Stooq) pour MRK : Aucune donnée (ni IBKR ni Stooq) pour MRK -- TROU DE COUVERTURE.
2026-08-26 15:35:05,169 [INFO] [317/504] MRNA (Moderna), depuis 2026-08-17...
2026-08-26 15:35:05,171 [ERROR] Error 162, reqId 634: Historical Market Data Service error message:API historical data query cancelled: 634, contract: Contract(secType='STK', conId=70101545, symbol='MRK', exchange='SMART', primaryExchange='NYSE', currency='USD', localSymbol='MRK', tradingClass='MRK')
2026-08-26 15:36:07,693 [WARNING] reqHistoricalData: Timeout for Contract(secType='STK', conId=344809106, symbol='MRNA', exchange='SMART', primaryExchange='NASDAQ', currency='USD', localSymbol='MRNA', tradingClass='NMS')
2026-08-26 15:36:32,663 [WARNING]   -> ECHEC (ni IBKR ni Stooq) pour MRNA : Aucune donnée (ni IBKR ni Stooq) pour MRNA -- TROU DE COUVERTURE.
2026-08-26 15:36:32,664 [INFO] [318/504] MRSH (Marsh McLennan), depuis 2026-08-17...
2026-08-26 15:36:32,666 [ERROR] Error 162, reqId 636: Historical Market Data Service error message:API historical data query cancelled: 636, contract: Contract(secType='STK', conId=344809106, symbol='MRNA', exchange='SMART', primaryExchange='NASDAQ', currency='USD', localSymbol='MRNA', tradingClass='NMS')
2026-08-26 15:37:41,047 [WARNING] reqHistoricalData: Timeout for Contract(secType='STK', conId=9705, symbol='MRSH', exchange='SMART', primaryExchange='NYSE', currency='USD', localSymbol='MRSH', tradingClass='MRSH')
2026-08-26 15:37:54,070 [WARNING]   -> ECHEC (ni IBKR ni Stooq) pour MRSH : Aucune donnée (ni IBKR ni Stooq) pour MRSH -- TROU DE COUVERTURE.
2026-08-26 15:37:54,071 [INFO] [319/504] MRVL (Marvell Technology), depuis 2026-08-17...
2026-08-26 15:37:54,073 [ERROR] Error 162, reqId 638: Historical Market Data Service error message:API historical data query cancelled: 638, contract: Contract(secType='STK', conId=9705, symbol='MRSH', exchange='SMART', primaryExchange='NYSE', currency='USD', localSymbol='MRSH', tradingClass='MRSH')
2026-08-26 15:38:54,472 [WARNING] reqHistoricalData: Timeout for Contract(secType='STK', conId=483492393, symbol='MRVL', exchange='SMART', primaryExchange='NASDAQ', currency='USD', localSymbol='MRVL', tradingClass='NMS')
2026-08-26 15:39:12,474 [WARNING]   -> ECHEC (ni IBKR ni Stooq) pour MRVL : Aucune donnée (ni IBKR ni Stooq) pour MRVL -- TROU DE COUVERTURE.
2026-08-26 15:39:12,601 [INFO] [320/504] MS (Morgan Stanley), depuis 2026-08-17...
2026-08-26 15:39:12,603 [ERROR] Error 366, reqId 640: No historical data query found for ticker id:640, contract: Contract(secType='STK', conId=483492393, symbol='MRVL', exchange='SMART', primaryExchange='NASDAQ', currency='USD', localSymbol='MRVL', tradingClass='NMS')
2026-08-26 15:40:17,976 [WARNING] reqHistoricalData: Timeout for Contract(secType='STK', conId=2841574, symbol='MS', exchange='SMART', primaryExchange='NYSE', currency='USD', localSymbol='MS', tradingClass='MS')
2026-08-26 15:40:36,140 [WARNING]   -> ECHEC (ni IBKR ni Stooq) pour MS : Aucune donnée (ni IBKR ni Stooq) pour MS -- TROU DE COUVERTURE.
2026-08-26 15:40:36,141 [INFO] [321/504] MSCI (MSCI), depuis 2026-08-17...
2026-08-26 15:40:36,442 [ERROR] Error 366, reqId 642: No historical data query found for ticker id:642, contract: Contract(secType='STK', conId=2841574, symbol='MS', exchange='SMART', primaryExchange='NYSE', currency='USD', localSymbol='MS', tradingClass='MS')
2026-08-26 15:41:39,153 [WARNING] reqHistoricalData: Timeout for Contract(secType='STK', conId=47101335, symbol='MSCI', exchange='SMART', primaryExchange='NYSE', currency='USD', localSymbol='MSCI', tradingClass='MSCI')
2026-08-26 15:42:02,602 [WARNING]   -> ECHEC (ni IBKR ni Stooq) pour MSCI : Aucune donnée (ni IBKR ni Stooq) pour MSCI -- TROU DE COUVERTURE.
2026-08-26 15:42:02,603 [INFO] [322/504] MSFT (Microsoft), depuis 2026-08-17...
2026-08-26 15:42:02,606 [ERROR] Error 366, reqId 644: No historical data query found for ticker id:644, contract: Contract(secType='STK', conId=47101335, symbol='MSCI', exchange='SMART', primaryExchange='NYSE', currency='USD', localSymbol='MSCI', tradingClass='MSCI')
2026-08-26 15:43:15,794 [WARNING] reqHistoricalData: Timeout for Contract(secType='STK', conId=272093, symbol='MSFT', exchange='SMART', primaryExchange='NASDAQ', currency='USD', localSymbol='MSFT', tradingClass='NMS')
2026-08-26 15:43:28,535 [WARNING]   -> ECHEC (ni IBKR ni Stooq) pour MSFT : Aucune donnée (ni IBKR ni Stooq) pour MSFT -- TROU DE COUVERTURE.
2026-08-26 15:43:28,536 [INFO] [323/504] MSI (Motorola Solutions), depuis 2026-08-17...
2026-08-26 15:43:28,538 [ERROR] Error 366, reqId 646: No historical data query found for ticker id:646, contract: Contract(secType='STK', conId=272093, symbol='MSFT', exchange='SMART', primaryExchange='NASDAQ', currency='USD', localSymbol='MSFT', tradingClass='NMS')
2026-08-26 15:44:28,722 [WARNING] reqHistoricalData: Timeout for Contract(secType='STK', conId=81581011, symbol='MSI', exchange='SMART', primaryExchange='NYSE', currency='USD', localSymbol='MSI', tradingClass='MSI')
2026-08-26 15:44:48,254 [WARNING]   -> ECHEC (ni IBKR ni Stooq) pour MSI : Aucune donnée (ni IBKR ni Stooq) pour MSI -- TROU DE COUVERTURE.
2026-08-26 15:44:48,362 [INFO] [324/504] MTB (M&T Bank), depuis 2026-08-17...
2026-08-26 15:44:48,365 [ERROR] Error 366, reqId 648: No historical data query found for ticker id:648, contract: Contract(secType='STK', conId=81581011, symbol='MSI', exchange='SMART', primaryExchange='NYSE', currency='USD', localSymbol='MSI', tradingClass='MSI')
2026-08-26 15:45:50,500 [WARNING] reqHistoricalData: Timeout for Contract(secType='STK', conId=2585323, symbol='MTB', exchange='SMART', primaryExchange='NYSE', currency='USD', localSymbol='MTB', tradingClass='MTB')
2026-08-26 15:46:03,382 [WARNING]   -> ECHEC (ni IBKR ni Stooq) pour MTB : Aucune donnée (ni IBKR ni Stooq) pour MTB -- TROU DE COUVERTURE.
2026-08-26 15:46:03,383 [INFO] [325/504] MTD (Mettler Toledo), depuis 2026-08-17...
2026-08-26 15:46:03,385 [ERROR] Error 366, reqId 650: No historical data query found for ticker id:650, contract: Contract(secType='STK', conId=2585323, symbol='MTB', exchange='SMART', primaryExchange='NYSE', currency='USD', localSymbol='MTB', tradingClass='MTB')
2026-08-26 15:47:03,671 [WARNING] reqHistoricalData: Timeout for Contract(secType='STK', conId=6477908, symbol='MTD', exchange='SMART', primaryExchange='NYSE', currency='USD', localSymbol='MTD', tradingClass='MTD')
2026-08-26 15:47:21,605 [WARNING]   -> ECHEC (ni IBKR ni Stooq) pour MTD : Aucune donnée (ni IBKR ni Stooq) pour MTD -- TROU DE COUVERTURE.
2026-08-26 15:47:21,727 [INFO] [326/504] MU (Micron Technology), depuis 2026-08-17...
2026-08-26 15:47:21,739 [ERROR] Error 366, reqId 652: No historical data query found for ticker id:652, contract: Contract(secType='STK', conId=6477908, symbol='MTD', exchange='SMART', primaryExchange='NYSE', currency='USD', localSymbol='MTD', tradingClass='MTD')
2026-08-26 15:48:25,541 [WARNING] reqHistoricalData: Timeout for Contract(secType='STK', conId=9939, symbol='MU', exchange='SMART', primaryExchange='NASDAQ', currency='USD', localSymbol='MU', tradingClass='NMS')
2026-08-26 15:48:39,162 [WARNING]   -> ECHEC (ni IBKR ni Stooq) pour MU : Aucune donnée (ni IBKR ni Stooq) pour MU -- TROU DE COUVERTURE.
2026-08-26 15:48:39,164 [INFO] [327/504] NCLH (Norwegian Cruise Line Holdings), depuis 2026-08-17...
2026-08-26 15:48:39,173 [ERROR] Error 366, reqId 654: No historical data query found for ticker id:654, contract: Contract(secType='STK', conId=9939, symbol='MU', exchange='SMART', primaryExchange='NASDAQ', currency='USD', localSymbol='MU', tradingClass='NMS')
2026-08-26 15:49:39,501 [WARNING] reqHistoricalData: Timeout for Contract(secType='STK', conId=120643512, symbol='NCLH', exchange='SMART', primaryExchange='NYSE', currency='USD', localSymbol='NCLH', tradingClass='NCLH')
2026-08-26 15:49:54,455 [WARNING]   -> ECHEC (ni IBKR ni Stooq) pour NCLH : Aucune donnée (ni IBKR ni Stooq) pour NCLH -- TROU DE COUVERTURE.
2026-08-26 15:49:54,566 [INFO] [328/504] NDAQ (Nasdaq, Inc.), depuis 2026-08-17...
2026-08-26 15:49:54,567 [ERROR] Error 366, reqId 656: No historical data query found for ticker id:656, contract: Contract(secType='STK', conId=120643512, symbol='NCLH', exchange='SMART', primaryExchange='NYSE', currency='USD', localSymbol='NCLH', tradingClass='NCLH')
2026-08-26 15:50:56,248 [WARNING] reqHistoricalData: Timeout for Contract(secType='STK', conId=29380756, symbol='NDAQ', exchange='SMART', primaryExchange='NASDAQ', currency='USD', localSymbol='NDAQ', tradingClass='NMS')
2026-08-26 15:51:11,540 [WARNING]   -> ECHEC (ni IBKR ni Stooq) pour NDAQ : Aucune donnée (ni IBKR ni Stooq) pour NDAQ -- TROU DE COUVERTURE.
2026-08-26 15:51:11,541 [INFO] [329/504] NDSN (Nordson Corporation), depuis 2026-08-17...
2026-08-26 15:51:11,542 [ERROR] Error 366, reqId 658: No historical data query found for ticker id:658, contract: Contract(secType='STK', conId=29380756, symbol='NDAQ', exchange='SMART', primaryExchange='NASDAQ', currency='USD', localSymbol='NDAQ', tradingClass='NMS')
2026-08-26 15:52:12,158 [WARNING] reqHistoricalData: Timeout for Contract(secType='STK', conId=272314, symbol='NDSN', exchange='SMART', primaryExchange='NASDAQ', currency='USD', localSymbol='NDSN', tradingClass='NMS')
2026-08-26 15:52:25,008 [WARNING]   -> ECHEC (ni IBKR ni Stooq) pour NDSN : Aucune donnée (ni IBKR ni Stooq) pour NDSN -- TROU DE COUVERTURE.
2026-08-26 15:52:25,009 [INFO] [330/504] NEE (NextEra Energy), depuis 2026-08-17...
2026-08-26 15:52:25,012 [ERROR] Error 366, reqId 660: No historical data query found for ticker id:660, contract: Contract(secType='STK', conId=272314, symbol='NDSN', exchange='SMART', primaryExchange='NASDAQ', currency='USD', localSymbol='NDSN', tradingClass='NMS')
2026-08-26 15:53:25,250 [WARNING] reqHistoricalData: Timeout for Contract(secType='STK', conId=75960201, symbol='NEE', exchange='SMART', primaryExchange='NYSE', currency='USD', localSymbol='NEE', tradingClass='NEE')
2026-08-26 15:53:25,256 [ERROR] Error 366, reqId 662: No historical data query found for ticker id:662, contract: Contract(secType='STK', conId=75960201, symbol='NEE', exchange='SMART', primaryExchange='NYSE', currency='USD', localSymbol='NEE', tradingClass='NEE')
2026-08-26 15:53:38,425 [WARNING]   -> ECHEC (ni IBKR ni Stooq) pour NEE : Aucune donnée (ni IBKR ni Stooq) pour NEE -- TROU DE COUVERTURE.
2026-08-26 15:53:38,426 [INFO] [331/504] NEM (Newmont), depuis 2026-08-17...
2026-08-26 15:54:38,556 [WARNING] reqHistoricalData: Timeout for Contract(secType='STK', conId=10174, symbol='NEM', exchange='SMART', primaryExchange='NYSE', currency='USD', localSymbol='NEM', tradingClass='NEM')
2026-08-26 15:54:53,964 [WARNING]   -> ECHEC (ni IBKR ni Stooq) pour NEM : Aucune donnée (ni IBKR ni Stooq) pour NEM -- TROU DE COUVERTURE.
2026-08-26 15:54:54,202 [INFO] [332/504] NFLX (Netflix), depuis 2026-08-17...
2026-08-26 15:54:54,204 [ERROR] Error 366, reqId 664: No historical data query found for ticker id:664, contract: Contract(secType='STK', conId=10174, symbol='NEM', exchange='SMART', primaryExchange='NYSE', currency='USD', localSymbol='NEM', tradingClass='NEM')
2026-08-26 15:55:55,834 [WARNING] reqHistoricalData: Timeout for Contract(secType='STK', conId=15124833, symbol='NFLX', exchange='SMART', primaryExchange='NASDAQ', currency='USD', localSymbol='NFLX', tradingClass='NMS')
2026-08-26 15:56:08,835 [WARNING]   -> ECHEC (ni IBKR ni Stooq) pour NFLX : Aucune donnée (ni IBKR ni Stooq) pour NFLX -- TROU DE COUVERTURE.
2026-08-26 15:56:08,836 [INFO] [333/504] NI (NiSource), depuis 2026-08-17...
2026-08-26 15:56:08,839 [ERROR] Error 366, reqId 666: No historical data query found for ticker id:666, contract: Contract(secType='STK', conId=15124833, symbol='NFLX', exchange='SMART', primaryExchange='NASDAQ', currency='USD', localSymbol='NFLX', tradingClass='NMS')
2026-08-26 15:57:09,123 [WARNING] reqHistoricalData: Timeout for Contract(secType='STK', conId=10260, symbol='NI', exchange='SMART', primaryExchange='NYSE', currency='USD', localSymbol='NI', tradingClass='NI')
2026-08-26 15:57:23,541 [WARNING]   -> ECHEC (ni IBKR ni Stooq) pour NI : Aucune donnée (ni IBKR ni Stooq) pour NI -- TROU DE COUVERTURE.
2026-08-26 15:57:23,549 [INFO] [334/504] NKE (Nike, Inc.), depuis 2026-08-17...
2026-08-26 15:57:23,729 [ERROR] Error 366, reqId 668: No historical data query found for ticker id:668, contract: Contract(secType='STK', conId=10260, symbol='NI', exchange='SMART', primaryExchange='NYSE', currency='USD', localSymbol='NI', tradingClass='NI')
2026-08-26 15:58:24,606 [WARNING] reqHistoricalData: Timeout for Contract(secType='STK', conId=10291, symbol='NKE', exchange='SMART', primaryExchange='NYSE', currency='USD', localSymbol='NKE', tradingClass='NKE')
2026-08-26 15:58:24,608 [ERROR] Error 366, reqId 670: No historical data query found for ticker id:670, contract: Contract(secType='STK', conId=10291, symbol='NKE', exchange='SMART', primaryExchange='NYSE', currency='USD', localSymbol='NKE', tradingClass='NKE')
2026-08-26 15:58:37,597 [WARNING]   -> ECHEC (ni IBKR ni Stooq) pour NKE : Aucune donnée (ni IBKR ni Stooq) pour NKE -- TROU DE COUVERTURE.
2026-08-26 15:58:37,600 [INFO] [335/504] NOC (Northrop Grumman), depuis 2026-08-17...
2026-08-26 15:59:37,696 [WARNING] reqHistoricalData: Timeout for Contract(secType='STK', conId=10376, symbol='NOC', exchange='SMART', primaryExchange='NYSE', currency='USD', localSymbol='NOC', tradingClass='NOC')
2026-08-26 15:59:50,827 [WARNING]   -> ECHEC (ni IBKR ni Stooq) pour NOC : Aucune donnée (ni IBKR ni Stooq) pour NOC -- TROU DE COUVERTURE.
2026-08-26 15:59:50,829 [INFO] [336/504] NOW (ServiceNow), depuis 2026-08-17...
2026-08-26 15:59:50,831 [ERROR] Error 366, reqId 672: No historical data query found for ticker id:672, contract: Contract(secType='STK', conId=10376, symbol='NOC', exchange='SMART', primaryExchange='NYSE', currency='USD', localSymbol='NOC', tradingClass='NOC')
2026-08-26 16:00:51,326 [WARNING] reqHistoricalData: Timeout for Contract(secType='STK', conId=109911821, symbol='NOW', exchange='SMART', primaryExchange='NYSE', currency='USD', localSymbol='NOW', tradingClass='NOW')
2026-08-26 16:01:04,295 [WARNING]   -> ECHEC (ni IBKR ni Stooq) pour NOW : Aucune donnée (ni IBKR ni Stooq) pour NOW -- TROU DE COUVERTURE.
2026-08-26 16:01:04,296 [INFO] [337/504] NRG (NRG Energy), depuis 2026-08-17...
2026-08-26 16:01:04,298 [ERROR] Error 366, reqId 674: No historical data query found for ticker id:674, contract: Contract(secType='STK', conId=109911821, symbol='NOW', exchange='SMART', primaryExchange='NYSE', currency='USD', localSymbol='NOW', tradingClass='NOW')
2026-08-26 16:02:04,347 [WARNING] reqHistoricalData: Timeout for Contract(secType='STK', conId=10188791, symbol='NRG', exchange='SMART', primaryExchange='NYSE', currency='USD', localSymbol='NRG', tradingClass='NRG')
2026-08-26 16:02:17,487 [WARNING]   -> ECHEC (ni IBKR ni Stooq) pour NRG : Aucune donnée (ni IBKR ni Stooq) pour NRG -- TROU DE COUVERTURE.
2026-08-26 16:02:17,488 [INFO] [338/504] NSC (Norfolk Southern), depuis 2026-08-17...
2026-08-26 16:02:17,491 [ERROR] Error 366, reqId 676: No historical data query found for ticker id:676, contract: Contract(secType='STK', conId=10188791, symbol='NRG', exchange='SMART', primaryExchange='NYSE', currency='USD', localSymbol='NRG', tradingClass='NRG')
2026-08-26 16:03:17,673 [WARNING] reqHistoricalData: Timeout for Contract(secType='STK', conId=10497, symbol='NSC', exchange='SMART', primaryExchange='NYSE', currency='USD', localSymbol='NSC', tradingClass='NSC')
2026-08-26 16:03:33,764 [WARNING]   -> ECHEC (ni IBKR ni Stooq) pour NSC : Aucune donnée (ni IBKR ni Stooq) pour NSC -- TROU DE COUVERTURE.
2026-08-26 16:03:34,007 [INFO] [339/504] NTAP (NetApp), depuis 2026-08-17...
2026-08-26 16:03:34,139 [ERROR] Error 366, reqId 678: No historical data query found for ticker id:678, contract: Contract(secType='STK', conId=10497, symbol='NSC', exchange='SMART', primaryExchange='NYSE', currency='USD', localSymbol='NSC', tradingClass='NSC')
2026-08-26 16:04:39,752 [WARNING] reqHistoricalData: Timeout for Contract(secType='STK', conId=49921110, symbol='NTAP', exchange='SMART', primaryExchange='NASDAQ', currency='USD', localSymbol='NTAP', tradingClass='NMS')
2026-08-26 16:05:04,707 [WARNING]   -> ECHEC (ni IBKR ni Stooq) pour NTAP : Aucune donnée (ni IBKR ni Stooq) pour NTAP -- TROU DE COUVERTURE.
2026-08-26 16:05:04,707 [INFO] [340/504] NTRS (Northern Trust), depuis 2026-08-17...
2026-08-26 16:05:04,709 [ERROR] Error 366, reqId 680: No historical data query found for ticker id:680, contract: Contract(secType='STK', conId=49921110, symbol='NTAP', exchange='SMART', primaryExchange='NASDAQ', currency='USD', localSymbol='NTAP', tradingClass='NMS')
2026-08-26 16:06:28,402 [WARNING] reqHistoricalData: Timeout for Contract(secType='STK', conId=272565, symbol='NTRS', exchange='SMART', primaryExchange='NASDAQ', currency='USD', localSymbol='NTRS', tradingClass='NMS')
2026-08-26 16:06:46,319 [WARNING]   -> ECHEC (ni IBKR ni Stooq) pour NTRS : Aucune donnée (ni IBKR ni Stooq) pour NTRS -- TROU DE COUVERTURE.
2026-08-26 16:06:46,743 [INFO] [341/504] NUE (Nucor), depuis 2026-08-17...
2026-08-26 16:06:46,748 [ERROR] Error 366, reqId 682: No historical data query found for ticker id:682, contract: Contract(secType='STK', conId=272565, symbol='NTRS', exchange='SMART', primaryExchange='NASDAQ', currency='USD', localSymbol='NTRS', tradingClass='NMS')
2026-08-26 16:07:49,035 [WARNING] reqHistoricalData: Timeout for Contract(secType='STK', conId=10557, symbol='NUE', exchange='SMART', primaryExchange='NYSE', currency='USD', localSymbol='NUE', tradingClass='NUE')
2026-08-26 16:08:06,508 [WARNING]   -> ECHEC (ni IBKR ni Stooq) pour NUE : Aucune donnée (ni IBKR ni Stooq) pour NUE -- TROU DE COUVERTURE.
2026-08-26 16:08:06,514 [INFO] [342/504] NVDA (Nvidia), depuis 2026-08-17...
2026-08-26 16:08:06,908 [ERROR] Error 366, reqId 684: No historical data query found for ticker id:684, contract: Contract(secType='STK', conId=10557, symbol='NUE', exchange='SMART', primaryExchange='NYSE', currency='USD', localSymbol='NUE', tradingClass='NUE')
2026-08-26 16:09:11,736 [WARNING] reqHistoricalData: Timeout for Contract(secType='STK', conId=4815747, symbol='NVDA', exchange='SMART', primaryExchange='NASDAQ', currency='USD', localSymbol='NVDA', tradingClass='NMS')
2026-08-26 16:09:27,221 [WARNING]   -> ECHEC (ni IBKR ni Stooq) pour NVDA : Aucune donnée (ni IBKR ni Stooq) pour NVDA -- TROU DE COUVERTURE.
2026-08-26 16:09:27,324 [INFO] [343/504] NVR (NVR, Inc.), depuis 2026-08-17...
2026-08-26 16:09:27,326 [ERROR] Error 366, reqId 686: No historical data query found for ticker id:686, contract: Contract(secType='STK', conId=4815747, symbol='NVDA', exchange='SMART', primaryExchange='NASDAQ', currency='USD', localSymbol='NVDA', tradingClass='NMS')
2026-08-26 16:10:29,800 [WARNING] reqHistoricalData: Timeout for Contract(secType='STK', conId=755864, symbol='NVR', exchange='SMART', primaryExchange='NYSE', currency='USD', localSymbol='NVR', tradingClass='NVR')
2026-08-26 16:10:51,999 [WARNING]   -> ECHEC (ni IBKR ni Stooq) pour NVR : Aucune donnée (ni IBKR ni Stooq) pour NVR -- TROU DE COUVERTURE.
2026-08-26 16:10:52,010 [INFO] [344/504] NWS (News Corp (Class B)), depuis 2026-08-17...
2026-08-26 16:10:52,030 [ERROR] Error 366, reqId 688: No historical data query found for ticker id:688, contract: Contract(secType='STK', conId=755864, symbol='NVR', exchange='SMART', primaryExchange='NYSE', currency='USD', localSymbol='NVR', tradingClass='NVR')
2026-08-26 16:11:54,480 [WARNING] reqHistoricalData: Timeout for Contract(secType='STK', conId=129348130, symbol='NWS', exchange='SMART', primaryExchange='NASDAQ', currency='USD', localSymbol='NWS', tradingClass='NMS')
2026-08-26 16:12:11,389 [WARNING]   -> ECHEC (ni IBKR ni Stooq) pour NWS : Aucune donnée (ni IBKR ni Stooq) pour NWS -- TROU DE COUVERTURE.
2026-08-26 16:12:11,392 [INFO] [345/504] NWSA (News Corp (Class A)), depuis 2026-08-17...
2026-08-26 16:12:11,496 [ERROR] Error 366, reqId 690: No historical data query found for ticker id:690, contract: Contract(secType='STK', conId=129348130, symbol='NWS', exchange='SMART', primaryExchange='NASDAQ', currency='USD', localSymbol='NWS', tradingClass='NMS')
2026-08-26 16:13:12,553 [WARNING] reqHistoricalData: Timeout for Contract(secType='STK', conId=129348126, symbol='NWSA', exchange='SMART', primaryExchange='NASDAQ', currency='USD', localSymbol='NWSA', tradingClass='NMS')
2026-08-26 16:13:25,809 [WARNING]   -> ECHEC (ni IBKR ni Stooq) pour NWSA : Aucune donnée (ni IBKR ni Stooq) pour NWSA -- TROU DE COUVERTURE.
2026-08-26 16:13:25,933 [INFO] [346/504] NXPI (NXP Semiconductors), depuis 2026-08-17...
2026-08-26 16:13:25,939 [ERROR] Error 366, reqId 692: No historical data query found for ticker id:692, contract: Contract(secType='STK', conId=129348126, symbol='NWSA', exchange='SMART', primaryExchange='NASDAQ', currency='USD', localSymbol='NWSA', tradingClass='NMS')
2026-08-26 16:14:29,559 [WARNING] reqHistoricalData: Timeout for Contract(secType='STK', conId=77791077, symbol='NXPI', exchange='SMART', primaryExchange='NASDAQ', currency='USD', localSymbol='NXPI', tradingClass='NMS')
2026-08-26 16:14:42,397 [WARNING]   -> ECHEC (ni IBKR ni Stooq) pour NXPI : Aucune donnée (ni IBKR ni Stooq) pour NXPI -- TROU DE COUVERTURE.
2026-08-26 16:14:42,398 [INFO] [347/504] O (Realty Income), depuis 2026-08-17...
2026-08-26 16:14:42,400 [ERROR] Error 366, reqId 694: No historical data query found for ticker id:694, contract: Contract(secType='STK', conId=77791077, symbol='NXPI', exchange='SMART', primaryExchange='NASDAQ', currency='USD', localSymbol='NXPI', tradingClass='NMS')
2026-08-26 16:15:42,641 [WARNING] reqHistoricalData: Timeout for Contract(secType='STK', conId=10672, symbol='O', exchange='SMART', primaryExchange='NYSE', currency='USD', localSymbol='O', tradingClass='O')
2026-08-26 16:15:55,672 [WARNING]   -> ECHEC (ni IBKR ni Stooq) pour O : Aucune donnée (ni IBKR ni Stooq) pour O -- TROU DE COUVERTURE.
2026-08-26 16:15:55,685 [INFO] [348/504] ODFL (Old Dominion), depuis 2026-08-17...
2026-08-26 16:15:55,698 [ERROR] Error 366, reqId 696: No historical data query found for ticker id:696, contract: Contract(secType='STK', conId=10672, symbol='O', exchange='SMART', primaryExchange='NYSE', currency='USD', localSymbol='O', tradingClass='O')
2026-08-26 16:16:55,904 [WARNING] reqHistoricalData: Timeout for Contract(secType='STK', conId=272667, symbol='ODFL', exchange='SMART', primaryExchange='NASDAQ', currency='USD', localSymbol='ODFL', tradingClass='NMS')
2026-08-26 16:17:12,088 [WARNING]   -> ECHEC (ni IBKR ni Stooq) pour ODFL : Aucune donnée (ni IBKR ni Stooq) pour ODFL -- TROU DE COUVERTURE.
2026-08-26 16:17:12,089 [INFO] [349/504] OKE (Oneok), depuis 2026-08-17...
2026-08-26 16:17:12,105 [ERROR] Error 366, reqId 698: No historical data query found for ticker id:698, contract: Contract(secType='STK', conId=272667, symbol='ODFL', exchange='SMART', primaryExchange='NASDAQ', currency='USD', localSymbol='ODFL', tradingClass='NMS')
2026-08-26 16:18:12,159 [WARNING] reqHistoricalData: Timeout for Contract(secType='STK', conId=10794, symbol='OKE', exchange='SMART', primaryExchange='NYSE', currency='USD', localSymbol='OKE', tradingClass='OKE')
2026-08-26 16:18:12,165 [ERROR] Error 366, reqId 700: No historical data query found for ticker id:700, contract: Contract(secType='STK', conId=10794, symbol='OKE', exchange='SMART', primaryExchange='NYSE', currency='USD', localSymbol='OKE', tradingClass='OKE')
2026-08-26 16:18:32,757 [WARNING]   -> ECHEC (ni IBKR ni Stooq) pour OKE : Aucune donnée (ni IBKR ni Stooq) pour OKE -- TROU DE COUVERTURE.
2026-08-26 16:18:32,765 [INFO] [350/504] OMC (Omnicom Group), depuis 2026-08-17...
2026-08-26 16:19:37,090 [WARNING] reqHistoricalData: Timeout for Contract(secType='STK', conId=10811, symbol='OMC', exchange='SMART', primaryExchange='NYSE', currency='USD', localSymbol='OMC', tradingClass='OMC')
2026-08-26 16:19:52,126 [WARNING]   -> ECHEC (ni IBKR ni Stooq) pour OMC : Aucune donnée (ni IBKR ni Stooq) pour OMC -- TROU DE COUVERTURE.
2026-08-26 16:19:52,127 [INFO] [351/504] ON (ON Semiconductor), depuis 2026-08-17...
2026-08-26 16:19:52,129 [ERROR] Error 366, reqId 702: No historical data query found for ticker id:702, contract: Contract(secType='STK', conId=10811, symbol='OMC', exchange='SMART', primaryExchange='NYSE', currency='USD', localSymbol='OMC', tradingClass='OMC')
2026-08-26 16:20:52,376 [WARNING] reqHistoricalData: Timeout for Contract(secType='STK', conId=8677881, symbol='ON', exchange='SMART', primaryExchange='NASDAQ', currency='USD', localSymbol='ON', tradingClass='NMS')
2026-08-26 16:21:13,496 [WARNING]   -> ECHEC (ni IBKR ni Stooq) pour ON : Aucune donnée (ni IBKR ni Stooq) pour ON -- TROU DE COUVERTURE.
2026-08-26 16:21:13,498 [INFO] [352/504] ORCL (Oracle Corporation), depuis 2026-08-17...
2026-08-26 16:21:13,501 [ERROR] Error 366, reqId 704: No historical data query found for ticker id:704, contract: Contract(secType='STK', conId=8677881, symbol='ON', exchange='SMART', primaryExchange='NASDAQ', currency='USD', localSymbol='ON', tradingClass='NMS')
2026-08-26 16:22:14,551 [WARNING] reqHistoricalData: Timeout for Contract(secType='STK', conId=272800, symbol='ORCL', exchange='SMART', primaryExchange='NYSE', currency='USD', localSymbol='ORCL', tradingClass='ORCL')
2026-08-26 16:22:35,393 [WARNING]   -> ECHEC (ni IBKR ni Stooq) pour ORCL : Aucune donnée (ni IBKR ni Stooq) pour ORCL -- TROU DE COUVERTURE.
2026-08-26 16:22:35,394 [INFO] [353/504] ORLY (O'Reilly Automotive), depuis 2026-08-17...
2026-08-26 16:22:35,397 [ERROR] Error 366, reqId 706: No historical data query found for ticker id:706, contract: Contract(secType='STK', conId=272800, symbol='ORCL', exchange='SMART', primaryExchange='NYSE', currency='USD', localSymbol='ORCL', tradingClass='ORCL')
2026-08-26 16:23:43,084 [WARNING] reqHistoricalData: Timeout for Contract(secType='STK', conId=82457808, symbol='ORLY', exchange='SMART', primaryExchange='NASDAQ', currency='USD', localSymbol='ORLY', tradingClass='NMS')
2026-08-26 16:23:57,767 [WARNING]   -> ECHEC (ni IBKR ni Stooq) pour ORLY : Aucune donnée (ni IBKR ni Stooq) pour ORLY -- TROU DE COUVERTURE.
2026-08-26 16:23:57,768 [INFO] [354/504] OTIS (Otis Worldwide), depuis 2026-08-17...
2026-08-26 16:23:57,770 [ERROR] Error 366, reqId 708: No historical data query found for ticker id:708, contract: Contract(secType='STK', conId=82457808, symbol='ORLY', exchange='SMART', primaryExchange='NASDAQ', currency='USD', localSymbol='ORLY', tradingClass='NMS')
2026-08-26 16:24:58,874 [WARNING] reqHistoricalData: Timeout for Contract(secType='STK', conId=410755402, symbol='OTIS', exchange='SMART', primaryExchange='NYSE', currency='USD', localSymbol='OTIS', tradingClass='OTIS')
2026-08-26 16:25:23,120 [WARNING]   -> ECHEC (ni IBKR ni Stooq) pour OTIS : Aucune donnée (ni IBKR ni Stooq) pour OTIS -- TROU DE COUVERTURE.
2026-08-26 16:25:23,171 [INFO] [355/504] OXY (Occidental Petroleum), depuis 2026-08-17...
2026-08-26 16:25:23,173 [ERROR] Error 366, reqId 710: No historical data query found for ticker id:710, contract: Contract(secType='STK', conId=410755402, symbol='OTIS', exchange='SMART', primaryExchange='NYSE', currency='USD', localSymbol='OTIS', tradingClass='OTIS')
2026-08-26 16:26:25,112 [WARNING] reqHistoricalData: Timeout for Contract(secType='STK', conId=10880, symbol='OXY', exchange='SMART', primaryExchange='NYSE', currency='USD', localSymbol='OXY', tradingClass='OXY')
2026-08-26 16:26:40,226 [WARNING]   -> ECHEC (ni IBKR ni Stooq) pour OXY : Aucune donnée (ni IBKR ni Stooq) pour OXY -- TROU DE COUVERTURE.
2026-08-26 16:26:40,226 [INFO] [356/504] PANW (Palo Alto Networks), depuis 2026-08-17...
2026-08-26 16:26:40,228 [ERROR] Error 366, reqId 712: No historical data query found for ticker id:712, contract: Contract(secType='STK', conId=10880, symbol='OXY', exchange='SMART', primaryExchange='NYSE', currency='USD', localSymbol='OXY', tradingClass='OXY')
2026-08-26 16:27:42,495 [WARNING] reqHistoricalData: Timeout for Contract(secType='STK', conId=110619459, symbol='PANW', exchange='SMART', primaryExchange='NASDAQ', currency='USD', localSymbol='PANW', tradingClass='NMS')
2026-08-26 16:27:55,808 [WARNING]   -> ECHEC (ni IBKR ni Stooq) pour PANW : Aucune donnée (ni IBKR ni Stooq) pour PANW -- TROU DE COUVERTURE.
2026-08-26 16:27:55,809 [INFO] [357/504] PAYX (Paychex), depuis 2026-08-17...
2026-08-26 16:27:55,811 [ERROR] Error 366, reqId 714: No historical data query found for ticker id:714, contract: Contract(secType='STK', conId=110619459, symbol='PANW', exchange='SMART', primaryExchange='NASDAQ', currency='USD', localSymbol='PANW', tradingClass='NMS')
2026-08-26 16:28:56,137 [WARNING] reqHistoricalData: Timeout for Contract(secType='STK', conId=272942, symbol='PAYX', exchange='SMART', primaryExchange='NASDAQ', currency='USD', localSymbol='PAYX', tradingClass='NMS')
2026-08-26 16:29:12,284 [WARNING]   -> ECHEC (ni IBKR ni Stooq) pour PAYX : Aucune donnée (ni IBKR ni Stooq) pour PAYX -- TROU DE COUVERTURE.
2026-08-26 16:29:12,285 [INFO] [358/504] PCAR (Paccar), depuis 2026-08-17...
2026-08-26 16:29:12,288 [ERROR] Error 366, reqId 716: No historical data query found for ticker id:716, contract: Contract(secType='STK', conId=272942, symbol='PAYX', exchange='SMART', primaryExchange='NASDAQ', currency='USD', localSymbol='PAYX', tradingClass='NMS')
2026-08-26 16:30:13,282 [WARNING] reqHistoricalData: Timeout for Contract(secType='STK', conId=272992, symbol='PCAR', exchange='SMART', primaryExchange='NASDAQ', currency='USD', localSymbol='PCAR', tradingClass='NMS')
2026-08-26 16:30:30,049 [WARNING]   -> ECHEC (ni IBKR ni Stooq) pour PCAR : Aucune donnée (ni IBKR ni Stooq) pour PCAR -- TROU DE COUVERTURE.
2026-08-26 16:30:30,050 [INFO] [359/504] PCG (PG&E Corporation), depuis 2026-08-17...
2026-08-26 16:30:30,055 [ERROR] Error 366, reqId 718: No historical data query found for ticker id:718, contract: Contract(secType='STK', conId=272992, symbol='PCAR', exchange='SMART', primaryExchange='NASDAQ', currency='USD', localSymbol='PCAR', tradingClass='NMS')
2026-08-26 16:31:30,932 [WARNING] reqHistoricalData: Timeout for Contract(secType='STK', conId=2586035, symbol='PCG', exchange='SMART', primaryExchange='NYSE', currency='USD', localSymbol='PCG', tradingClass='PCG')
2026-08-26 16:31:43,419 [WARNING]   -> ECHEC (ni IBKR ni Stooq) pour PCG : Aucune donnée (ni IBKR ni Stooq) pour PCG -- TROU DE COUVERTURE.
2026-08-26 16:31:43,420 [INFO] [360/504] PEG (Public Service Enterprise Group), depuis 2026-08-17...
2026-08-26 16:31:43,421 [ERROR] Error 366, reqId 720: No historical data query found for ticker id:720, contract: Contract(secType='STK', conId=2586035, symbol='PCG', exchange='SMART', primaryExchange='NYSE', currency='USD', localSymbol='PCG', tradingClass='PCG')
2026-08-26 16:32:46,309 [WARNING] reqHistoricalData: Timeout for Contract(secType='STK', conId=11005, symbol='PEG', exchange='SMART', primaryExchange='NYSE', currency='USD', localSymbol='PEG', tradingClass='PEG')
2026-08-26 16:32:58,989 [WARNING]   -> ECHEC (ni IBKR ni Stooq) pour PEG : Aucune donnée (ni IBKR ni Stooq) pour PEG -- TROU DE COUVERTURE.
2026-08-26 16:32:58,989 [INFO] [361/504] PEP (PepsiCo), depuis 2026-08-17...
2026-08-26 16:32:58,990 [ERROR] Error 366, reqId 722: No historical data query found for ticker id:722, contract: Contract(secType='STK', conId=11005, symbol='PEG', exchange='SMART', primaryExchange='NYSE', currency='USD', localSymbol='PEG', tradingClass='PEG')
2026-08-26 16:34:13,035 [WARNING] reqHistoricalData: Timeout for Contract(secType='STK', conId=11017, symbol='PEP', exchange='SMART', primaryExchange='NASDAQ', currency='USD', localSymbol='PEP', tradingClass='NMS')
2026-08-26 16:34:13,038 [ERROR] Error 366, reqId 724: No historical data query found for ticker id:724, contract: Contract(secType='STK', conId=11017, symbol='PEP', exchange='SMART', primaryExchange='NASDAQ', currency='USD', localSymbol='PEP', tradingClass='NMS')
2026-08-26 16:34:25,629 [WARNING]   -> ECHEC (ni IBKR ni Stooq) pour PEP : Aucune donnée (ni IBKR ni Stooq) pour PEP -- TROU DE COUVERTURE.
2026-08-26 16:34:25,630 [INFO] [362/504] PFE (Pfizer), depuis 2026-08-17...
2026-08-26 16:35:25,725 [WARNING] reqHistoricalData: Timeout for Contract(secType='STK', conId=11031, symbol='PFE', exchange='SMART', primaryExchange='NYSE', currency='USD', localSymbol='PFE', tradingClass='PFE')
2026-08-26 16:35:38,764 [WARNING]   -> ECHEC (ni IBKR ni Stooq) pour PFE : Aucune donnée (ni IBKR ni Stooq) pour PFE -- TROU DE COUVERTURE.
2026-08-26 16:35:38,765 [INFO] [363/504] PFG (Principal Financial Group), depuis 2026-08-17...
2026-08-26 16:35:38,766 [ERROR] Error 366, reqId 726: No historical data query found for ticker id:726, contract: Contract(secType='STK', conId=11031, symbol='PFE', exchange='SMART', primaryExchange='NYSE', currency='USD', localSymbol='PFE', tradingClass='PFE')
2026-08-26 16:36:07,854 [ERROR] Error 1100, reqId -1: Connectivity between IBKR and Trader Workstation has been lost.
2026-08-26 16:36:41,071 [WARNING] reqHistoricalData: Timeout for Contract(secType='STK', conId=11032, symbol='PFG', exchange='SMART', primaryExchange='NASDAQ', currency='USD', localSymbol='PFG', tradingClass='NMS')
2026-08-26 16:36:53,078 [WARNING]   -> ECHEC (ni IBKR ni Stooq) pour PFG : Aucune donnée (ni IBKR ni Stooq) pour PFG -- TROU DE COUVERTURE.
2026-08-26 16:36:53,078 [INFO] [364/504] PG (Procter & Gamble), depuis 2026-08-17...
2026-08-26 16:36:53,079 [ERROR] Error 366, reqId 728: No historical data query found for ticker id:728, contract: Contract(secType='STK', conId=11032, symbol='PFG', exchange='SMART', primaryExchange='NASDAQ', currency='USD', localSymbol='PFG', tradingClass='NMS')
2026-08-26 16:36:58,838 [INFO] Warning 2105, reqId -1: HMDS data farm connection is broken:euhmds
2026-08-26 16:37:06,911 [INFO] Warning 2103, reqId -1: Market data farm connection is broken:usopt
2026-08-26 16:37:10,075 [INFO] Warning 2103, reqId -1: Market data farm connection is broken:usfarm
2026-08-26 16:37:13,241 [INFO] Warning 2157, reqId -1: Sec-def data farm connection is broken:secdefeu
2026-08-26 16:37:16,534 [INFO] Warning 2105, reqId -1: HMDS data farm connection is broken:ushmds
2026-08-26 16:37:17,694 [INFO] Warning 2103, reqId -1: Market data farm connection is broken:eufarm
2026-08-26 18:45:00,696 [ERROR] Peer closed connection.
2026-08-26 18:45:01,808 [WARNING]   -> ECHEC (ni IBKR ni Stooq) pour PG : Aucune donnée (ni IBKR ni Stooq) pour PG -- TROU DE COUVERTURE.
2026-08-26 18:45:01,854 [INFO] [365/504] PGR (Progressive Corporation), depuis 2026-08-17...
2026-08-26 18:45:02,858 [WARNING]   -> ECHEC (ni IBKR ni Stooq) pour PGR : Aucune donnée (ni IBKR ni Stooq) pour PGR -- TROU DE COUVERTURE.
2026-08-26 18:45:02,859 [INFO] [366/504] PH (Parker Hannifin), depuis 2026-08-17...
2026-08-26 18:45:03,867 [WARNING]   -> ECHEC (ni IBKR ni Stooq) pour PH : Aucune donnée (ni IBKR ni Stooq) pour PH -- TROU DE COUVERTURE.
2026-08-26 18:45:03,867 [INFO] [367/504] PHM (PulteGroup), depuis 2026-08-17...
2026-08-26 18:45:04,886 [WARNING]   -> ECHEC (ni IBKR ni Stooq) pour PHM : Aucune donnée (ni IBKR ni Stooq) pour PHM -- TROU DE COUVERTURE.
2026-08-26 18:45:04,887 [INFO] [368/504] PKG (Packaging Corporation of America), depuis 2026-08-17...
2026-08-26 18:45:05,890 [WARNING]   -> ECHEC (ni IBKR ni Stooq) pour PKG : Aucune donnée (ni IBKR ni Stooq) pour PKG -- TROU DE COUVERTURE.
2026-08-26 18:45:05,891 [INFO] [369/504] PLD (Prologis), depuis 2026-08-17...
2026-08-26 18:45:06,908 [WARNING]   -> ECHEC (ni IBKR ni Stooq) pour PLD : Aucune donnée (ni IBKR ni Stooq) pour PLD -- TROU DE COUVERTURE.
2026-08-26 18:45:06,910 [INFO] [370/504] PLTR (Palantir Technologies), depuis 2026-08-17...
2026-08-26 18:45:07,918 [WARNING]   -> ECHEC (ni IBKR ni Stooq) pour PLTR : Aucune donnée (ni IBKR ni Stooq) pour PLTR -- TROU DE COUVERTURE.
2026-08-26 18:45:07,919 [INFO] [371/504] PM (Philip Morris International), depuis 2026-08-17...
2026-08-26 18:45:08,925 [WARNING]   -> ECHEC (ni IBKR ni Stooq) pour PM : Aucune donnée (ni IBKR ni Stooq) pour PM -- TROU DE COUVERTURE.
2026-08-26 18:45:08,926 [INFO] [372/504] PNC (PNC Financial Services), depuis 2026-08-17...
2026-08-26 18:45:09,929 [WARNING]   -> ECHEC (ni IBKR ni Stooq) pour PNC : Aucune donnée (ni IBKR ni Stooq) pour PNC -- TROU DE COUVERTURE.
2026-08-26 18:45:09,930 [INFO] [373/504] PNR (Pentair), depuis 2026-08-17...
2026-08-26 18:45:10,934 [WARNING]   -> ECHEC (ni IBKR ni Stooq) pour PNR : Aucune donnée (ni IBKR ni Stooq) pour PNR -- TROU DE COUVERTURE.
2026-08-26 18:45:10,935 [INFO] [374/504] PNW (Pinnacle West Capital), depuis 2026-08-17...
2026-08-26 18:45:11,941 [WARNING]   -> ECHEC (ni IBKR ni Stooq) pour PNW : Aucune donnée (ni IBKR ni Stooq) pour PNW -- TROU DE COUVERTURE.
2026-08-26 18:45:11,941 [INFO] [375/504] PODD (Insulet Corporation), depuis 2026-08-17...
2026-08-26 18:45:12,968 [WARNING]   -> ECHEC (ni IBKR ni Stooq) pour PODD : Aucune donnée (ni IBKR ni Stooq) pour PODD -- TROU DE COUVERTURE.
2026-08-26 18:45:12,969 [INFO] [376/504] PPG (PPG Industries), depuis 2026-08-17...
2026-08-26 18:45:13,972 [WARNING]   -> ECHEC (ni IBKR ni Stooq) pour PPG : Aucune donnée (ni IBKR ni Stooq) pour PPG -- TROU DE COUVERTURE.
2026-08-26 18:45:13,974 [INFO] [377/504] PPL (PPL Corporation), depuis 2026-08-17...
2026-08-26 18:45:14,981 [WARNING]   -> ECHEC (ni IBKR ni Stooq) pour PPL : Aucune donnée (ni IBKR ni Stooq) pour PPL -- TROU DE COUVERTURE.
2026-08-26 18:45:14,982 [INFO] [378/504] PRU (Prudential Financial), depuis 2026-08-17...
2026-08-26 18:45:15,987 [WARNING]   -> ECHEC (ni IBKR ni Stooq) pour PRU : Aucune donnée (ni IBKR ni Stooq) pour PRU -- TROU DE COUVERTURE.
2026-08-26 18:45:15,989 [INFO] [379/504] PSA (Public Storage), depuis 2026-08-17...
2026-08-26 18:45:16,994 [WARNING]   -> ECHEC (ni IBKR ni Stooq) pour PSA : Aucune donnée (ni IBKR ni Stooq) pour PSA -- TROU DE COUVERTURE.
2026-08-26 18:45:16,995 [INFO] [380/504] PSKY (Paramount Skydance Corporation), depuis 2026-08-17...
2026-08-26 18:45:18,000 [WARNING]   -> ECHEC (ni IBKR ni Stooq) pour PSKY : Aucune donnée (ni IBKR ni Stooq) pour PSKY -- TROU DE COUVERTURE.
2026-08-26 18:45:18,001 [INFO] [381/504] PSX (Phillips 66), depuis 2026-08-17...
2026-08-26 18:45:19,006 [WARNING]   -> ECHEC (ni IBKR ni Stooq) pour PSX : Aucune donnée (ni IBKR ni Stooq) pour PSX -- TROU DE COUVERTURE.
2026-08-26 18:45:19,008 [INFO] [382/504] PTC (PTC Inc.), depuis 2026-08-17...
2026-08-26 18:45:20,019 [WARNING]   -> ECHEC (ni IBKR ni Stooq) pour PTC : Aucune donnée (ni IBKR ni Stooq) pour PTC -- TROU DE COUVERTURE.
2026-08-26 18:45:20,020 [INFO] [383/504] PWR (Quanta Services), depuis 2026-08-17...
2026-08-26 18:45:21,024 [WARNING]   -> ECHEC (ni IBKR ni Stooq) pour PWR : Aucune donnée (ni IBKR ni Stooq) pour PWR -- TROU DE COUVERTURE.
2026-08-26 18:45:21,025 [INFO] [384/504] PYPL (PayPal), depuis 2026-08-17...
2026-08-26 18:45:22,030 [WARNING]   -> ECHEC (ni IBKR ni Stooq) pour PYPL : Aucune donnée (ni IBKR ni Stooq) pour PYPL -- TROU DE COUVERTURE.
2026-08-26 18:45:22,031 [INFO] [385/504] Q (Qnity Electronics), depuis 2026-08-17...
2026-08-26 18:45:23,035 [WARNING]   -> ECHEC (ni IBKR ni Stooq) pour Q : Aucune donnée (ni IBKR ni Stooq) pour Q -- TROU DE COUVERTURE.
2026-08-26 18:45:23,036 [INFO] [386/504] QCOM (Qualcomm), depuis 2026-08-17...
2026-08-26 18:45:24,041 [WARNING]   -> ECHEC (ni IBKR ni Stooq) pour QCOM : Aucune donnée (ni IBKR ni Stooq) pour QCOM -- TROU DE COUVERTURE.
2026-08-26 18:45:24,050 [INFO] [387/504] RCL (Royal Caribbean Group), depuis 2026-08-17...
2026-08-26 18:45:25,054 [WARNING]   -> ECHEC (ni IBKR ni Stooq) pour RCL : Aucune donnée (ni IBKR ni Stooq) pour RCL -- TROU DE COUVERTURE.
2026-08-26 18:45:25,055 [INFO] [388/504] REG (Regency Centers), depuis 2026-08-17...
2026-08-26 18:45:26,060 [WARNING]   -> ECHEC (ni IBKR ni Stooq) pour REG : Aucune donnée (ni IBKR ni Stooq) pour REG -- TROU DE COUVERTURE.
2026-08-26 18:45:26,061 [INFO] [389/504] REGN (Regeneron Pharmaceuticals), depuis 2026-08-17...
2026-08-26 18:45:27,066 [WARNING]   -> ECHEC (ni IBKR ni Stooq) pour REGN : Aucune donnée (ni IBKR ni Stooq) pour REGN -- TROU DE COUVERTURE.
2026-08-26 18:45:27,067 [INFO] [390/504] RF (Regions Financial Corporation), depuis 2026-08-17...
2026-08-26 18:45:28,073 [WARNING]   -> ECHEC (ni IBKR ni Stooq) pour RF : Aucune donnée (ni IBKR ni Stooq) pour RF -- TROU DE COUVERTURE.
2026-08-26 18:45:28,075 [INFO] [391/504] RJF (Raymond James Financial), depuis 2026-08-17...
2026-08-26 18:45:29,081 [WARNING]   -> ECHEC (ni IBKR ni Stooq) pour RJF : Aucune donnée (ni IBKR ni Stooq) pour RJF -- TROU DE COUVERTURE.
2026-08-26 18:45:29,083 [INFO] [392/504] RL (Ralph Lauren Corporation), depuis 2026-08-17...
2026-08-26 18:45:30,089 [WARNING]   -> ECHEC (ni IBKR ni Stooq) pour RL : Aucune donnée (ni IBKR ni Stooq) pour RL -- TROU DE COUVERTURE.
2026-08-26 18:45:30,090 [INFO] [393/504] RMD (ResMed|), depuis 2026-08-17...
2026-08-26 18:45:31,096 [WARNING]   -> ECHEC (ni IBKR ni Stooq) pour RMD : Aucune donnée (ni IBKR ni Stooq) pour RMD -- TROU DE COUVERTURE.
2026-08-26 18:45:31,097 [INFO] [394/504] ROK (Rockwell Automation), depuis 2026-08-17...
2026-08-26 18:45:32,103 [WARNING]   -> ECHEC (ni IBKR ni Stooq) pour ROK : Aucune donnée (ni IBKR ni Stooq) pour ROK -- TROU DE COUVERTURE.
2026-08-26 18:45:32,104 [INFO] [395/504] ROL (Rollins, Inc.), depuis 2026-08-17...
2026-08-26 18:45:33,108 [WARNING]   -> ECHEC (ni IBKR ni Stooq) pour ROL : Aucune donnée (ni IBKR ni Stooq) pour ROL -- TROU DE COUVERTURE.
2026-08-26 18:45:33,110 [INFO] [396/504] ROP (Roper Technologies), depuis 2026-08-17...
2026-08-26 18:45:34,114 [WARNING]   -> ECHEC (ni IBKR ni Stooq) pour ROP : Aucune donnée (ni IBKR ni Stooq) pour ROP -- TROU DE COUVERTURE.
2026-08-26 18:45:34,116 [INFO] [397/504] ROST (Ross Stores), depuis 2026-08-17...
2026-08-26 18:45:35,127 [WARNING]   -> ECHEC (ni IBKR ni Stooq) pour ROST : Aucune donnée (ni IBKR ni Stooq) pour ROST -- TROU DE COUVERTURE.
2026-08-26 18:45:35,129 [INFO] [398/504] RSG (Republic Services), depuis 2026-08-17...
2026-08-26 18:45:36,135 [WARNING]   -> ECHEC (ni IBKR ni Stooq) pour RSG : Aucune donnée (ni IBKR ni Stooq) pour RSG -- TROU DE COUVERTURE.
2026-08-26 18:45:36,137 [INFO] [399/504] RTX (RTX Corporation), depuis 2026-08-17...
2026-08-26 18:45:37,147 [WARNING]   -> ECHEC (ni IBKR ni Stooq) pour RTX : Aucune donnée (ni IBKR ni Stooq) pour RTX -- TROU DE COUVERTURE.
2026-08-26 18:45:37,148 [INFO] [400/504] RVTY (Revvity), depuis 2026-08-17...
2026-08-26 18:45:38,153 [WARNING]   -> ECHEC (ni IBKR ni Stooq) pour RVTY : Aucune donnée (ni IBKR ni Stooq) pour RVTY -- TROU DE COUVERTURE.
2026-08-26 18:45:38,154 [INFO] [401/504] SBAC (SBA Communications), depuis 2026-08-17...
2026-08-26 18:45:39,162 [WARNING]   -> ECHEC (ni IBKR ni Stooq) pour SBAC : Aucune donnée (ni IBKR ni Stooq) pour SBAC -- TROU DE COUVERTURE.
2026-08-26 18:45:39,163 [INFO] [402/504] SBUX (Starbucks), depuis 2026-08-17...
2026-08-26 18:45:40,168 [WARNING]   -> ECHEC (ni IBKR ni Stooq) pour SBUX : Aucune donnée (ni IBKR ni Stooq) pour SBUX -- TROU DE COUVERTURE.
2026-08-26 18:45:40,169 [INFO] [403/504] SCHW (Charles Schwab Corporation), depuis 2026-08-17...
2026-08-26 18:45:41,174 [WARNING]   -> ECHEC (ni IBKR ni Stooq) pour SCHW : Aucune donnée (ni IBKR ni Stooq) pour SCHW -- TROU DE COUVERTURE.
2026-08-26 18:45:41,180 [INFO] [404/504] SHW (Sherwin-Williams), depuis 2026-08-17...
2026-08-26 18:45:42,195 [WARNING]   -> ECHEC (ni IBKR ni Stooq) pour SHW : Aucune donnée (ni IBKR ni Stooq) pour SHW -- TROU DE COUVERTURE.
2026-08-26 18:45:42,197 [INFO] [405/504] SJM (J.M. Smucker Company (The)), depuis 2026-08-17...
2026-08-26 18:45:43,201 [WARNING]   -> ECHEC (ni IBKR ni Stooq) pour SJM : Aucune donnée (ni IBKR ni Stooq) pour SJM -- TROU DE COUVERTURE.
2026-08-26 18:45:43,202 [INFO] [406/504] SLB (Schlumberger), depuis 2026-08-17...
2026-08-26 18:45:44,209 [WARNING]   -> ECHEC (ni IBKR ni Stooq) pour SLB : Aucune donnée (ni IBKR ni Stooq) pour SLB -- TROU DE COUVERTURE.
2026-08-26 18:45:44,210 [INFO] [407/504] SMCI (Supermicro), depuis 2026-08-17...
2026-08-26 18:45:45,216 [WARNING]   -> ECHEC (ni IBKR ni Stooq) pour SMCI : Aucune donnée (ni IBKR ni Stooq) pour SMCI -- TROU DE COUVERTURE.
2026-08-26 18:45:45,218 [INFO] [408/504] SNA (Snap-on), depuis 2026-08-17...
2026-08-26 18:45:46,222 [WARNING]   -> ECHEC (ni IBKR ni Stooq) pour SNA : Aucune donnée (ni IBKR ni Stooq) pour SNA -- TROU DE COUVERTURE.
2026-08-26 18:45:46,224 [INFO] [409/504] SNDK (Sandisk), depuis 2026-08-17...
2026-08-26 18:45:47,229 [WARNING]   -> ECHEC (ni IBKR ni Stooq) pour SNDK : Aucune donnée (ni IBKR ni Stooq) pour SNDK -- TROU DE COUVERTURE.
2026-08-26 18:45:47,230 [INFO] [410/504] SNPS (Synopsys), depuis 2026-08-17...
2026-08-26 18:45:48,234 [WARNING]   -> ECHEC (ni IBKR ni Stooq) pour SNPS : Aucune donnée (ni IBKR ni Stooq) pour SNPS -- TROU DE COUVERTURE.
2026-08-26 18:45:48,235 [INFO] [411/504] SO (Southern Company), depuis 2026-08-17...
2026-08-26 18:45:49,240 [WARNING]   -> ECHEC (ni IBKR ni Stooq) pour SO : Aucune donnée (ni IBKR ni Stooq) pour SO -- TROU DE COUVERTURE.
2026-08-26 18:45:49,240 [INFO] [412/504] SOLV (Solventum), depuis 2026-08-17...
2026-08-26 18:45:50,255 [WARNING]   -> ECHEC (ni IBKR ni Stooq) pour SOLV : Aucune donnée (ni IBKR ni Stooq) pour SOLV -- TROU DE COUVERTURE.
2026-08-26 18:45:50,256 [INFO] [413/504] SPG (Simon Property Group), depuis 2026-08-17...
2026-08-26 18:45:51,260 [WARNING]   -> ECHEC (ni IBKR ni Stooq) pour SPG : Aucune donnée (ni IBKR ni Stooq) pour SPG -- TROU DE COUVERTURE.
2026-08-26 18:45:51,262 [INFO] [414/504] SPGI (S&P Global), depuis 2026-08-17...
2026-08-26 18:45:52,267 [WARNING]   -> ECHEC (ni IBKR ni Stooq) pour SPGI : Aucune donnée (ni IBKR ni Stooq) pour SPGI -- TROU DE COUVERTURE.
2026-08-26 18:45:52,270 [INFO] [415/504] SRE (Sempra), depuis 2026-08-17...
2026-08-26 18:45:53,277 [WARNING]   -> ECHEC (ni IBKR ni Stooq) pour SRE : Aucune donnée (ni IBKR ni Stooq) pour SRE -- TROU DE COUVERTURE.
2026-08-26 18:45:53,279 [INFO] [416/504] STE (Steris), depuis 2026-08-17...
2026-08-26 18:45:54,283 [WARNING]   -> ECHEC (ni IBKR ni Stooq) pour STE : Aucune donnée (ni IBKR ni Stooq) pour STE -- TROU DE COUVERTURE.
2026-08-26 18:45:54,286 [INFO] [417/504] STLD (Steel Dynamics), depuis 2026-08-17...
2026-08-26 18:45:55,293 [WARNING]   -> ECHEC (ni IBKR ni Stooq) pour STLD : Aucune donnée (ni IBKR ni Stooq) pour STLD -- TROU DE COUVERTURE.
2026-08-26 18:45:55,294 [INFO] [418/504] STT (State Street Corporation), depuis 2026-08-17...
2026-08-26 18:45:56,299 [WARNING]   -> ECHEC (ni IBKR ni Stooq) pour STT : Aucune donnée (ni IBKR ni Stooq) pour STT -- TROU DE COUVERTURE.
2026-08-26 18:45:56,300 [INFO] [419/504] STX (Seagate Technology), depuis 2026-08-17...
2026-08-26 18:45:57,304 [WARNING]   -> ECHEC (ni IBKR ni Stooq) pour STX : Aucune donnée (ni IBKR ni Stooq) pour STX -- TROU DE COUVERTURE.
2026-08-26 18:45:57,306 [INFO] [420/504] STZ (Constellation Brands), depuis 2026-08-17...
2026-08-26 18:45:58,310 [WARNING]   -> ECHEC (ni IBKR ni Stooq) pour STZ : Aucune donnée (ni IBKR ni Stooq) pour STZ -- TROU DE COUVERTURE.
2026-08-26 18:45:58,313 [INFO] [421/504] SW (Smurfit Westrock), depuis 2026-08-17...
2026-08-26 18:45:59,320 [WARNING]   -> ECHEC (ni IBKR ni Stooq) pour SW : Aucune donnée (ni IBKR ni Stooq) pour SW -- TROU DE COUVERTURE.
2026-08-26 18:45:59,321 [INFO] [422/504] SWK (Stanley Black & Decker), depuis 2026-08-17...
2026-08-26 18:46:00,339 [WARNING]   -> ECHEC (ni IBKR ni Stooq) pour SWK : Aucune donnée (ni IBKR ni Stooq) pour SWK -- TROU DE COUVERTURE.
2026-08-26 18:46:00,340 [INFO] [423/504] SWKS (Skyworks Solutions), depuis 2026-08-17...
2026-08-26 18:46:01,345 [WARNING]   -> ECHEC (ni IBKR ni Stooq) pour SWKS : Aucune donnée (ni IBKR ni Stooq) pour SWKS -- TROU DE COUVERTURE.
2026-08-26 18:46:01,346 [INFO] [424/504] SYF (Synchrony Financial), depuis 2026-08-17...
2026-08-26 18:46:02,351 [WARNING]   -> ECHEC (ni IBKR ni Stooq) pour SYF : Aucune donnée (ni IBKR ni Stooq) pour SYF -- TROU DE COUVERTURE.
2026-08-26 18:46:02,352 [INFO] [425/504] SYK (Stryker Corporation), depuis 2026-08-17...
2026-08-26 18:46:03,357 [WARNING]   -> ECHEC (ni IBKR ni Stooq) pour SYK : Aucune donnée (ni IBKR ni Stooq) pour SYK -- TROU DE COUVERTURE.
2026-08-26 18:46:03,359 [INFO] [426/504] SYY (Sysco), depuis 2026-08-17...
2026-08-26 18:46:04,363 [WARNING]   -> ECHEC (ni IBKR ni Stooq) pour SYY : Aucune donnée (ni IBKR ni Stooq) pour SYY -- TROU DE COUVERTURE.
2026-08-26 18:46:04,365 [INFO] [427/504] T (AT&T), depuis 2026-08-17...
2026-08-26 18:46:05,369 [WARNING]   -> ECHEC (ni IBKR ni Stooq) pour T : Aucune donnée (ni IBKR ni Stooq) pour T -- TROU DE COUVERTURE.
2026-08-26 18:46:05,370 [INFO] [428/504] TAP (Molson Coors Beverage Company), depuis 2026-08-17...
2026-08-26 18:46:06,391 [WARNING]   -> ECHEC (ni IBKR ni Stooq) pour TAP : Aucune donnée (ni IBKR ni Stooq) pour TAP -- TROU DE COUVERTURE.
2026-08-26 18:46:06,403 [INFO] [429/504] TDG (TransDigm Group), depuis 2026-08-17...
2026-08-26 18:46:07,410 [WARNING]   -> ECHEC (ni IBKR ni Stooq) pour TDG : Aucune donnée (ni IBKR ni Stooq) pour TDG -- TROU DE COUVERTURE.
2026-08-26 18:46:07,411 [INFO] [430/504] TDY (Teledyne Technologies), depuis 2026-08-17...
2026-08-26 18:46:08,415 [WARNING]   -> ECHEC (ni IBKR ni Stooq) pour TDY : Aucune donnée (ni IBKR ni Stooq) pour TDY -- TROU DE COUVERTURE.
2026-08-26 18:46:08,416 [INFO] [431/504] TECH (Bio-Techne), depuis 2026-08-17...
2026-08-26 18:46:09,423 [WARNING]   -> ECHEC (ni IBKR ni Stooq) pour TECH : Aucune donnée (ni IBKR ni Stooq) pour TECH -- TROU DE COUVERTURE.
2026-08-26 18:46:09,424 [INFO] [432/504] TEL (TE Connectivity), depuis 2026-08-17...
2026-08-26 18:46:10,428 [WARNING]   -> ECHEC (ni IBKR ni Stooq) pour TEL : Aucune donnée (ni IBKR ni Stooq) pour TEL -- TROU DE COUVERTURE.
2026-08-26 18:46:10,429 [INFO] [433/504] TER (Teradyne), depuis 2026-08-17...
2026-08-26 18:46:11,433 [WARNING]   -> ECHEC (ni IBKR ni Stooq) pour TER : Aucune donnée (ni IBKR ni Stooq) pour TER -- TROU DE COUVERTURE.
2026-08-26 18:46:11,435 [INFO] [434/504] TFC (Truist Financial), depuis 2026-08-17...
2026-08-26 18:46:12,481 [WARNING]   -> ECHEC (ni IBKR ni Stooq) pour TFC : Aucune donnée (ni IBKR ni Stooq) pour TFC -- TROU DE COUVERTURE.
2026-08-26 18:46:12,481 [INFO] [435/504] TGT (Target Corporation), depuis 2026-08-17...
2026-08-26 18:46:13,487 [WARNING]   -> ECHEC (ni IBKR ni Stooq) pour TGT : Aucune donnée (ni IBKR ni Stooq) pour TGT -- TROU DE COUVERTURE.
2026-08-26 18:46:13,489 [INFO] [436/504] TJX (TJX Companies), depuis 2026-08-17...
2026-08-26 18:46:14,495 [WARNING]   -> ECHEC (ni IBKR ni Stooq) pour TJX : Aucune donnée (ni IBKR ni Stooq) pour TJX -- TROU DE COUVERTURE.
2026-08-26 18:46:14,496 [INFO] [437/504] TKO (TKO Group Holdings), depuis 2026-08-17...
2026-08-26 18:46:15,501 [WARNING]   -> ECHEC (ni IBKR ni Stooq) pour TKO : Aucune donnée (ni IBKR ni Stooq) pour TKO -- TROU DE COUVERTURE.
2026-08-26 18:46:15,502 [INFO] [438/504] TMO (Thermo Fisher Scientific), depuis 2026-08-17...
2026-08-26 18:46:16,508 [WARNING]   -> ECHEC (ni IBKR ni Stooq) pour TMO : Aucune donnée (ni IBKR ni Stooq) pour TMO -- TROU DE COUVERTURE.
2026-08-26 18:46:16,510 [INFO] [439/504] TMUS (T-Mobile US), depuis 2026-08-17...
2026-08-26 18:46:17,515 [WARNING]   -> ECHEC (ni IBKR ni Stooq) pour TMUS : Aucune donnée (ni IBKR ni Stooq) pour TMUS -- TROU DE COUVERTURE.
2026-08-26 18:46:17,516 [INFO] [440/504] TPL (Texas Pacific Land Corporation), depuis 2026-08-17...
2026-08-26 18:46:18,521 [WARNING]   -> ECHEC (ni IBKR ni Stooq) pour TPL : Aucune donnée (ni IBKR ni Stooq) pour TPL -- TROU DE COUVERTURE.
2026-08-26 18:46:18,524 [INFO] [441/504] TPR (Tapestry, Inc.), depuis 2026-08-17...
2026-08-26 18:46:19,530 [WARNING]   -> ECHEC (ni IBKR ni Stooq) pour TPR : Aucune donnée (ni IBKR ni Stooq) pour TPR -- TROU DE COUVERTURE.
2026-08-26 18:46:19,531 [INFO] [442/504] TRGP (Targa Resources), depuis 2026-08-17...
2026-08-26 18:46:20,543 [WARNING]   -> ECHEC (ni IBKR ni Stooq) pour TRGP : Aucune donnée (ni IBKR ni Stooq) pour TRGP -- TROU DE COUVERTURE.
2026-08-26 18:46:20,545 [INFO] [443/504] TRMB (Trimble Inc.), depuis 2026-08-17...
2026-08-26 18:46:21,550 [WARNING]   -> ECHEC (ni IBKR ni Stooq) pour TRMB : Aucune donnée (ni IBKR ni Stooq) pour TRMB -- TROU DE COUVERTURE.
2026-08-26 18:46:21,552 [INFO] [444/504] TROW (T. Rowe Price), depuis 2026-08-17...
2026-08-26 18:46:22,559 [WARNING]   -> ECHEC (ni IBKR ni Stooq) pour TROW : Aucune donnée (ni IBKR ni Stooq) pour TROW -- TROU DE COUVERTURE.
2026-08-26 18:46:22,560 [INFO] [445/504] TRV (Travelers Companies (The)), depuis 2026-08-17...
2026-08-26 18:46:23,568 [WARNING]   -> ECHEC (ni IBKR ni Stooq) pour TRV : Aucune donnée (ni IBKR ni Stooq) pour TRV -- TROU DE COUVERTURE.
2026-08-26 18:46:23,569 [INFO] [446/504] TSCO (Tractor Supply), depuis 2026-08-17...
2026-08-26 18:46:24,575 [WARNING]   -> ECHEC (ni IBKR ni Stooq) pour TSCO : Aucune donnée (ni IBKR ni Stooq) pour TSCO -- TROU DE COUVERTURE.
2026-08-26 18:46:24,576 [INFO] [447/504] TSLA (Tesla, Inc.), depuis 2026-08-17...
2026-08-26 18:46:25,581 [WARNING]   -> ECHEC (ni IBKR ni Stooq) pour TSLA : Aucune donnée (ni IBKR ni Stooq) pour TSLA -- TROU DE COUVERTURE.
2026-08-26 18:46:25,582 [INFO] [448/504] TSN (Tyson Foods), depuis 2026-08-17...
2026-08-26 18:46:26,589 [WARNING]   -> ECHEC (ni IBKR ni Stooq) pour TSN : Aucune donnée (ni IBKR ni Stooq) pour TSN -- TROU DE COUVERTURE.
2026-08-26 18:46:26,591 [INFO] [449/504] TT (Trane Technologies), depuis 2026-08-17...
2026-08-26 18:46:27,597 [WARNING]   -> ECHEC (ni IBKR ni Stooq) pour TT : Aucune donnée (ni IBKR ni Stooq) pour TT -- TROU DE COUVERTURE.
2026-08-26 18:46:27,598 [INFO] [450/504] TTD (Trade Desk (The)), depuis 2026-08-17...
2026-08-26 18:46:28,603 [WARNING]   -> ECHEC (ni IBKR ni Stooq) pour TTD : Aucune donnée (ni IBKR ni Stooq) pour TTD -- TROU DE COUVERTURE.
2026-08-26 18:46:28,605 [INFO] [451/504] TTWO (Take-Two Interactive), depuis 2026-08-17...
2026-08-26 18:46:29,610 [WARNING]   -> ECHEC (ni IBKR ni Stooq) pour TTWO : Aucune donnée (ni IBKR ni Stooq) pour TTWO -- TROU DE COUVERTURE.
2026-08-26 18:46:29,611 [INFO] [452/504] TXN (Texas Instruments), depuis 2026-08-17...
2026-08-26 18:46:30,619 [WARNING]   -> ECHEC (ni IBKR ni Stooq) pour TXN : Aucune donnée (ni IBKR ni Stooq) pour TXN -- TROU DE COUVERTURE.
2026-08-26 18:46:30,620 [INFO] [453/504] TXT (Textron), depuis 2026-08-17...
2026-08-26 18:46:31,624 [WARNING]   -> ECHEC (ni IBKR ni Stooq) pour TXT : Aucune donnée (ni IBKR ni Stooq) pour TXT -- TROU DE COUVERTURE.
2026-08-26 18:46:31,626 [INFO] [454/504] TYL (Tyler Technologies), depuis 2026-08-17...
2026-08-26 18:46:32,632 [WARNING]   -> ECHEC (ni IBKR ni Stooq) pour TYL : Aucune donnée (ni IBKR ni Stooq) pour TYL -- TROU DE COUVERTURE.
2026-08-26 18:46:32,633 [INFO] [455/504] UAL (United Airlines Holdings), depuis 2026-08-17...
2026-08-26 18:46:33,639 [WARNING]   -> ECHEC (ni IBKR ni Stooq) pour UAL : Aucune donnée (ni IBKR ni Stooq) pour UAL -- TROU DE COUVERTURE.
2026-08-26 18:46:33,641 [INFO] [456/504] UBER (Uber), depuis 2026-08-17...
2026-08-26 18:46:34,646 [WARNING]   -> ECHEC (ni IBKR ni Stooq) pour UBER : Aucune donnée (ni IBKR ni Stooq) pour UBER -- TROU DE COUVERTURE.
2026-08-26 18:46:34,647 [INFO] [457/504] UDR (UDR, Inc.), depuis 2026-08-17...
2026-08-26 18:46:35,658 [WARNING]   -> ECHEC (ni IBKR ni Stooq) pour UDR : Aucune donnée (ni IBKR ni Stooq) pour UDR -- TROU DE COUVERTURE.
2026-08-26 18:46:35,660 [INFO] [458/504] UHS (Universal Health Services), depuis 2026-08-17...
2026-08-26 18:46:36,667 [WARNING]   -> ECHEC (ni IBKR ni Stooq) pour UHS : Aucune donnée (ni IBKR ni Stooq) pour UHS -- TROU DE COUVERTURE.
2026-08-26 18:46:36,668 [INFO] [459/504] ULTA (Ulta Beauty), depuis 2026-08-17...
2026-08-26 18:46:37,674 [WARNING]   -> ECHEC (ni IBKR ni Stooq) pour ULTA : Aucune donnée (ni IBKR ni Stooq) pour ULTA -- TROU DE COUVERTURE.
2026-08-26 18:46:37,675 [INFO] [460/504] UNH (UnitedHealth Group), depuis 2026-08-17...
2026-08-26 18:46:38,687 [WARNING]   -> ECHEC (ni IBKR ni Stooq) pour UNH : Aucune donnée (ni IBKR ni Stooq) pour UNH -- TROU DE COUVERTURE.
2026-08-26 18:46:38,688 [INFO] [461/504] UNP (Union Pacific Corporation), depuis 2026-08-17...
2026-08-26 18:46:39,694 [WARNING]   -> ECHEC (ni IBKR ni Stooq) pour UNP : Aucune donnée (ni IBKR ni Stooq) pour UNP -- TROU DE COUVERTURE.
2026-08-26 18:46:39,696 [INFO] [462/504] UPS (United Parcel Service), depuis 2026-08-17...
2026-08-26 18:46:40,702 [WARNING]   -> ECHEC (ni IBKR ni Stooq) pour UPS : Aucune donnée (ni IBKR ni Stooq) pour UPS -- TROU DE COUVERTURE.
2026-08-26 18:46:40,704 [INFO] [463/504] URI (United Rentals), depuis 2026-08-17...
2026-08-26 18:46:41,709 [WARNING]   -> ECHEC (ni IBKR ni Stooq) pour URI : Aucune donnée (ni IBKR ni Stooq) pour URI -- TROU DE COUVERTURE.
2026-08-26 18:46:41,710 [INFO] [464/504] USB (U.S. Bancorp), depuis 2026-08-17...
2026-08-26 18:46:42,717 [WARNING]   -> ECHEC (ni IBKR ni Stooq) pour USB : Aucune donnée (ni IBKR ni Stooq) pour USB -- TROU DE COUVERTURE.
2026-08-26 18:46:42,718 [INFO] [465/504] V (Visa Inc.), depuis 2026-08-17...
2026-08-26 18:46:43,723 [WARNING]   -> ECHEC (ni IBKR ni Stooq) pour V : Aucune donnée (ni IBKR ni Stooq) pour V -- TROU DE COUVERTURE.
2026-08-26 18:46:43,724 [INFO] [466/504] VEEV (Veeva Systems), depuis 2026-08-17...
2026-08-26 18:46:44,730 [WARNING]   -> ECHEC (ni IBKR ni Stooq) pour VEEV : Aucune donnée (ni IBKR ni Stooq) pour VEEV -- TROU DE COUVERTURE.
2026-08-26 18:46:44,731 [INFO] [467/504] VICI (Vici Properties), depuis 2026-08-17...
2026-08-26 18:46:45,739 [WARNING]   -> ECHEC (ni IBKR ni Stooq) pour VICI : Aucune donnée (ni IBKR ni Stooq) pour VICI -- TROU DE COUVERTURE.
2026-08-26 18:46:45,743 [INFO] [468/504] VLO (Valero Energy), depuis 2026-08-17...
2026-08-26 18:46:46,754 [WARNING]   -> ECHEC (ni IBKR ni Stooq) pour VLO : Aucune donnée (ni IBKR ni Stooq) pour VLO -- TROU DE COUVERTURE.
2026-08-26 18:46:46,755 [INFO] [469/504] VLTO (Veralto), depuis 2026-08-17...
2026-08-26 18:46:47,760 [WARNING]   -> ECHEC (ni IBKR ni Stooq) pour VLTO : Aucune donnée (ni IBKR ni Stooq) pour VLTO -- TROU DE COUVERTURE.
2026-08-26 18:46:47,768 [INFO] [470/504] VMC (Vulcan Materials Company), depuis 2026-08-17...
2026-08-26 18:46:48,793 [WARNING]   -> ECHEC (ni IBKR ni Stooq) pour VMC : Aucune donnée (ni IBKR ni Stooq) pour VMC -- TROU DE COUVERTURE.
2026-08-26 18:46:48,795 [INFO] [471/504] VRSK (Verisk Analytics), depuis 2026-08-17...
2026-08-26 18:46:49,800 [WARNING]   -> ECHEC (ni IBKR ni Stooq) pour VRSK : Aucune donnée (ni IBKR ni Stooq) pour VRSK -- TROU DE COUVERTURE.
2026-08-26 18:46:49,801 [INFO] [472/504] VRSN (Verisign), depuis 2026-08-17...
2026-08-26 18:46:50,806 [WARNING]   -> ECHEC (ni IBKR ni Stooq) pour VRSN : Aucune donnée (ni IBKR ni Stooq) pour VRSN -- TROU DE COUVERTURE.
2026-08-26 18:46:50,807 [INFO] [473/504] VRT (Vertiv), depuis 2026-08-17...
2026-08-26 18:46:51,811 [WARNING]   -> ECHEC (ni IBKR ni Stooq) pour VRT : Aucune donnée (ni IBKR ni Stooq) pour VRT -- TROU DE COUVERTURE.
2026-08-26 18:46:51,813 [INFO] [474/504] VRTX (Vertex Pharmaceuticals), depuis 2026-08-17...
2026-08-26 18:46:52,818 [WARNING]   -> ECHEC (ni IBKR ni Stooq) pour VRTX : Aucune donnée (ni IBKR ni Stooq) pour VRTX -- TROU DE COUVERTURE.
2026-08-26 18:46:52,819 [INFO] [475/504] VST (Vistra Corp.), depuis 2026-08-17...
2026-08-26 18:46:53,824 [WARNING]   -> ECHEC (ni IBKR ni Stooq) pour VST : Aucune donnée (ni IBKR ni Stooq) pour VST -- TROU DE COUVERTURE.
2026-08-26 18:46:53,825 [INFO] [476/504] VTR (Ventas), depuis 2026-08-17...
2026-08-26 18:46:54,829 [WARNING]   -> ECHEC (ni IBKR ni Stooq) pour VTR : Aucune donnée (ni IBKR ni Stooq) pour VTR -- TROU DE COUVERTURE.
2026-08-26 18:46:54,831 [INFO] [477/504] VTRS (Viatris), depuis 2026-08-17...
2026-08-26 18:46:55,836 [WARNING]   -> ECHEC (ni IBKR ni Stooq) pour VTRS : Aucune donnée (ni IBKR ni Stooq) pour VTRS -- TROU DE COUVERTURE.
2026-08-26 18:46:55,837 [INFO] [478/504] VZ (Verizon), depuis 2026-08-17...
2026-08-26 18:46:56,842 [WARNING]   -> ECHEC (ni IBKR ni Stooq) pour VZ : Aucune donnée (ni IBKR ni Stooq) pour VZ -- TROU DE COUVERTURE.
2026-08-26 18:46:56,844 [INFO] [479/504] WAB (Wabtec), depuis 2026-08-17...
2026-08-26 18:46:57,849 [WARNING]   -> ECHEC (ni IBKR ni Stooq) pour WAB : Aucune donnée (ni IBKR ni Stooq) pour WAB -- TROU DE COUVERTURE.
2026-08-26 18:46:57,850 [INFO] [480/504] WAT (Waters Corporation), depuis 2026-08-17...
2026-08-26 18:46:58,855 [WARNING]   -> ECHEC (ni IBKR ni Stooq) pour WAT : Aucune donnée (ni IBKR ni Stooq) pour WAT -- TROU DE COUVERTURE.
2026-08-26 18:46:58,857 [INFO] [481/504] WBD (Warner Bros. Discovery), depuis 2026-08-17...
2026-08-26 18:46:59,861 [WARNING]   -> ECHEC (ni IBKR ni Stooq) pour WBD : Aucune donnée (ni IBKR ni Stooq) pour WBD -- TROU DE COUVERTURE.
2026-08-26 18:46:59,863 [INFO] [482/504] WDAY (Workday, Inc.), depuis 2026-08-17...
2026-08-26 18:47:00,869 [WARNING]   -> ECHEC (ni IBKR ni Stooq) pour WDAY : Aucune donnée (ni IBKR ni Stooq) pour WDAY -- TROU DE COUVERTURE.
2026-08-26 18:47:00,870 [INFO] [483/504] WDC (Western Digital), depuis 2026-08-17...
2026-08-26 18:47:01,875 [WARNING]   -> ECHEC (ni IBKR ni Stooq) pour WDC : Aucune donnée (ni IBKR ni Stooq) pour WDC -- TROU DE COUVERTURE.
2026-08-26 18:47:01,876 [INFO] [484/504] WEC (WEC Energy Group), depuis 2026-08-17...
2026-08-26 18:47:02,881 [WARNING]   -> ECHEC (ni IBKR ni Stooq) pour WEC : Aucune donnée (ni IBKR ni Stooq) pour WEC -- TROU DE COUVERTURE.
2026-08-26 18:47:02,882 [INFO] [485/504] WELL (Welltower), depuis 2026-08-17...
2026-08-26 18:47:03,887 [WARNING]   -> ECHEC (ni IBKR ni Stooq) pour WELL : Aucune donnée (ni IBKR ni Stooq) pour WELL -- TROU DE COUVERTURE.
2026-08-26 18:47:03,890 [INFO] [486/504] WFC (Wells Fargo), depuis 2026-08-17...
2026-08-26 18:47:04,907 [WARNING]   -> ECHEC (ni IBKR ni Stooq) pour WFC : Aucune donnée (ni IBKR ni Stooq) pour WFC -- TROU DE COUVERTURE.
2026-08-26 18:47:04,908 [INFO] [487/504] WM (Waste Management), depuis 2026-08-17...
2026-08-26 18:47:05,929 [WARNING]   -> ECHEC (ni IBKR ni Stooq) pour WM : Aucune donnée (ni IBKR ni Stooq) pour WM -- TROU DE COUVERTURE.
2026-08-26 18:47:05,930 [INFO] [488/504] WMB (Williams Companies), depuis 2026-08-17...
2026-08-26 18:47:06,948 [WARNING]   -> ECHEC (ni IBKR ni Stooq) pour WMB : Aucune donnée (ni IBKR ni Stooq) pour WMB -- TROU DE COUVERTURE.
2026-08-26 18:47:06,950 [INFO] [489/504] WMT (Walmart), depuis 2026-08-17...
2026-08-26 18:47:07,956 [WARNING]   -> ECHEC (ni IBKR ni Stooq) pour WMT : Aucune donnée (ni IBKR ni Stooq) pour WMT -- TROU DE COUVERTURE.
2026-08-26 18:47:07,959 [INFO] [490/504] WRB (W. R. Berkley Corporation), depuis 2026-08-17...
2026-08-26 18:47:08,966 [WARNING]   -> ECHEC (ni IBKR ni Stooq) pour WRB : Aucune donnée (ni IBKR ni Stooq) pour WRB -- TROU DE COUVERTURE.
2026-08-26 18:47:08,967 [INFO] [491/504] WSM (Williams-Sonoma, Inc.), depuis 2026-08-17...
2026-08-26 18:47:09,972 [WARNING]   -> ECHEC (ni IBKR ni Stooq) pour WSM : Aucune donnée (ni IBKR ni Stooq) pour WSM -- TROU DE COUVERTURE.
2026-08-26 18:47:09,974 [INFO] [492/504] WST (West Pharmaceutical Services), depuis 2026-08-17...
2026-08-26 18:47:10,979 [WARNING]   -> ECHEC (ni IBKR ni Stooq) pour WST : Aucune donnée (ni IBKR ni Stooq) pour WST -- TROU DE COUVERTURE.
2026-08-26 18:47:10,980 [INFO] [493/504] WTW (Willis Towers Watson), depuis 2026-08-17...
2026-08-26 18:47:11,985 [WARNING]   -> ECHEC (ni IBKR ni Stooq) pour WTW : Aucune donnée (ni IBKR ni Stooq) pour WTW -- TROU DE COUVERTURE.
2026-08-26 18:47:11,986 [INFO] [494/504] WY (Weyerhaeuser), depuis 2026-08-17...
2026-08-26 18:47:12,992 [WARNING]   -> ECHEC (ni IBKR ni Stooq) pour WY : Aucune donnée (ni IBKR ni Stooq) pour WY -- TROU DE COUVERTURE.
2026-08-26 18:47:12,993 [INFO] [495/504] WYNN (Wynn Resorts), depuis 2026-08-17...
2026-08-26 18:47:13,999 [WARNING]   -> ECHEC (ni IBKR ni Stooq) pour WYNN : Aucune donnée (ni IBKR ni Stooq) pour WYNN -- TROU DE COUVERTURE.
2026-08-26 18:47:14,000 [INFO] [496/504] XEL (Xcel Energy), depuis 2026-08-17...
2026-08-26 18:47:15,008 [WARNING]   -> ECHEC (ni IBKR ni Stooq) pour XEL : Aucune donnée (ni IBKR ni Stooq) pour XEL -- TROU DE COUVERTURE.
2026-08-26 18:47:15,009 [INFO] [497/504] XOM (ExxonMobil), depuis 2026-08-17...
2026-08-26 18:47:16,015 [WARNING]   -> ECHEC (ni IBKR ni Stooq) pour XOM : Aucune donnée (ni IBKR ni Stooq) pour XOM -- TROU DE COUVERTURE.
2026-08-26 18:47:16,016 [INFO] [498/504] XYL (Xylem Inc.), depuis 2026-08-17...
2026-08-26 18:47:17,021 [WARNING]   -> ECHEC (ni IBKR ni Stooq) pour XYL : Aucune donnée (ni IBKR ni Stooq) pour XYL -- TROU DE COUVERTURE.
2026-08-26 18:47:17,023 [INFO] [499/504] XYZ (Block, Inc.), depuis 2026-08-17...
2026-08-26 18:47:18,030 [WARNING]   -> ECHEC (ni IBKR ni Stooq) pour XYZ : Aucune donnée (ni IBKR ni Stooq) pour XYZ -- TROU DE COUVERTURE.
2026-08-26 18:47:18,031 [INFO] [500/504] YUM (Yum! Brands), depuis 2026-08-17...
2026-08-26 18:47:19,035 [WARNING]   -> ECHEC (ni IBKR ni Stooq) pour YUM : Aucune donnée (ni IBKR ni Stooq) pour YUM -- TROU DE COUVERTURE.
2026-08-26 18:47:19,037 [INFO] [501/504] ZBH (Zimmer Biomet), depuis 2026-08-17...
2026-08-26 18:47:20,048 [WARNING]   -> ECHEC (ni IBKR ni Stooq) pour ZBH : Aucune donnée (ni IBKR ni Stooq) pour ZBH -- TROU DE COUVERTURE.
2026-08-26 18:47:20,048 [INFO] [502/504] ZBRA (Zebra Technologies), depuis 2026-08-17...
2026-08-26 18:47:21,086 [WARNING]   -> ECHEC (ni IBKR ni Stooq) pour ZBRA : Aucune donnée (ni IBKR ni Stooq) pour ZBRA -- TROU DE COUVERTURE.
2026-08-26 18:47:21,089 [INFO] [503/504] ZTS (Zoetis), depuis 2026-08-17...
2026-08-26 18:47:22,100 [WARNING]   -> ECHEC (ni IBKR ni Stooq) pour ZTS : Aucune donnée (ni IBKR ni Stooq) pour ZTS -- TROU DE COUVERTURE.
2026-08-26 18:47:22,101 [INFO] [504/504] SPY (SPDR S&P 500 ETF Trust), depuis 2026-08-17...
2026-08-26 18:47:23,107 [WARNING]   -> ECHEC (ni IBKR ni Stooq) pour SPY : Aucune donnée (ni IBKR ni Stooq) pour SPY -- TROU DE COUVERTURE.
2026-08-26 18:47:23,108 [INFO] Déconnecté d'IBKR.
2026-08-26 18:47:23,108 [INFO] Terminé. OK: 279 | Échecs (trous de couverture): 225 | Déjà à jour (ignorés): 0 | Nouvelles lignes: 2021 | Sources: {'ibkr': 279}
2026-08-26 18:47:26,765 [INFO] Fichier écrit : data\prices\daily_prices.parquet (1926311 lignes au total, 2021 nouvelles/mises à jour ce run).
