2026-08-26 12:53:52,237 [INFO] Log file: data\prices\year_end_prices_20260826_125352.log
2026-08-26 12:53:52,266 [INFO] Univers chargé : 503 tickers.
2026-08-26 12:53:52,322 [INFO] Cache existant chargé : data\prices\year_end_prices.parquet (7888 lignes, 504 symboles).
2026-08-26 12:53:53,145 [INFO] 0/503 tickers déjà à jour (ignorés), 503 à récupérer.
2026-08-26 12:53:53,146 [INFO] Connecting to 127.0.0.1:4002 with clientId 3...
2026-08-26 12:53:53,148 [INFO] Connected
2026-08-26 12:53:53,179 [INFO] Logged on to server version 176
2026-08-26 12:53:53,188 [INFO] API connection ready
2026-08-26 12:53:53,189 [INFO] Warning 2104, reqId -1: Market data farm connection is OK:eufarm
2026-08-26 12:53:53,189 [INFO] Warning 2106, reqId -1: HMDS data farm connection is OK:euhmds
2026-08-26 12:53:53,190 [INFO] Warning 2106, reqId -1: HMDS data farm connection is OK:ushmds
2026-08-26 12:53:53,190 [INFO] Warning 2158, reqId -1: Sec-def data farm connection is OK:secdefeu
2026-08-26 12:53:54,222 [INFO] Synchronization complete
2026-08-26 12:53:54,223 [INFO] Connecté à IBKR sur 127.0.0.1:4002 (clientId=3, readonly=True).
2026-08-26 12:53:54,224 [INFO] [1/503] MMM (3M), depuis 2026...
2026-08-26 12:54:08,160 [INFO]   -> 1 années récupérées pour MMM
2026-08-26 12:54:08,160 [INFO] [2/503] AOS (A. O. Smith), depuis 2026...
2026-08-26 12:54:20,172 [INFO]   -> 1 années récupérées pour AOS
2026-08-26 12:54:20,173 [INFO] [3/503] ABT (Abbott Laboratories), depuis 2026...
2026-08-26 12:54:31,568 [INFO]   -> 1 années récupérées pour ABT
2026-08-26 12:54:31,568 [INFO] [4/503] ABBV (AbbVie), depuis 2026...
2026-08-26 12:54:42,999 [INFO]   -> 1 années récupérées pour ABBV
2026-08-26 12:54:42,999 [INFO] [5/503] ACN (Accenture), depuis 2026...
2026-08-26 12:54:54,901 [INFO]   -> 1 années récupérées pour ACN
2026-08-26 12:54:54,902 [INFO] [6/503] ADBE (Adobe Inc.), depuis 2026...
2026-08-26 12:55:06,279 [INFO]   -> 1 années récupérées pour ADBE
2026-08-26 12:55:06,279 [INFO] [7/503] AMD (Advanced Micro Devices), depuis 2026...
2026-08-26 12:55:18,456 [INFO]   -> 1 années récupérées pour AMD
2026-08-26 12:55:18,457 [INFO] [8/503] AES (AES Corporation), depuis 2026...
2026-08-26 12:55:30,594 [INFO]   -> 1 années récupérées pour AES
2026-08-26 12:55:30,595 [INFO] [9/503] AFL (Aflac), depuis 2026...
2026-08-26 12:55:42,529 [INFO]   -> 1 années récupérées pour AFL
2026-08-26 12:55:42,530 [INFO] [10/503] A (Agilent Technologies), depuis 2026...
2026-08-26 12:55:54,452 [INFO]   -> 1 années récupérées pour A
2026-08-26 12:55:54,460 [INFO] [11/503] APD (Air Products), depuis 2026...
2026-08-26 12:55:54,467 [INFO] Warning 2119, reqId -1: Market data farm is connecting:usopt
2026-08-26 12:55:54,516 [INFO] Warning 2104, reqId -1: Market data farm connection is OK:usopt
2026-08-26 12:55:54,544 [INFO] Warning 2119, reqId -1: Market data farm is connecting:usfarm
2026-08-26 12:55:54,573 [INFO] Warning 2104, reqId -1: Market data farm connection is OK:usfarm
2026-08-26 12:56:11,278 [INFO]   -> 1 années récupérées pour APD
2026-08-26 12:56:11,294 [INFO] [12/503] ABNB (Airbnb), depuis 2026...
2026-08-26 12:56:25,188 [INFO]   -> 1 années récupérées pour ABNB
2026-08-26 12:56:25,199 [INFO] [13/503] AKAM (Akamai Technologies), depuis 2026...
2026-08-26 12:56:38,930 [INFO]   -> 1 années récupérées pour AKAM
2026-08-26 12:56:38,934 [INFO] [14/503] ALB (Albemarle Corporation), depuis 2026...
2026-08-26 12:56:51,894 [INFO]   -> 1 années récupérées pour ALB
2026-08-26 12:56:51,895 [INFO] [15/503] ARE (Alexandria Real Estate Equities), depuis 2026...
2026-08-26 12:57:03,866 [INFO]   -> 1 années récupérées pour ARE
2026-08-26 12:57:03,867 [INFO] [16/503] ALGN (Align Technology), depuis 2026...
2026-08-26 12:57:17,741 [INFO]   -> 1 années récupérées pour ALGN
2026-08-26 12:57:17,744 [INFO] [17/503] ALLE (Allegion), depuis 2026...
2026-08-26 12:57:29,785 [INFO]   -> 1 années récupérées pour ALLE
2026-08-26 12:57:29,786 [INFO] [18/503] LNT (Alliant Energy), depuis 2026...
2026-08-26 12:57:43,094 [INFO]   -> 1 années récupérées pour LNT
2026-08-26 12:57:43,095 [INFO] [19/503] ALL (Allstate), depuis 2026...
2026-08-26 12:57:56,669 [INFO]   -> 1 années récupérées pour ALL
2026-08-26 12:57:56,670 [INFO] [20/503] GOOGL (Alphabet Inc. (Class A)), depuis 2026...
2026-08-26 12:58:08,368 [INFO]   -> 1 années récupérées pour GOOGL
2026-08-26 12:58:08,370 [INFO] [21/503] GOOG (Alphabet Inc. (Class C)), depuis 2026...
2026-08-26 12:58:21,976 [INFO]   -> 1 années récupérées pour GOOG
2026-08-26 12:58:21,977 [INFO] [22/503] MO (Altria), depuis 2026...
2026-08-26 12:58:35,093 [INFO]   -> 1 années récupérées pour MO
2026-08-26 12:58:35,100 [INFO] [23/503] AMZN (Amazon), depuis 2026...
2026-08-26 12:58:47,649 [INFO]   -> 1 années récupérées pour AMZN
2026-08-26 12:58:47,651 [INFO] [24/503] AMCR (Amcor), depuis 2026...
2026-08-26 12:58:59,794 [INFO]   -> 1 années récupérées pour AMCR
2026-08-26 12:58:59,795 [INFO] [25/503] AEE (Ameren), depuis 2026...
2026-08-26 12:59:13,225 [INFO]   -> 1 années récupérées pour AEE
2026-08-26 12:59:13,225 [INFO] [26/503] AEP (American Electric Power), depuis 2026...
2026-08-26 12:59:26,818 [INFO]   -> 1 années récupérées pour AEP
2026-08-26 12:59:26,828 [INFO] [27/503] AXP (American Express), depuis 2026...
2026-08-26 12:59:40,305 [INFO]   -> 1 années récupérées pour AXP
2026-08-26 12:59:40,308 [INFO] [28/503] AIG (American International Group), depuis 2026...
2026-08-26 12:59:52,139 [INFO]   -> 1 années récupérées pour AIG
2026-08-26 12:59:52,139 [INFO] [29/503] AMT (American Tower), depuis 2026...
2026-08-26 13:00:03,647 [INFO]   -> 1 années récupérées pour AMT
2026-08-26 13:00:03,651 [INFO] [30/503] AWK (American Water Works), depuis 2026...
2026-08-26 13:00:15,467 [INFO]   -> 1 années récupérées pour AWK
2026-08-26 13:00:15,468 [INFO] [31/503] AMP (Ameriprise Financial), depuis 2026...
2026-08-26 13:00:27,137 [INFO]   -> 1 années récupérées pour AMP
2026-08-26 13:00:27,138 [INFO] [32/503] AME (Ametek), depuis 2026...
2026-08-26 13:00:38,590 [INFO]   -> 1 années récupérées pour AME
2026-08-26 13:00:38,591 [INFO] [33/503] AMGN (Amgen), depuis 2026...
2026-08-26 13:00:49,978 [INFO]   -> 1 années récupérées pour AMGN
2026-08-26 13:00:49,980 [INFO] [34/503] APH (Amphenol), depuis 2026...
2026-08-26 13:01:02,318 [INFO]   -> 1 années récupérées pour APH
2026-08-26 13:01:02,321 [INFO] [35/503] ADI (Analog Devices), depuis 2026...
2026-08-26 13:01:14,074 [INFO]   -> 1 années récupérées pour ADI
2026-08-26 13:01:14,075 [INFO] [36/503] AON (Aon plc), depuis 2026...
2026-08-26 13:01:27,639 [INFO]   -> 1 années récupérées pour AON
2026-08-26 13:01:27,641 [INFO] [37/503] APA (APA Corporation), depuis 2026...
2026-08-26 13:01:39,172 [INFO]   -> 1 années récupérées pour APA
2026-08-26 13:01:39,172 [INFO] [38/503] APO (Apollo Global Management), depuis 2026...
2026-08-26 13:01:51,807 [INFO]   -> 1 années récupérées pour APO
2026-08-26 13:01:51,808 [INFO] [39/503] AAPL (Apple Inc.), depuis 2026...
2026-08-26 13:02:03,415 [INFO]   -> 1 années récupérées pour AAPL
2026-08-26 13:02:03,415 [INFO] [40/503] AMAT (Applied Materials), depuis 2026...
2026-08-26 13:02:16,566 [INFO]   -> 1 années récupérées pour AMAT
2026-08-26 13:02:16,566 [INFO] [41/503] APP (AppLovin), depuis 2026...
2026-08-26 13:02:28,936 [INFO]   -> 1 années récupérées pour APP
2026-08-26 13:02:28,937 [INFO] [42/503] APTV (Aptiv), depuis 2026...
2026-08-26 13:02:40,445 [INFO]   -> 1 années récupérées pour APTV
2026-08-26 13:02:40,446 [INFO] [43/503] ACGL (Arch Capital Group), depuis 2026...
2026-08-26 13:02:52,246 [INFO]   -> 1 années récupérées pour ACGL
2026-08-26 13:02:52,260 [INFO] [44/503] ADM (Archer Daniels Midland), depuis 2026...
2026-08-26 13:03:05,077 [INFO]   -> 1 années récupérées pour ADM
2026-08-26 13:03:05,077 [INFO] [45/503] ARES (Ares Management), depuis 2026...
2026-08-26 13:03:16,931 [INFO]   -> 1 années récupérées pour ARES
2026-08-26 13:03:16,932 [INFO] [46/503] ANET (Arista Networks), depuis 2026...
2026-08-26 13:03:29,700 [INFO]   -> 1 années récupérées pour ANET
2026-08-26 13:03:29,716 [INFO] [47/503] AJG (Arthur J. Gallagher & Co.), depuis 2026...
2026-08-26 13:03:41,739 [INFO]   -> 1 années récupérées pour AJG
2026-08-26 13:03:41,740 [INFO] [48/503] AIZ (Assurant), depuis 2026...
2026-08-26 13:03:53,947 [INFO]   -> 1 années récupérées pour AIZ
2026-08-26 13:03:53,949 [INFO] [49/503] T (AT&T), depuis 2026...
2026-08-26 13:04:07,298 [INFO]   -> 1 années récupérées pour T
2026-08-26 13:04:07,299 [INFO] [50/503] ATO (Atmos Energy), depuis 2026...
2026-08-26 13:04:18,710 [INFO]   -> 1 années récupérées pour ATO
2026-08-26 13:04:18,711 [INFO] [51/503] ADSK (Autodesk), depuis 2026...
2026-08-26 13:04:30,106 [INFO]   -> 1 années récupérées pour ADSK
2026-08-26 13:04:30,107 [INFO] [52/503] ADP (Automatic Data Processing), depuis 2026...
2026-08-26 13:04:41,498 [INFO]   -> 1 années récupérées pour ADP
2026-08-26 13:04:41,500 [INFO] [53/503] AZO (AutoZone), depuis 2026...
2026-08-26 13:04:54,840 [INFO]   -> 1 années récupérées pour AZO
2026-08-26 13:04:54,841 [INFO] [54/503] AVY (Avery Dennison), depuis 2026...
2026-08-26 13:05:07,866 [INFO]   -> 1 années récupérées pour AVY
2026-08-26 13:05:07,867 [INFO] [55/503] AXON (Axon Enterprise), depuis 2026...
2026-08-26 13:05:20,392 [INFO]   -> 1 années récupérées pour AXON
2026-08-26 13:05:20,393 [INFO] [56/503] BKR (Baker Hughes), depuis 2026...
2026-08-26 13:05:32,852 [INFO]   -> 1 années récupérées pour BKR
2026-08-26 13:05:32,853 [INFO] [57/503] BALL (Ball Corporation), depuis 2026...
2026-08-26 13:05:44,367 [INFO]   -> 1 années récupérées pour BALL
2026-08-26 13:05:44,370 [INFO] [58/503] BAC (Bank of America), depuis 2026...
2026-08-26 13:05:56,264 [INFO]   -> 1 années récupérées pour BAC
2026-08-26 13:05:56,265 [INFO] [59/503] BAX (Baxter International), depuis 2026...
2026-08-26 13:06:07,753 [INFO]   -> 1 années récupérées pour BAX
2026-08-26 13:06:07,756 [INFO] [60/503] BDX (Becton Dickinson), depuis 2026...
2026-08-26 13:06:21,156 [INFO]   -> 1 années récupérées pour BDX
2026-08-26 13:06:21,157 [INFO] [61/503] BRK B (Berkshire Hathaway), depuis 2026...
2026-08-26 13:06:33,099 [INFO]   -> 1 années récupérées pour BRK B
2026-08-26 13:06:33,103 [INFO] [62/503] BBY (Best Buy), depuis 2026...
2026-08-26 13:06:46,592 [INFO]   -> 1 années récupérées pour BBY
2026-08-26 13:06:46,594 [INFO] [63/503] TECH (Bio-Techne), depuis 2026...
2026-08-26 13:06:59,912 [INFO]   -> 1 années récupérées pour TECH
2026-08-26 13:06:59,914 [INFO] [64/503] BIIB (Biogen), depuis 2026...
2026-08-26 13:07:11,478 [INFO]   -> 1 années récupérées pour BIIB
2026-08-26 13:07:11,479 [INFO] [65/503] BLK (BlackRock), depuis 2026...
2026-08-26 13:07:22,989 [INFO]   -> 1 années récupérées pour BLK
2026-08-26 13:07:22,990 [INFO] [66/503] BX (Blackstone Inc.), depuis 2026...
2026-08-26 13:07:36,134 [INFO]   -> 1 années récupérées pour BX
2026-08-26 13:07:36,135 [INFO] [67/503] XYZ (Block, Inc.), depuis 2026...
2026-08-26 13:07:48,226 [INFO]   -> 1 années récupérées pour XYZ
2026-08-26 13:07:48,228 [INFO] [68/503] BNY (BNY Mellon), depuis 2026...
2026-08-26 13:08:01,848 [INFO]   -> 1 années récupérées pour BNY
2026-08-26 13:08:01,849 [INFO] [69/503] BA (Boeing), depuis 2026...
2026-08-26 13:08:14,638 [INFO]   -> 1 années récupérées pour BA
2026-08-26 13:08:14,639 [INFO] [70/503] BKNG (Booking Holdings), depuis 2026...
2026-08-26 13:08:26,113 [INFO]   -> 1 années récupérées pour BKNG
2026-08-26 13:08:26,113 [INFO] [71/503] BSX (Boston Scientific), depuis 2026...
2026-08-26 13:08:37,751 [INFO]   -> 1 années récupérées pour BSX
2026-08-26 13:08:37,752 [INFO] [72/503] BMY (Bristol Myers Squibb), depuis 2026...
2026-08-26 13:08:51,226 [INFO]   -> 1 années récupérées pour BMY
2026-08-26 13:08:51,227 [INFO] [73/503] AVGO (Broadcom), depuis 2026...
2026-08-26 13:09:02,913 [INFO]   -> 1 années récupérées pour AVGO
2026-08-26 13:09:02,913 [INFO] [74/503] BR (Broadridge Financial Solutions), depuis 2026...
2026-08-26 13:09:14,468 [INFO]   -> 1 années récupérées pour BR
2026-08-26 13:09:14,470 [INFO] [75/503] BRO (Brown & Brown), depuis 2026...
2026-08-26 13:09:27,769 [INFO]   -> 1 années récupérées pour BRO
2026-08-26 13:09:27,770 [INFO] [76/503] BF B (Brown–Forman), depuis 2026...
2026-08-26 13:09:39,546 [INFO]   -> 1 années récupérées pour BF B
2026-08-26 13:09:39,547 [INFO] [77/503] BLDR (Builders FirstSource), depuis 2026...
2026-08-26 13:09:52,069 [INFO]   -> 1 années récupérées pour BLDR
2026-08-26 13:09:52,070 [INFO] [78/503] BG (Bunge Global), depuis 2026...
2026-08-26 13:10:04,376 [INFO]   -> 1 années récupérées pour BG
2026-08-26 13:10:04,377 [INFO] [79/503] BXP (BXP, Inc.), depuis 2026...
2026-08-26 13:10:15,857 [INFO]   -> 1 années récupérées pour BXP
2026-08-26 13:10:15,858 [INFO] [80/503] CHRW (C.H. Robinson), depuis 2026...
2026-08-26 13:10:27,696 [INFO]   -> 1 années récupérées pour CHRW
2026-08-26 13:10:27,699 [INFO] [81/503] CDNS (Cadence Design Systems), depuis 2026...
2026-08-26 13:10:41,139 [INFO]   -> 1 années récupérées pour CDNS
2026-08-26 13:10:41,152 [INFO] [82/503] CPT (Camden Property Trust), depuis 2026...
2026-08-26 13:10:53,114 [INFO]   -> 1 années récupérées pour CPT
2026-08-26 13:10:53,115 [INFO] [83/503] COF (Capital One), depuis 2026...
2026-08-26 13:11:05,439 [INFO]   -> 1 années récupérées pour COF
2026-08-26 13:11:05,440 [INFO] [84/503] CAH (Cardinal Health), depuis 2026...
2026-08-26 13:11:16,999 [INFO]   -> 1 années récupérées pour CAH
2026-08-26 13:11:16,999 [INFO] [85/503] CCL (Carnival Corporation), depuis 2026...
2026-08-26 13:11:28,602 [INFO]   -> 1 années récupérées pour CCL
2026-08-26 13:11:28,606 [INFO] [86/503] CARR (Carrier Global), depuis 2026...
2026-08-26 13:11:42,069 [INFO]   -> 1 années récupérées pour CARR
2026-08-26 13:11:42,071 [INFO] [87/503] CVNA (Carvana), depuis 2026...
2026-08-26 13:11:54,220 [INFO]   -> 1 années récupérées pour CVNA
2026-08-26 13:11:54,228 [INFO] [88/503] CASY (Casey's), depuis 2026...
2026-08-26 13:12:08,102 [INFO]   -> 1 années récupérées pour CASY
2026-08-26 13:12:08,106 [INFO] [89/503] CAT (Caterpillar Inc.), depuis 2026...
2026-08-26 13:12:19,747 [INFO]   -> 1 années récupérées pour CAT
2026-08-26 13:12:19,748 [INFO] [90/503] CBOE (Cboe Global Markets), depuis 2026...
2026-08-26 13:12:31,341 [INFO]   -> 1 années récupérées pour CBOE
2026-08-26 13:12:31,342 [INFO] [91/503] CBRE (CBRE Group), depuis 2026...
2026-08-26 13:12:42,826 [INFO]   -> 1 années récupérées pour CBRE
2026-08-26 13:12:42,827 [INFO] [92/503] CDW (CDW Corporation), depuis 2026...
2026-08-26 13:12:54,243 [INFO]   -> 1 années récupérées pour CDW
2026-08-26 13:12:54,244 [INFO] [93/503] COR (Cencora), depuis 2026...
2026-08-26 13:13:06,222 [INFO]   -> 1 années récupérées pour COR
2026-08-26 13:13:06,223 [INFO] [94/503] CNC (Centene Corporation), depuis 2026...
2026-08-26 13:13:19,502 [INFO]   -> 1 années récupérées pour CNC
2026-08-26 13:13:19,503 [INFO] [95/503] CNP (CenterPoint Energy), depuis 2026...
2026-08-26 13:13:32,039 [INFO]   -> 1 années récupérées pour CNP
2026-08-26 13:13:32,042 [INFO] [96/503] CF (CF Industries), depuis 2026...
2026-08-26 13:13:44,085 [INFO]   -> 1 années récupérées pour CF
2026-08-26 13:13:44,093 [INFO] [97/503] CRL (Charles River Laboratories), depuis 2026...
2026-08-26 13:13:56,378 [INFO]   -> 1 années récupérées pour CRL
2026-08-26 13:13:56,379 [INFO] [98/503] SCHW (Charles Schwab Corporation), depuis 2026...
2026-08-26 13:14:10,110 [INFO]   -> 1 années récupérées pour SCHW
2026-08-26 13:14:10,111 [INFO] [99/503] CHTR (Charter Communications), depuis 2026...
2026-08-26 13:14:21,530 [INFO]   -> 1 années récupérées pour CHTR
2026-08-26 13:14:21,531 [INFO] [100/503] CVX (Chevron Corporation), depuis 2026...
2026-08-26 13:14:34,362 [INFO]   -> 1 années récupérées pour CVX
2026-08-26 13:14:34,501 [INFO] [101/503] CMG (Chipotle Mexican Grill), depuis 2026...
2026-08-26 13:14:46,932 [INFO]   -> 1 années récupérées pour CMG
2026-08-26 13:14:46,934 [INFO] [102/503] CB (Chubb Limited), depuis 2026...
2026-08-26 13:14:58,445 [INFO]   -> 1 années récupérées pour CB
2026-08-26 13:14:58,446 [INFO] [103/503] CHD (Church & Dwight), depuis 2026...
2026-08-26 13:15:10,003 [INFO]   -> 1 années récupérées pour CHD
2026-08-26 13:15:10,004 [INFO] [104/503] CIEN (Ciena), depuis 2026...
2026-08-26 13:15:21,737 [INFO]   -> 1 années récupérées pour CIEN
2026-08-26 13:15:21,747 [INFO] [105/503] CI (Cigna), depuis 2026...
2026-08-26 13:15:33,467 [INFO]   -> 1 années récupérées pour CI
2026-08-26 13:15:33,467 [INFO] [106/503] CINF (Cincinnati Financial), depuis 2026...
2026-08-26 13:15:45,362 [INFO]   -> 1 années récupérées pour CINF
2026-08-26 13:15:45,363 [INFO] [107/503] CTAS (Cintas), depuis 2026...
2026-08-26 13:15:59,348 [INFO]   -> 1 années récupérées pour CTAS
2026-08-26 13:15:59,350 [INFO] [108/503] CSCO (Cisco), depuis 2026...
2026-08-26 13:16:11,566 [INFO]   -> 1 années récupérées pour CSCO
2026-08-26 13:16:11,625 [INFO] [109/503] C (Citigroup), depuis 2026...
2026-08-26 13:16:24,072 [INFO]   -> 1 années récupérées pour C
2026-08-26 13:16:24,073 [INFO] [110/503] CFG (Citizens Financial Group), depuis 2026...
2026-08-26 13:16:36,362 [INFO]   -> 1 années récupérées pour CFG
2026-08-26 13:16:36,375 [INFO] [111/503] CLX (Clorox), depuis 2026...
2026-08-26 13:16:49,591 [INFO]   -> 1 années récupérées pour CLX
2026-08-26 13:16:49,592 [INFO] [112/503] CME (CME Group), depuis 2026...
2026-08-26 13:17:01,022 [INFO]   -> 1 années récupérées pour CME
2026-08-26 13:17:01,023 [INFO] [113/503] CMS (CMS Energy), depuis 2026...
2026-08-26 13:17:12,464 [INFO]   -> 1 années récupérées pour CMS
2026-08-26 13:17:12,465 [INFO] [114/503] KO (Coca-Cola Company (The)), depuis 2026...
2026-08-26 13:17:24,640 [INFO]   -> 1 années récupérées pour KO
2026-08-26 13:17:24,641 [INFO] [115/503] CTSH (Cognizant), depuis 2026...
2026-08-26 13:17:37,980 [INFO]   -> 1 années récupérées pour CTSH
2026-08-26 13:17:37,982 [INFO] [116/503] COHR (Coherent Corp.), depuis 2026...
2026-08-26 13:17:49,633 [INFO]   -> 1 années récupérées pour COHR
2026-08-26 13:17:49,634 [INFO] [117/503] COIN (Coinbase), depuis 2026...
2026-08-26 13:18:02,096 [INFO]   -> 1 années récupérées pour COIN
2026-08-26 13:18:02,097 [INFO] [118/503] CL (Colgate-Palmolive), depuis 2026...
2026-08-26 13:18:14,018 [INFO]   -> 1 années récupérées pour CL
2026-08-26 13:18:14,019 [INFO] [119/503] CMCSA (Comcast), depuis 2026...
2026-08-26 13:18:25,473 [INFO]   -> 1 années récupérées pour CMCSA
2026-08-26 13:18:25,474 [INFO] [120/503] FIX (Comfort Systems USA), depuis 2026...
2026-08-26 13:18:37,768 [INFO]   -> 1 années récupérées pour FIX
2026-08-26 13:18:37,773 [INFO] [121/503] COP (ConocoPhillips), depuis 2026...
2026-08-26 13:18:50,771 [INFO]   -> 1 années récupérées pour COP
2026-08-26 13:18:50,773 [INFO] [122/503] ED (Consolidated Edison), depuis 2026...
2026-08-26 13:19:06,804 [INFO]   -> 1 années récupérées pour ED
2026-08-26 13:19:06,805 [INFO] [123/503] STZ (Constellation Brands), depuis 2026...
2026-08-26 13:19:20,780 [INFO]   -> 1 années récupérées pour STZ
2026-08-26 13:19:20,781 [INFO] [124/503] CEG (Constellation Energy), depuis 2026...
2026-08-26 13:19:34,567 [INFO]   -> 1 années récupérées pour CEG
2026-08-26 13:19:34,567 [INFO] [125/503] COO (Cooper Companies (The)), depuis 2026...
2026-08-26 13:19:47,027 [INFO]   -> 1 années récupérées pour COO
2026-08-26 13:19:47,028 [INFO] [126/503] CPRT (Copart), depuis 2026...
2026-08-26 13:19:58,555 [INFO]   -> 1 années récupérées pour CPRT
2026-08-26 13:19:58,556 [INFO] [127/503] GLW (Corning Inc.), depuis 2026...
2026-08-26 13:20:14,428 [INFO]   -> 1 années récupérées pour GLW
2026-08-26 13:20:14,429 [INFO] [128/503] CPAY (Corpay), depuis 2026...
2026-08-26 13:20:36,518 [INFO]   -> 1 années récupérées pour CPAY
2026-08-26 13:20:36,519 [INFO] [129/503] CTVA (Corteva), depuis 2026...
2026-08-26 13:20:49,538 [INFO]   -> 1 années récupérées pour CTVA
2026-08-26 13:20:49,541 [INFO] [130/503] CSGP (CoStar Group), depuis 2026...
2026-08-26 13:20:52,702 [INFO] Warning 2108, reqId -1: Market data farm connection is inactive but should be available upon demand.usopt
2026-08-26 13:20:52,704 [INFO] Warning 2108, reqId -1: Market data farm connection is inactive but should be available upon demand.usopt
2026-08-26 13:20:52,718 [INFO] Warning 2108, reqId -1: Market data farm connection is inactive but should be available upon demand.usfarm
2026-08-26 13:20:52,719 [INFO] Warning 2108, reqId -1: Market data farm connection is inactive but should be available upon demand.usfarm
2026-08-26 13:21:05,902 [INFO]   -> 1 années récupérées pour CSGP
2026-08-26 13:21:05,902 [INFO] [131/503] COST (Costco), depuis 2026...
2026-08-26 13:21:22,080 [INFO]   -> 1 années récupérées pour COST
2026-08-26 13:21:22,083 [INFO] [132/503] CRH (CRH plc), depuis 2026...
2026-08-26 13:21:22,090 [INFO] Warning 2119, reqId -1: Market data farm is connecting:usopt
2026-08-26 13:21:22,094 [INFO] Warning 2119, reqId -1: Market data farm is connecting:usfarm
2026-08-26 13:21:22,097 [INFO] Warning 2104, reqId -1: Market data farm connection is OK:usopt
2026-08-26 13:21:22,103 [INFO] Warning 2104, reqId -1: Market data farm connection is OK:usfarm
2026-08-26 13:21:39,235 [INFO]   -> 1 années récupérées pour CRH
2026-08-26 13:21:39,406 [INFO] [133/503] CRWD (CrowdStrike), depuis 2026...
2026-08-26 13:21:55,696 [INFO]   -> 1 années récupérées pour CRWD
2026-08-26 13:21:55,697 [INFO] [134/503] CCI (Crown Castle), depuis 2026...
2026-08-26 13:22:08,047 [INFO]   -> 1 années récupérées pour CCI
2026-08-26 13:22:08,047 [INFO] [135/503] CSX (CSX Corporation), depuis 2026...
2026-08-26 13:22:19,598 [INFO]   -> 1 années récupérées pour CSX
2026-08-26 13:22:19,600 [INFO] [136/503] CMI (Cummins), depuis 2026...
2026-08-26 13:22:33,351 [INFO]   -> 1 années récupérées pour CMI
2026-08-26 13:22:33,432 [INFO] [137/503] CVS (CVS Health), depuis 2026...
2026-08-26 13:22:45,655 [INFO]   -> 1 années récupérées pour CVS
2026-08-26 13:22:45,656 [INFO] [138/503] DHR (Danaher Corporation), depuis 2026...
2026-08-26 13:22:57,378 [INFO]   -> 1 années récupérées pour DHR
2026-08-26 13:22:57,387 [INFO] [139/503] DRI (Darden Restaurants), depuis 2026...
2026-08-26 13:23:10,196 [INFO]   -> 1 années récupérées pour DRI
2026-08-26 13:23:10,197 [INFO] [140/503] DDOG (Datadog), depuis 2026...
2026-08-26 13:23:22,698 [INFO]   -> 1 années récupérées pour DDOG
2026-08-26 13:23:22,832 [INFO] [141/503] DVA (DaVita), depuis 2026...
2026-08-26 13:23:37,015 [INFO]   -> 1 années récupérées pour DVA
2026-08-26 13:23:37,017 [INFO] [142/503] DECK (Deckers Brands), depuis 2026...
2026-08-26 13:23:48,498 [INFO]   -> 1 années récupérées pour DECK
2026-08-26 13:23:48,499 [INFO] [143/503] DE (Deere & Company), depuis 2026...
2026-08-26 13:24:01,333 [INFO]   -> 1 années récupérées pour DE
2026-08-26 13:24:01,337 [INFO] [144/503] DELL (Dell Technologies), depuis 2026...
2026-08-26 13:24:15,874 [INFO]   -> 1 années récupérées pour DELL
2026-08-26 13:24:16,029 [INFO] [145/503] DAL (Delta Air Lines), depuis 2026...
2026-08-26 13:24:28,923 [INFO]   -> 1 années récupérées pour DAL
2026-08-26 13:24:29,115 [INFO] [146/503] DVN (Devon Energy), depuis 2026...
2026-08-26 13:24:42,868 [INFO]   -> 1 années récupérées pour DVN
2026-08-26 13:24:42,909 [INFO] [147/503] DXCM (Dexcom), depuis 2026...
2026-08-26 13:24:55,703 [INFO]   -> 1 années récupérées pour DXCM
2026-08-26 13:24:55,704 [INFO] [148/503] FANG (Diamondback Energy), depuis 2026...
2026-08-26 13:25:08,910 [INFO]   -> 1 années récupérées pour FANG
2026-08-26 13:25:08,922 [INFO] [149/503] DLR (Digital Realty), depuis 2026...
2026-08-26 13:25:21,285 [INFO]   -> 1 années récupérées pour DLR
2026-08-26 13:25:21,525 [INFO] [150/503] DG (Dollar General), depuis 2026...
2026-08-26 13:25:36,411 [INFO]   -> 1 années récupérées pour DG
2026-08-26 13:25:36,412 [INFO] [151/503] DLTR (Dollar Tree), depuis 2026...
2026-08-26 13:25:50,983 [INFO]   -> 1 années récupérées pour DLTR
2026-08-26 13:25:50,984 [INFO] [152/503] D (Dominion Energy), depuis 2026...
2026-08-26 13:26:07,976 [INFO]   -> 1 années récupérées pour D
2026-08-26 13:26:08,153 [INFO] [153/503] DPZ (Domino's), depuis 2026...
2026-08-26 13:26:21,366 [INFO]   -> 1 années récupérées pour DPZ
2026-08-26 13:26:21,507 [INFO] [154/503] DASH (DoorDash), depuis 2026...
2026-08-26 13:26:37,505 [INFO]   -> 1 années récupérées pour DASH
2026-08-26 13:26:37,508 [INFO] [155/503] DOV (Dover Corporation), depuis 2026...
2026-08-26 13:26:55,185 [INFO]   -> 1 années récupérées pour DOV
2026-08-26 13:26:55,327 [INFO] [156/503] DOW (Dow Inc.), depuis 2026...
2026-08-26 13:27:13,178 [INFO]   -> 1 années récupérées pour DOW
2026-08-26 13:27:13,180 [INFO] [157/503] DHI (D. R. Horton), depuis 2026...
2026-08-26 13:27:25,913 [INFO]   -> 1 années récupérées pour DHI
2026-08-26 13:27:25,948 [INFO] [158/503] DTE (DTE Energy), depuis 2026...
2026-08-26 13:27:39,641 [INFO]   -> 1 années récupérées pour DTE
2026-08-26 13:27:39,762 [INFO] [159/503] DUK (Duke Energy), depuis 2026...
2026-08-26 13:27:52,189 [INFO]   -> 1 années récupérées pour DUK
2026-08-26 13:27:52,244 [INFO] [160/503] DD (DuPont), depuis 2026...
2026-08-26 13:28:12,205 [INFO]   -> 1 années récupérées pour DD
2026-08-26 13:28:12,384 [INFO] [161/503] ETN (Eaton Corporation), depuis 2026...
2026-08-26 13:28:28,710 [INFO]   -> 1 années récupérées pour ETN
2026-08-26 13:28:28,711 [INFO] [162/503] EBAY (eBay Inc.), depuis 2026...
2026-08-26 13:29:04,676 [INFO]   -> 1 années récupérées pour EBAY
2026-08-26 13:29:04,677 [INFO] [163/503] ECHO (EchoStar), depuis 2026...
2026-08-26 13:29:19,633 [INFO]   -> 1 années récupérées pour ECHO
2026-08-26 13:29:19,779 [INFO] [164/503] ECL (Ecolab), depuis 2026...
2026-08-26 13:29:35,139 [INFO]   -> 1 années récupérées pour ECL
2026-08-26 13:29:35,278 [INFO] [165/503] EIX (Edison International), depuis 2026...
2026-08-26 13:29:50,030 [INFO]   -> 1 années récupérées pour EIX
2026-08-26 13:29:50,147 [INFO] [166/503] EW (Edwards Lifesciences), depuis 2026...
2026-08-26 13:30:20,037 [INFO]   -> 1 années récupérées pour EW
2026-08-26 13:30:20,038 [INFO] [167/503] ELV (Elevance Health), depuis 2026...
2026-08-26 13:30:46,900 [INFO]   -> 1 années récupérées pour ELV
2026-08-26 13:30:46,995 [INFO] [168/503] EME (Emcor), depuis 2026...
2026-08-26 13:31:12,109 [INFO]   -> 1 années récupérées pour EME
2026-08-26 13:31:12,111 [INFO] [169/503] EMR (Emerson Electric), depuis 2026...
2026-08-26 13:31:37,102 [INFO]   -> 1 années récupérées pour EMR
2026-08-26 13:31:37,282 [INFO] [170/503] ETR (Entergy), depuis 2026...
2026-08-26 13:32:15,782 [INFO]   -> 1 années récupérées pour ETR
2026-08-26 13:32:15,784 [INFO] [171/503] EOG (EOG Resources), depuis 2026...
2026-08-26 13:32:44,264 [INFO]   -> 1 années récupérées pour EOG
2026-08-26 13:32:44,371 [INFO] [172/503] EQT (EQT Corporation), depuis 2026...
2026-08-26 13:32:58,605 [INFO]   -> 1 années récupérées pour EQT
2026-08-26 13:32:58,607 [INFO] [173/503] EFX (Equifax), depuis 2026...
2026-08-26 13:33:17,647 [INFO]   -> 1 années récupérées pour EFX
2026-08-26 13:33:17,650 [INFO] [174/503] EQIX (Equinix), depuis 2026...
2026-08-26 13:33:34,315 [INFO]   -> 1 années récupérées pour EQIX
2026-08-26 13:33:34,317 [INFO] [175/503] ERIE (Erie Indemnity), depuis 2026...
2026-08-26 13:33:57,439 [INFO]   -> 1 années récupérées pour ERIE
2026-08-26 13:33:57,440 [INFO] [176/503] ESS (Essex Property Trust), depuis 2026...
2026-08-26 13:34:16,202 [INFO]   -> 1 années récupérées pour ESS
2026-08-26 13:34:16,341 [INFO] [177/503] EL (Estée Lauder Companies (The)), depuis 2026...
2026-08-26 13:34:35,352 [INFO]   -> 1 années récupérées pour EL
2026-08-26 13:34:35,354 [INFO] [178/503] EG (Everest Group), depuis 2026...
2026-08-26 13:35:30,021 [INFO]   -> 1 années récupérées pour EG
2026-08-26 13:35:30,022 [INFO] [179/503] EVRG (Evergy), depuis 2026...
2026-08-26 13:35:50,390 [INFO]   -> 1 années récupérées pour EVRG
2026-08-26 13:35:50,391 [INFO] [180/503] ES (Eversource Energy), depuis 2026...
2026-08-26 13:36:12,668 [INFO]   -> 1 années récupérées pour ES
2026-08-26 13:36:12,856 [INFO] [181/503] EXC (Exelon), depuis 2026...
2026-08-26 13:36:34,023 [INFO]   -> 1 années récupérées pour EXC
2026-08-26 13:36:34,024 [INFO] [182/503] EXE (Expand Energy), depuis 2026...
2026-08-26 13:36:54,858 [INFO]   -> 1 années récupérées pour EXE
2026-08-26 13:36:54,859 [INFO] [183/503] EXPE (Expedia Group), depuis 2026...
2026-08-26 13:38:00,922 [INFO]   -> 1 années récupérées pour EXPE
2026-08-26 13:38:00,958 [INFO] [184/503] EXPD (Expeditors International), depuis 2026...
2026-08-26 13:38:18,555 [INFO]   -> 1 années récupérées pour EXPD
2026-08-26 13:38:18,557 [INFO] [185/503] EXR (Extra Space Storage), depuis 2026...
2026-08-26 13:38:37,218 [INFO]   -> 1 années récupérées pour EXR
2026-08-26 13:38:37,232 [INFO] [186/503] XOM (ExxonMobil), depuis 2026...
2026-08-26 13:39:09,299 [INFO]   -> 1 années récupérées pour XOM
2026-08-26 13:39:09,303 [INFO] [187/503] FFIV (F5, Inc.), depuis 2026...
2026-08-26 13:39:29,234 [INFO]   -> 1 années récupérées pour FFIV
2026-08-26 13:39:29,236 [INFO] [188/503] FDS (FactSet), depuis 2026...
2026-08-26 13:39:42,853 [INFO]   -> 1 années récupérées pour FDS
2026-08-26 13:39:42,914 [INFO] [189/503] FICO (Fair Isaac), depuis 2026...
2026-08-26 13:40:09,156 [INFO]   -> 1 années récupérées pour FICO
2026-08-26 13:40:09,158 [INFO] [190/503] FAST (Fastenal), depuis 2026...
2026-08-26 13:40:31,163 [INFO]   -> 1 années récupérées pour FAST
2026-08-26 13:40:31,176 [INFO] [191/503] FRT (Federal Realty Investment Trust), depuis 2026...
2026-08-26 13:41:06,701 [INFO]   -> 1 années récupérées pour FRT
2026-08-26 13:41:06,702 [INFO] [192/503] FDX (FedEx), depuis 2026...
2026-08-26 13:41:30,843 [INFO]   -> 1 années récupérées pour FDX
2026-08-26 13:41:30,844 [INFO] [193/503] FDXF (FedEx Freight), depuis 2026...
2026-08-26 13:41:52,763 [INFO]   -> 1 années récupérées pour FDXF
2026-08-26 13:41:52,765 [INFO] [194/503] FERG (Ferguson Enterprises), depuis 2026...
2026-08-26 13:42:27,174 [INFO]   -> 1 années récupérées pour FERG
2026-08-26 13:42:27,176 [INFO] [195/503] FIS (Fidelity National Information Services), depuis 2026...
2026-08-26 13:42:47,760 [INFO]   -> 1 années récupérées pour FIS
2026-08-26 13:42:47,973 [INFO] [196/503] FITB (Fifth Third Bancorp), depuis 2026...
2026-08-26 13:43:01,967 [INFO]   -> 1 années récupérées pour FITB
2026-08-26 13:43:01,967 [INFO] [197/503] FSLR (First Solar), depuis 2026...
2026-08-26 13:43:32,582 [INFO]   -> 1 années récupérées pour FSLR
2026-08-26 13:43:32,588 [INFO] [198/503] FE (FirstEnergy), depuis 2026...
2026-08-26 13:43:47,529 [INFO]   -> 1 années récupérées pour FE
2026-08-26 13:43:47,530 [INFO] [199/503] FISV (Fiserv), depuis 2026...
2026-08-26 13:44:03,797 [INFO]   -> 1 années récupérées pour FISV
2026-08-26 13:44:03,803 [INFO] [200/503] FLEX (Flex Ltd.), depuis 2026...
2026-08-26 13:44:20,571 [INFO]   -> 1 années récupérées pour FLEX
2026-08-26 13:44:21,517 [INFO]   (point de sauvegarde : 7888 lignes au total dans data\prices\year_end_prices.parquet)
2026-08-26 13:44:21,520 [INFO] [201/503] F (Ford Motor Company), depuis 2026...
2026-08-26 13:44:35,724 [INFO]   -> 1 années récupérées pour F
2026-08-26 13:44:35,727 [INFO] [202/503] FTNT (Fortinet), depuis 2026...
2026-08-26 13:44:55,647 [INFO]   -> 1 années récupérées pour FTNT
2026-08-26 13:44:55,649 [INFO] [203/503] FTV (Fortive), depuis 2026...
2026-08-26 13:45:13,333 [INFO]   -> 1 années récupérées pour FTV
2026-08-26 13:45:13,335 [INFO] [204/503] FOXA (Fox Corporation (Class A)), depuis 2026...
2026-08-26 13:45:30,269 [INFO]   -> 1 années récupérées pour FOXA
2026-08-26 13:45:30,271 [INFO] [205/503] FOX (Fox Corporation (Class B)), depuis 2026...
2026-08-26 13:46:24,917 [INFO]   -> 1 années récupérées pour FOX
2026-08-26 13:46:24,918 [INFO] [206/503] BEN (Franklin Resources), depuis 2026...
2026-08-26 13:46:42,102 [INFO]   -> 1 années récupérées pour BEN
2026-08-26 13:46:42,104 [INFO] [207/503] FCX (Freeport-McMoRan), depuis 2026...
2026-08-26 13:46:57,397 [INFO]   -> 1 années récupérées pour FCX
2026-08-26 13:46:57,543 [INFO] [208/503] GRMN (Garmin), depuis 2026...
2026-08-26 13:47:28,194 [INFO]   -> 1 années récupérées pour GRMN
2026-08-26 13:47:28,334 [INFO] [209/503] IT (Gartner), depuis 2026...
2026-08-26 13:47:53,003 [INFO]   -> 1 années récupérées pour IT
2026-08-26 13:47:53,011 [INFO] [210/503] GE (GE Aerospace), depuis 2026...
2026-08-26 13:49:12,440 [INFO]   -> 1 années récupérées pour GE
2026-08-26 13:49:12,442 [INFO] [211/503] GEHC (GE HealthCare), depuis 2026...
2026-08-26 13:49:39,403 [INFO]   -> 1 années récupérées pour GEHC
2026-08-26 13:49:39,404 [INFO] [212/503] GEV (GE Vernova), depuis 2026...
2026-08-26 13:50:02,109 [INFO]   -> 1 années récupérées pour GEV
2026-08-26 13:50:02,111 [INFO] [213/503] GEN (Gen Digital), depuis 2026...
2026-08-26 13:50:20,797 [INFO]   -> 1 années récupérées pour GEN
2026-08-26 13:50:20,801 [INFO] [214/503] GNRC (Generac), depuis 2026...
2026-08-26 13:50:37,560 [INFO]   -> 1 années récupérées pour GNRC
2026-08-26 13:50:37,849 [INFO] [215/503] GD (General Dynamics), depuis 2026...
2026-08-26 13:50:57,329 [INFO]   -> 1 années récupérées pour GD
2026-08-26 13:50:57,330 [INFO] [216/503] GIS (General Mills), depuis 2026...
2026-08-26 13:51:11,587 [INFO]   -> 1 années récupérées pour GIS
2026-08-26 13:51:11,735 [INFO] [217/503] GM (General Motors), depuis 2026...
2026-08-26 13:51:30,497 [INFO]   -> 1 années récupérées pour GM
2026-08-26 13:51:30,512 [INFO] [218/503] GPC (Genuine Parts Company), depuis 2026...
2026-08-26 13:51:49,780 [INFO]   -> 1 années récupérées pour GPC
2026-08-26 13:51:49,781 [INFO] [219/503] GILD (Gilead Sciences), depuis 2026...
2026-08-26 13:52:20,595 [INFO]   -> 1 années récupérées pour GILD
2026-08-26 13:52:20,602 [INFO] [220/503] GPN (Global Payments), depuis 2026...
2026-08-26 13:52:42,210 [INFO]   -> 1 années récupérées pour GPN
2026-08-26 13:52:42,212 [INFO] [221/503] GL (Globe Life), depuis 2026...
2026-08-26 13:53:05,518 [INFO]   -> 1 années récupérées pour GL
2026-08-26 13:53:05,537 [INFO] [222/503] GDDY (GoDaddy), depuis 2026...
2026-08-26 13:53:32,568 [INFO]   -> 1 années récupérées pour GDDY
2026-08-26 13:53:32,569 [INFO] [223/503] GS (Goldman Sachs), depuis 2026...
2026-08-26 13:53:54,217 [INFO]   -> 1 années récupérées pour GS
2026-08-26 13:53:54,220 [INFO] [224/503] HAL (Halliburton), depuis 2026...
2026-08-26 13:54:27,424 [INFO]   -> 1 années récupérées pour HAL
2026-08-26 13:54:27,628 [INFO] [225/503] HIG (Hartford (The)), depuis 2026...
2026-08-26 13:54:51,019 [INFO]   -> 1 années récupérées pour HIG
2026-08-26 13:54:51,172 [INFO] [226/503] HAS (Hasbro), depuis 2026...
2026-08-26 13:56:27,238 [INFO]   -> 1 années récupérées pour HAS
2026-08-26 13:56:27,239 [INFO] [227/503] HCA (HCA Healthcare), depuis 2026...
2026-08-26 13:56:43,704 [INFO]   -> 1 années récupérées pour HCA
2026-08-26 13:56:43,706 [INFO] [228/503] DOC (Healthpeak Properties), depuis 2026...
2026-08-26 13:57:01,442 [INFO]   -> 1 années récupérées pour DOC
2026-08-26 13:57:01,444 [INFO] [229/503] HSIC (Henry Schein), depuis 2026...
2026-08-26 13:57:26,956 [INFO]   -> 1 années récupérées pour HSIC
2026-08-26 13:57:26,960 [INFO] [230/503] HSY (Hershey Company (The)), depuis 2026...
2026-08-26 13:57:53,186 [INFO]   -> 1 années récupérées pour HSY
2026-08-26 13:57:53,306 [INFO] [231/503] HPE (Hewlett Packard Enterprise), depuis 2026...
2026-08-26 13:58:31,351 [INFO]   -> 1 années récupérées pour HPE
2026-08-26 13:58:31,351 [INFO] [232/503] HLT (Hilton Worldwide), depuis 2026...
2026-08-26 13:59:01,647 [INFO]   -> 1 années récupérées pour HLT
2026-08-26 13:59:01,650 [INFO] [233/503] HD (Home Depot (The)), depuis 2026...
2026-08-26 14:00:35,632 [INFO]   -> 1 années récupérées pour HD
2026-08-26 14:00:35,634 [INFO] [234/503] HONA (Honeywell Aerospace), depuis 2026...
2026-08-26 14:00:35,636 [INFO] Warning 2108, reqId -1: Market data farm connection is inactive but should be available upon demand.usopt
2026-08-26 14:00:35,638 [INFO] Warning 2108, reqId -1: Market data farm connection is inactive but should be available upon demand.usfarm
2026-08-26 14:00:35,639 [INFO] Warning 2108, reqId -1: Market data farm connection is inactive but should be available upon demand.usopt
2026-08-26 14:00:35,643 [INFO] Warning 2108, reqId -1: Market data farm connection is inactive but should be available upon demand.usfarm
2026-08-26 14:00:45,063 [INFO] Warning 2104, reqId -1: Market data farm connection is OK:usopt
2026-08-26 14:00:48,765 [INFO] Warning 2104, reqId -1: Market data farm connection is OK:usfarm
2026-08-26 14:01:10,375 [ERROR] Error 1100, reqId -1: Connectivity between IBKR and Trader Workstation has been lost.
2026-08-26 14:01:46,190 [INFO] Warning 2103, reqId -1: Market data farm connection is broken:usfarm
2026-08-26 14:01:46,197 [INFO] Warning 2103, reqId -1: Market data farm connection is broken:eufarm
2026-08-26 14:02:09,592 [INFO] Warning 2103, reqId -1: Market data farm connection is broken:usopt
2026-08-26 14:02:17,621 [INFO] Warning 2157, reqId -1: Sec-def data farm connection is broken:secdefeu
2026-08-26 14:02:22,395 [INFO] Warning 2105, reqId -1: HMDS data farm connection is broken:euhmds
2026-08-26 14:02:28,975 [INFO] Warning 2105, reqId -1: HMDS data farm connection is broken:ushmds
2026-08-26 14:02:28,987 [INFO] Warning 2104, reqId -1: Market data farm connection is OK:eufarm
2026-08-26 14:02:28,991 [INFO] Warning 2158, reqId -1: Sec-def data farm connection is OK:secdefeu
2026-08-26 14:02:28,993 [INFO] Warning 2106, reqId -1: HMDS data farm connection is OK:euhmds
2026-08-26 14:02:28,996 [INFO] Warning 2106, reqId -1: HMDS data farm connection is OK:ushmds
2026-08-26 14:02:29,017 [INFO] Warning 2104, reqId -1: Market data farm connection is OK:usfarm
2026-08-26 14:02:29,018 [INFO] Warning 2104, reqId -1: Market data farm connection is OK:usopt
2026-08-26 14:02:31,929 [ERROR] Error 1102, reqId -1: Connectivity between IBKR and Trader Workstation has been restored - data maintained. All data farms are connected: eufarm; usopt; usfarm; euhmds; ushmds; secdefeu.
2026-08-26 14:02:46,605 [INFO]   -> 1 années récupérées pour HONA
2026-08-26 14:02:46,606 [INFO] [235/503] HON (Honeywell Technologies), depuis 2026...
2026-08-26 14:03:00,194 [INFO]   -> 1 années récupérées pour HON
2026-08-26 14:03:00,201 [INFO] [236/503] HRL (Hormel Foods), depuis 2026...
2026-08-26 14:03:29,290 [INFO]   -> 1 années récupérées pour HRL
2026-08-26 14:03:29,556 [INFO] [237/503] HST (Host Hotels & Resorts), depuis 2026...
2026-08-26 14:03:45,228 [INFO]   -> 1 années récupérées pour HST
2026-08-26 14:03:45,404 [INFO] [238/503] HWM (Howmet Aerospace), depuis 2026...
2026-08-26 14:04:11,361 [INFO]   -> 1 années récupérées pour HWM
2026-08-26 14:04:11,363 [INFO] [239/503] HPQ (HP Inc.), depuis 2026...
2026-08-26 14:04:47,190 [INFO]   -> 1 années récupérées pour HPQ
2026-08-26 14:04:47,191 [INFO] [240/503] HUBB (Hubbell Incorporated), depuis 2026...
2026-08-26 14:05:14,810 [INFO]   -> 1 années récupérées pour HUBB
2026-08-26 14:05:14,811 [INFO] [241/503] HUM (Humana), depuis 2026...
2026-08-26 14:05:40,058 [INFO]   -> 1 années récupérées pour HUM
2026-08-26 14:05:40,223 [INFO] [242/503] HBAN (Huntington Bancshares), depuis 2026...
2026-08-26 14:06:48,393 [INFO]   -> 1 années récupérées pour HBAN
2026-08-26 14:06:48,394 [INFO] [243/503] HII (Huntington Ingalls Industries), depuis 2026...
2026-08-26 14:07:09,101 [INFO]   -> 1 années récupérées pour HII
2026-08-26 14:07:09,326 [INFO] [244/503] IBM (IBM), depuis 2026...
2026-08-26 14:07:32,069 [INFO]   -> 1 années récupérées pour IBM
2026-08-26 14:07:32,214 [INFO] [245/503] IEX (IDEX Corporation), depuis 2026...
2026-08-26 14:08:02,300 [INFO]   -> 1 années récupérées pour IEX
2026-08-26 14:08:02,304 [INFO] [246/503] IDXX (Idexx Laboratories), depuis 2026...
2026-08-26 14:08:16,703 [INFO]   -> 1 années récupérées pour IDXX
2026-08-26 14:08:16,784 [INFO] [247/503] ITW (Illinois Tool Works), depuis 2026...
2026-08-26 14:08:33,377 [INFO]   -> 1 années récupérées pour ITW
2026-08-26 14:08:33,378 [INFO] [248/503] INCY (Incyte), depuis 2026...
2026-08-26 14:08:59,159 [INFO]   -> 1 années récupérées pour INCY
2026-08-26 14:08:59,299 [INFO] [249/503] IR (Ingersoll Rand), depuis 2026...
2026-08-26 14:09:23,328 [INFO]   -> 1 années récupérées pour IR
2026-08-26 14:09:23,330 [INFO] [250/503] PODD (Insulet Corporation), depuis 2026...
2026-08-26 14:09:40,581 [INFO]   -> 1 années récupérées pour PODD
2026-08-26 14:09:40,582 [INFO] [251/503] INTC (Intel), depuis 2026...
2026-08-26 14:10:02,455 [INFO]   -> 1 années récupérées pour INTC
2026-08-26 14:10:02,456 [INFO] [252/503] IBKR (Interactive Brokers), depuis 2026...
2026-08-26 14:10:37,752 [INFO]   -> 1 années récupérées pour IBKR
2026-08-26 14:10:37,753 [INFO] [253/503] ICE (Intercontinental Exchange), depuis 2026...
2026-08-26 14:10:56,037 [INFO]   -> 1 années récupérées pour ICE
2026-08-26 14:10:56,038 [INFO] [254/503] IFF (International Flavors & Fragrances), depuis 2026...
2026-08-26 14:12:27,274 [INFO]   -> 1 années récupérées pour IFF
2026-08-26 14:12:27,275 [INFO] [255/503] IP (International Paper), depuis 2026...
2026-08-26 14:12:41,519 [INFO]   -> 1 années récupérées pour IP
2026-08-26 14:12:41,519 [INFO] [256/503] INTU (Intuit), depuis 2026...
2026-08-26 14:12:55,228 [INFO]   -> 1 années récupérées pour INTU
2026-08-26 14:12:55,340 [INFO] [257/503] ISRG (Intuitive Surgical), depuis 2026...
2026-08-26 14:13:12,158 [INFO]   -> 1 années récupérées pour ISRG
2026-08-26 14:13:12,321 [INFO] [258/503] IVZ (Invesco), depuis 2026...
2026-08-26 14:13:52,085 [INFO]   -> 1 années récupérées pour IVZ
2026-08-26 14:13:52,136 [INFO] [259/503] INVH (Invitation Homes), depuis 2026...
2026-08-26 14:14:12,392 [INFO]   -> 1 années récupérées pour INVH
2026-08-26 14:14:12,398 [INFO] [260/503] IQV (IQVIA), depuis 2026...
2026-08-26 14:14:27,863 [INFO]   -> 1 années récupérées pour IQV
2026-08-26 14:14:27,864 [INFO] [261/503] IRM (Iron Mountain), depuis 2026...
2026-08-26 14:14:55,517 [INFO]   -> 1 années récupérées pour IRM
2026-08-26 14:14:55,519 [INFO] [262/503] JBHT (J.B. Hunt), depuis 2026...
2026-08-26 14:15:10,701 [INFO]   -> 1 années récupérées pour JBHT
2026-08-26 14:15:10,702 [INFO] [263/503] JBL (Jabil), depuis 2026...
2026-08-26 14:15:27,633 [INFO]   -> 1 années récupérées pour JBL
2026-08-26 14:15:27,756 [INFO] [264/503] JKHY (Jack Henry & Associates), depuis 2026...
2026-08-26 14:15:53,283 [INFO]   -> 1 années récupérées pour JKHY
2026-08-26 14:15:53,421 [INFO] [265/503] J (Jacobs Solutions), depuis 2026...
2026-08-26 14:16:28,790 [INFO]   -> 1 années récupérées pour J
2026-08-26 14:16:28,791 [INFO] [266/503] JNJ (Johnson & Johnson), depuis 2026...
2026-08-26 14:17:15,707 [INFO]   -> 1 années récupérées pour JNJ
2026-08-26 14:17:15,708 [INFO] [267/503] JCI (Johnson Controls), depuis 2026...
2026-08-26 14:17:43,059 [INFO]   -> 1 années récupérées pour JCI
2026-08-26 14:17:43,151 [INFO] [268/503] JPM (JPMorgan Chase), depuis 2026...
2026-08-26 14:18:02,314 [INFO]   -> 1 années récupérées pour JPM
2026-08-26 14:18:02,383 [INFO] [269/503] KVUE (Kenvue), depuis 2026...
2026-08-26 14:18:20,813 [INFO]   -> 1 années récupérées pour KVUE
2026-08-26 14:18:20,815 [INFO] [270/503] KDP (Keurig Dr Pepper), depuis 2026...
2026-08-26 14:18:38,555 [INFO]   -> 1 années récupérées pour KDP
2026-08-26 14:18:38,555 [INFO] [271/503] KEY (KeyCorp), depuis 2026...
2026-08-26 14:19:45,260 [INFO]   -> 1 années récupérées pour KEY
2026-08-26 14:19:45,260 [INFO] [272/503] KEYS (Keysight Technologies), depuis 2026...
2026-08-26 14:19:56,744 [INFO]   -> 1 années récupérées pour KEYS
2026-08-26 14:19:56,744 [INFO] [273/503] KMB (Kimberly-Clark), depuis 2026...
2026-08-26 14:20:18,949 [INFO]   -> 1 années récupérées pour KMB
2026-08-26 14:20:18,950 [INFO] [274/503] KIM (Kimco Realty), depuis 2026...
2026-08-26 14:20:30,910 [INFO]   -> 1 années récupérées pour KIM
2026-08-26 14:20:30,910 [INFO] [275/503] KMI (Kinder Morgan), depuis 2026...
2026-08-26 14:21:10,033 [INFO]   -> 1 années récupérées pour KMI
2026-08-26 14:21:10,033 [INFO] [276/503] KKR (KKR & Co.), depuis 2026...
2026-08-26 14:21:33,834 [INFO]   -> 1 années récupérées pour KKR
2026-08-26 14:21:33,836 [INFO] [277/503] KLAC (KLA Corporation), depuis 2026...
2026-08-26 14:22:18,867 [INFO]   -> 1 années récupérées pour KLAC
2026-08-26 14:22:18,874 [INFO] [278/503] KHC (Kraft Heinz), depuis 2026...
2026-08-26 14:24:10,716 [INFO]   -> 1 années récupérées pour KHC
2026-08-26 14:24:10,717 [INFO] [279/503] KR (Kroger), depuis 2026...
2026-08-26 14:24:24,031 [INFO]   -> 1 années récupérées pour KR
2026-08-26 14:24:24,032 [INFO] [280/503] LHX (L3Harris), depuis 2026...
2026-08-26 14:24:36,438 [INFO]   -> 1 années récupérées pour LHX
2026-08-26 14:24:36,438 [INFO] [281/503] LH (Labcorp), depuis 2026...
2026-08-26 14:25:01,822 [INFO]   -> 1 années récupérées pour LH
2026-08-26 14:25:01,822 [INFO] [282/503] LRCX (Lam Research), depuis 2026...
2026-08-26 14:26:22,929 [INFO]   -> 1 années récupérées pour LRCX
2026-08-26 14:26:22,930 [INFO] [283/503] LVS (Las Vegas Sands), depuis 2026...
2026-08-26 14:26:40,450 [INFO]   -> 1 années récupérées pour LVS
2026-08-26 14:26:40,450 [INFO] [284/503] LDOS (Leidos), depuis 2026...
2026-08-26 14:26:52,756 [INFO]   -> 1 années récupérées pour LDOS
2026-08-26 14:26:52,756 [INFO] [285/503] LEN (Lennar), depuis 2026...
2026-08-26 14:27:23,860 [INFO] Warning 2103, reqId -1: Market data farm connection is broken:usfarm
2026-08-26 14:27:27,122 [INFO] Warning 2105, reqId -1: HMDS data farm connection is broken:ushmds
2026-08-26 14:27:27,128 [INFO] Warning 2106, reqId -1: HMDS data farm connection is OK:ushmds
2026-08-26 14:27:27,132 [INFO] Warning 2104, reqId -1: Market data farm connection is OK:usfarm
2026-08-26 14:46:21,731 [ERROR] Error 1100, reqId -1: Connectivity between IBKR and Trader Workstation has been lost.
2026-08-26 14:46:23,790 [INFO] Warning 2103, reqId -1: Market data farm connection is broken:eufarm
2026-08-26 14:46:25,512 [INFO] Warning 2103, reqId -1: Market data farm connection is broken:usopt
2026-08-26 14:46:26,690 [INFO] Warning 2103, reqId -1: Market data farm connection is broken:usfarm
2026-08-26 14:46:27,779 [INFO] Warning 2157, reqId -1: Sec-def data farm connection is broken:secdefeu
2026-08-26 14:46:28,967 [INFO] Warning 2105, reqId -1: HMDS data farm connection is broken:euhmds
2026-08-26 14:46:30,028 [INFO] Warning 2105, reqId -1: HMDS data farm connection is broken:ushmds
2026-08-26 14:46:30,034 [INFO] Warning 2106, reqId -1: HMDS data farm connection is OK:euhmds
2026-08-26 14:46:30,034 [INFO] Warning 2158, reqId -1: Sec-def data farm connection is OK:secdefeu
2026-08-26 14:46:30,039 [INFO] Warning 2106, reqId -1: HMDS data farm connection is OK:ushmds
2026-08-26 14:46:30,039 [INFO] Warning 2104, reqId -1: Market data farm connection is OK:eufarm
2026-08-26 14:46:30,040 [INFO] Warning 2104, reqId -1: Market data farm connection is OK:usopt
2026-08-26 14:46:30,041 [INFO] Warning 2104, reqId -1: Market data farm connection is OK:usfarm
2026-08-26 14:46:30,120 [ERROR] Error 1102, reqId -1: Connectivity between IBKR and Trader Workstation has been restored - data maintained. All data farms are connected: eufarm; usopt; usfarm; euhmds; ushmds; secdefeu.
2026-08-26 14:47:30,479 [WARNING] reqHistoricalData: Timeout for Contract(secType='STK', conId=9091, symbol='LEN', exchange='SMART', primaryExchange='NYSE', currency='USD', localSymbol='LEN', tradingClass='LEN')
2026-08-26 14:47:41,489 [ERROR] Error 162, reqId 574: Historical Market Data Service error message:API historical data query cancelled: 574, contract: Contract(secType='STK', conId=9091, symbol='LEN', exchange='SMART', primaryExchange='NYSE', currency='USD', localSymbol='LEN', tradingClass='LEN')
2026-08-26 14:48:43,565 [WARNING] reqHistoricalData: Timeout for Contract(secType='STK', conId=9091, symbol='LEN', exchange='SMART', primaryExchange='NYSE', currency='USD', localSymbol='LEN', tradingClass='LEN')
2026-08-26 14:48:54,567 [ERROR] Error 162, reqId 576: Historical Market Data Service error message:API historical data query cancelled: 576, contract: Contract(secType='STK', conId=9091, symbol='LEN', exchange='SMART', primaryExchange='NYSE', currency='USD', localSymbol='LEN', tradingClass='LEN')
2026-08-26 14:49:56,947 [WARNING] reqHistoricalData: Timeout for Contract(secType='STK', conId=9091, symbol='LEN', exchange='SMART', primaryExchange='NYSE', currency='USD', localSymbol='LEN', tradingClass='LEN')
2026-08-26 14:50:07,950 [ERROR] Error 162, reqId 578: Historical Market Data Service error message:API historical data query cancelled: 578, contract: Contract(secType='STK', conId=9091, symbol='LEN', exchange='SMART', primaryExchange='NYSE', currency='USD', localSymbol='LEN', tradingClass='LEN')
2026-08-26 14:51:10,162 [WARNING] reqHistoricalData: Timeout for Contract(secType='STK', conId=9091, symbol='LEN', exchange='SMART', primaryExchange='NYSE', currency='USD', localSymbol='LEN', tradingClass='LEN')
2026-08-26 14:51:21,164 [WARNING]   -> ECHEC pour LEN : Aucune donnée historique récupérée pour LEN (ticker ignoré, on continue)
2026-08-26 14:51:21,165 [INFO] [286/503] LII (Lennox International), depuis 2026...
2026-08-26 14:51:21,166 [ERROR] Error 162, reqId 580: Historical Market Data Service error message:API historical data query cancelled: 580, contract: Contract(secType='STK', conId=9091, symbol='LEN', exchange='SMART', primaryExchange='NYSE', currency='USD', localSymbol='LEN', tradingClass='LEN')
2026-08-26 14:52:21,327 [WARNING] reqHistoricalData: Timeout for Contract(secType='STK', conId=6608113, symbol='LII', exchange='SMART', primaryExchange='NYSE', currency='USD', localSymbol='LII', tradingClass='LII')
2026-08-26 14:52:32,329 [ERROR] Error 162, reqId 582: Historical Market Data Service error message:API historical data query cancelled: 582, contract: Contract(secType='STK', conId=6608113, symbol='LII', exchange='SMART', primaryExchange='NYSE', currency='USD', localSymbol='LII', tradingClass='LII')
2026-08-26 14:53:34,507 [WARNING] reqHistoricalData: Timeout for Contract(secType='STK', conId=6608113, symbol='LII', exchange='SMART', primaryExchange='NYSE', currency='USD', localSymbol='LII', tradingClass='LII')
2026-08-26 14:53:45,508 [ERROR] Error 162, reqId 584: Historical Market Data Service error message:API historical data query cancelled: 584, contract: Contract(secType='STK', conId=6608113, symbol='LII', exchange='SMART', primaryExchange='NYSE', currency='USD', localSymbol='LII', tradingClass='LII')
2026-08-26 14:54:47,691 [WARNING] reqHistoricalData: Timeout for Contract(secType='STK', conId=6608113, symbol='LII', exchange='SMART', primaryExchange='NYSE', currency='USD', localSymbol='LII', tradingClass='LII')
2026-08-26 14:54:58,695 [ERROR] Error 162, reqId 586: Historical Market Data Service error message:API historical data query cancelled: 586, contract: Contract(secType='STK', conId=6608113, symbol='LII', exchange='SMART', primaryExchange='NYSE', currency='USD', localSymbol='LII', tradingClass='LII')
2026-08-26 14:56:00,778 [WARNING] reqHistoricalData: Timeout for Contract(secType='STK', conId=6608113, symbol='LII', exchange='SMART', primaryExchange='NYSE', currency='USD', localSymbol='LII', tradingClass='LII')
2026-08-26 14:56:11,779 [WARNING]   -> ECHEC pour LII : Aucune donnée historique récupérée pour LII (ticker ignoré, on continue)
2026-08-26 14:56:11,780 [INFO] [287/503] LLY (Lilly (Eli)), depuis 2026...
2026-08-26 14:56:11,782 [ERROR] Error 162, reqId 588: Historical Market Data Service error message:API historical data query cancelled: 588, contract: Contract(secType='STK', conId=6608113, symbol='LII', exchange='SMART', primaryExchange='NYSE', currency='USD', localSymbol='LII', tradingClass='LII')
2026-08-26 14:57:11,890 [WARNING] reqHistoricalData: Timeout for Contract(secType='STK', conId=9160, symbol='LLY', exchange='SMART', primaryExchange='NYSE', currency='USD', localSymbol='LLY', tradingClass='LLY')
2026-08-26 14:57:22,892 [ERROR] Error 162, reqId 590: Historical Market Data Service error message:API historical data query cancelled: 590, contract: Contract(secType='STK', conId=9160, symbol='LLY', exchange='SMART', primaryExchange='NYSE', currency='USD', localSymbol='LLY', tradingClass='LLY')
2026-08-26 14:58:25,741 [WARNING] reqHistoricalData: Timeout for Contract(secType='STK', conId=9160, symbol='LLY', exchange='SMART', primaryExchange='NYSE', currency='USD', localSymbol='LLY', tradingClass='LLY')
2026-08-26 14:58:36,743 [ERROR] Error 162, reqId 592: Historical Market Data Service error message:API historical data query cancelled: 592, contract: Contract(secType='STK', conId=9160, symbol='LLY', exchange='SMART', primaryExchange='NYSE', currency='USD', localSymbol='LLY', tradingClass='LLY')
2026-08-26 14:59:38,820 [WARNING] reqHistoricalData: Timeout for Contract(secType='STK', conId=9160, symbol='LLY', exchange='SMART', primaryExchange='NYSE', currency='USD', localSymbol='LLY', tradingClass='LLY')
2026-08-26 14:59:49,823 [ERROR] Error 162, reqId 594: Historical Market Data Service error message:API historical data query cancelled: 594, contract: Contract(secType='STK', conId=9160, symbol='LLY', exchange='SMART', primaryExchange='NYSE', currency='USD', localSymbol='LLY', tradingClass='LLY')
2026-08-26 15:00:51,902 [WARNING] reqHistoricalData: Timeout for Contract(secType='STK', conId=9160, symbol='LLY', exchange='SMART', primaryExchange='NYSE', currency='USD', localSymbol='LLY', tradingClass='LLY')
2026-08-26 15:01:02,905 [WARNING]   -> ECHEC pour LLY : Aucune donnée historique récupérée pour LLY (ticker ignoré, on continue)
2026-08-26 15:01:02,906 [INFO] [288/503] LIN (Linde plc), depuis 2026...
2026-08-26 15:01:02,908 [ERROR] Error 162, reqId 596: Historical Market Data Service error message:API historical data query cancelled: 596, contract: Contract(secType='STK', conId=9160, symbol='LLY', exchange='SMART', primaryExchange='NYSE', currency='USD', localSymbol='LLY', tradingClass='LLY')
2026-08-26 15:02:02,967 [WARNING] reqHistoricalData: Timeout for Contract(secType='STK', conId=617155599, symbol='LIN', exchange='SMART', primaryExchange='NASDAQ', currency='USD', localSymbol='LIN', tradingClass='NMS')
2026-08-26 15:02:13,970 [ERROR] Error 162, reqId 598: Historical Market Data Service error message:API historical data query cancelled: 598, contract: Contract(secType='STK', conId=617155599, symbol='LIN', exchange='SMART', primaryExchange='NASDAQ', currency='USD', localSymbol='LIN', tradingClass='NMS')
2026-08-26 15:03:16,168 [WARNING] reqHistoricalData: Timeout for Contract(secType='STK', conId=617155599, symbol='LIN', exchange='SMART', primaryExchange='NASDAQ', currency='USD', localSymbol='LIN', tradingClass='NMS')
2026-08-26 15:03:27,171 [ERROR] Error 162, reqId 600: Historical Market Data Service error message:API historical data query cancelled: 600, contract: Contract(secType='STK', conId=617155599, symbol='LIN', exchange='SMART', primaryExchange='NASDAQ', currency='USD', localSymbol='LIN', tradingClass='NMS')
2026-08-26 15:04:29,549 [WARNING] reqHistoricalData: Timeout for Contract(secType='STK', conId=617155599, symbol='LIN', exchange='SMART', primaryExchange='NASDAQ', currency='USD', localSymbol='LIN', tradingClass='NMS')
2026-08-26 15:04:40,550 [ERROR] Error 162, reqId 602: Historical Market Data Service error message:API historical data query cancelled: 602, contract: Contract(secType='STK', conId=617155599, symbol='LIN', exchange='SMART', primaryExchange='NASDAQ', currency='USD', localSymbol='LIN', tradingClass='NMS')
2026-08-26 15:05:43,616 [WARNING] reqHistoricalData: Timeout for Contract(secType='STK', conId=617155599, symbol='LIN', exchange='SMART', primaryExchange='NASDAQ', currency='USD', localSymbol='LIN', tradingClass='NMS')
2026-08-26 15:05:54,617 [WARNING]   -> ECHEC pour LIN : Aucune donnée historique récupérée pour LIN (ticker ignoré, on continue)
2026-08-26 15:05:54,618 [INFO] [289/503] LYV (Live Nation Entertainment), depuis 2026...
2026-08-26 15:05:54,620 [ERROR] Error 162, reqId 604: Historical Market Data Service error message:API historical data query cancelled: 604, contract: Contract(secType='STK', conId=617155599, symbol='LIN', exchange='SMART', primaryExchange='NASDAQ', currency='USD', localSymbol='LIN', tradingClass='NMS')
2026-08-26 15:06:54,684 [WARNING] reqHistoricalData: Timeout for Contract(secType='STK', conId=37511786, symbol='LYV', exchange='SMART', primaryExchange='NYSE', currency='USD', localSymbol='LYV', tradingClass='LYV')
2026-08-26 15:07:05,687 [ERROR] Error 162, reqId 606: Historical Market Data Service error message:API historical data query cancelled: 606, contract: Contract(secType='STK', conId=37511786, symbol='LYV', exchange='SMART', primaryExchange='NYSE', currency='USD', localSymbol='LYV', tradingClass='LYV')
2026-08-26 15:08:07,764 [WARNING] reqHistoricalData: Timeout for Contract(secType='STK', conId=37511786, symbol='LYV', exchange='SMART', primaryExchange='NYSE', currency='USD', localSymbol='LYV', tradingClass='LYV')
2026-08-26 15:08:18,766 [ERROR] Error 162, reqId 608: Historical Market Data Service error message:API historical data query cancelled: 608, contract: Contract(secType='STK', conId=37511786, symbol='LYV', exchange='SMART', primaryExchange='NYSE', currency='USD', localSymbol='LYV', tradingClass='LYV')
2026-08-26 15:09:22,430 [WARNING] reqHistoricalData: Timeout for Contract(secType='STK', conId=37511786, symbol='LYV', exchange='SMART', primaryExchange='NYSE', currency='USD', localSymbol='LYV', tradingClass='LYV')
2026-08-26 15:09:33,579 [ERROR] Error 162, reqId 610: Historical Market Data Service error message:API historical data query cancelled: 610, contract: Contract(secType='STK', conId=37511786, symbol='LYV', exchange='SMART', primaryExchange='NYSE', currency='USD', localSymbol='LYV', tradingClass='LYV')
2026-08-26 15:14:55,182 [WARNING] reqHistoricalData: Timeout for Contract(secType='STK', conId=37511786, symbol='LYV', exchange='SMART', primaryExchange='NYSE', currency='USD', localSymbol='LYV', tradingClass='LYV')
2026-08-26 15:15:06,329 [WARNING]   -> ECHEC pour LYV : Aucune donnée historique récupérée pour LYV (ticker ignoré, on continue)
2026-08-26 15:15:06,416 [INFO] [290/503] LMT (Lockheed Martin), depuis 2026...
2026-08-26 15:15:06,417 [ERROR] Error 162, reqId 612: Historical Market Data Service error message:API historical data query cancelled: 612, contract: Contract(secType='STK', conId=37511786, symbol='LYV', exchange='SMART', primaryExchange='NYSE', currency='USD', localSymbol='LYV', tradingClass='LYV')
2026-08-26 15:16:17,553 [WARNING] reqHistoricalData: Timeout for Contract(secType='STK', conId=611191, symbol='LMT', exchange='SMART', primaryExchange='NYSE', currency='USD', localSymbol='LMT', tradingClass='LMT')
2026-08-26 15:16:28,554 [ERROR] Error 162, reqId 614: Historical Market Data Service error message:API historical data query cancelled: 614, contract: Contract(secType='STK', conId=611191, symbol='LMT', exchange='SMART', primaryExchange='NYSE', currency='USD', localSymbol='LMT', tradingClass='LMT')
2026-08-26 15:17:30,801 [WARNING] reqHistoricalData: Timeout for Contract(secType='STK', conId=611191, symbol='LMT', exchange='SMART', primaryExchange='NYSE', currency='USD', localSymbol='LMT', tradingClass='LMT')
2026-08-26 15:17:41,943 [ERROR] Error 162, reqId 616: Historical Market Data Service error message:API historical data query cancelled: 616, contract: Contract(secType='STK', conId=611191, symbol='LMT', exchange='SMART', primaryExchange='NYSE', currency='USD', localSymbol='LMT', tradingClass='LMT')
2026-08-26 15:18:46,898 [WARNING] reqHistoricalData: Timeout for Contract(secType='STK', conId=611191, symbol='LMT', exchange='SMART', primaryExchange='NYSE', currency='USD', localSymbol='LMT', tradingClass='LMT')
2026-08-26 15:18:57,910 [ERROR] Error 162, reqId 618: Historical Market Data Service error message:API historical data query cancelled: 618, contract: Contract(secType='STK', conId=611191, symbol='LMT', exchange='SMART', primaryExchange='NYSE', currency='USD', localSymbol='LMT', tradingClass='LMT')
2026-08-26 15:19:59,990 [WARNING] reqHistoricalData: Timeout for Contract(secType='STK', conId=611191, symbol='LMT', exchange='SMART', primaryExchange='NYSE', currency='USD', localSymbol='LMT', tradingClass='LMT')
2026-08-26 15:20:10,993 [WARNING]   -> ECHEC pour LMT : Aucune donnée historique récupérée pour LMT (ticker ignoré, on continue)
2026-08-26 15:20:10,995 [INFO] [291/503] L (Loews Corporation), depuis 2026...
2026-08-26 15:20:10,997 [ERROR] Error 162, reqId 620: Historical Market Data Service error message:API historical data query cancelled: 620, contract: Contract(secType='STK', conId=611191, symbol='LMT', exchange='SMART', primaryExchange='NYSE', currency='USD', localSymbol='LMT', tradingClass='LMT')
2026-08-26 15:21:11,202 [WARNING] reqHistoricalData: Timeout for Contract(secType='STK', conId=9252, symbol='L', exchange='SMART', primaryExchange='NYSE', currency='USD', localSymbol='L', tradingClass='L')
2026-08-26 15:21:22,205 [ERROR] Error 162, reqId 622: Historical Market Data Service error message:API historical data query cancelled: 622, contract: Contract(secType='STK', conId=9252, symbol='L', exchange='SMART', primaryExchange='NYSE', currency='USD', localSymbol='L', tradingClass='L')
2026-08-26 15:22:24,452 [WARNING] reqHistoricalData: Timeout for Contract(secType='STK', conId=9252, symbol='L', exchange='SMART', primaryExchange='NYSE', currency='USD', localSymbol='L', tradingClass='L')
2026-08-26 15:22:35,454 [ERROR] Error 162, reqId 624: Historical Market Data Service error message:API historical data query cancelled: 624, contract: Contract(secType='STK', conId=9252, symbol='L', exchange='SMART', primaryExchange='NYSE', currency='USD', localSymbol='L', tradingClass='L')
2026-08-26 15:23:39,703 [WARNING] reqHistoricalData: Timeout for Contract(secType='STK', conId=9252, symbol='L', exchange='SMART', primaryExchange='NYSE', currency='USD', localSymbol='L', tradingClass='L')
2026-08-26 15:23:50,832 [ERROR] Error 162, reqId 626: Historical Market Data Service error message:API historical data query cancelled: 626, contract: Contract(secType='STK', conId=9252, symbol='L', exchange='SMART', primaryExchange='NYSE', currency='USD', localSymbol='L', tradingClass='L')
2026-08-26 15:24:54,359 [WARNING] reqHistoricalData: Timeout for Contract(secType='STK', conId=9252, symbol='L', exchange='SMART', primaryExchange='NYSE', currency='USD', localSymbol='L', tradingClass='L')
2026-08-26 15:25:05,365 [WARNING]   -> ECHEC pour L : Aucune donnée historique récupérée pour L (ticker ignoré, on continue)
2026-08-26 15:25:05,366 [INFO] [292/503] LOW (Lowe's), depuis 2026...
2026-08-26 15:25:05,881 [ERROR] Error 162, reqId 628: Historical Market Data Service error message:API historical data query cancelled: 628, contract: Contract(secType='STK', conId=9252, symbol='L', exchange='SMART', primaryExchange='NYSE', currency='USD', localSymbol='L', tradingClass='L')
2026-08-26 15:26:09,656 [WARNING] reqHistoricalData: Timeout for Contract(secType='STK', conId=9199, symbol='LOW', exchange='SMART', primaryExchange='NYSE', currency='USD', localSymbol='LOW', tradingClass='LOW')
2026-08-26 15:26:20,658 [ERROR] Error 162, reqId 630: Historical Market Data Service error message:API historical data query cancelled: 630, contract: Contract(secType='STK', conId=9199, symbol='LOW', exchange='SMART', primaryExchange='NYSE', currency='USD', localSymbol='LOW', tradingClass='LOW')
2026-08-26 15:27:22,965 [WARNING] reqHistoricalData: Timeout for Contract(secType='STK', conId=9199, symbol='LOW', exchange='SMART', primaryExchange='NYSE', currency='USD', localSymbol='LOW', tradingClass='LOW')
2026-08-26 15:27:33,967 [ERROR] Error 162, reqId 632: Historical Market Data Service error message:API historical data query cancelled: 632, contract: Contract(secType='STK', conId=9199, symbol='LOW', exchange='SMART', primaryExchange='NYSE', currency='USD', localSymbol='LOW', tradingClass='LOW')
2026-08-26 15:28:40,494 [WARNING] reqHistoricalData: Timeout for Contract(secType='STK', conId=9199, symbol='LOW', exchange='SMART', primaryExchange='NYSE', currency='USD', localSymbol='LOW', tradingClass='LOW')
2026-08-26 15:28:51,657 [ERROR] Error 162, reqId 634: Historical Market Data Service error message:API historical data query cancelled: 634, contract: Contract(secType='STK', conId=9199, symbol='LOW', exchange='SMART', primaryExchange='NYSE', currency='USD', localSymbol='LOW', tradingClass='LOW')
2026-08-26 15:29:53,732 [WARNING] reqHistoricalData: Timeout for Contract(secType='STK', conId=9199, symbol='LOW', exchange='SMART', primaryExchange='NYSE', currency='USD', localSymbol='LOW', tradingClass='LOW')
2026-08-26 15:30:04,733 [WARNING]   -> ECHEC pour LOW : Aucune donnée historique récupérée pour LOW (ticker ignoré, on continue)
2026-08-26 15:30:04,735 [INFO] [293/503] LULU (Lululemon Athletica), depuis 2026...
2026-08-26 15:30:04,737 [ERROR] Error 162, reqId 636: Historical Market Data Service error message:API historical data query cancelled: 636, contract: Contract(secType='STK', conId=9199, symbol='LOW', exchange='SMART', primaryExchange='NYSE', currency='USD', localSymbol='LOW', tradingClass='LOW')
2026-08-26 15:31:04,818 [WARNING] reqHistoricalData: Timeout for Contract(secType='STK', conId=45157951, symbol='LULU', exchange='SMART', primaryExchange='NASDAQ', currency='USD', localSymbol='LULU', tradingClass='NMS')
2026-08-26 15:31:15,821 [ERROR] Error 162, reqId 638: Historical Market Data Service error message:API historical data query cancelled: 638, contract: Contract(secType='STK', conId=45157951, symbol='LULU', exchange='SMART', primaryExchange='NASDAQ', currency='USD', localSymbol='LULU', tradingClass='NMS')
2026-08-26 15:32:18,595 [WARNING] reqHistoricalData: Timeout for Contract(secType='STK', conId=45157951, symbol='LULU', exchange='SMART', primaryExchange='NASDAQ', currency='USD', localSymbol='LULU', tradingClass='NMS')
2026-08-26 15:32:29,596 [ERROR] Error 162, reqId 640: Historical Market Data Service error message:API historical data query cancelled: 640, contract: Contract(secType='STK', conId=45157951, symbol='LULU', exchange='SMART', primaryExchange='NASDAQ', currency='USD', localSymbol='LULU', tradingClass='NMS')
2026-08-26 15:33:32,047 [WARNING] reqHistoricalData: Timeout for Contract(secType='STK', conId=45157951, symbol='LULU', exchange='SMART', primaryExchange='NASDAQ', currency='USD', localSymbol='LULU', tradingClass='NMS')
2026-08-26 15:33:43,052 [ERROR] Error 162, reqId 642: Historical Market Data Service error message:API historical data query cancelled: 642, contract: Contract(secType='STK', conId=45157951, symbol='LULU', exchange='SMART', primaryExchange='NASDAQ', currency='USD', localSymbol='LULU', tradingClass='NMS')
2026-08-26 15:34:45,136 [WARNING] reqHistoricalData: Timeout for Contract(secType='STK', conId=45157951, symbol='LULU', exchange='SMART', primaryExchange='NASDAQ', currency='USD', localSymbol='LULU', tradingClass='NMS')
2026-08-26 15:34:56,333 [WARNING]   -> ECHEC pour LULU : Aucune donnée historique récupérée pour LULU (ticker ignoré, on continue)
2026-08-26 15:34:56,475 [INFO] [294/503] LITE (Lumentum), depuis 2026...
2026-08-26 15:34:56,477 [ERROR] Error 162, reqId 644: Historical Market Data Service error message:API historical data query cancelled: 644, contract: Contract(secType='STK', conId=45157951, symbol='LULU', exchange='SMART', primaryExchange='NASDAQ', currency='USD', localSymbol='LULU', tradingClass='NMS')
2026-08-26 15:35:57,794 [WARNING] reqHistoricalData: Timeout for Contract(secType='STK', conId=201113895, symbol='LITE', exchange='SMART', primaryExchange='NASDAQ', currency='USD', localSymbol='LITE', tradingClass='NMS')
2026-08-26 15:36:08,882 [ERROR] Error 162, reqId 646: Historical Market Data Service error message:API historical data query cancelled: 646, contract: Contract(secType='STK', conId=201113895, symbol='LITE', exchange='SMART', primaryExchange='NASDAQ', currency='USD', localSymbol='LITE', tradingClass='NMS')
2026-08-26 15:37:13,198 [WARNING] reqHistoricalData: Timeout for Contract(secType='STK', conId=201113895, symbol='LITE', exchange='SMART', primaryExchange='NASDAQ', currency='USD', localSymbol='LITE', tradingClass='NMS')
2026-08-26 15:37:24,201 [ERROR] Error 162, reqId 648: Historical Market Data Service error message:API historical data query cancelled: 648, contract: Contract(secType='STK', conId=201113895, symbol='LITE', exchange='SMART', primaryExchange='NASDAQ', currency='USD', localSymbol='LITE', tradingClass='NMS')
2026-08-26 15:38:26,281 [WARNING] reqHistoricalData: Timeout for Contract(secType='STK', conId=201113895, symbol='LITE', exchange='SMART', primaryExchange='NASDAQ', currency='USD', localSymbol='LITE', tradingClass='NMS')
2026-08-26 15:38:37,471 [ERROR] Error 162, reqId 650: Historical Market Data Service error message:API historical data query cancelled: 650, contract: Contract(secType='STK', conId=201113895, symbol='LITE', exchange='SMART', primaryExchange='NASDAQ', currency='USD', localSymbol='LITE', tradingClass='NMS')
2026-08-26 15:39:41,120 [WARNING] reqHistoricalData: Timeout for Contract(secType='STK', conId=201113895, symbol='LITE', exchange='SMART', primaryExchange='NASDAQ', currency='USD', localSymbol='LITE', tradingClass='NMS')
2026-08-26 15:39:52,237 [WARNING]   -> ECHEC pour LITE : Aucune donnée historique récupérée pour LITE (ticker ignoré, on continue)
2026-08-26 15:39:52,238 [INFO] [295/503] LYB (LyondellBasell), depuis 2026...
2026-08-26 15:39:52,239 [ERROR] Error 366, reqId 652: No historical data query found for ticker id:652, contract: Contract(secType='STK', conId=201113895, symbol='LITE', exchange='SMART', primaryExchange='NASDAQ', currency='USD', localSymbol='LITE', tradingClass='NMS')
2026-08-26 15:40:53,472 [WARNING] reqHistoricalData: Timeout for Contract(secType='STK', conId=74866700, symbol='LYB', exchange='SMART', primaryExchange='NYSE', currency='USD', localSymbol='LYB', tradingClass='LYB')
2026-08-26 15:41:04,668 [ERROR] Error 366, reqId 654: No historical data query found for ticker id:654, contract: Contract(secType='STK', conId=74866700, symbol='LYB', exchange='SMART', primaryExchange='NYSE', currency='USD', localSymbol='LYB', tradingClass='LYB')
2026-08-26 15:42:07,089 [WARNING] reqHistoricalData: Timeout for Contract(secType='STK', conId=74866700, symbol='LYB', exchange='SMART', primaryExchange='NYSE', currency='USD', localSymbol='LYB', tradingClass='LYB')
2026-08-26 15:42:19,674 [ERROR] Error 366, reqId 656: No historical data query found for ticker id:656, contract: Contract(secType='STK', conId=74866700, symbol='LYB', exchange='SMART', primaryExchange='NYSE', currency='USD', localSymbol='LYB', tradingClass='LYB')
2026-08-26 15:43:28,064 [WARNING] reqHistoricalData: Timeout for Contract(secType='STK', conId=74866700, symbol='LYB', exchange='SMART', primaryExchange='NYSE', currency='USD', localSymbol='LYB', tradingClass='LYB')
2026-08-26 15:43:39,066 [ERROR] Error 366, reqId 658: No historical data query found for ticker id:658, contract: Contract(secType='STK', conId=74866700, symbol='LYB', exchange='SMART', primaryExchange='NYSE', currency='USD', localSymbol='LYB', tradingClass='LYB')
2026-08-26 15:44:45,665 [WARNING] reqHistoricalData: Timeout for Contract(secType='STK', conId=74866700, symbol='LYB', exchange='SMART', primaryExchange='NYSE', currency='USD', localSymbol='LYB', tradingClass='LYB')
2026-08-26 15:44:56,799 [WARNING]   -> ECHEC pour LYB : Aucune donnée historique récupérée pour LYB (ticker ignoré, on continue)
2026-08-26 15:44:56,850 [INFO] [296/503] MTB (M&T Bank), depuis 2026...
2026-08-26 15:44:56,889 [ERROR] Error 366, reqId 660: No historical data query found for ticker id:660, contract: Contract(secType='STK', conId=74866700, symbol='LYB', exchange='SMART', primaryExchange='NYSE', currency='USD', localSymbol='LYB', tradingClass='LYB')
2026-08-26 15:45:59,676 [WARNING] reqHistoricalData: Timeout for Contract(secType='STK', conId=2585323, symbol='MTB', exchange='SMART', primaryExchange='NYSE', currency='USD', localSymbol='MTB', tradingClass='MTB')
2026-08-26 15:46:10,816 [ERROR] Error 366, reqId 662: No historical data query found for ticker id:662, contract: Contract(secType='STK', conId=2585323, symbol='MTB', exchange='SMART', primaryExchange='NYSE', currency='USD', localSymbol='MTB', tradingClass='MTB')
2026-08-26 15:47:18,235 [WARNING] reqHistoricalData: Timeout for Contract(secType='STK', conId=2585323, symbol='MTB', exchange='SMART', primaryExchange='NYSE', currency='USD', localSymbol='MTB', tradingClass='MTB')
2026-08-26 15:47:29,241 [ERROR] Error 366, reqId 664: No historical data query found for ticker id:664, contract: Contract(secType='STK', conId=2585323, symbol='MTB', exchange='SMART', primaryExchange='NYSE', currency='USD', localSymbol='MTB', tradingClass='MTB')
2026-08-26 15:48:31,331 [WARNING] reqHistoricalData: Timeout for Contract(secType='STK', conId=2585323, symbol='MTB', exchange='SMART', primaryExchange='NYSE', currency='USD', localSymbol='MTB', tradingClass='MTB')
2026-08-26 15:48:31,341 [ERROR] Error 366, reqId 666: No historical data query found for ticker id:666, contract: Contract(secType='STK', conId=2585323, symbol='MTB', exchange='SMART', primaryExchange='NYSE', currency='USD', localSymbol='MTB', tradingClass='MTB')
2026-08-26 15:49:44,595 [WARNING] reqHistoricalData: Timeout for Contract(secType='STK', conId=2585323, symbol='MTB', exchange='SMART', primaryExchange='NYSE', currency='USD', localSymbol='MTB', tradingClass='MTB')
2026-08-26 15:49:55,598 [WARNING]   -> ECHEC pour MTB : Aucune donnée historique récupérée pour MTB (ticker ignoré, on continue)
2026-08-26 15:49:55,599 [INFO] [297/503] MPC (Marathon Petroleum), depuis 2026...
2026-08-26 15:49:55,748 [ERROR] Error 366, reqId 668: No historical data query found for ticker id:668, contract: Contract(secType='STK', conId=2585323, symbol='MTB', exchange='SMART', primaryExchange='NYSE', currency='USD', localSymbol='MTB', tradingClass='MTB')
2026-08-26 15:50:56,332 [WARNING] reqHistoricalData: Timeout for Contract(secType='STK', conId=89495776, symbol='MPC', exchange='SMART', primaryExchange='NYSE', currency='USD', localSymbol='MPC', tradingClass='MPC')
2026-08-26 15:51:07,337 [ERROR] Error 366, reqId 670: No historical data query found for ticker id:670, contract: Contract(secType='STK', conId=89495776, symbol='MPC', exchange='SMART', primaryExchange='NYSE', currency='USD', localSymbol='MPC', tradingClass='MPC')
2026-08-26 15:52:10,308 [WARNING] reqHistoricalData: Timeout for Contract(secType='STK', conId=89495776, symbol='MPC', exchange='SMART', primaryExchange='NYSE', currency='USD', localSymbol='MPC', tradingClass='MPC')
2026-08-26 15:52:21,324 [ERROR] Error 366, reqId 672: No historical data query found for ticker id:672, contract: Contract(secType='STK', conId=89495776, symbol='MPC', exchange='SMART', primaryExchange='NYSE', currency='USD', localSymbol='MPC', tradingClass='MPC')
2026-08-26 15:53:23,412 [WARNING] reqHistoricalData: Timeout for Contract(secType='STK', conId=89495776, symbol='MPC', exchange='SMART', primaryExchange='NYSE', currency='USD', localSymbol='MPC', tradingClass='MPC')
2026-08-26 15:53:34,415 [ERROR] Error 366, reqId 674: No historical data query found for ticker id:674, contract: Contract(secType='STK', conId=89495776, symbol='MPC', exchange='SMART', primaryExchange='NYSE', currency='USD', localSymbol='MPC', tradingClass='MPC')
2026-08-26 15:54:36,525 [WARNING] reqHistoricalData: Timeout for Contract(secType='STK', conId=89495776, symbol='MPC', exchange='SMART', primaryExchange='NYSE', currency='USD', localSymbol='MPC', tradingClass='MPC')
2026-08-26 15:54:47,589 [WARNING]   -> ECHEC pour MPC : Aucune donnée historique récupérée pour MPC (ticker ignoré, on continue)
2026-08-26 15:54:47,591 [INFO] [298/503] MAR (Marriott International), depuis 2026...
2026-08-26 15:54:47,592 [ERROR] Error 366, reqId 676: No historical data query found for ticker id:676, contract: Contract(secType='STK', conId=89495776, symbol='MPC', exchange='SMART', primaryExchange='NYSE', currency='USD', localSymbol='MPC', tradingClass='MPC')
2026-08-26 15:55:48,639 [WARNING] reqHistoricalData: Timeout for Contract(secType='STK', conId=9358, symbol='MAR', exchange='SMART', primaryExchange='NASDAQ', currency='USD', localSymbol='MAR', tradingClass='NMS')
2026-08-26 15:55:59,642 [ERROR] Error 366, reqId 678: No historical data query found for ticker id:678, contract: Contract(secType='STK', conId=9358, symbol='MAR', exchange='SMART', primaryExchange='NASDAQ', currency='USD', localSymbol='MAR', tradingClass='NMS')
2026-08-26 15:57:01,721 [WARNING] reqHistoricalData: Timeout for Contract(secType='STK', conId=9358, symbol='MAR', exchange='SMART', primaryExchange='NASDAQ', currency='USD', localSymbol='MAR', tradingClass='NMS')
2026-08-26 15:57:12,726 [ERROR] Error 366, reqId 680: No historical data query found for ticker id:680, contract: Contract(secType='STK', conId=9358, symbol='MAR', exchange='SMART', primaryExchange='NASDAQ', currency='USD', localSymbol='MAR', tradingClass='NMS')
2026-08-26 15:58:17,262 [WARNING] reqHistoricalData: Timeout for Contract(secType='STK', conId=9358, symbol='MAR', exchange='SMART', primaryExchange='NASDAQ', currency='USD', localSymbol='MAR', tradingClass='NMS')
2026-08-26 15:58:28,264 [ERROR] Error 366, reqId 682: No historical data query found for ticker id:682, contract: Contract(secType='STK', conId=9358, symbol='MAR', exchange='SMART', primaryExchange='NASDAQ', currency='USD', localSymbol='MAR', tradingClass='NMS')
2026-08-26 15:59:30,499 [WARNING] reqHistoricalData: Timeout for Contract(secType='STK', conId=9358, symbol='MAR', exchange='SMART', primaryExchange='NASDAQ', currency='USD', localSymbol='MAR', tradingClass='NMS')
2026-08-26 15:59:41,502 [WARNING]   -> ECHEC pour MAR : Aucune donnée historique récupérée pour MAR (ticker ignoré, on continue)
2026-08-26 15:59:41,503 [INFO] [299/503] MRSH (Marsh McLennan), depuis 2026...
2026-08-26 15:59:41,508 [ERROR] Error 366, reqId 684: No historical data query found for ticker id:684, contract: Contract(secType='STK', conId=9358, symbol='MAR', exchange='SMART', primaryExchange='NASDAQ', currency='USD', localSymbol='MAR', tradingClass='NMS')
2026-08-26 16:00:41,712 [WARNING] reqHistoricalData: Timeout for Contract(secType='STK', conId=9705, symbol='MRSH', exchange='SMART', primaryExchange='NYSE', currency='USD', localSymbol='MRSH', tradingClass='MRSH')
2026-08-26 16:00:52,919 [ERROR] Error 366, reqId 686: No historical data query found for ticker id:686, contract: Contract(secType='STK', conId=9705, symbol='MRSH', exchange='SMART', primaryExchange='NYSE', currency='USD', localSymbol='MRSH', tradingClass='MRSH')
2026-08-26 16:01:55,429 [WARNING] reqHistoricalData: Timeout for Contract(secType='STK', conId=9705, symbol='MRSH', exchange='SMART', primaryExchange='NYSE', currency='USD', localSymbol='MRSH', tradingClass='MRSH')
2026-08-26 16:02:06,433 [ERROR] Error 366, reqId 688: No historical data query found for ticker id:688, contract: Contract(secType='STK', conId=9705, symbol='MRSH', exchange='SMART', primaryExchange='NYSE', currency='USD', localSymbol='MRSH', tradingClass='MRSH')
2026-08-26 16:03:08,759 [WARNING] reqHistoricalData: Timeout for Contract(secType='STK', conId=9705, symbol='MRSH', exchange='SMART', primaryExchange='NYSE', currency='USD', localSymbol='MRSH', tradingClass='MRSH')
2026-08-26 16:03:19,811 [ERROR] Error 366, reqId 690: No historical data query found for ticker id:690, contract: Contract(secType='STK', conId=9705, symbol='MRSH', exchange='SMART', primaryExchange='NYSE', currency='USD', localSymbol='MRSH', tradingClass='MRSH')
2026-08-26 16:04:27,997 [WARNING] reqHistoricalData: Timeout for Contract(secType='STK', conId=9705, symbol='MRSH', exchange='SMART', primaryExchange='NYSE', currency='USD', localSymbol='MRSH', tradingClass='MRSH')
2026-08-26 16:04:39,000 [WARNING]   -> ECHEC pour MRSH : Aucune donnée historique récupérée pour MRSH (ticker ignoré, on continue)
2026-08-26 16:04:39,000 [INFO] [300/503] MLM (Martin Marietta Materials), depuis 2026...
2026-08-26 16:04:39,123 [ERROR] Error 366, reqId 692: No historical data query found for ticker id:692, contract: Contract(secType='STK', conId=9705, symbol='MRSH', exchange='SMART', primaryExchange='NYSE', currency='USD', localSymbol='MRSH', tradingClass='MRSH')
2026-08-26 16:05:43,389 [WARNING] reqHistoricalData: Timeout for Contract(secType='STK', conId=9690, symbol='MLM', exchange='SMART', primaryExchange='NYSE', currency='USD', localSymbol='MLM', tradingClass='MLM')
2026-08-26 16:05:54,392 [ERROR] Error 366, reqId 694: No historical data query found for ticker id:694, contract: Contract(secType='STK', conId=9690, symbol='MLM', exchange='SMART', primaryExchange='NYSE', currency='USD', localSymbol='MLM', tradingClass='MLM')
2026-08-26 16:06:56,599 [WARNING] reqHistoricalData: Timeout for Contract(secType='STK', conId=9690, symbol='MLM', exchange='SMART', primaryExchange='NYSE', currency='USD', localSymbol='MLM', tradingClass='MLM')
2026-08-26 16:07:07,779 [ERROR] Error 366, reqId 696: No historical data query found for ticker id:696, contract: Contract(secType='STK', conId=9690, symbol='MLM', exchange='SMART', primaryExchange='NYSE', currency='USD', localSymbol='MLM', tradingClass='MLM')
2026-08-26 16:08:10,000 [WARNING] reqHistoricalData: Timeout for Contract(secType='STK', conId=9690, symbol='MLM', exchange='SMART', primaryExchange='NYSE', currency='USD', localSymbol='MLM', tradingClass='MLM')
2026-08-26 16:08:21,152 [ERROR] Error 366, reqId 698: No historical data query found for ticker id:698, contract: Contract(secType='STK', conId=9690, symbol='MLM', exchange='SMART', primaryExchange='NYSE', currency='USD', localSymbol='MLM', tradingClass='MLM')
2026-08-26 16:09:31,633 [WARNING] reqHistoricalData: Timeout for Contract(secType='STK', conId=9690, symbol='MLM', exchange='SMART', primaryExchange='NYSE', currency='USD', localSymbol='MLM', tradingClass='MLM')
2026-08-26 16:09:42,636 [WARNING]   -> ECHEC pour MLM : Aucune donnée historique récupérée pour MLM (ticker ignoré, on continue)
2026-08-26 16:09:42,638 [INFO] [301/503] MRVL (Marvell Technology), depuis 2026...
2026-08-26 16:09:42,640 [ERROR] Error 366, reqId 700: No historical data query found for ticker id:700, contract: Contract(secType='STK', conId=9690, symbol='MLM', exchange='SMART', primaryExchange='NYSE', currency='USD', localSymbol='MLM', tradingClass='MLM')
2026-08-26 16:10:43,388 [WARNING] reqHistoricalData: Timeout for Contract(secType='STK', conId=483492393, symbol='MRVL', exchange='SMART', primaryExchange='NASDAQ', currency='USD', localSymbol='MRVL', tradingClass='NMS')
2026-08-26 16:10:54,445 [ERROR] Error 366, reqId 702: No historical data query found for ticker id:702, contract: Contract(secType='STK', conId=483492393, symbol='MRVL', exchange='SMART', primaryExchange='NASDAQ', currency='USD', localSymbol='MRVL', tradingClass='NMS')
2026-08-26 16:11:58,281 [WARNING] reqHistoricalData: Timeout for Contract(secType='STK', conId=483492393, symbol='MRVL', exchange='SMART', primaryExchange='NASDAQ', currency='USD', localSymbol='MRVL', tradingClass='NMS')
2026-08-26 16:12:09,288 [ERROR] Error 366, reqId 704: No historical data query found for ticker id:704, contract: Contract(secType='STK', conId=483492393, symbol='MRVL', exchange='SMART', primaryExchange='NASDAQ', currency='USD', localSymbol='MRVL', tradingClass='NMS')
2026-08-26 16:13:12,291 [WARNING] reqHistoricalData: Timeout for Contract(secType='STK', conId=483492393, symbol='MRVL', exchange='SMART', primaryExchange='NASDAQ', currency='USD', localSymbol='MRVL', tradingClass='NMS')
2026-08-26 16:13:23,307 [ERROR] Error 366, reqId 706: No historical data query found for ticker id:706, contract: Contract(secType='STK', conId=483492393, symbol='MRVL', exchange='SMART', primaryExchange='NASDAQ', currency='USD', localSymbol='MRVL', tradingClass='NMS')
2026-08-26 16:14:28,834 [WARNING] reqHistoricalData: Timeout for Contract(secType='STK', conId=483492393, symbol='MRVL', exchange='SMART', primaryExchange='NASDAQ', currency='USD', localSymbol='MRVL', tradingClass='NMS')
2026-08-26 16:14:39,835 [WARNING]   -> ECHEC pour MRVL : Aucune donnée historique récupérée pour MRVL (ticker ignoré, on continue)
2026-08-26 16:14:39,836 [INFO] [302/503] MAS (Masco), depuis 2026...
2026-08-26 16:14:39,837 [ERROR] Error 366, reqId 708: No historical data query found for ticker id:708, contract: Contract(secType='STK', conId=483492393, symbol='MRVL', exchange='SMART', primaryExchange='NASDAQ', currency='USD', localSymbol='MRVL', tradingClass='NMS')
2026-08-26 16:15:39,909 [WARNING] reqHistoricalData: Timeout for Contract(secType='STK', conId=9360, symbol='MAS', exchange='SMART', primaryExchange='NYSE', currency='USD', localSymbol='MAS', tradingClass='MAS')
2026-08-26 16:15:50,916 [ERROR] Error 366, reqId 710: No historical data query found for ticker id:710, contract: Contract(secType='STK', conId=9360, symbol='MAS', exchange='SMART', primaryExchange='NYSE', currency='USD', localSymbol='MAS', tradingClass='MAS')
2026-08-26 16:16:53,280 [WARNING] reqHistoricalData: Timeout for Contract(secType='STK', conId=9360, symbol='MAS', exchange='SMART', primaryExchange='NYSE', currency='USD', localSymbol='MAS', tradingClass='MAS')
2026-08-26 16:17:04,282 [ERROR] Error 366, reqId 712: No historical data query found for ticker id:712, contract: Contract(secType='STK', conId=9360, symbol='MAS', exchange='SMART', primaryExchange='NYSE', currency='USD', localSymbol='MAS', tradingClass='MAS')
2026-08-26 16:18:08,992 [WARNING] reqHistoricalData: Timeout for Contract(secType='STK', conId=9360, symbol='MAS', exchange='SMART', primaryExchange='NYSE', currency='USD', localSymbol='MAS', tradingClass='MAS')
2026-08-26 16:18:19,997 [ERROR] Error 366, reqId 714: No historical data query found for ticker id:714, contract: Contract(secType='STK', conId=9360, symbol='MAS', exchange='SMART', primaryExchange='NYSE', currency='USD', localSymbol='MAS', tradingClass='MAS')
2026-08-26 16:19:22,517 [WARNING] reqHistoricalData: Timeout for Contract(secType='STK', conId=9360, symbol='MAS', exchange='SMART', primaryExchange='NYSE', currency='USD', localSymbol='MAS', tradingClass='MAS')
2026-08-26 16:19:33,519 [WARNING]   -> ECHEC pour MAS : Aucune donnée historique récupérée pour MAS (ticker ignoré, on continue)
2026-08-26 16:19:33,520 [INFO] [303/503] MA (Mastercard), depuis 2026...
2026-08-26 16:19:33,522 [ERROR] Error 366, reqId 716: No historical data query found for ticker id:716, contract: Contract(secType='STK', conId=9360, symbol='MAS', exchange='SMART', primaryExchange='NYSE', currency='USD', localSymbol='MAS', tradingClass='MAS')
2026-08-26 16:20:36,986 [WARNING] reqHistoricalData: Timeout for Contract(secType='STK', conId=38685693, symbol='MA', exchange='SMART', primaryExchange='NYSE', currency='USD', localSymbol='MA', tradingClass='MA')
2026-08-26 16:20:48,131 [ERROR] Error 366, reqId 718: No historical data query found for ticker id:718, contract: Contract(secType='STK', conId=38685693, symbol='MA', exchange='SMART', primaryExchange='NYSE', currency='USD', localSymbol='MA', tradingClass='MA')
2026-08-26 16:21:51,467 [WARNING] reqHistoricalData: Timeout for Contract(secType='STK', conId=38685693, symbol='MA', exchange='SMART', primaryExchange='NYSE', currency='USD', localSymbol='MA', tradingClass='MA')
2026-08-26 16:22:02,572 [ERROR] Error 366, reqId 720: No historical data query found for ticker id:720, contract: Contract(secType='STK', conId=38685693, symbol='MA', exchange='SMART', primaryExchange='NYSE', currency='USD', localSymbol='MA', tradingClass='MA')
2026-08-26 16:23:11,416 [WARNING] reqHistoricalData: Timeout for Contract(secType='STK', conId=38685693, symbol='MA', exchange='SMART', primaryExchange='NYSE', currency='USD', localSymbol='MA', tradingClass='MA')
2026-08-26 16:23:22,625 [ERROR] Error 366, reqId 722: No historical data query found for ticker id:722, contract: Contract(secType='STK', conId=38685693, symbol='MA', exchange='SMART', primaryExchange='NYSE', currency='USD', localSymbol='MA', tradingClass='MA')
2026-08-26 16:24:25,902 [WARNING] reqHistoricalData: Timeout for Contract(secType='STK', conId=38685693, symbol='MA', exchange='SMART', primaryExchange='NYSE', currency='USD', localSymbol='MA', tradingClass='MA')
2026-08-26 16:24:37,144 [WARNING]   -> ECHEC pour MA : Aucune donnée historique récupérée pour MA (ticker ignoré, on continue)
2026-08-26 16:24:37,145 [INFO] [304/503] MKC (McCormick & Company), depuis 2026...
2026-08-26 16:24:37,147 [ERROR] Error 366, reqId 724: No historical data query found for ticker id:724, contract: Contract(secType='STK', conId=38685693, symbol='MA', exchange='SMART', primaryExchange='NYSE', currency='USD', localSymbol='MA', tradingClass='MA')
2026-08-26 16:25:41,040 [WARNING] reqHistoricalData: Timeout for Contract(secType='STK', conId=271556, symbol='MKC', exchange='SMART', primaryExchange='NYSE', currency='USD', localSymbol='MKC', tradingClass='MKC')
2026-08-26 16:26:06,442 [ERROR] Error 366, reqId 726: No historical data query found for ticker id:726, contract: Contract(secType='STK', conId=271556, symbol='MKC', exchange='SMART', primaryExchange='NYSE', currency='USD', localSymbol='MKC', tradingClass='MKC')
2026-08-26 16:27:12,138 [WARNING] reqHistoricalData: Timeout for Contract(secType='STK', conId=271556, symbol='MKC', exchange='SMART', primaryExchange='NYSE', currency='USD', localSymbol='MKC', tradingClass='MKC')
2026-08-26 16:27:25,487 [ERROR] Error 366, reqId 728: No historical data query found for ticker id:728, contract: Contract(secType='STK', conId=271556, symbol='MKC', exchange='SMART', primaryExchange='NYSE', currency='USD', localSymbol='MKC', tradingClass='MKC')
2026-08-26 16:28:39,311 [WARNING] reqHistoricalData: Timeout for Contract(secType='STK', conId=271556, symbol='MKC', exchange='SMART', primaryExchange='NYSE', currency='USD', localSymbol='MKC', tradingClass='MKC')
2026-08-26 16:28:50,313 [ERROR] Error 366, reqId 730: No historical data query found for ticker id:730, contract: Contract(secType='STK', conId=271556, symbol='MKC', exchange='SMART', primaryExchange='NYSE', currency='USD', localSymbol='MKC', tradingClass='MKC')
2026-08-26 16:29:54,631 [WARNING] reqHistoricalData: Timeout for Contract(secType='STK', conId=271556, symbol='MKC', exchange='SMART', primaryExchange='NYSE', currency='USD', localSymbol='MKC', tradingClass='MKC')
2026-08-26 16:30:05,701 [WARNING]   -> ECHEC pour MKC : Aucune donnée historique récupérée pour MKC (ticker ignoré, on continue)
2026-08-26 16:30:05,702 [INFO] [305/503] MCD (McDonald's), depuis 2026...
2026-08-26 16:30:05,704 [ERROR] Error 366, reqId 732: No historical data query found for ticker id:732, contract: Contract(secType='STK', conId=271556, symbol='MKC', exchange='SMART', primaryExchange='NYSE', currency='USD', localSymbol='MKC', tradingClass='MKC')
2026-08-26 16:31:05,889 [WARNING] reqHistoricalData: Timeout for Contract(secType='STK', conId=9408, symbol='MCD', exchange='SMART', primaryExchange='NYSE', currency='USD', localSymbol='MCD', tradingClass='MCD')
2026-08-26 16:31:16,892 [ERROR] Error 366, reqId 734: No historical data query found for ticker id:734, contract: Contract(secType='STK', conId=9408, symbol='MCD', exchange='SMART', primaryExchange='NYSE', currency='USD', localSymbol='MCD', tradingClass='MCD')
2026-08-26 16:32:19,011 [WARNING] reqHistoricalData: Timeout for Contract(secType='STK', conId=9408, symbol='MCD', exchange='SMART', primaryExchange='NYSE', currency='USD', localSymbol='MCD', tradingClass='MCD')
2026-08-26 16:32:30,012 [ERROR] Error 366, reqId 736: No historical data query found for ticker id:736, contract: Contract(secType='STK', conId=9408, symbol='MCD', exchange='SMART', primaryExchange='NYSE', currency='USD', localSymbol='MCD', tradingClass='MCD')
2026-08-26 16:33:36,281 [WARNING] reqHistoricalData: Timeout for Contract(secType='STK', conId=9408, symbol='MCD', exchange='SMART', primaryExchange='NYSE', currency='USD', localSymbol='MCD', tradingClass='MCD')
2026-08-26 16:33:52,751 [ERROR] Error 366, reqId 738: No historical data query found for ticker id:738, contract: Contract(secType='STK', conId=9408, symbol='MCD', exchange='SMART', primaryExchange='NYSE', currency='USD', localSymbol='MCD', tradingClass='MCD')
2026-08-26 16:34:54,925 [WARNING] reqHistoricalData: Timeout for Contract(secType='STK', conId=9408, symbol='MCD', exchange='SMART', primaryExchange='NYSE', currency='USD', localSymbol='MCD', tradingClass='MCD')
2026-08-26 16:35:05,928 [WARNING]   -> ECHEC pour MCD : Aucune donnée historique récupérée pour MCD (ticker ignoré, on continue)
2026-08-26 16:35:05,930 [INFO] [306/503] MCK (McKesson Corporation), depuis 2026...
2026-08-26 16:35:05,932 [ERROR] Error 366, reqId 740: No historical data query found for ticker id:740, contract: Contract(secType='STK', conId=9408, symbol='MCD', exchange='SMART', primaryExchange='NYSE', currency='USD', localSymbol='MCD', tradingClass='MCD')
2026-08-26 16:36:06,019 [WARNING] reqHistoricalData: Timeout for Contract(secType='STK', conId=9657, symbol='MCK', exchange='SMART', primaryExchange='NYSE', currency='USD', localSymbol='MCK', tradingClass='MCK')
2026-08-26 16:36:17,033 [ERROR] Error 366, reqId 742: No historical data query found for ticker id:742, contract: Contract(secType='STK', conId=9657, symbol='MCK', exchange='SMART', primaryExchange='NYSE', currency='USD', localSymbol='MCK', tradingClass='MCK')
2026-08-26 16:36:17,034 [ERROR] Error 1100, reqId -1: Connectivity between IBKR and Trader Workstation has been lost.
2026-08-26 16:36:58,839 [INFO] Warning 2105, reqId -1: HMDS data farm connection is broken:euhmds
2026-08-26 16:37:06,913 [INFO] Warning 2103, reqId -1: Market data farm connection is broken:usopt
2026-08-26 16:37:10,075 [INFO] Warning 2103, reqId -1: Market data farm connection is broken:usfarm
2026-08-26 16:37:13,241 [INFO] Warning 2157, reqId -1: Sec-def data farm connection is broken:secdefeu
2026-08-26 16:37:16,535 [INFO] Warning 2105, reqId -1: HMDS data farm connection is broken:ushmds
2026-08-26 16:37:17,695 [INFO] Warning 2103, reqId -1: Market data farm connection is broken:eufarm
2026-08-26 18:45:00,699 [ERROR] Peer closed connection.
2026-08-26 18:45:04,839 [WARNING]   -> ECHEC pour MCK : Impossible de résoudre le contrat pour MCK (SMART) (ticker ignoré, on continue)
2026-08-26 18:45:04,839 [INFO] [307/503] MDT (Medtronic), depuis 2026...
2026-08-26 18:45:10,865 [WARNING]   -> ECHEC pour MDT : Impossible de résoudre le contrat pour MDT (SMART) (ticker ignoré, on continue)
2026-08-26 18:45:10,867 [INFO] [308/503] MRK (Merck & Co.), depuis 2026...
2026-08-26 18:45:16,901 [WARNING]   -> ECHEC pour MRK : Impossible de résoudre le contrat pour MRK (SMART) (ticker ignoré, on continue)
2026-08-26 18:45:16,902 [INFO] [309/503] META (Meta Platforms), depuis 2026...
2026-08-26 18:45:22,933 [WARNING]   -> ECHEC pour META : Impossible de résoudre le contrat pour META (SMART) (ticker ignoré, on continue)
2026-08-26 18:45:22,934 [INFO] [310/503] MET (MetLife), depuis 2026...
2026-08-26 18:45:28,956 [WARNING]   -> ECHEC pour MET : Impossible de résoudre le contrat pour MET (SMART) (ticker ignoré, on continue)
2026-08-26 18:45:28,958 [INFO] [311/503] MTD (Mettler Toledo), depuis 2026...
2026-08-26 18:45:34,979 [WARNING]   -> ECHEC pour MTD : Impossible de résoudre le contrat pour MTD (SMART) (ticker ignoré, on continue)
2026-08-26 18:45:34,980 [INFO] [312/503] MGM (MGM Resorts), depuis 2026...
2026-08-26 18:45:41,021 [WARNING]   -> ECHEC pour MGM : Impossible de résoudre le contrat pour MGM (SMART) (ticker ignoré, on continue)
2026-08-26 18:45:41,021 [INFO] [313/503] MCHP (Microchip Technology), depuis 2026...
2026-08-26 18:45:47,076 [WARNING]   -> ECHEC pour MCHP : Impossible de résoudre le contrat pour MCHP (SMART) (ticker ignoré, on continue)
2026-08-26 18:45:47,077 [INFO] [314/503] MU (Micron Technology), depuis 2026...
2026-08-26 18:45:53,109 [WARNING]   -> ECHEC pour MU : Impossible de résoudre le contrat pour MU (SMART) (ticker ignoré, on continue)
2026-08-26 18:45:53,110 [INFO] [315/503] MSFT (Microsoft), depuis 2026...
2026-08-26 18:45:59,169 [WARNING]   -> ECHEC pour MSFT : Impossible de résoudre le contrat pour MSFT (SMART) (ticker ignoré, on continue)
2026-08-26 18:45:59,171 [INFO] [316/503] MAA (Mid-America Apartment Communities), depuis 2026...
2026-08-26 18:46:05,206 [WARNING]   -> ECHEC pour MAA : Impossible de résoudre le contrat pour MAA (SMART) (ticker ignoré, on continue)
2026-08-26 18:46:05,206 [INFO] [317/503] MRNA (Moderna), depuis 2026...
2026-08-26 18:46:11,246 [WARNING]   -> ECHEC pour MRNA : Impossible de résoudre le contrat pour MRNA (SMART) (ticker ignoré, on continue)
2026-08-26 18:46:11,249 [INFO] [318/503] TAP (Molson Coors Beverage Company), depuis 2026...
2026-08-26 18:46:17,285 [WARNING]   -> ECHEC pour TAP : Impossible de résoudre le contrat pour TAP (SMART) (ticker ignoré, on continue)
2026-08-26 18:46:17,286 [INFO] [319/503] MDLZ (Mondelez International), depuis 2026...
2026-08-26 18:46:23,309 [WARNING]   -> ECHEC pour MDLZ : Impossible de résoudre le contrat pour MDLZ (SMART) (ticker ignoré, on continue)
2026-08-26 18:46:23,310 [INFO] [320/503] MPWR (Monolithic Power Systems), depuis 2026...
2026-08-26 18:46:29,341 [WARNING]   -> ECHEC pour MPWR : Impossible de résoudre le contrat pour MPWR (SMART) (ticker ignoré, on continue)
2026-08-26 18:46:29,342 [INFO] [321/503] MNST (Monster Beverage), depuis 2026...
2026-08-26 18:46:35,362 [WARNING]   -> ECHEC pour MNST : Impossible de résoudre le contrat pour MNST (SMART) (ticker ignoré, on continue)
2026-08-26 18:46:35,364 [INFO] [322/503] MCO (Moody's Corporation), depuis 2026...
2026-08-26 18:46:41,393 [WARNING]   -> ECHEC pour MCO : Impossible de résoudre le contrat pour MCO (SMART) (ticker ignoré, on continue)
2026-08-26 18:46:41,395 [INFO] [323/503] MS (Morgan Stanley), depuis 2026...
2026-08-26 18:46:47,446 [WARNING]   -> ECHEC pour MS : Impossible de résoudre le contrat pour MS (SMART) (ticker ignoré, on continue)
2026-08-26 18:46:47,447 [INFO] [324/503] MOS (Mosaic Company (The)), depuis 2026...
2026-08-26 18:46:53,479 [WARNING]   -> ECHEC pour MOS : Impossible de résoudre le contrat pour MOS (SMART) (ticker ignoré, on continue)
2026-08-26 18:46:53,481 [INFO] [325/503] MSI (Motorola Solutions), depuis 2026...
2026-08-26 18:46:59,508 [WARNING]   -> ECHEC pour MSI : Impossible de résoudre le contrat pour MSI (SMART) (ticker ignoré, on continue)
2026-08-26 18:46:59,516 [INFO] [326/503] MSCI (MSCI), depuis 2026...
2026-08-26 18:47:05,551 [WARNING]   -> ECHEC pour MSCI : Impossible de résoudre le contrat pour MSCI (SMART) (ticker ignoré, on continue)
2026-08-26 18:47:05,552 [INFO] [327/503] NDAQ (Nasdaq, Inc.), depuis 2026...
2026-08-26 18:47:11,606 [WARNING]   -> ECHEC pour NDAQ : Impossible de résoudre le contrat pour NDAQ (SMART) (ticker ignoré, on continue)
2026-08-26 18:47:11,608 [INFO] [328/503] NTAP (NetApp), depuis 2026...
2026-08-26 18:47:17,650 [WARNING]   -> ECHEC pour NTAP : Impossible de résoudre le contrat pour NTAP (SMART) (ticker ignoré, on continue)
2026-08-26 18:47:17,652 [INFO] [329/503] NFLX (Netflix), depuis 2026...
2026-08-26 18:47:23,677 [WARNING]   -> ECHEC pour NFLX : Impossible de résoudre le contrat pour NFLX (SMART) (ticker ignoré, on continue)
2026-08-26 18:47:23,678 [INFO] [330/503] NEM (Newmont), depuis 2026...
2026-08-26 18:47:29,698 [WARNING]   -> ECHEC pour NEM : Impossible de résoudre le contrat pour NEM (SMART) (ticker ignoré, on continue)
2026-08-26 18:47:29,698 [INFO] [331/503] NWSA (News Corp (Class A)), depuis 2026...
2026-08-26 18:47:35,715 [WARNING]   -> ECHEC pour NWSA : Impossible de résoudre le contrat pour NWSA (SMART) (ticker ignoré, on continue)
2026-08-26 18:47:35,716 [INFO] [332/503] NWS (News Corp (Class B)), depuis 2026...
2026-08-26 18:47:41,732 [WARNING]   -> ECHEC pour NWS : Impossible de résoudre le contrat pour NWS (SMART) (ticker ignoré, on continue)
2026-08-26 18:47:41,732 [INFO] [333/503] NEE (NextEra Energy), depuis 2026...
2026-08-26 18:47:47,795 [WARNING]   -> ECHEC pour NEE : Impossible de résoudre le contrat pour NEE (SMART) (ticker ignoré, on continue)
2026-08-26 18:47:47,809 [INFO] [334/503] NKE (Nike, Inc.), depuis 2026...
2026-08-26 18:47:53,838 [WARNING]   -> ECHEC pour NKE : Impossible de résoudre le contrat pour NKE (SMART) (ticker ignoré, on continue)
2026-08-26 18:47:53,840 [INFO] [335/503] NI (NiSource), depuis 2026...
2026-08-26 18:47:59,875 [WARNING]   -> ECHEC pour NI : Impossible de résoudre le contrat pour NI (SMART) (ticker ignoré, on continue)
2026-08-26 18:47:59,876 [INFO] [336/503] NDSN (Nordson Corporation), depuis 2026...
2026-08-26 18:48:05,896 [WARNING]   -> ECHEC pour NDSN : Impossible de résoudre le contrat pour NDSN (SMART) (ticker ignoré, on continue)
2026-08-26 18:48:05,898 [INFO] [337/503] NSC (Norfolk Southern), depuis 2026...
2026-08-26 18:48:11,919 [WARNING]   -> ECHEC pour NSC : Impossible de résoudre le contrat pour NSC (SMART) (ticker ignoré, on continue)
2026-08-26 18:48:11,920 [INFO] [338/503] NTRS (Northern Trust), depuis 2026...
2026-08-26 18:48:17,958 [WARNING]   -> ECHEC pour NTRS : Impossible de résoudre le contrat pour NTRS (SMART) (ticker ignoré, on continue)
2026-08-26 18:48:17,959 [INFO] [339/503] NOC (Northrop Grumman), depuis 2026...
2026-08-26 18:48:23,991 [WARNING]   -> ECHEC pour NOC : Impossible de résoudre le contrat pour NOC (SMART) (ticker ignoré, on continue)
2026-08-26 18:48:23,993 [INFO] [340/503] NCLH (Norwegian Cruise Line Holdings), depuis 2026...
2026-08-26 18:48:30,009 [WARNING]   -> ECHEC pour NCLH : Impossible de résoudre le contrat pour NCLH (SMART) (ticker ignoré, on continue)
2026-08-26 18:48:30,011 [INFO] [341/503] NRG (NRG Energy), depuis 2026...
2026-08-26 18:48:36,067 [WARNING]   -> ECHEC pour NRG : Impossible de résoudre le contrat pour NRG (SMART) (ticker ignoré, on continue)
2026-08-26 18:48:36,069 [INFO] [342/503] NUE (Nucor), depuis 2026...
2026-08-26 18:48:42,110 [WARNING]   -> ECHEC pour NUE : Impossible de résoudre le contrat pour NUE (SMART) (ticker ignoré, on continue)
2026-08-26 18:48:42,112 [INFO] [343/503] NVDA (Nvidia), depuis 2026...
2026-08-26 18:48:48,159 [WARNING]   -> ECHEC pour NVDA : Impossible de résoudre le contrat pour NVDA (SMART) (ticker ignoré, on continue)
2026-08-26 18:48:48,160 [INFO] [344/503] NVR (NVR, Inc.), depuis 2026...
2026-08-26 18:48:54,194 [WARNING]   -> ECHEC pour NVR : Impossible de résoudre le contrat pour NVR (SMART) (ticker ignoré, on continue)
2026-08-26 18:48:54,195 [INFO] [345/503] NXPI (NXP Semiconductors), depuis 2026...
2026-08-26 18:49:00,214 [WARNING]   -> ECHEC pour NXPI : Impossible de résoudre le contrat pour NXPI (SMART) (ticker ignoré, on continue)
2026-08-26 18:49:00,216 [INFO] [346/503] ORLY (O'Reilly Automotive), depuis 2026...
2026-08-26 18:49:06,235 [WARNING]   -> ECHEC pour ORLY : Impossible de résoudre le contrat pour ORLY (SMART) (ticker ignoré, on continue)
2026-08-26 18:49:06,237 [INFO] [347/503] OXY (Occidental Petroleum), depuis 2026...
2026-08-26 18:49:12,251 [WARNING]   -> ECHEC pour OXY : Impossible de résoudre le contrat pour OXY (SMART) (ticker ignoré, on continue)
2026-08-26 18:49:12,253 [INFO] [348/503] ODFL (Old Dominion), depuis 2026...
2026-08-26 18:49:18,268 [WARNING]   -> ECHEC pour ODFL : Impossible de résoudre le contrat pour ODFL (SMART) (ticker ignoré, on continue)
2026-08-26 18:49:18,301 [INFO] [349/503] OMC (Omnicom Group), depuis 2026...
2026-08-26 18:49:24,342 [WARNING]   -> ECHEC pour OMC : Impossible de résoudre le contrat pour OMC (SMART) (ticker ignoré, on continue)
2026-08-26 18:49:24,381 [INFO] [350/503] ON (ON Semiconductor), depuis 2026...
2026-08-26 18:49:30,397 [WARNING]   -> ECHEC pour ON : Impossible de résoudre le contrat pour ON (SMART) (ticker ignoré, on continue)
2026-08-26 18:49:30,398 [INFO] [351/503] OKE (Oneok), depuis 2026...
2026-08-26 18:49:36,409 [WARNING]   -> ECHEC pour OKE : Impossible de résoudre le contrat pour OKE (SMART) (ticker ignoré, on continue)
2026-08-26 18:49:36,410 [INFO] [352/503] ORCL (Oracle Corporation), depuis 2026...
2026-08-26 18:49:42,436 [WARNING]   -> ECHEC pour ORCL : Impossible de résoudre le contrat pour ORCL (SMART) (ticker ignoré, on continue)
2026-08-26 18:49:42,437 [INFO] [353/503] OTIS (Otis Worldwide), depuis 2026...
2026-08-26 18:49:48,467 [WARNING]   -> ECHEC pour OTIS : Impossible de résoudre le contrat pour OTIS (SMART) (ticker ignoré, on continue)
2026-08-26 18:49:48,469 [INFO] [354/503] PCAR (Paccar), depuis 2026...
2026-08-26 18:49:54,515 [WARNING]   -> ECHEC pour PCAR : Impossible de résoudre le contrat pour PCAR (SMART) (ticker ignoré, on continue)
2026-08-26 18:49:54,517 [INFO] [355/503] PKG (Packaging Corporation of America), depuis 2026...
2026-08-26 18:50:00,563 [WARNING]   -> ECHEC pour PKG : Impossible de résoudre le contrat pour PKG (SMART) (ticker ignoré, on continue)
2026-08-26 18:50:00,565 [INFO] [356/503] PLTR (Palantir Technologies), depuis 2026...
2026-08-26 18:50:06,578 [WARNING]   -> ECHEC pour PLTR : Impossible de résoudre le contrat pour PLTR (SMART) (ticker ignoré, on continue)
2026-08-26 18:50:06,580 [INFO] [357/503] PANW (Palo Alto Networks), depuis 2026...
2026-08-26 18:50:12,601 [WARNING]   -> ECHEC pour PANW : Impossible de résoudre le contrat pour PANW (SMART) (ticker ignoré, on continue)
2026-08-26 18:50:12,603 [INFO] [358/503] PSKY (Paramount Skydance Corporation), depuis 2026...
2026-08-26 18:50:18,621 [WARNING]   -> ECHEC pour PSKY : Impossible de résoudre le contrat pour PSKY (SMART) (ticker ignoré, on continue)
2026-08-26 18:50:18,640 [INFO] [359/503] PH (Parker Hannifin), depuis 2026...
2026-08-26 18:50:24,651 [WARNING]   -> ECHEC pour PH : Impossible de résoudre le contrat pour PH (SMART) (ticker ignoré, on continue)
2026-08-26 18:50:24,652 [INFO] [360/503] PAYX (Paychex), depuis 2026...
2026-08-26 18:50:30,673 [WARNING]   -> ECHEC pour PAYX : Impossible de résoudre le contrat pour PAYX (SMART) (ticker ignoré, on continue)
2026-08-26 18:50:30,681 [INFO] [361/503] PYPL (PayPal), depuis 2026...
2026-08-26 18:50:36,701 [WARNING]   -> ECHEC pour PYPL : Impossible de résoudre le contrat pour PYPL (SMART) (ticker ignoré, on continue)
2026-08-26 18:50:36,703 [INFO] [362/503] PNR (Pentair), depuis 2026...
2026-08-26 18:50:42,725 [WARNING]   -> ECHEC pour PNR : Impossible de résoudre le contrat pour PNR (SMART) (ticker ignoré, on continue)
2026-08-26 18:50:42,727 [INFO] [363/503] PEP (PepsiCo), depuis 2026...
2026-08-26 18:50:48,739 [WARNING]   -> ECHEC pour PEP : Impossible de résoudre le contrat pour PEP (SMART) (ticker ignoré, on continue)
2026-08-26 18:50:48,743 [INFO] [364/503] PFE (Pfizer), depuis 2026...
2026-08-26 18:50:54,799 [WARNING]   -> ECHEC pour PFE : Impossible de résoudre le contrat pour PFE (SMART) (ticker ignoré, on continue)
2026-08-26 18:50:54,800 [INFO] [365/503] PCG (PG&E Corporation), depuis 2026...
2026-08-26 18:51:00,821 [WARNING]   -> ECHEC pour PCG : Impossible de résoudre le contrat pour PCG (SMART) (ticker ignoré, on continue)
2026-08-26 18:51:00,824 [INFO] [366/503] PM (Philip Morris International), depuis 2026...
2026-08-26 18:51:06,840 [WARNING]   -> ECHEC pour PM : Impossible de résoudre le contrat pour PM (SMART) (ticker ignoré, on continue)
2026-08-26 18:51:06,841 [INFO] [367/503] PSX (Phillips 66), depuis 2026...
2026-08-26 18:51:12,875 [WARNING]   -> ECHEC pour PSX : Impossible de résoudre le contrat pour PSX (SMART) (ticker ignoré, on continue)
2026-08-26 18:51:12,877 [INFO] [368/503] PNW (Pinnacle West Capital), depuis 2026...
2026-08-26 18:51:18,903 [WARNING]   -> ECHEC pour PNW : Impossible de résoudre le contrat pour PNW (SMART) (ticker ignoré, on continue)
2026-08-26 18:51:18,907 [INFO] [369/503] PNC (PNC Financial Services), depuis 2026...
2026-08-26 18:51:24,976 [WARNING]   -> ECHEC pour PNC : Impossible de résoudre le contrat pour PNC (SMART) (ticker ignoré, on continue)
2026-08-26 18:51:25,022 [INFO] [370/503] PPG (PPG Industries), depuis 2026...
2026-08-26 18:51:31,061 [WARNING]   -> ECHEC pour PPG : Impossible de résoudre le contrat pour PPG (SMART) (ticker ignoré, on continue)
2026-08-26 18:51:31,064 [INFO] [371/503] PPL (PPL Corporation), depuis 2026...
2026-08-26 18:51:37,087 [WARNING]   -> ECHEC pour PPL : Impossible de résoudre le contrat pour PPL (SMART) (ticker ignoré, on continue)
2026-08-26 18:51:37,089 [INFO] [372/503] PFG (Principal Financial Group), depuis 2026...
2026-08-26 18:51:43,133 [WARNING]   -> ECHEC pour PFG : Impossible de résoudre le contrat pour PFG (SMART) (ticker ignoré, on continue)
2026-08-26 18:51:43,134 [INFO] [373/503] PG (Procter & Gamble), depuis 2026...
2026-08-26 18:51:49,149 [WARNING]   -> ECHEC pour PG : Impossible de résoudre le contrat pour PG (SMART) (ticker ignoré, on continue)
2026-08-26 18:51:49,154 [INFO] [374/503] PGR (Progressive Corporation), depuis 2026...
2026-08-26 18:51:55,201 [WARNING]   -> ECHEC pour PGR : Impossible de résoudre le contrat pour PGR (SMART) (ticker ignoré, on continue)
2026-08-26 18:51:55,201 [INFO] [375/503] PLD (Prologis), depuis 2026...
2026-08-26 18:52:01,215 [WARNING]   -> ECHEC pour PLD : Impossible de résoudre le contrat pour PLD (SMART) (ticker ignoré, on continue)
2026-08-26 18:52:01,216 [INFO] [376/503] PRU (Prudential Financial), depuis 2026...
2026-08-26 18:52:07,242 [WARNING]   -> ECHEC pour PRU : Impossible de résoudre le contrat pour PRU (SMART) (ticker ignoré, on continue)
2026-08-26 18:52:07,243 [INFO] [377/503] PEG (Public Service Enterprise Group), depuis 2026...
2026-08-26 18:52:13,255 [WARNING]   -> ECHEC pour PEG : Impossible de résoudre le contrat pour PEG (SMART) (ticker ignoré, on continue)
2026-08-26 18:52:13,257 [INFO] [378/503] PTC (PTC Inc.), depuis 2026...
2026-08-26 18:52:19,277 [WARNING]   -> ECHEC pour PTC : Impossible de résoudre le contrat pour PTC (SMART) (ticker ignoré, on continue)
2026-08-26 18:52:19,312 [INFO] [379/503] PSA (Public Storage), depuis 2026...
2026-08-26 18:52:25,329 [WARNING]   -> ECHEC pour PSA : Impossible de résoudre le contrat pour PSA (SMART) (ticker ignoré, on continue)
2026-08-26 18:52:25,330 [INFO] [380/503] PHM (PulteGroup), depuis 2026...
2026-08-26 18:52:31,344 [WARNING]   -> ECHEC pour PHM : Impossible de résoudre le contrat pour PHM (SMART) (ticker ignoré, on continue)
2026-08-26 18:52:31,347 [INFO] [381/503] PWR (Quanta Services), depuis 2026...
2026-08-26 18:52:37,380 [WARNING]   -> ECHEC pour PWR : Impossible de résoudre le contrat pour PWR (SMART) (ticker ignoré, on continue)
2026-08-26 18:52:37,399 [INFO] [382/503] QCOM (Qualcomm), depuis 2026...
2026-08-26 18:52:43,420 [WARNING]   -> ECHEC pour QCOM : Impossible de résoudre le contrat pour QCOM (SMART) (ticker ignoré, on continue)
2026-08-26 18:52:43,422 [INFO] [383/503] DGX (Quest Diagnostics), depuis 2026...
2026-08-26 18:52:49,449 [WARNING]   -> ECHEC pour DGX : Impossible de résoudre le contrat pour DGX (SMART) (ticker ignoré, on continue)
2026-08-26 18:52:49,450 [INFO] [384/503] Q (Qnity Electronics), depuis 2026...
2026-08-26 18:52:55,474 [WARNING]   -> ECHEC pour Q : Impossible de résoudre le contrat pour Q (SMART) (ticker ignoré, on continue)
2026-08-26 18:52:55,475 [INFO] [385/503] RL (Ralph Lauren Corporation), depuis 2026...
2026-08-26 18:53:01,508 [WARNING]   -> ECHEC pour RL : Impossible de résoudre le contrat pour RL (SMART) (ticker ignoré, on continue)
2026-08-26 18:53:01,510 [INFO] [386/503] RJF (Raymond James Financial), depuis 2026...
2026-08-26 18:53:07,530 [WARNING]   -> ECHEC pour RJF : Impossible de résoudre le contrat pour RJF (SMART) (ticker ignoré, on continue)
2026-08-26 18:53:07,531 [INFO] [387/503] RDDT (Reddit), depuis 2010...
2026-08-26 18:53:13,576 [WARNING]   -> ECHEC pour RDDT : Impossible de résoudre le contrat pour RDDT (SMART) (ticker ignoré, on continue)
2026-08-26 18:53:13,578 [INFO] [388/503] RTX (RTX Corporation), depuis 2026...
2026-08-26 18:53:19,600 [WARNING]   -> ECHEC pour RTX : Impossible de résoudre le contrat pour RTX (SMART) (ticker ignoré, on continue)
2026-08-26 18:53:19,625 [INFO] [389/503] O (Realty Income), depuis 2026...
2026-08-26 18:53:25,685 [WARNING]   -> ECHEC pour O : Impossible de résoudre le contrat pour O (SMART) (ticker ignoré, on continue)
2026-08-26 18:53:25,686 [INFO] [390/503] REG (Regency Centers), depuis 2026...
2026-08-26 18:53:31,715 [WARNING]   -> ECHEC pour REG : Impossible de résoudre le contrat pour REG (SMART) (ticker ignoré, on continue)
2026-08-26 18:53:31,716 [INFO] [391/503] REGN (Regeneron Pharmaceuticals), depuis 2026...
2026-08-26 18:53:37,742 [WARNING]   -> ECHEC pour REGN : Impossible de résoudre le contrat pour REGN (SMART) (ticker ignoré, on continue)
2026-08-26 18:53:37,744 [INFO] [392/503] RF (Regions Financial Corporation), depuis 2026...
2026-08-26 18:53:43,771 [WARNING]   -> ECHEC pour RF : Impossible de résoudre le contrat pour RF (SMART) (ticker ignoré, on continue)
2026-08-26 18:53:43,773 [INFO] [393/503] RSG (Republic Services), depuis 2026...
2026-08-26 18:53:49,804 [WARNING]   -> ECHEC pour RSG : Impossible de résoudre le contrat pour RSG (SMART) (ticker ignoré, on continue)
2026-08-26 18:53:49,817 [INFO] [394/503] RMD (ResMed|), depuis 2026...
2026-08-26 18:53:55,850 [WARNING]   -> ECHEC pour RMD : Impossible de résoudre le contrat pour RMD (SMART) (ticker ignoré, on continue)
2026-08-26 18:53:55,851 [INFO] [395/503] RVTY (Revvity), depuis 2026...
2026-08-26 18:54:01,883 [WARNING]   -> ECHEC pour RVTY : Impossible de résoudre le contrat pour RVTY (SMART) (ticker ignoré, on continue)
2026-08-26 18:54:01,884 [INFO] [396/503] HOOD (Robinhood Markets), depuis 2026...
2026-08-26 18:54:07,916 [WARNING]   -> ECHEC pour HOOD : Impossible de résoudre le contrat pour HOOD (SMART) (ticker ignoré, on continue)
2026-08-26 18:54:07,918 [INFO] [397/503] ROK (Rockwell Automation), depuis 2026...
2026-08-26 18:54:13,938 [WARNING]   -> ECHEC pour ROK : Impossible de résoudre le contrat pour ROK (SMART) (ticker ignoré, on continue)
2026-08-26 18:54:13,940 [INFO] [398/503] ROL (Rollins, Inc.), depuis 2026...
2026-08-26 18:54:19,955 [WARNING]   -> ECHEC pour ROL : Impossible de résoudre le contrat pour ROL (SMART) (ticker ignoré, on continue)
2026-08-26 18:54:19,974 [INFO] [399/503] ROP (Roper Technologies), depuis 2026...
2026-08-26 18:54:26,009 [WARNING]   -> ECHEC pour ROP : Impossible de résoudre le contrat pour ROP (SMART) (ticker ignoré, on continue)
2026-08-26 18:54:26,015 [INFO] [400/503] ROST (Ross Stores), depuis 2026...
2026-08-26 18:54:32,040 [WARNING]   -> ECHEC pour ROST : Impossible de résoudre le contrat pour ROST (SMART) (ticker ignoré, on continue)
2026-08-26 18:54:32,041 [INFO] [401/503] RCL (Royal Caribbean Group), depuis 2026...
2026-08-26 18:54:38,058 [WARNING]   -> ECHEC pour RCL : Impossible de résoudre le contrat pour RCL (SMART) (ticker ignoré, on continue)
2026-08-26 18:54:38,060 [INFO] [402/503] SPGI (S&P Global), depuis 2026...
2026-08-26 18:54:44,080 [WARNING]   -> ECHEC pour SPGI : Impossible de résoudre le contrat pour SPGI (SMART) (ticker ignoré, on continue)
2026-08-26 18:54:44,081 [INFO] [403/503] CRM (Salesforce), depuis 2026...
2026-08-26 18:54:50,131 [WARNING]   -> ECHEC pour CRM : Impossible de résoudre le contrat pour CRM (SMART) (ticker ignoré, on continue)
2026-08-26 18:54:50,132 [INFO] [404/503] SNDK (Sandisk), depuis 2026...
2026-08-26 18:54:56,165 [WARNING]   -> ECHEC pour SNDK : Impossible de résoudre le contrat pour SNDK (SMART) (ticker ignoré, on continue)
2026-08-26 18:54:56,167 [INFO] [405/503] SBAC (SBA Communications), depuis 2026...
2026-08-26 18:55:02,182 [WARNING]   -> ECHEC pour SBAC : Impossible de résoudre le contrat pour SBAC (SMART) (ticker ignoré, on continue)
2026-08-26 18:55:02,182 [INFO] [406/503] SLB (Schlumberger), depuis 2026...
2026-08-26 18:55:08,198 [WARNING]   -> ECHEC pour SLB : Impossible de résoudre le contrat pour SLB (SMART) (ticker ignoré, on continue)
2026-08-26 18:55:08,199 [INFO] [407/503] STX (Seagate Technology), depuis 2026...
2026-08-26 18:55:14,214 [WARNING]   -> ECHEC pour STX : Impossible de résoudre le contrat pour STX (SMART) (ticker ignoré, on continue)
2026-08-26 18:55:14,224 [INFO] [408/503] SRE (Sempra), depuis 2026...
2026-08-26 18:55:20,268 [WARNING]   -> ECHEC pour SRE : Impossible de résoudre le contrat pour SRE (SMART) (ticker ignoré, on continue)
2026-08-26 18:55:20,269 [INFO] [409/503] NOW (ServiceNow), depuis 2026...
2026-08-26 18:55:26,288 [WARNING]   -> ECHEC pour NOW : Impossible de résoudre le contrat pour NOW (SMART) (ticker ignoré, on continue)
2026-08-26 18:55:26,291 [INFO] [410/503] SHW (Sherwin-Williams), depuis 2026...
2026-08-26 18:55:32,319 [WARNING]   -> ECHEC pour SHW : Impossible de résoudre le contrat pour SHW (SMART) (ticker ignoré, on continue)
2026-08-26 18:55:32,325 [INFO] [411/503] SPG (Simon Property Group), depuis 2026...
2026-08-26 18:55:38,376 [WARNING]   -> ECHEC pour SPG : Impossible de résoudre le contrat pour SPG (SMART) (ticker ignoré, on continue)
2026-08-26 18:55:38,377 [INFO] [412/503] SWKS (Skyworks Solutions), depuis 2026...
2026-08-26 18:55:44,386 [WARNING]   -> ECHEC pour SWKS : Impossible de résoudre le contrat pour SWKS (SMART) (ticker ignoré, on continue)
2026-08-26 18:55:44,389 [INFO] [413/503] SJM (J.M. Smucker Company (The)), depuis 2026...
2026-08-26 18:55:50,417 [WARNING]   -> ECHEC pour SJM : Impossible de résoudre le contrat pour SJM (SMART) (ticker ignoré, on continue)
2026-08-26 18:55:50,421 [INFO] [414/503] SW (Smurfit Westrock), depuis 2026...
2026-08-26 18:55:56,467 [WARNING]   -> ECHEC pour SW : Impossible de résoudre le contrat pour SW (SMART) (ticker ignoré, on continue)
2026-08-26 18:55:56,468 [INFO] [415/503] SNA (Snap-on), depuis 2026...
2026-08-26 18:56:02,506 [WARNING]   -> ECHEC pour SNA : Impossible de résoudre le contrat pour SNA (SMART) (ticker ignoré, on continue)
2026-08-26 18:56:02,508 [INFO] [416/503] SOLV (Solventum), depuis 2026...
2026-08-26 18:56:08,521 [WARNING]   -> ECHEC pour SOLV : Impossible de résoudre le contrat pour SOLV (SMART) (ticker ignoré, on continue)
2026-08-26 18:56:08,523 [INFO] [417/503] SO (Southern Company), depuis 2026...
2026-08-26 18:56:14,549 [WARNING]   -> ECHEC pour SO : Impossible de résoudre le contrat pour SO (SMART) (ticker ignoré, on continue)
2026-08-26 18:56:14,550 [INFO] [418/503] LUV (Southwest Airlines), depuis 2026...
2026-08-26 18:56:20,589 [WARNING]   -> ECHEC pour LUV : Impossible de résoudre le contrat pour LUV (SMART) (ticker ignoré, on continue)
2026-08-26 18:56:20,591 [INFO] [419/503] SWK (Stanley Black & Decker), depuis 2026...
2026-08-26 18:56:26,628 [WARNING]   -> ECHEC pour SWK : Impossible de résoudre le contrat pour SWK (SMART) (ticker ignoré, on continue)
2026-08-26 18:56:26,630 [INFO] [420/503] SBUX (Starbucks), depuis 2026...
2026-08-26 18:56:32,644 [WARNING]   -> ECHEC pour SBUX : Impossible de résoudre le contrat pour SBUX (SMART) (ticker ignoré, on continue)
2026-08-26 18:56:32,646 [INFO] [421/503] STT (State Street Corporation), depuis 2026...
2026-08-26 18:56:38,673 [WARNING]   -> ECHEC pour STT : Impossible de résoudre le contrat pour STT (SMART) (ticker ignoré, on continue)
2026-08-26 18:56:38,674 [INFO] [422/503] STLD (Steel Dynamics), depuis 2026...
2026-08-26 18:56:44,684 [WARNING]   -> ECHEC pour STLD : Impossible de résoudre le contrat pour STLD (SMART) (ticker ignoré, on continue)
2026-08-26 18:56:44,686 [INFO] [423/503] STE (Steris), depuis 2026...
2026-08-26 18:56:50,701 [WARNING]   -> ECHEC pour STE : Impossible de résoudre le contrat pour STE (SMART) (ticker ignoré, on continue)
2026-08-26 18:56:50,728 [INFO] [424/503] SYK (Stryker Corporation), depuis 2026...
2026-08-26 18:56:56,745 [WARNING]   -> ECHEC pour SYK : Impossible de résoudre le contrat pour SYK (SMART) (ticker ignoré, on continue)
2026-08-26 18:56:56,793 [INFO] [425/503] SMCI (Supermicro), depuis 2026...
2026-08-26 18:57:02,831 [WARNING]   -> ECHEC pour SMCI : Impossible de résoudre le contrat pour SMCI (SMART) (ticker ignoré, on continue)
2026-08-26 18:57:02,833 [INFO] [426/503] SYF (Synchrony Financial), depuis 2026...
2026-08-26 18:57:08,843 [WARNING]   -> ECHEC pour SYF : Impossible de résoudre le contrat pour SYF (SMART) (ticker ignoré, on continue)
2026-08-26 18:57:08,844 [INFO] [427/503] SNPS (Synopsys), depuis 2026...
2026-08-26 18:57:14,882 [WARNING]   -> ECHEC pour SNPS : Impossible de résoudre le contrat pour SNPS (SMART) (ticker ignoré, on continue)
2026-08-26 18:57:14,884 [INFO] [428/503] SYY (Sysco), depuis 2026...
2026-08-26 18:57:20,893 [WARNING]   -> ECHEC pour SYY : Impossible de résoudre le contrat pour SYY (SMART) (ticker ignoré, on continue)
2026-08-26 18:57:20,894 [INFO] [429/503] TMUS (T-Mobile US), depuis 2026...
2026-08-26 18:57:26,957 [WARNING]   -> ECHEC pour TMUS : Impossible de résoudre le contrat pour TMUS (SMART) (ticker ignoré, on continue)
2026-08-26 18:57:26,961 [INFO] [430/503] TROW (T. Rowe Price), depuis 2026...
2026-08-26 18:57:32,991 [WARNING]   -> ECHEC pour TROW : Impossible de résoudre le contrat pour TROW (SMART) (ticker ignoré, on continue)
2026-08-26 18:57:32,992 [INFO] [431/503] TTWO (Take-Two Interactive), depuis 2026...
2026-08-26 18:57:39,021 [WARNING]   -> ECHEC pour TTWO : Impossible de résoudre le contrat pour TTWO (SMART) (ticker ignoré, on continue)
2026-08-26 18:57:39,022 [INFO] [432/503] TPR (Tapestry, Inc.), depuis 2026...
2026-08-26 18:57:45,052 [WARNING]   -> ECHEC pour TPR : Impossible de résoudre le contrat pour TPR (SMART) (ticker ignoré, on continue)
2026-08-26 18:57:45,053 [INFO] [433/503] TRGP (Targa Resources), depuis 2026...
2026-08-26 18:57:51,084 [WARNING]   -> ECHEC pour TRGP : Impossible de résoudre le contrat pour TRGP (SMART) (ticker ignoré, on continue)
2026-08-26 18:57:51,085 [INFO] [434/503] TGT (Target Corporation), depuis 2026...
2026-08-26 18:57:57,166 [WARNING]   -> ECHEC pour TGT : Impossible de résoudre le contrat pour TGT (SMART) (ticker ignoré, on continue)
2026-08-26 18:57:57,166 [INFO] [435/503] TEL (TE Connectivity), depuis 2026...
2026-08-26 18:58:03,212 [WARNING]   -> ECHEC pour TEL : Impossible de résoudre le contrat pour TEL (SMART) (ticker ignoré, on continue)
2026-08-26 18:58:03,212 [INFO] [436/503] TDY (Teledyne Technologies), depuis 2026...
2026-08-26 18:58:09,271 [WARNING]   -> ECHEC pour TDY : Impossible de résoudre le contrat pour TDY (SMART) (ticker ignoré, on continue)
2026-08-26 18:58:09,271 [INFO] [437/503] TER (Teradyne), depuis 2026...
2026-08-26 18:58:15,292 [WARNING]   -> ECHEC pour TER : Impossible de résoudre le contrat pour TER (SMART) (ticker ignoré, on continue)
2026-08-26 18:58:15,294 [INFO] [438/503] TSLA (Tesla, Inc.), depuis 2026...
2026-08-26 18:58:21,359 [WARNING]   -> ECHEC pour TSLA : Impossible de résoudre le contrat pour TSLA (SMART) (ticker ignoré, on continue)
2026-08-26 18:58:21,361 [INFO] [439/503] TXN (Texas Instruments), depuis 2026...
2026-08-26 18:58:27,372 [WARNING]   -> ECHEC pour TXN : Impossible de résoudre le contrat pour TXN (SMART) (ticker ignoré, on continue)
2026-08-26 18:58:27,374 [INFO] [440/503] TPL (Texas Pacific Land Corporation), depuis 2026...
2026-08-26 18:58:33,405 [WARNING]   -> ECHEC pour TPL : Impossible de résoudre le contrat pour TPL (SMART) (ticker ignoré, on continue)
2026-08-26 18:58:33,409 [INFO] [441/503] TXT (Textron), depuis 2026...
2026-08-26 18:58:39,461 [WARNING]   -> ECHEC pour TXT : Impossible de résoudre le contrat pour TXT (SMART) (ticker ignoré, on continue)
2026-08-26 18:58:39,463 [INFO] [442/503] TMO (Thermo Fisher Scientific), depuis 2026...
2026-08-26 18:58:45,472 [WARNING]   -> ECHEC pour TMO : Impossible de résoudre le contrat pour TMO (SMART) (ticker ignoré, on continue)
2026-08-26 18:58:45,473 [INFO] [443/503] TJX (TJX Companies), depuis 2026...
2026-08-26 18:58:51,486 [WARNING]   -> ECHEC pour TJX : Impossible de résoudre le contrat pour TJX (SMART) (ticker ignoré, on continue)
2026-08-26 18:58:51,491 [INFO] [444/503] TKO (TKO Group Holdings), depuis 2026...
2026-08-26 18:58:57,546 [WARNING]   -> ECHEC pour TKO : Impossible de résoudre le contrat pour TKO (SMART) (ticker ignoré, on continue)
2026-08-26 18:58:57,576 [INFO] [445/503] TTD (Trade Desk (The)), depuis 2026...
2026-08-26 18:59:03,610 [WARNING]   -> ECHEC pour TTD : Impossible de résoudre le contrat pour TTD (SMART) (ticker ignoré, on continue)
2026-08-26 18:59:03,611 [INFO] [446/503] TSCO (Tractor Supply), depuis 2026...
2026-08-26 18:59:09,626 [WARNING]   -> ECHEC pour TSCO : Impossible de résoudre le contrat pour TSCO (SMART) (ticker ignoré, on continue)
2026-08-26 18:59:09,627 [INFO] [447/503] TT (Trane Technologies), depuis 2026...
2026-08-26 18:59:15,655 [WARNING]   -> ECHEC pour TT : Impossible de résoudre le contrat pour TT (SMART) (ticker ignoré, on continue)
2026-08-26 18:59:15,656 [INFO] [448/503] TDG (TransDigm Group), depuis 2026...
2026-08-26 18:59:21,671 [WARNING]   -> ECHEC pour TDG : Impossible de résoudre le contrat pour TDG (SMART) (ticker ignoré, on continue)
2026-08-26 18:59:21,700 [INFO] [449/503] TRV (Travelers Companies (The)), depuis 2026...
2026-08-26 18:59:27,727 [WARNING]   -> ECHEC pour TRV : Impossible de résoudre le contrat pour TRV (SMART) (ticker ignoré, on continue)
2026-08-26 18:59:27,728 [INFO] [450/503] TRMB (Trimble Inc.), depuis 2026...
2026-08-26 18:59:33,741 [WARNING]   -> ECHEC pour TRMB : Impossible de résoudre le contrat pour TRMB (SMART) (ticker ignoré, on continue)
2026-08-26 18:59:33,748 [INFO] [451/503] TFC (Truist Financial), depuis 2026...
2026-08-26 18:59:39,775 [WARNING]   -> ECHEC pour TFC : Impossible de résoudre le contrat pour TFC (SMART) (ticker ignoré, on continue)
2026-08-26 18:59:39,777 [INFO] [452/503] TYL (Tyler Technologies), depuis 2026...
2026-08-26 18:59:45,801 [WARNING]   -> ECHEC pour TYL : Impossible de résoudre le contrat pour TYL (SMART) (ticker ignoré, on continue)
2026-08-26 18:59:45,803 [INFO] [453/503] TSN (Tyson Foods), depuis 2026...
2026-08-26 18:59:51,820 [WARNING]   -> ECHEC pour TSN : Impossible de résoudre le contrat pour TSN (SMART) (ticker ignoré, on continue)
2026-08-26 18:59:51,823 [INFO] [454/503] USB (U.S. Bancorp), depuis 2026...
2026-08-26 18:59:57,864 [WARNING]   -> ECHEC pour USB : Impossible de résoudre le contrat pour USB (SMART) (ticker ignoré, on continue)
2026-08-26 18:59:57,866 [INFO] [455/503] UBER (Uber), depuis 2026...
2026-08-26 19:00:03,896 [WARNING]   -> ECHEC pour UBER : Impossible de résoudre le contrat pour UBER (SMART) (ticker ignoré, on continue)
2026-08-26 19:00:03,898 [INFO] [456/503] UDR (UDR, Inc.), depuis 2026...
2026-08-26 19:00:09,940 [WARNING]   -> ECHEC pour UDR : Impossible de résoudre le contrat pour UDR (SMART) (ticker ignoré, on continue)
2026-08-26 19:00:09,942 [INFO] [457/503] ULTA (Ulta Beauty), depuis 2026...
2026-08-26 19:00:15,975 [WARNING]   -> ECHEC pour ULTA : Impossible de résoudre le contrat pour ULTA (SMART) (ticker ignoré, on continue)
2026-08-26 19:00:15,976 [INFO] [458/503] UNP (Union Pacific Corporation), depuis 2026...
2026-08-26 19:00:21,991 [WARNING]   -> ECHEC pour UNP : Impossible de résoudre le contrat pour UNP (SMART) (ticker ignoré, on continue)
2026-08-26 19:00:22,019 [INFO] [459/503] UAL (United Airlines Holdings), depuis 2026...
2026-08-26 19:00:28,044 [WARNING]   -> ECHEC pour UAL : Impossible de résoudre le contrat pour UAL (SMART) (ticker ignoré, on continue)
2026-08-26 19:00:28,045 [INFO] [460/503] UPS (United Parcel Service), depuis 2026...
2026-08-26 19:00:34,071 [WARNING]   -> ECHEC pour UPS : Impossible de résoudre le contrat pour UPS (SMART) (ticker ignoré, on continue)
2026-08-26 19:00:34,072 [INFO] [461/503] URI (United Rentals), depuis 2026...
2026-08-26 19:00:40,085 [WARNING]   -> ECHEC pour URI : Impossible de résoudre le contrat pour URI (SMART) (ticker ignoré, on continue)
2026-08-26 19:00:40,086 [INFO] [462/503] UNH (UnitedHealth Group), depuis 2026...
2026-08-26 19:00:46,107 [WARNING]   -> ECHEC pour UNH : Impossible de résoudre le contrat pour UNH (SMART) (ticker ignoré, on continue)
2026-08-26 19:00:46,109 [INFO] [463/503] UHS (Universal Health Services), depuis 2026...
2026-08-26 19:00:52,121 [WARNING]   -> ECHEC pour UHS : Impossible de résoudre le contrat pour UHS (SMART) (ticker ignoré, on continue)
2026-08-26 19:00:52,125 [INFO] [464/503] VLO (Valero Energy), depuis 2026...
2026-08-26 19:00:58,162 [WARNING]   -> ECHEC pour VLO : Impossible de résoudre le contrat pour VLO (SMART) (ticker ignoré, on continue)
2026-08-26 19:00:58,164 [INFO] [465/503] VEEV (Veeva Systems), depuis 2026...
2026-08-26 19:01:04,215 [WARNING]   -> ECHEC pour VEEV : Impossible de résoudre le contrat pour VEEV (SMART) (ticker ignoré, on continue)
2026-08-26 19:01:04,216 [INFO] [466/503] VTR (Ventas), depuis 2026...
2026-08-26 19:01:10,223 [WARNING]   -> ECHEC pour VTR : Impossible de résoudre le contrat pour VTR (SMART) (ticker ignoré, on continue)
2026-08-26 19:01:10,224 [INFO] [467/503] VLTO (Veralto), depuis 2026...
2026-08-26 19:01:16,255 [WARNING]   -> ECHEC pour VLTO : Impossible de résoudre le contrat pour VLTO (SMART) (ticker ignoré, on continue)
2026-08-26 19:01:16,257 [INFO] [468/503] VRSN (Verisign), depuis 2026...
2026-08-26 19:01:22,270 [WARNING]   -> ECHEC pour VRSN : Impossible de résoudre le contrat pour VRSN (SMART) (ticker ignoré, on continue)
2026-08-26 19:01:22,275 [INFO] [469/503] VRSK (Verisk Analytics), depuis 2026...
2026-08-26 19:01:28,320 [WARNING]   -> ECHEC pour VRSK : Impossible de résoudre le contrat pour VRSK (SMART) (ticker ignoré, on continue)
2026-08-26 19:01:28,322 [INFO] [470/503] VZ (Verizon), depuis 2026...
2026-08-26 19:01:34,342 [WARNING]   -> ECHEC pour VZ : Impossible de résoudre le contrat pour VZ (SMART) (ticker ignoré, on continue)
2026-08-26 19:01:34,344 [INFO] [471/503] VRTX (Vertex Pharmaceuticals), depuis 2026...
2026-08-26 19:01:40,385 [WARNING]   -> ECHEC pour VRTX : Impossible de résoudre le contrat pour VRTX (SMART) (ticker ignoré, on continue)
2026-08-26 19:01:40,388 [INFO] [472/503] VRT (Vertiv), depuis 2026...
2026-08-26 19:01:46,411 [WARNING]   -> ECHEC pour VRT : Impossible de résoudre le contrat pour VRT (SMART) (ticker ignoré, on continue)
2026-08-26 19:01:46,413 [INFO] [473/503] VTRS (Viatris), depuis 2026...
2026-08-26 19:01:52,429 [WARNING]   -> ECHEC pour VTRS : Impossible de résoudre le contrat pour VTRS (SMART) (ticker ignoré, on continue)
2026-08-26 19:01:52,431 [INFO] [474/503] VICI (Vici Properties), depuis 2026...
2026-08-26 19:01:58,448 [WARNING]   -> ECHEC pour VICI : Impossible de résoudre le contrat pour VICI (SMART) (ticker ignoré, on continue)
2026-08-26 19:01:58,449 [INFO] [475/503] V (Visa Inc.), depuis 2026...
2026-08-26 19:02:04,480 [WARNING]   -> ECHEC pour V : Impossible de résoudre le contrat pour V (SMART) (ticker ignoré, on continue)
2026-08-26 19:02:04,481 [INFO] [476/503] VST (Vistra Corp.), depuis 2026...
2026-08-26 19:02:10,500 [WARNING]   -> ECHEC pour VST : Impossible de résoudre le contrat pour VST (SMART) (ticker ignoré, on continue)
2026-08-26 19:02:10,501 [INFO] [477/503] VMRK (Vivmark Residential), depuis 2010...
2026-08-26 19:02:16,532 [WARNING]   -> ECHEC pour VMRK : Impossible de résoudre le contrat pour VMRK (SMART) (ticker ignoré, on continue)
2026-08-26 19:02:16,534 [INFO] [478/503] VMC (Vulcan Materials Company), depuis 2026...
2026-08-26 19:02:22,548 [WARNING]   -> ECHEC pour VMC : Impossible de résoudre le contrat pour VMC (SMART) (ticker ignoré, on continue)
2026-08-26 19:02:22,551 [INFO] [479/503] WRB (W. R. Berkley Corporation), depuis 2026...
2026-08-26 19:02:28,580 [WARNING]   -> ECHEC pour WRB : Impossible de résoudre le contrat pour WRB (SMART) (ticker ignoré, on continue)
2026-08-26 19:02:28,581 [INFO] [480/503] GWW (W. W. Grainger), depuis 2026...
2026-08-26 19:02:34,606 [WARNING]   -> ECHEC pour GWW : Impossible de résoudre le contrat pour GWW (SMART) (ticker ignoré, on continue)
2026-08-26 19:02:34,607 [INFO] [481/503] WAB (Wabtec), depuis 2026...
2026-08-26 19:02:40,635 [WARNING]   -> ECHEC pour WAB : Impossible de résoudre le contrat pour WAB (SMART) (ticker ignoré, on continue)
2026-08-26 19:02:40,635 [INFO] [482/503] WMT (Walmart), depuis 2026...
2026-08-26 19:02:46,673 [WARNING]   -> ECHEC pour WMT : Impossible de résoudre le contrat pour WMT (SMART) (ticker ignoré, on continue)
2026-08-26 19:02:46,674 [INFO] [483/503] DIS (Walt Disney Company (The)), depuis 2026...
2026-08-26 19:02:52,719 [WARNING]   -> ECHEC pour DIS : Impossible de résoudre le contrat pour DIS (SMART) (ticker ignoré, on continue)
2026-08-26 19:02:52,720 [INFO] [484/503] WBD (Warner Bros. Discovery), depuis 2026...
2026-08-26 19:02:58,737 [WARNING]   -> ECHEC pour WBD : Impossible de résoudre le contrat pour WBD (SMART) (ticker ignoré, on continue)
2026-08-26 19:02:58,738 [INFO] [485/503] WM (Waste Management), depuis 2026...
2026-08-26 19:03:04,811 [WARNING]   -> ECHEC pour WM : Impossible de résoudre le contrat pour WM (SMART) (ticker ignoré, on continue)
2026-08-26 19:03:04,811 [INFO] [486/503] WAT (Waters Corporation), depuis 2026...
2026-08-26 19:03:10,860 [WARNING]   -> ECHEC pour WAT : Impossible de résoudre le contrat pour WAT (SMART) (ticker ignoré, on continue)
2026-08-26 19:03:10,861 [INFO] [487/503] WEC (WEC Energy Group), depuis 2026...
2026-08-26 19:03:16,911 [WARNING]   -> ECHEC pour WEC : Impossible de résoudre le contrat pour WEC (SMART) (ticker ignoré, on continue)
2026-08-26 19:03:16,912 [INFO] [488/503] WFC (Wells Fargo), depuis 2026...
2026-08-26 19:03:22,945 [WARNING]   -> ECHEC pour WFC : Impossible de résoudre le contrat pour WFC (SMART) (ticker ignoré, on continue)
2026-08-26 19:03:22,948 [INFO] [489/503] WELL (Welltower), depuis 2026...
2026-08-26 19:03:28,975 [WARNING]   -> ECHEC pour WELL : Impossible de résoudre le contrat pour WELL (SMART) (ticker ignoré, on continue)
2026-08-26 19:03:28,977 [INFO] [490/503] WST (West Pharmaceutical Services), depuis 2026...
2026-08-26 19:03:35,012 [WARNING]   -> ECHEC pour WST : Impossible de résoudre le contrat pour WST (SMART) (ticker ignoré, on continue)
2026-08-26 19:03:35,013 [INFO] [491/503] WDC (Western Digital), depuis 2026...
2026-08-26 19:03:41,034 [WARNING]   -> ECHEC pour WDC : Impossible de résoudre le contrat pour WDC (SMART) (ticker ignoré, on continue)
2026-08-26 19:03:41,036 [INFO] [492/503] WY (Weyerhaeuser), depuis 2026...
2026-08-26 19:03:47,066 [WARNING]   -> ECHEC pour WY : Impossible de résoudre le contrat pour WY (SMART) (ticker ignoré, on continue)
2026-08-26 19:03:47,068 [INFO] [493/503] WSM (Williams-Sonoma, Inc.), depuis 2026...
2026-08-26 19:03:53,132 [WARNING]   -> ECHEC pour WSM : Impossible de résoudre le contrat pour WSM (SMART) (ticker ignoré, on continue)
2026-08-26 19:03:53,136 [INFO] [494/503] WMB (Williams Companies), depuis 2026...
2026-08-26 19:03:59,175 [WARNING]   -> ECHEC pour WMB : Impossible de résoudre le contrat pour WMB (SMART) (ticker ignoré, on continue)
2026-08-26 19:03:59,179 [INFO] [495/503] WTW (Willis Towers Watson), depuis 2026...
2026-08-26 19:04:05,202 [WARNING]   -> ECHEC pour WTW : Impossible de résoudre le contrat pour WTW (SMART) (ticker ignoré, on continue)
2026-08-26 19:04:05,203 [INFO] [496/503] WDAY (Workday, Inc.), depuis 2026...
2026-08-26 19:04:11,216 [WARNING]   -> ECHEC pour WDAY : Impossible de résoudre le contrat pour WDAY (SMART) (ticker ignoré, on continue)
2026-08-26 19:04:11,218 [INFO] [497/503] WYNN (Wynn Resorts), depuis 2026...
2026-08-26 19:04:17,239 [WARNING]   -> ECHEC pour WYNN : Impossible de résoudre le contrat pour WYNN (SMART) (ticker ignoré, on continue)
2026-08-26 19:04:17,240 [INFO] [498/503] XEL (Xcel Energy), depuis 2026...
2026-08-26 19:04:23,287 [WARNING]   -> ECHEC pour XEL : Impossible de résoudre le contrat pour XEL (SMART) (ticker ignoré, on continue)
2026-08-26 19:04:23,288 [INFO] [499/503] XYL (Xylem Inc.), depuis 2026...
2026-08-26 19:04:29,326 [WARNING]   -> ECHEC pour XYL : Impossible de résoudre le contrat pour XYL (SMART) (ticker ignoré, on continue)
2026-08-26 19:04:29,360 [INFO] [500/503] YUM (Yum! Brands), depuis 2026...
2026-08-26 19:04:35,374 [WARNING]   -> ECHEC pour YUM : Impossible de résoudre le contrat pour YUM (SMART) (ticker ignoré, on continue)
2026-08-26 19:04:35,375 [INFO] [501/503] ZBRA (Zebra Technologies), depuis 2026...
2026-08-26 19:04:41,412 [WARNING]   -> ECHEC pour ZBRA : Impossible de résoudre le contrat pour ZBRA (SMART) (ticker ignoré, on continue)
2026-08-26 19:04:41,413 [INFO] [502/503] ZBH (Zimmer Biomet), depuis 2026...
2026-08-26 19:04:47,444 [WARNING]   -> ECHEC pour ZBH : Impossible de résoudre le contrat pour ZBH (SMART) (ticker ignoré, on continue)
2026-08-26 19:04:47,445 [INFO] [503/503] ZTS (Zoetis), depuis 2026...
2026-08-26 19:04:53,477 [WARNING]   -> ECHEC pour ZTS : Impossible de résoudre le contrat pour ZTS (SMART) (ticker ignoré, on continue)
2026-08-26 19:04:53,594 [INFO] Déconnecté d'IBKR.
2026-08-26 19:04:53,595 [INFO] Terminé. OK: 284 | Échecs: 219 | Déjà à jour (ignorés): 0 | Nouvelles lignes: 284
2026-08-26 19:04:53,595 [INFO] Fichier écrit : data\prices\year_end_prices.parquet (7888 lignes au total, 284 nouvelles/mises à jour ce run).
